desc: I1 cache:         32768 B, 64 B, 8-way associative
desc: D1 cache:         49152 B, 64 B, 12-way associative
desc: LL cache:         2097152 B, 64 B, 16-way associative
cmd: target/release/phase2-bench profile-split
events: Ir I1mr ILmr Dr D1mr DLmr Dw D1mw DLmw
fl=./csu/../csu/libc-start.c
fn=__libc_start_main@@GLIBC_2.34
128 2 1 1 2 0 0 0 0 0
134 3 0 0 1 1 0 0 0 0
135 7 0 0 3 1 0 2 0 0
138 1 0 0 1 1 0 0 0 0
139 2 1 1 0 0 0 0 0 0
142 3 0 0 2 1 0 0 0 0
143 2 0 0 2 0 0 0 0 0
144 16 0 0 3 0 0 1 0 0
145 8 1 1 2 0 0 4 0 0
242 13 1 1 0 0 0 7 0 0
311 3 0 0 0 0 0 0 0 0
312 3 0 0 0 0 0 1 0 0
337 6 1 1 2 0 0 1 0 0
340 2 0 0 0 0 0 0 0 0
343 2 0 0 2 0 0 0 0 0
350 2 0 0 1 0 0 1 0 0
352 2 0 0 0 0 0 0 0 0
360 4 0 0 1 0 0 1 0 0
fl=./csu/../sysdeps/nptl/libc_start_call_main.h
fn=(below main)
29 9 1 1 1 0 0 5 0 0
44 3 1 1 0 0 0 1 0 0
46 2 0 0 0 0 0 0 0 0
51 2 0 0 1 1 0 1 0 0
52 2 0 0 1 1 0 1 0 0
55 2 0 0 0 0 0 1 0 0
58 6 1 1 5 0 0 1 0 0
74 2 1 1 0 0 0 1 0 0
fl=./csu/./csu/errno-loc.c
fn=__errno_location
25 3 1 1 0 0 0 0 0 0
26 6 0 0 6 0 0 0 0 0
27 3 0 0 3 0 0 0 0 0
fl=./csu/./csu/init-first.c
fn=_init_first
46 6 1 1 0 0 0 2 0 0
51 2 0 0 1 0 0 0 0 0
55 5 1 1 4 2 1 0 0 0
61 1 0 0 0 0 0 1 1 0
62 1 0 0 0 0 0 1 0 0
63 2 0 0 1 1 0 1 1 1
71 2 0 0 0 0 0 0 0 0
72 3 0 0 2 0 0 0 0 0
fl=./ctype/./ctype/ctype-info.c
fn=__ctype_init
29 1 1 1 0 0 0 0 0 0
31 7 1 1 5 4 0 1 0 0
33 4 0 0 2 1 0 1 0 0
35 4 0 0 2 0 0 1 0 0
36 1 0 0 1 0 0 0 0 0
fl=./debug/../sysdeps/x86_64/multiarch/ifunc-memmove.h
fn=__memcpy_chk
56 2 0 0 0 0 0 0 0 0
57 3 0 0 2 0 0 0 0 0
60 3 0 0 1 0 0 0 0 0
61 2 1 1 0 0 0 0 0 0
74 2 0 0 0 0 0 0 0 0
77 2 1 1 0 0 0 0 0 0
85 2 0 0 0 0 0 0 0 0
93 2 0 0 0 0 0 0 0 0
96 5 1 1 1 0 0 0 0 0
fn=__memmove_chk
56 2 0 0 0 0 0 0 0 0
57 3 1 1 2 0 0 0 0 0
60 3 0 0 1 0 0 0 0 0
61 2 1 1 0 0 0 0 0 0
74 2 0 0 0 0 0 0 0 0
77 2 0 0 0 0 0 0 0 0
85 2 0 0 0 0 0 0 0 0
93 2 1 1 0 0 0 0 0 0
96 5 1 1 1 0 0 0 0 0
fn=__mempcpy_chk
56 2 0 0 0 0 0 0 0 0
57 3 0 0 2 0 0 0 0 0
60 3 0 0 1 0 0 0 0 0
61 2 1 1 0 0 0 0 0 0
74 2 0 0 0 0 0 0 0 0
77 2 1 1 0 0 0 0 0 0
85 2 0 0 0 0 0 0 0 0
93 2 0 0 0 0 0 0 0 0
96 5 1 1 1 0 0 0 0 0
fl=./debug/../sysdeps/x86_64/multiarch/ifunc-memset.h
fn=__memset_chk
54 5 1 1 2 0 0 0 0 0
57 3 0 0 1 0 0 0 0 0
58 2 1 1 0 0 0 0 0 0
64 2 0 0 0 0 0 0 0 0
73 2 0 0 0 0 0 0 0 0
75 2 0 0 0 0 0 0 0 0
85 2 0 0 0 0 0 0 0 0
93 2 0 0 0 0 0 0 0 0
96 5 0 0 1 0 0 0 0 0
fl=./debug/../sysdeps/x86_64/multiarch/memcpy_chk.c
fn=__memcpy_chk
29 1 1 1 0 0 0 0 0 0
fl=./debug/../sysdeps/x86_64/multiarch/memmove_chk.c
fn=__memmove_chk
29 1 0 0 0 0 0 0 0 0
fl=./debug/../sysdeps/x86_64/multiarch/mempcpy_chk.c
fn=__mempcpy_chk
29 1 1 1 0 0 0 0 0 0
fl=./debug/../sysdeps/x86_64/multiarch/memset_chk.c
fn=__memset_chk
29 1 0 0 0 0 0 0 0 0
fl=./elf/../bits/stdlib-bsearch.h
fn=intel_check_word.constprop.0
27 96 0 0 0 0 0 0 0 0
28 48 0 0 0 0 0 0 0 0
29 744 0 0 0 0 0 0 0 0
31 648 0 0 0 0 0 0 0 0
32 348 0 0 0 0 0 0 0 0
35 264 0 0 0 0 0 0 0 0
37 120 1 1 0 0 0 0 0 0
fl=./elf/../elf/dl-tls.c
fn=_dl_add_to_slotinfo
1017 27 1 1 0 0 0 15 0 0
1023 3 0 0 3 0 0 0 0 0
1026 3 0 0 3 1 0 0 0 0
1027 3 0 0 0 0 0 0 0 0
1031 9 1 1 3 1 0 0 0 0
1065 6 0 0 0 0 0 0 0 0
1068 6 0 0 0 0 0 3 1 0
1069 9 0 0 3 0 0 3 0 0
1072 18 1 1 18 0 0 0 0 0
fn=_dl_allocate_tls_init
523 11 1 1 0 0 0 8 0 0
524 2 0 0 0 0 0 0 0 0
528 2 0 0 1 1 0 1 0 0
531 1 0 0 0 0 0 0 0 0
534 2 1 1 1 1 0 1 0 0
537 3 0 0 2 1 0 0 0 0
549 1 0 0 1 0 0 0 0 0
554 27 1 1 4 0 0 1 0 0
560 9 1 1 0 0 0 0 0 0
563 9 0 0 3 1 0 0 0 0
564 6 0 0 0 0 0 0 0 0
570 9 1 1 6 0 0 0 0 0
571 6 0 0 0 0 0 0 0 0
573 24 0 0 9 3 0 3 1 1
576 6 0 0 0 0 0 0 0 0
577 6 0 0 3 0 0 0 0 0
580 6 1 1 0 0 0 0 0 0
581 12 0 0 6 2 0 0 0 0
583 6 0 0 0 0 0 0 0 0
584 6 0 0 3 0 0 0 0 0
593 3 0 0 0 0 0 3 0 0
601 6 0 0 3 0 0 0 0 0
603 30 0 0 6 0 0 9 0 0
609 3 0 0 3 0 0 0 0 0
615 2 0 0 1 0 0 1 0 0
618 2 0 0 1 0 0 1 0 0
621 9 0 0 8 0 0 0 0 0
fn=_dl_allocate_tls_storage
365 1 0 0 1 0 0 0 0 0
369 1 1 1 0 0 0 0 0 0
370 1 0 0 0 0 0 0 0 0
371 2 0 0 0 0 0 0 0 0
374 1 0 0 0 0 0 1 1 1
380 2 0 0 0 0 0 1 0 0
417 7 2 2 0 0 0 4 0 0
419 1 0 0 1 0 0 0 0 0
430 1 0 0 1 0 0 0 0 0
431 1 0 0 0 0 0 0 0 0
432 2 0 0 0 0 0 0 0 0
440 6 0 0 0 0 0 0 0 0
441 1 1 1 0 0 0 0 0 0
445 305 0 0 0 0 0 297 37 37
464 1 0 0 0 0 0 1 1 1
470 7 0 0 5 0 0 0 0 0
fn=_dl_assign_tls_modid
125 8 1 1 0 0 0 2 0 0
128 4 0 0 2 0 0 0 0 0
141 2 0 0 2 0 0 0 0 0
181 2 0 0 0 0 0 0 0 0
183 2 1 1 0 0 0 2 0 0
186 2 0 0 0 0 0 2 0 0
187 4 0 0 4 0 0 0 0 0
fn=_dl_count_modids
192 1 1 1 0 0 0 0 0 0
194 2 0 0 1 0 0 0 0 0
195 1 0 0 1 0 0 0 0 0
210 2 0 0 1 0 0 0 0 0
fn=_dl_determine_tlsoffset
216 9 1 1 0 0 0 6 0 0
217 1 0 0 0 0 0 0 0 0
218 1 0 0 0 0 0 0 0 0
219 1 0 0 0 0 0 0 0 0
222 4 0 0 1 0 0 1 0 0
225 2 0 0 1 0 0 0 0 0
259 1 0 0 0 0 0 0 0 0
261 25 1 1 7 0 0 0 0 0
263 9 1 1 4 0 0 1 0 0
265 9 1 1 3 0 0 0 0 0
266 6 0 0 3 0 0 0 0 0
268 6 0 0 0 0 0 0 0 0
270 15 0 0 3 0 0 0 0 0
281 3 0 0 0 0 0 3 0 0
286 24 0 0 0 0 0 0 0 0
288 6 0 0 0 0 0 0 0 0
289 3 0 0 0 0 0 0 0 0
294 3 0 0 0 0 0 0 0 0
301 1 0 0 0 0 0 1 0 0
302 7 2 2 1 0 0 0 0 0
304 2 0 0 0 0 0 1 0 0
354 1 0 0 0 0 0 1 0 0
355 8 0 0 7 0 0 0 0 0
fn=_dl_tls_static_surplus_init
83 3 0 0 0 0 0 0 0 0
97 8 1 1 0 0 0 4 0 0
100 6 0 0 1 0 0 1 0 0
101 5 0 0 1 0 0 1 0 0
102 3 0 0 0 0 0 0 0 0
104 4 1 1 0 0 0 0 0 0
107 1 0 0 0 0 0 0 0 0
109 1 0 0 0 0 0 1 0 0
111 3 0 0 0 0 0 1 0 0
112 6 0 0 5 0 0 0 0 0
fl=./elf/../include/list.h
fn=__tls_init_tp
43 2 1 1 1 0 0 1 0 0
44 2 0 0 0 0 0 1 0 0
45 1 0 0 0 0 0 1 0 0
47 1 0 0 0 0 0 1 0 0
fl=./elf/../include/rtld-malloc.h
fn=__minimal_calloc
56 10 0 0 10 0 0 0 0 0
fn=_dl_allocate_tls_storage
44 2 0 0 1 0 0 1 0 0
56 1 0 0 1 0 0 1 0 0
fn=_dl_check_map_versions
44 12 1 1 4 0 0 4 0 0
fn=_dl_find_object_init
56 2 0 0 1 0 0 1 0 0
fn=_dl_important_hwcaps
56 4 0 0 2 0 0 2 0 0
fn=_dl_init_paths
56 5 0 0 3 0 0 3 0 0
fn=_dl_map_object_deps
56 8 0 0 4 0 0 4 0 0
fn=_dl_new_object
44 12 0 0 4 0 0 4 0 0
56 9 1 1 3 0 0 3 0 0
fn=fillin_rpath.isra.0
50 4 1 1 4 0 0 2 0 0
51 2 0 0 0 0 0 0 0 0
56 4 0 0 2 0 0 2 0 0
fn=init_tls
44 2 0 0 1 0 0 1 0 0
fl=./elf/../include/scratch_buffer.h
fn=_dl_map_object_deps
77 2 0 0 0 0 0 1 1 1
78 1 0 0 0 0 0 1 0 0
85 3 1 1 1 0 0 0 0 0
131 12 1 1 0 0 0 6 0 0
fl=./elf/../misc/sbrk.c
fn=sbrk
37 6 1 1 0 0 0 3 0 0
40 1 0 0 1 0 0 0 0 0
58 2 0 0 0 0 0 0 0 0
62 2 0 0 0 0 0 0 0 0
78 5 1 1 4 0 0 0 0 0
fl=./elf/../nptl/nptl-stack.h
fn=__libc_early_init
61 8 0 0 2 1 0 0 0 0
fl=./elf/../sysdeps/generic/_itoa.h
fn=_dl_check_map_versions
76 15 0 0 5 0 0 10 0 0
fl=./elf/../sysdeps/generic/dl-cache.h
fn=_dl_load_cache_lookup
125 2 1 1 2 0 0 0 0 0
194 1 0 0 1 0 0 0 0 0
195 5 0 0 0 0 0 0 0 0
fl=./elf/../sysdeps/generic/dl-call_tls_init_tp.h
fn=init_tls
31 8 0 0 0 0 0 2 0 0
33 1 0 0 0 0 0 1 0 0
fl=./elf/../sysdeps/generic/dl-debug.h
fn=dl_main
29 4 0 0 2 0 0 0 0 0
30 1 0 0 0 0 0 1 0 0
fl=./elf/../sysdeps/generic/dl-hash.h
fn=__rtld_malloc_init_real
43 1 0 0 0 0 0 0 0 0
44 1 0 0 0 0 0 0 0 0
45 19 0 0 6 1 1 0 0 0
48 18 0 0 0 0 0 0 0 0
62 24 0 0 0 0 0 0 0 0
67 1 0 0 0 0 0 0 0 0
72 1 0 0 0 0 0 1 0 0
fl=./elf/../sysdeps/generic/dl-new-hash.h
fn=_dl_lookup_symbol_x
69 183 0 0 0 0 0 0 0 0
70 366 0 0 0 0 0 0 0 0
74 1329 0 0 1329 93 90 0 0 0
77 2658 0 0 0 0 0 0 0 0
80 1233 0 0 1233 20 20 0 0 0
81 2466 0 0 0 0 0 0 0 0
87 87 1 1 0 0 0 0 0 0
88 87 0 0 0 0 0 0 0 0
89 174 0 0 0 0 0 0 0 0
90 87 0 0 0 0 0 0 0 0
99 1146 0 0 0 0 0 0 0 0
101 1146 0 0 0 0 0 0 0 0
102 2292 0 0 0 0 0 0 0 0
104 1146 1 1 0 0 0 0 0 0
105 1146 0 0 0 0 0 0 0 0
fl=./elf/../sysdeps/generic/dl-protected.h
fn=do_lookup_x
29 692 0 0 0 0 0 0 0 0
fl=./elf/../sysdeps/generic/ldsodefs.h
fn=_dl_relocate_object
79 43 1 1 21 0 0 0 0 0
140 558 0 0 186 0 0 0 0 0
fn=_dl_start
79 6 1 1 3 0 0 0 0 0
fn=do_lookup_x
139 346 0 0 173 0 0 0 0 0
140 519 0 0 0 0 0 0 0 0
fl=./elf/../sysdeps/nptl/dl-mutex.c
fn=__rtld_mutex_init
30 7 1 1 0 0 0 4 0 0
37 1 0 0 1 0 0 0 0 0
40 7 0 0 0 0 0 1 0 0
44 2 1 1 0 0 0 0 0 0
45 9 0 0 3 0 0 1 0 0
47 6 0 0 0 0 0 1 0 0
51 2 1 1 0 0 0 0 0 0
52 7 0 0 3 0 0 1 0 0
53 6 0 0 5 0 0 0 0 0
fl=./elf/../sysdeps/nptl/dl-tls_init_tp.c
fn=__tls_init_tp
68 5 0 0 0 0 0 2 0 0
69 1 0 0 1 0 0 0 0 0
72 1 0 0 0 0 0 0 0 0
75 4 0 0 0 0 0 1 0 0
76 2 0 0 0 0 0 1 0 0
77 1 1 1 0 0 0 1 0 0
82 2 0 0 1 0 0 1 0 0
87 4 0 0 0 0 0 1 0 0
90 1 0 0 0 0 0 1 0 0
93 3 0 0 0 0 0 0 0 0
105 4 1 1 0 0 0 1 0 0
121 3 0 0 2 0 0 1 0 0
128 2 0 0 1 0 0 1 0 0
129 3 0 0 3 0 0 0 0 0
fn=__tls_pre_init_tp
53 3 1 1 0 0 0 0 0 0
56 10 1 1 0 0 0 3 1 1
61 2 0 0 0 0 0 1 0 0
62 1 1 1 0 0 0 1 0 0
64 1 0 0 1 0 0 0 0 0
fn=rtld_mutex_dummy
42 10 0 0 0 0 0 0 0 0
44 20 0 0 10 0 0 0 0 0
fl=./elf/../sysdeps/nptl/pthread_early_init.h
fn=__libc_early_init
33 6 0 0 0 0 0 1 0 0
34 1 0 0 1 0 0 0 0 0
38 5 0 0 0 0 0 0 0 0
45 2 1 1 2 0 0 0 0 0
46 1 0 0 0 0 0 0 0 0
48 2 0 0 0 0 0 0 0 0
52 5 0 0 0 0 0 1 0 0
53 1 1 1 0 0 0 1 1 1
54 1 0 0 0 0 0 1 1 1
56 1 0 0 0 0 0 1 0 0
fl=./elf/../sysdeps/posix/dl-fileid.h
fn=_dl_map_object_from_fd
37 12 0 0 0 0 0 3 1 1
40 12 0 0 9 0 0 3 0 0
49 20 0 0 10 1 1 0 0 0
fl=./elf/../sysdeps/unix/sysv/linux/brk.c
fn=brk
36 1 1 1 0 0 0 0 0 0
37 1 0 0 0 0 0 1 1 1
38 2 0 0 0 0 0 0 0 0
44 1 0 0 0 0 0 0 0 0
45 1 0 0 1 0 0 0 0 0
fl=./elf/../sysdeps/unix/sysv/linux/brk_call.h
fn=brk
24 2 0 0 0 0 0 0 0 0
fl=./elf/../sysdeps/unix/sysv/linux/dl-osinfo.h
fn=dl_main
39 2 0 0 1 0 0 0 0 0
52 1 0 0 1 0 0 0 0 0
fl=./elf/../sysdeps/unix/sysv/linux/dl-parse_auxv.h
fn=_dl_sysdep_parse_arguments
32 2 0 0 0 0 0 1 0 0
33 1 0 0 0 0 0 1 0 0
34 1 0 0 0 0 0 1 0 0
41 93 1 1 24 5 5 0 0 0
42 44 0 0 0 0 0 0 0 0
43 44 0 0 22 0 0 22 0 0
45 1 0 0 0 0 0 1 0 0
46 2 0 0 1 0 0 1 0 0
47 2 0 0 1 0 0 1 0 0
48 2 0 0 1 0 0 1 0 0
49 1 0 0 0 0 0 1 0 0
51 2 1 1 1 0 0 1 0 0
52 2 0 0 1 0 0 1 1 1
53 2 0 0 1 0 0 1 0 0
54 2 1 1 1 0 0 1 0 0
56 2 0 0 1 0 0 1 0 0
fl=./elf/../sysdeps/unix/sysv/linux/dl-sysdep.c
fn=_dl_sysdep_parse_arguments
78 7 1 1 0 0 0 4 0 0
79 2 0 0 1 1 1 1 1 1
80 2 0 0 0 0 0 1 0 0
81 3 0 0 0 0 0 1 1 1
82 45 0 0 0 0 0 0 0 0
83 93 1 1 46 6 6 0 0 0
86 2 1 1 0 0 0 1 1 1
90 56 0 0 0 0 0 52 7 7
93 5 0 0 3 0 0 1 0 0
94 2 0 0 1 0 0 1 0 0
95 3 1 1 2 0 0 1 0 0
96 6 0 0 5 0 0 0 0 0
fn=_dl_sysdep_start
102 6 1 1 0 0 0 2 0 0
103 1 0 0 0 0 0 1 0 0
106 2 0 0 0 0 0 1 1 1
110 2 0 0 1 0 0 1 0 0
113 1 0 0 0 0 0 1 0 0
115 2 0 0 0 0 0 1 0 0
122 3 1 1 1 0 0 0 0 0
123 2 0 0 0 0 0 2 0 0
125 5 0 0 0 0 0 1 0 0
137 3 0 0 1 0 0 0 0 0
140 5 1 1 3 0 0 1 0 0
143 4 1 0 4 1 0 0 0 0
fn=_dl_sysdep_start_cleanup
147 1 1 1 0 0 0 0 0 0
148 1 0 0 1 0 0 0 0 0
fl=./elf/../sysdeps/unix/sysv/linux/dl-vdso-setup.h
fn=dl_main
30 1 0 0 0 0 0 1 0 0
33 1 1 1 0 0 0 1 0 0
36 1 0 0 0 0 0 1 0 0
39 1 0 0 0 0 0 1 0 0
45 1 0 0 0 0 0 1 0 0
fl=./elf/../sysdeps/unix/sysv/linux/dl-vdso.h
fn=dl_main
40 2 1 1 1 0 0 0 0 0
41 5 0 0 0 0 0 2 0 0
55 2 0 0 0 0 0 0 0 0
fl=./elf/../sysdeps/unix/sysv/linux/rseq-internal.h
fn=__tls_init_tp
32 3 0 0 1 0 0 0 0 0
34 7 1 1 0 0 0 0 0 0
37 2 0 0 0 0 0 0 0 0
40 1 0 0 0 0 0 1 0 0
fl=./elf/../sysdeps/unix/sysv/linux/x86/dl-hwcap2.h
fn=update_active.constprop.0
25 2 0 0 1 0 0 0 0 0
fl=./elf/../sysdeps/unix/sysv/linux/x86/dl-minsigstacksize.h
fn=get_common_indices.constprop.0
24 2 2 2 1 0 0 0 0 0
27 2 0 0 1 0 0 0 0 0
28 2 0 0 1 0 0 0 0 0
65 3 0 0 0 0 0 0 0 0
72 1 0 0 0 0 0 0 0 0
74 1 0 0 0 0 0 1 0 0
fl=./elf/../sysdeps/x86/cpu-features.c
fn=get_common_indices.constprop.0
398 3 1 1 0 0 0 2 0 0
402 4 0 0 0 0 0 0 0 0
405 5 0 0 0 0 0 3 0 0
409 1 0 0 0 0 0 1 0 0
410 4 0 0 0 0 0 1 0 0
411 4 1 1 0 0 0 1 0 0
412 4 0 0 0 0 0 1 0 0
413 3 0 0 0 0 0 1 0 0
414 2 0 0 1 0 0 0 0 0
421 2 0 0 1 0 0 0 0 0
423 9 0 0 0 0 0 4 1 1
428 8 2 2 0 0 0 4 1 1
435 2 0 0 1 0 0 0 0 0
436 7 0 0 0 0 0 4 1 1
442 2 0 0 1 0 0 0 0 0
457 3 0 0 3 0 0 0 0 0
fn=init_cpu_features.constprop.0
376 3 0 0 0 0 0 0 0 0
377 2 0 0 0 0 0 0 0 0
378 6 0 0 0 0 0 4 0 0
383 2 1 1 0 0 0 0 0 0
384 6 1 1 0 0 0 4 0 0
389 2 0 0 0 0 0 0 0 0
390 7 1 1 0 0 0 4 0 0
682 8 1 1 0 0 0 6 0 0
685 1 0 0 0 0 0 1 0 0
686 1 1 1 0 0 0 1 0 0
687 1 0 0 0 0 0 1 0 0
690 1 0 0 0 0 0 1 1 1
699 3 0 0 0 0 0 1 0 0
702 6 1 1 0 0 0 0 0 0
703 1 0 0 0 0 0 0 0 0
706 2 0 0 0 0 0 1 0 0
708 6 2 2 0 0 0 1 0 0
713 1 0 0 0 0 0 1 0 0
715 3 0 0 1 0 0 0 0 0
717 9 2 2 3 1 1 1 0 0
721 7 0 0 1 1 1 0 0 0
774 3 0 0 2 0 0 0 0 0
781 2 1 1 0 0 0 1 0 0
799 1 1 1 0 0 0 1 0 0
832 2 0 0 0 0 0 0 0 0
866 4 1 1 0 0 0 0 0 0
869 2 0 0 0 0 0 1 0 0
870 1 1 1 0 0 0 0 0 0
878 2 1 1 1 0 0 0 0 0
885 2 0 0 1 0 0 0 0 0
887 2 0 0 0 0 0 1 0 0
891 2 0 0 0 0 0 0 0 0
897 2 0 0 1 0 0 0 0 0
899 1 1 1 0 0 0 0 0 0
1001 3 1 1 1 0 0 0 0 0
1002 2 0 0 0 0 0 1 0 0
1005 2 0 0 0 0 0 0 0 0
1006 2 0 0 0 0 0 1 0 0
1012 1 0 0 0 0 0 1 0 0
1013 1 0 0 0 0 0 1 0 0
1014 1 0 0 0 0 0 1 0 0
1015 2 1 1 1 0 0 1 0 0
1019 4 0 0 0 0 0 1 0 0
1022 4 0 0 0 0 0 1 0 0
1028 3 0 0 1 0 0 0 0 0
1041 2 0 0 0 0 0 0 0 0
1042 4 1 1 1 0 0 0 0 0
1081 1 0 0 0 0 0 1 0 0
1082 2 1 1 1 0 0 0 0 0
1086 3 0 0 1 0 0 0 0 0
1103 2 1 1 0 0 0 0 0 0
1104 2 0 0 0 0 0 0 0 0
1106 3 0 0 0 0 0 0 0 0
1107 2 0 0 1 0 0 0 0 0
1109 3 0 0 0 0 0 0 0 0
1110 2 0 0 0 0 0 0 0 0
1113 2 0 0 0 0 0 1 0 0
1127 4 0 0 0 0 0 1 0 0
1129 4 0 0 0 0 0 1 0 0
1135 4 0 0 0 0 0 1 0 0
1142 8 0 0 7 0 0 0 0 0
fn=update_active.constprop.0
72 8 2 2 0 0 0 6 0 0
76 1 0 0 1 0 0 0 0 0
84 3 1 1 1 0 0 0 0 0
85 3 0 0 0 0 0 0 0 0
86 1 0 0 1 0 0 0 0 0
94 4 0 0 1 0 0 1 0 0
95 1 0 0 1 0 0 0 0 0
103 4 0 0 1 0 0 1 0 0
104 1 0 0 1 0 0 0 0 0
109 4 0 0 0 0 0 1 0 0
112 4 0 0 1 0 0 1 0 0
113 1 0 0 1 0 0 0 0 0
116 5 1 1 1 0 0 2 1 1
117 2 1 1 1 0 0 1 0 0
121 5 0 0 1 0 0 2 0 0
122 3 0 0 2 0 0 0 0 0
123 3 1 1 2 0 0 0 0 0
124 2 0 0 1 0 0 1 0 0
128 5 0 0 1 0 0 1 0 0
129 5 1 1 2 0 0 1 0 0
130 3 0 0 2 1 1 0 0 0
132 2 0 0 0 0 0 0 0 0
133 4 0 0 0 0 0 1 0 0
147 2 0 0 0 0 0 0 0 0
151 7 2 2 0 0 0 4 0 0
152 4 0 0 0 0 0 1 0 0
154 3 0 0 0 0 0 0 0 0
158 4 1 1 0 0 0 1 0 0
161 1 0 0 0 0 0 0 0 0
164 2 0 0 0 0 0 0 0 0
166 2 0 0 0 0 0 1 0 0
170 1 0 0 0 0 0 0 0 0
171 1 1 1 1 1 1 0 0 0
178 4 1 1 1 0 0 1 0 0
180 5 0 0 1 0 0 1 0 0
186 4 0 0 0 0 0 1 0 0
188 5 1 1 2 0 0 1 0 0
190 4 0 0 0 0 0 2 0 0
195 5 0 0 0 0 0 1 0 0
244 3 0 0 1 0 0 0 0 0
245 3 0 0 1 0 0 0 0 0
261 4 1 1 0 0 0 0 0 0
277 2 0 0 0 0 0 0 0 0
281 2 0 0 0 0 0 1 0 0
282 1 1 1 1 0 0 0 0 0
285 4 0 0 1 0 0 1 0 0
289 2 0 0 0 0 0 0 0 0
293 3 1 1 0 0 0 0 0 0
294 2 0 0 0 0 0 0 0 0
296 1 0 0 0 0 0 0 0 0
297 1 0 0 0 0 0 0 0 0
300 2 0 0 0 0 0 1 0 0
302 1 0 0 0 0 0 1 0 0
305 2 0 0 0 0 0 0 0 0
356 5 1 1 0 0 0 0 0 0
360 3 1 1 1 0 0 0 0 0
369 1 0 0 0 0 0 1 0 0
370 8 0 0 7 0 0 0 0 0
fl=./elf/../sysdeps/x86/dl-cacheinfo.h
fn=get_common_cache_info.constprop.0
571 11 1 1 0 0 0 6 0 0
586 1 0 0 1 0 0 0 0 0
587 1 0 0 1 0 0 0 0 0
588 2 0 0 1 0 0 1 0 0
589 1 1 1 1 0 0 0 0 0
590 2 0 0 1 0 0 1 0 0
596 3 0 0 0 0 0 1 0 0
598 7 1 1 3 0 0 2 0 0
601 2 0 0 0 0 0 0 0 0
613 1 0 0 0 0 0 0 0 0
618 3 1 1 1 0 0 0 0 0
622 2 0 0 0 0 0 0 0 0
627 5 1 1 1 0 0 0 0 0
630 24 2 2 0 0 0 5 0 0
637 8 0 0 0 0 0 0 0 0
640 26 0 0 0 0 0 0 0 0
645 2 1 1 0 0 0 0 0 0
649 3 0 0 0 0 0 0 0 0
650 2 0 0 0 0 0 0 0 0
654 2 0 0 0 0 0 0 0 0
658 3 0 0 0 0 0 0 0 0
661 4 0 0 0 0 0 1 0 0
662 1 0 0 0 0 0 0 0 0
667 4 0 0 0 0 0 0 0 0
673 4 0 0 0 0 0 0 0 0
681 6 0 0 0 0 0 0 0 0
683 2 0 0 0 0 0 0 0 0
685 4 0 0 0 0 0 0 0 0
687 12 1 1 0 0 0 0 0 0
689 1 0 0 0 0 0 0 0 0
690 1 0 0 0 0 0 0 0 0
691 9 0 0 1 0 0 0 0 0
693 4 1 1 0 0 0 0 0 0
696 7 1 1 4 0 0 0 0 0
701 1 0 0 0 0 0 0 0 0
703 4 1 1 0 0 0 0 0 0
704 3 0 0 0 0 0 0 0 0
705 1 0 0 0 0 0 0 0 0
708 2 0 0 0 0 0 0 0 0
711 2 1 1 0 0 0 0 0 0
718 1 0 0 0 0 0 0 0 0
720 4 0 0 0 0 0 0 0 0
721 1 0 0 0 0 0 0 0 0
726 2 0 0 0 0 0 0 0 0
731 2 0 0 0 0 0 0 0 0
732 1 0 0 0 0 0 0 0 0
733 2 0 0 0 0 0 0 0 0
734 1 0 0 0 0 0 0 0 0
759 3 0 0 0 0 0 0 0 0
770 5 0 0 1 0 0 0 0 0
771 5 0 0 0 0 0 1 0 0
775 2 1 1 1 0 0 0 0 0
782 1 0 0 0 0 0 1 0 0
783 2 0 0 1 0 0 1 0 0
784 1 0 0 0 0 0 1 0 0
785 7 0 0 7 0 0 0 0 0
fn=handle_intel.constprop.0
250 108 0 0 0 0 0 72 0 0
255 24 1 1 12 0 0 0 0 0
261 12 0 0 0 0 0 12 0 0
262 12 0 0 0 0 0 12 0 0
267 48 0 0 0 0 0 12 0 0
271 24 0 0 0 0 0 0 0 0
276 24 1 1 0 0 0 0 0 0
279 60 0 0 0 0 0 12 0 0
281 24 0 0 0 0 0 0 0 0
284 60 1 1 0 0 0 12 0 0
286 24 0 0 0 0 0 0 0 0
305 96 0 0 84 0 0 0 0 0
fn=init_cpu_features.constprop.0
792 1 0 0 0 0 0 1 0 0
793 1 0 0 0 0 0 1 0 0
795 1 0 0 0 0 0 1 0 0
809 2 0 0 0 0 0 0 0 0
811 3 1 1 0 0 0 2 0 0
812 3 1 1 0 0 0 1 0 0
813 3 0 0 0 0 0 2 0 0
814 2 0 0 0 0 0 2 0 0
817 3 0 0 0 0 0 2 0 0
819 3 1 1 0 0 0 2 0 0
820 2 0 0 1 0 0 1 0 0
822 3 0 0 0 0 0 2 0 0
824 3 0 0 0 0 0 2 0 0
825 1 0 0 0 0 0 1 0 0
827 3 0 0 0 0 0 2 0 0
829 3 1 1 0 0 0 2 0 0
830 2 0 0 1 0 0 1 0 0
832 3 0 0 0 0 0 2 0 0
834 3 0 0 0 0 0 1 0 0
836 3 1 1 0 0 0 2 0 0
838 5 0 0 1 0 0 1 0 0
894 2 1 1 1 0 0 1 1 1
895 2 0 0 1 0 0 1 0 0
896 2 0 0 1 0 0 1 0 0
897 2 1 1 1 0 0 1 0 0
898 2 0 0 1 0 0 1 0 0
899 2 0 0 1 0 0 1 0 0
900 1 0 0 0 0 0 1 1 1
901 1 0 0 0 0 0 1 0 0
902 1 0 0 0 0 0 1 0 0
903 1 1 1 0 0 0 1 0 0
904 1 0 0 0 0 0 1 0 0
905 1 0 0 0 0 0 1 0 0
907 1 0 0 1 0 0 0 0 0
910 3 0 0 0 0 0 0 0 0
924 3 0 0 1 0 0 0 0 0
925 7 1 1 5 0 0 2 0 0
930 2 0 0 0 0 0 0 0 0
931 6 0 0 2 0 0 0 0 0
932 2 0 0 0 0 0 0 0 0
939 3 0 0 1 0 0 0 0 0
959 6 1 1 0 0 0 0 0 0
968 2 0 0 0 0 0 0 0 0
969 2 0 0 0 0 0 0 0 0
974 12 2 2 0 0 0 0 0 0
987 5 0 0 2 0 0 1 0 0
995 7 1 1 1 0 0 1 0 0
997 2 0 0 0 0 0 0 0 0
1000 5 0 0 1 0 0 1 0 0
1002 2 0 0 0 0 0 0 0 0
1005 5 1 1 1 0 0 1 0 0
1006 5 0 0 0 0 0 1 0 0
1010 6 0 0 1 0 0 2 0 0
1011 3 0 0 1 0 0 0 0 0
1017 7 0 0 1 0 0 3 0 0
1020 11 2 2 2 0 0 5 0 0
1021 10 1 1 2 0 0 5 0 0
1022 13 2 2 2 0 0 6 0 0
1025 10 0 0 1 0 0 5 0 0
1027 10 1 1 1 0 0 5 0 0
1040 4 0 0 3 0 0 0 0 0
1042 2 0 0 1 0 0 1 0 0
1043 2 1 1 1 0 0 1 0 0
1044 1 0 0 0 0 0 1 0 0
1045 1 0 0 0 0 0 1 0 0
1046 1 1 1 0 0 0 1 0 0
1047 1 0 0 0 0 0 1 0 0
fn=intel_check_word.constprop.0
110 648 1 1 324 6 6 0 0 0
113 324 0 0 0 0 0 0 0 0
119 216 0 0 0 0 0 96 0 0
123 48 1 1 0 0 0 0 0 0
125 12 0 0 0 0 0 0 0 0
129 120 1 1 0 0 0 0 0 0
131 144 0 0 0 0 0 0 0 0
133 60 0 0 0 0 0 0 0 0
135 120 0 0 0 0 0 0 0 0
143 120 1 1 0 0 0 0 0 0
152 12 0 0 0 0 0 0 0 0
155 138 1 1 0 0 0 0 0 0
158 99 0 0 0 0 0 0 0 0
162 58 0 0 0 0 0 0 0 0
164 189 1 1 0 0 0 0 0 0
167 120 0 0 0 0 0 0 0 0
168 72 0 0 0 0 0 0 0 0
169 60 0 0 0 0 0 0 0 0
170 48 0 0 0 0 0 0 0 0
172 11 1 1 0 0 0 0 0 0
174 22 0 0 0 0 0 0 0 0
176 12 1 1 0 0 0 0 0 0
177 16 0 0 0 0 0 0 0 0
178 12 0 0 0 0 0 0 0 0
179 20 0 0 0 0 0 0 0 0
180 14 1 1 0 0 0 0 0 0
181 12 0 0 0 0 0 0 0 0
183 8 0 0 0 0 0 0 0 0
184 12 0 0 0 0 0 0 0 0
187 21 0 0 0 0 0 0 0 0
190 2 0 0 0 0 0 0 0 0
194 192 0 0 0 0 0 0 0 0
202 168 1 1 48 0 0 0 0 0
216 48 0 0 0 0 0 0 0 0
246 144 0 0 120 0 0 0 0 0
fl=./elf/../sysdeps/x86/dl-get-cpu-features.c
fn=__x86_cpu_features
39 3 0 0 1 0 0 0 0 0
71 3 1 1 1 0 0 0 0 0
fn=_dl_x86_init_cpu_features
37 1 1 1 0 0 0 0 0 0
39 3 0 0 1 0 0 0 0 0
41 1 0 0 0 0 0 0 0 0
fl=./elf/../sysdeps/x86/dl-isa-level.h
fn=_dl_load_cache_lookup
28 12 0 0 4 0 0 4 0 0
fl=./elf/../sysdeps/x86/dl-procinfo.h
fn=_dl_load_cache_lookup
39 4 1 1 0 0 0 0 0 0
42 14 0 0 0 0 0 4 1 1
fl=./elf/../sysdeps/x86/dl-prop.h
fn=_dl_map_object_from_fd
149 12 0 0 6 0 0 0 0 0
fn=_dl_process_pt_gnu_property
95 16 1 1 0 0 0 0 0 0
102 8 0 0 0 0 0 0 0 0
115 8 0 0 0 0 0 0 0 0
118 4 0 0 4 1 1 0 0 0
252 2 0 0 0 0 0 0 0 0
253 1 0 0 0 0 0 1 0 0
254 6 0 0 0 0 0 0 0 0
255 3 0 0 0 0 0 3 0 0
257 16 0 0 4 0 0 4 0 0
258 2 1 1 2 0 0 0 0 0
260 4 0 0 1 0 0 0 0 0
fn=dl_main
36 2 0 0 2 0 0 0 0 0
37 18 1 1 0 0 0 0 0 0
40 8 0 0 8 0 0 0 0 0
49 28 1 1 9 0 0 0 0 0
53 23 0 0 5 0 0 0 0 0
71 2 0 0 1 0 0 1 0 0
149 4 0 0 2 0 0 0 0 0
235 2 1 1 2 0 0 0 0 0
236 1 0 0 1 1 1 0 0 0
fl=./elf/../sysdeps/x86/get-isa-level.h
fn=_dl_hwcaps_subdirs_active
30 4 0 0 0 0 0 0 0 0
31 1 0 0 1 0 0 0 0 0
32 3 0 0 1 0 0 0 0 0
36 3 0 0 0 0 0 0 0 0
39 4 1 1 1 0 0 0 0 0
40 4 0 0 1 0 0 0 0 0
45 4 0 0 0 0 0 0 0 0
48 2 0 0 0 0 0 0 0 0
51 5 0 0 1 0 0 0 0 0
53 4 1 1 0 0 0 0 0 0
54 2 0 0 0 0 0 0 0 0
55 2 0 0 0 0 0 0 0 0
58 4 0 0 0 0 0 0 0 0
fn=update_active.constprop.0
28 1 0 0 0 0 0 0 0 0
30 4 0 0 0 0 0 0 0 0
31 1 0 0 1 0 0 0 0 0
32 3 0 0 0 0 0 0 0 0
36 3 0 0 0 0 0 0 0 0
38 1 0 0 0 0 0 0 0 0
39 2 1 1 0 0 0 0 0 0
40 4 1 1 1 0 0 0 0 0
45 4 0 0 0 0 0 0 0 0
47 1 0 0 0 0 0 0 0 0
48 2 0 0 0 0 0 0 0 0
51 5 1 1 1 0 0 0 0 0
53 4 0 0 0 0 0 0 0 0
54 2 0 0 0 0 0 0 0 0
55 2 0 0 0 0 0 0 0 0
57 1 0 0 0 0 0 0 0 0
58 4 0 0 0 0 0 0 0 0
fl=./elf/../sysdeps/x86_64/dl-cet.c
fn=_dl_cet_check
275 2 0 0 0 0 0 0 0 0
276 1 0 0 0 0 0 1 0 0
277 2 0 0 1 0 0 0 0 0
282 4 0 0 1 0 0 1 0 0
283 3 0 0 0 0 0 1 0 0
285 2 0 0 1 0 0 1 0 0
293 5 1 1 1 0 0 0 0 0
361 8 1 1 0 0 0 4 0 0
363 6 1 1 5 0 0 0 0 0
fn=_dl_cet_setup_features
331 1 1 1 0 0 0 0 0 0
334 2 0 0 0 0 0 0 0 0
350 1 0 0 1 0 0 0 0 0
fl=./elf/../sysdeps/x86_64/dl-hwcaps-subdirs.c
fn=_dl_hwcaps_subdirs_active
29 1 1 1 0 0 0 0 0 0
38 3 0 0 0 0 0 0 0 0
43 1 0 0 0 0 0 0 0 0
48 1 0 0 0 0 0 0 0 0
52 1 0 0 1 0 0 0 0 0
fl=./elf/../sysdeps/x86_64/dl-machine.h
fn=_dl_relocate_object
81 22 0 0 3 0 0 0 0 0
87 4 1 1 3 1 0 0 0 0
91 3 0 0 1 1 1 0 0 0
97 1 0 0 0 0 0 1 0 0
108 3 0 0 1 0 0 0 0 0
129 2 0 0 1 0 0 0 0 0
132 2 0 0 0 0 0 1 0 0
134 4 0 0 1 1 0 0 0 0
267 404 2 2 0 0 0 0 0 0
274 404 0 0 0 0 0 0 0 0
278 404 0 0 0 0 0 0 0 0
287 1879 3 3 717 0 0 0 0 0
290 415 1 1 176 0 0 0 0 0
291 94 0 0 0 0 0 0 0 0
292 768 0 0 0 0 0 0 0 0
295 10 1 1 0 0 0 0 0 0
296 15 0 0 5 0 0 0 0 0
307 10 1 1 0 0 0 10 0 0
314 25 1 1 10 0 0 5 0 0
317 1212 1 1 202 4 3 0 0 0
320 18 0 0 0 0 0 18 0 0
323 18 0 0 0 0 0 0 0 0
346 2 1 1 0 0 0 0 0 0
347 3 0 0 2 1 0 1 1 1
393 25 1 1 0 0 0 15 0 0
400 48 1 1 16 0 0 0 0 0
402 64 0 0 16 0 0 0 0 0
406 48 1 1 32 3 3 0 0 0
415 32 0 0 16 0 0 16 5 5
423 373 1 1 188 0 0 185 23 22
436 7 0 0 0 0 0 4 0 0
476 94 1 1 94 0 0 0 0 0
478 47 0 0 0 0 0 47 0 0
479 47 0 0 0 0 0 47 2 0
498 2733 0 0 911 113 113 0 0 0
499 911 0 0 0 0 0 911 238 233
503 1822 0 0 0 0 0 0 0 0
504 1822 0 0 911 114 114 0 0 0
514 114 0 0 57 0 0 0 0 0
518 114 0 0 0 0 0 0 0 0
521 171 0 0 57 0 0 0 0 0
522 57 0 0 57 7 7 0 0 0
730 10 0 0 0 0 0 0 0 0
734 6 1 1 3 1 0 0 0 0
fn=_dl_start
55 1 0 0 0 0 0 0 0 0
278 9 0 0 0 0 0 0 0 0
287 27 0 0 9 3 3 1 0 0
290 6 0 0 3 0 0 0 0 0
291 12 0 0 0 0 0 0 0 0
317 8 0 0 0 0 0 0 0 0
323 2 0 0 0 0 0 2 1 1
fn=_dl_sysdep_start
220 1 0 0 0 0 0 1 0 0
fl=./elf/./dl-find_object.h
fn=_dl_find_object_from_map
95 10 1 1 5 3 0 5 3 2
96 10 1 1 5 0 0 5 0 0
97 5 0 0 0 0 0 5 0 0
103 25 0 0 10 4 0 0 0 0
104 145 0 0 0 0 0 0 0 0
105 100 1 1 50 42 8 0 0 0
107 15 0 0 10 2 0 5 0 0
112 5 0 0 5 0 0 0 0 0
fl=./elf/./dl-hwcaps.h
fn=_dl_important_hwcaps
43 9 1 1 0 0 0 6 0 0
45 7 0 0 0 0 0 6 0 0
46 1 0 0 0 0 0 0 0 0
77 8 0 0 3 0 0 5 0 0
78 8 1 1 3 0 0 5 0 0
79 7 2 2 0 0 0 2 0 0
fl=./elf/./dl-load.h
fn=_dl_map_object_from_fd
91 24 0 0 12 0 0 0 0 0
92 8 1 1 4 0 0 0 0 0
93 10 2 1 2 0 0 0 0 0
94 8 0 0 2 0 0 0 0 0
96 8 0 0 0 0 0 2 0 0
fl=./elf/./dl-main.h
fn=dl_main
109 5 1 1 4 0 0 1 0 0
fl=./elf/./dl-map-segments.h
fn=_dl_map_object_from_fd
28 9 0 0 3 0 0 0 0 0
29 27 1 1 9 0 0 6 0 0
81 3 0 0 3 0 0 0 0 0
101 3 0 0 0 0 0 3 0 0
102 9 0 0 3 0 0 0 0 0
105 9 0 0 3 0 0 3 0 0
106 6 0 0 0 0 0 3 0 0
108 6 1 1 3 0 0 0 0 0
125 3 1 1 3 0 0 0 0 0
135 72 1 1 12 0 0 0 0 0
137 36 0 0 18 0 0 0 0 0
139 90 0 0 36 0 0 9 0 0
149 48 0 0 24 0 0 0 0 0
155 6 1 1 3 0 0 0 0 0
156 3 0 0 0 0 0 0 0 0
157 9 0 0 3 0 0 0 0 0
158 6 0 0 0 0 0 0 0 0
160 6 0 0 0 0 0 0 0 0
165 6 0 0 0 0 0 0 0 0
168 9 0 0 3 0 0 0 0 0
176 21 0 0 3 0 0 6 0 0
182 6 0 0 0 0 0 0 0 0
186 8 2 2 1 0 0 1 0 0
189 2 0 0 0 0 0 0 0 0
194 12 1 1 0 0 0 0 0 0
fl=./elf/./dl-sym-post.h
fn=lookup_malloc_symbol
41 8 0 0 0 0 0 0 0 0
53 12 0 0 4 0 0 0 0 0
fl=./elf/./dl-tunable-types.h
fn=__GI___tunable_set_val
84 5 0 0 0 0 0 0 0 0
fl=./elf/./elf/dl-audit.c
fn=_dl_audit_activity_map
29 7 1 1 0 0 0 5 0 0
30 1 0 0 1 0 0 0 0 0
31 3 0 0 1 0 0 0 0 0
37 6 1 1 6 0 0 0 0 0
fn=_dl_audit_activity_nsid
41 3 2 2 0 0 0 0 0 0
45 12 0 0 3 0 0 0 0 0
46 3 0 0 3 1 1 0 0 0
47 15 2 2 3 0 0 0 0 0
fn=_dl_audit_objclose
97 5 1 1 0 0 0 0 0 0
98 20 0 0 10 0 0 0 0 0
fn=_dl_audit_objopen
77 3 1 1 0 0 0 0 0 0
78 12 0 0 6 0 0 0 0 0
fn=_dl_audit_preinit
118 1 1 1 0 0 0 0 0 0
119 4 0 0 2 0 0 0 0 0
fl=./elf/./elf/dl-cache.c
fn=_dl_cache_libcmp
357 30 1 1 0 0 0 0 0 0
358 185 1 1 15 0 0 0 0 0
360 249 0 0 0 0 0 0 0 0
362 87 1 1 0 0 0 0 0 0
368 8 0 0 0 0 0 0 0 0
369 6 0 0 0 0 0 0 0 0
370 76 0 0 70 0 0 0 0 0
372 76 0 0 70 2 2 0 0 0
374 4 0 0 0 0 0 0 0 0
380 162 0 0 0 0 0 0 0 0
382 162 0 0 0 0 0 0 0 0
383 39 1 1 13 0 0 0 0 0
386 68 0 0 0 0 0 0 0 0
387 68 0 0 0 0 0 0 0 0
390 21 0 0 17 13 13 0 0 0
fn=_dl_load_cache_lookup
191 26 0 0 0 0 0 0 0 0
205 2 0 0 2 0 0 0 0 0
208 16 2 2 2 0 0 6 0 0
210 20 0 0 6 0 0 6 0 0
211 4 1 1 0 0 0 0 0 0
213 10 0 0 0 0 0 2 0 0
220 32 0 0 2 0 0 0 0 0
222 85 1 1 4 0 0 6 0 0
223 26 0 0 13 11 11 0 0 0
227 39 1 1 13 0 0 0 0 0
231 39 0 0 13 0 0 13 0 0
232 26 0 0 0 0 0 0 0 0
240 8 0 0 0 0 0 0 0 0
242 4 0 0 2 1 1 0 0 0
245 4 0 0 0 0 0 0 0 0
247 12 0 0 0 0 0 2 0 0
249 2 0 0 0 0 0 0 0 0
259 4 0 0 2 0 0 0 0 0
269 6 1 1 4 0 0 0 0 0
270 8 0 0 2 1 1 0 0 0
286 14 1 1 0 0 0 0 0 0
295 4 0 0 2 0 0 0 0 0
298 4 0 0 2 0 0 0 0 0
301 2 0 0 0 0 0 0 0 0
302 6 1 1 2 0 0 0 0 0
330 4 0 0 0 0 0 2 0 0
346 11 0 0 0 0 0 0 0 0
347 6 1 1 0 0 0 0 0 0
349 5 0 0 0 0 0 0 0 0
403 20 1 1 0 0 0 14 0 0
405 4 0 0 2 0 0 0 0 0
408 6 1 1 2 0 0 0 0 0
411 5 1 1 0 0 0 1 0 0
419 5 1 1 1 0 0 0 0 0
420 8 1 1 3 1 1 0 0 0
423 6 1 1 0 0 0 0 0 0
424 1 0 0 1 0 0 0 0 0
431 1 1 1 0 0 0 1 0 0
432 2 0 0 0 0 0 1 0 0
477 3 0 0 1 0 0 0 0 0
482 6 0 0 2 0 0 0 0 0
485 6 0 0 2 0 0 2 0 0
500 4 0 0 2 0 0 0 0 0
512 6 0 0 2 0 0 2 0 0
513 30 1 1 2 0 0 0 0 0
514 8 1 1 2 0 0 2 0 0
515 2 0 0 0 0 0 2 0 0
516 16 0 0 14 0 0 0 0 0
fn=_dl_unload_cache
525 3 1 1 0 0 0 1 0 0
526 4 0 0 1 1 0 0 0 0
528 2 0 0 1 0 0 1 0 0
529 1 0 0 0 0 0 1 0 0
533 1 0 0 0 0 0 1 0 0
535 2 1 1 2 0 0 0 0 0
fl=./elf/./elf/dl-call-libc-early-init.c
fn=_dl_call_libc_early_init
27 7 1 1 0 0 0 3 0 0
29 2 0 0 0 0 0 0 0 0
33 5 0 0 0 0 0 1 0 0
37 2 0 0 0 0 0 0 0 0
39 4 1 1 3 0 0 0 0 0
40 2 0 0 0 0 0 0 0 0
41 3 0 0 3 0 0 0 0 0
fl=./elf/./elf/dl-call_fini.c
fn=_dl_call_fini
24 40 1 1 0 0 0 20 0 0
28 10 0 0 5 0 0 0 0 0
32 5 1 1 5 0 0 0 0 0
34 5 0 0 5 5 5 0 0 0
35 10 0 0 0 0 0 0 0 0
38 6 0 0 6 3 3 0 0 0
39 9 0 0 6 1 1 0 0 0
42 28 0 0 0 0 0 0 0 0
43 4 0 0 4 3 3 4 0 0
47 5 1 1 5 5 5 0 0 0
48 10 0 0 0 0 0 0 0 0
49 9 0 0 6 1 1 0 0 0
50 27 0 0 22 0 0 0 0 0
fl=./elf/./elf/dl-catch.c
fn=_dl_catch_error
254 12 1 1 0 0 0 4 0 0
256 2 0 0 0 0 0 1 0 0
257 2 0 0 1 0 0 1 0 0
258 2 0 0 1 0 0 1 0 0
259 2 0 0 1 0 0 1 0 0
261 6 1 1 5 0 0 0 0 0
fn=_dl_catch_exception
58 18 0 0 6 1 1 0 0 0
59 12 1 1 6 0 0 6 0 0
69 12 0 0 6 0 0 0 0 0
70 30 0 0 6 0 0 12 0 0
204 48 1 1 0 0 0 30 3 3
207 12 0 0 0 0 0 0 0 0
214 6 0 0 0 0 0 0 0 0
228 6 1 1 0 0 0 6 1 1
229 12 0 0 0 0 0 6 0 0
235 36 1 1 0 0 0 6 0 0
237 18 0 0 12 0 0 6 0 0
239 24 0 0 6 0 0 12 0 0
248 18 0 0 18 0 0 0 0 0
fn=_dl_receive_error
58 2 1 1 1 0 0 0 0 0
59 1 0 0 1 0 0 0 0 0
69 2 0 0 1 0 0 0 0 0
70 2 0 0 0 0 0 2 0 0
186 7 1 1 0 0 0 3 0 0
188 1 0 0 1 0 0 0 0 0
192 1 0 0 0 0 0 1 0 0
194 1 0 0 0 0 0 1 0 0
197 1 0 0 0 0 0 1 0 0
198 4 0 0 4 0 0 0 0 0
fl=./elf/./elf/dl-debug.c
fn=_dl_debug_initialize
56 3 1 1 0 0 0 0 0 0
57 1 1 1 0 0 0 0 0 0
59 2 0 0 0 0 0 0 0 0
61 2 0 0 0 0 0 0 0 0
63 3 0 0 1 1 1 0 0 0
64 1 0 0 0 0 0 1 0 0
85 3 0 0 1 0 0 0 0 0
90 3 1 1 1 1 1 1 0 0
91 2 0 0 0 0 0 1 0 0
92 1 0 0 0 0 0 1 0 0
95 3 0 0 2 0 0 0 0 0
96 6 1 1 1 0 0 1 0 0
99 2 0 0 0 0 0 0 0 0
107 2 0 0 1 0 0 0 0 0
fn=_dl_debug_state
116 2 1 1 0 0 0 0 0 0
117 2 0 0 2 0 0 0 0 0
fn=_dl_debug_update
38 4 1 0 0 0 0 0 0 0
40 8 0 0 0 0 0 0 0 0
41 4 0 0 0 0 0 0 0 0
44 8 2 1 4 1 0 0 0 0
48 4 0 0 4 0 0 0 0 0
fl=./elf/./elf/dl-deps.c
fn=_dl_map_object_deps
128 3 0 0 0 0 0 2 1 1
129 5 1 1 0 0 0 2 0 0
130 6 0 0 0 0 0 1 0 0
132 3 0 0 0 0 0 1 0 0
136 8 1 1 2 0 0 2 0 0
143 13 1 1 0 0 0 8 1 1
144 20 2 2 1 1 1 0 0 0
160 9 1 1 0 0 0 0 0 0
161 1 0 0 1 0 0 0 0 0
164 1 1 1 0 0 0 1 0 0
182 1 0 0 1 0 0 0 0 0
183 6 0 0 4 0 0 0 0 0
184 1 0 0 0 0 0 1 0 0
188 11 0 0 5 0 0 1 0 0
190 17 1 1 0 0 0 9 0 0
193 5 0 0 0 0 0 5 0 0
197 15 1 1 5 0 0 0 0 0
198 32 1 1 14 0 0 0 0 0
201 12 0 0 3 0 0 0 0 0
205 6 0 0 3 0 0 0 0 0
208 18 0 0 9 1 1 0 0 0
210 12 1 1 9 0 0 0 0 0
215 3 1 1 0 0 0 3 0 0
216 3 0 0 0 0 0 3 1 1
217 6 0 0 3 0 0 3 0 0
218 6 0 0 3 0 0 3 0 0
219 3 0 0 0 0 0 3 0 0
221 357 0 0 96 0 0 0 0 0
222 168 0 0 0 0 0 0 0 0
228 50 1 1 10 0 0 9 0 0
230 5 0 0 0 0 0 5 0 0
232 20 1 1 0 0 0 5 0 0
233 10 0 0 5 0 0 0 0 0
242 5 0 0 5 0 0 0 0 0
244 10 1 1 5 0 0 0 0 0
249 21 1 1 3 0 0 0 0 0
252 3 0 0 0 0 0 3 0 0
253 3 0 0 0 0 0 3 0 0
254 3 0 0 0 0 0 3 0 0
255 6 0 0 3 0 0 3 0 0
256 3 0 0 0 0 0 3 0 0
257 3 0 0 3 0 0 0 0 0
259 12 0 0 3 0 0 3 0 0
263 15 0 0 5 0 0 0 0 0
264 9 0 0 0 0 0 3 0 0
266 237 1 1 0 0 0 0 0 0
417 10 1 1 0 0 0 0 0 0
419 15 0 0 0 0 0 9 1 1
422 6 0 0 0 0 0 0 0 0
423 12 1 1 6 0 0 0 0 0
429 3 0 0 0 0 0 3 0 0
430 15 0 0 0 0 0 6 0 0
431 15 0 0 0 0 0 3 0 0
434 3 0 0 0 0 0 3 0 0
435 6 0 0 6 0 0 0 0 0
439 15 1 1 5 0 0 0 0 0
441 5 0 0 5 0 0 0 0 0
442 22 0 0 4 0 0 0 0 0
448 5 1 1 1 0 0 0 0 0
449 1 0 0 0 0 0 1 0 0
452 4 0 0 1 0 0 1 0 0
463 5 1 1 1 0 0 2 0 0
465 4 0 0 2 0 0 0 0 0
470 5 1 1 2 0 0 1 0 0
471 1 0 0 0 0 0 1 0 0
472 2 0 0 0 0 0 0 0 0
474 19 0 0 5 0 0 0 0 0
478 5 1 1 5 0 0 0 0 0
483 10 0 0 0 0 0 0 0 0
485 15 0 0 0 0 0 5 1 1
490 5 0 0 5 0 0 0 0 0
494 2 1 1 0 0 0 0 0 0
495 3 0 0 1 0 0 0 0 0
532 2 1 1 0 0 0 0 0 0
533 2 0 0 0 0 0 0 0 0
547 9 1 1 2 0 0 3 0 0
552 9 1 1 1 0 0 2 0 0
553 5 1 1 2 0 0 1 0 0
557 1 0 0 0 0 0 1 0 0
559 2 0 0 1 0 0 1 0 0
560 1 0 0 1 0 0 0 0 0
561 3 0 0 1 0 0 0 0 0
568 3 1 1 1 0 0 0 0 0
571 2 0 0 0 0 0 0 0 0
574 8 0 0 7 0 0 0 0 0
fn=openaux
61 30 0 0 0 0 0 10 0 0
64 55 0 0 20 0 0 10 1 1
65 5 0 0 5 0 0 0 0 0
68 5 1 1 5 0 0 0 0 0
69 15 0 0 15 0 0 0 0 0
fl=./elf/./elf/dl-environ.c
fn=_dl_next_ld_env_entry
28 3 1 1 0 0 0 0 0 0
29 3 0 0 3 0 0 0 0 0
32 139 0 0 47 0 0 0 0 0
34 90 0 0 45 0 0 0 0 0
35 12 0 0 6 0 0 0 0 0
37 2 0 0 0 0 0 0 0 0
40 4 0 0 0 0 0 2 0 0
42 2 0 0 2 0 0 0 0 0
45 43 0 0 0 0 0 0 0 0
fl=./elf/./elf/dl-find_object.c
fn=_dl_find_object_init
561 5 1 1 0 0 0 3 0 0
564 1 0 0 1 1 0 0 0 0
566 2 0 0 1 0 0 0 0 0
567 3 1 1 0 0 0 1 0 0
579 2 1 1 0 0 0 1 0 0
580 3 0 0 1 0 0 1 0 0
582 2 0 0 0 0 0 0 0 0
585 2 0 0 0 0 0 0 0 0
590 1 1 1 0 0 0 1 0 0
591 1 0 0 0 0 0 1 0 0
594 3 0 0 1 0 0 0 0 0
596 2 1 1 0 0 0 1 0 0
599 6 1 1 3 0 0 1 0 0
601 1 0 0 0 0 0 0 0 0
604 4 0 0 4 0 0 0 0 0
fn=_dlfo_process_initial
474 8 0 0 0 0 0 4 0 0
475 2 0 0 2 0 0 0 0 0
477 2 0 0 0 0 0 0 0 0
478 4 1 1 2 0 0 0 0 0
504 24 1 1 4 1 0 0 0 0
505 26 0 0 2 0 0 0 0 0
506 10 0 0 10 0 0 0 0 0
508 36 1 1 8 1 0 0 0 0
511 32 0 0 8 0 0 0 0 0
513 24 1 1 8 1 1 0 0 0
515 8 0 0 0 0 0 4 0 0
516 8 0 0 0 0 0 0 0 0
517 16 0 0 0 0 0 0 0 0
529 2 0 0 0 0 0 2 0 0
531 8 0 0 6 0 0 0 0 0
fn=_dlfo_sort_mappings
536 1 1 1 0 0 0 0 0 0
537 2 0 0 0 0 0 0 0 0
540 16 1 1 3 0 0 0 0 0
544 6 0 0 3 0 0 0 0 0
545 33 1 1 0 0 0 0 0 0
546 30 0 0 6 0 0 0 0 0
548 3 0 0 0 0 0 0 0 0
549 3 0 0 0 0 0 0 0 0
553 12 0 0 6 0 0 0 0 0
554 15 0 0 6 0 0 6 0 0
555 6 0 0 0 0 0 6 0 0
557 1 0 0 1 0 0 0 0 0
fl=./elf/./elf/dl-fini.c
fn=_dl_fini
26 11 1 1 0 0 0 7 1 1
43 1 0 0 0 0 0 0 0 0
46 13 1 1 1 1 1 0 0 0
49 2 0 0 1 1 1 1 0 0
51 1 1 1 1 1 1 0 0 0
54 2 0 0 0 0 0 0 0 0
56 5 0 0 2 1 1 0 0 0
61 1 0 0 0 0 0 1 0 0
63 4 0 0 0 0 0 2 0 0
68 18 3 3 2 0 0 0 0 0
73 19 0 0 6 1 1 0 0 0
75 10 0 0 5 5 5 0 0 0
77 10 0 0 0 0 0 0 0 0
79 10 0 0 0 0 0 5 0 0
80 5 0 0 0 0 0 5 5 5
81 5 0 0 0 0 0 0 0 0
85 5 1 1 5 4 4 0 0 0
87 6 0 0 0 0 0 0 0 0
88 6 0 0 0 0 0 0 0 0
94 6 1 1 0 0 0 2 0 0
103 2 0 0 1 0 0 1 0 0
108 31 1 1 11 0 0 0 0 0
110 5 0 0 5 0 0 0 0 0
112 10 0 0 5 0 0 0 0 0
114 20 1 1 0 0 0 15 0 0
117 10 0 0 0 0 0 5 0 0
122 5 0 0 5 0 0 0 0 0
126 5 0 0 1 0 0 1 0 0
132 6 0 0 2 0 0 1 0 0
134 1 0 0 0 0 0 0 0 0
138 2 0 0 1 0 0 0 0 0
145 8 0 0 7 0 0 0 0 0
fl=./elf/./elf/dl-hwcaps.c
fn=_dl_important_hwcaps
52 16 1 1 0 0 0 4 0 0
54 2 0 0 0 0 0 0 0 0
55 4 0 0 2 0 0 0 0 0
56 2 0 0 0 0 0 0 0 0
57 2 0 0 0 0 0 0 0 0
77 16 2 2 0 0 0 4 0 0
80 16 0 0 4 0 0 6 1 1
84 2 0 0 0 0 0 2 0 0
86 6 0 0 2 0 0 2 0 0
87 2 0 0 0 0 0 0 0 0
88 2 0 0 0 0 0 0 0 0
100 5 0 0 0 0 0 3 1 1
102 3 1 1 1 0 0 0 0 0
105 1 0 0 0 0 0 1 0 0
108 1 0 0 0 0 0 0 0 0
112 5 1 1 0 0 0 2 0 0
125 12 0 0 0 0 0 3 0 0
127 10 0 0 4 0 0 2 1 1
128 4 0 0 2 0 0 2 0 0
129 4 0 0 0 0 0 2 0 0
130 2 0 0 0 0 0 0 0 0
133 3 1 1 1 0 0 0 0 0
142 13 0 0 7 0 0 1 0 0
143 11 0 0 0 0 0 1 0 0
145 8 1 1 1 0 0 5 0 0
151 5 1 1 2 0 0 0 0 0
155 4 1 1 2 0 0 1 0 0
156 3 0 0 1 0 0 0 0 0
157 3 0 0 0 0 0 0 0 0
161 1 0 0 1 0 0 0 0 0
162 2 0 0 1 0 0 1 0 0
163 2 0 0 0 0 0 2 0 0
172 14 2 2 0 0 0 9 2 2
174 2 0 0 0 0 0 2 0 0
175 3 0 0 0 0 0 0 0 0
185 2 1 1 0 0 0 1 0 0
186 3 0 0 0 0 0 0 0 0
189 3 0 0 1 0 0 1 1 1
193 2 0 0 1 0 0 0 0 0
194 2 0 0 0 0 0 0 0 0
201 1 0 0 0 0 0 0 0 0
202 5 0 0 2 0 0 1 0 0
208 2 0 0 1 0 0 1 0 0
209 1 0 0 0 0 0 1 0 0
213 3 1 1 2 0 0 1 0 0
216 9 0 0 7 0 0 0 0 0
fl=./elf/./elf/dl-hwcaps_split.c
fn=_dl_hwcaps_split
25 5 1 1 0 0 0 3 0 0
26 3 0 0 1 0 0 0 0 0
27 1 0 0 0 0 0 0 0 0
47 4 1 1 4 0 0 0 0 0
fn=_dl_hwcaps_split_masked
26 44 1 1 11 0 0 0 0 0
30 24 1 1 12 0 0 12 0 0
34 78 1 1 18 1 1 0 0 0
35 12 0 0 0 0 0 6 0 0
36 24 0 0 0 0 0 0 0 0
41 36 0 0 0 0 0 9 0 0
42 18 0 0 0 0 0 0 0 0
43 12 1 1 0 0 0 3 0 0
45 6 0 0 0 0 0 0 0 0
51 110 1 1 0 0 0 66 1 1
55 5 0 0 0 0 0 0 0 0
56 18 0 0 9 0 0 9 0 0
57 27 0 0 0 0 0 9 0 0
58 24 0 0 6 0 0 0 0 0
60 6 0 0 0 0 0 0 0 0
62 88 1 1 77 0 0 0 0 0
67 12 0 0 0 0 0 0 0 0
fl=./elf/./elf/dl-init.c
fn=_dl_init
29 12 1 1 6 0 0 0 0 0
35 30 1 1 6 0 0 0 0 0
37 31 1 1 1 0 0 2 1 0
81 13 1 1 0 0 0 6 0 0
82 1 0 0 1 1 0 0 0 0
83 1 0 0 1 0 0 0 0 0
86 3 0 0 1 0 0 0 0 0
89 2 0 0 0 0 0 1 0 0
94 4 1 1 0 0 0 0 0 0
119 1 0 0 1 0 0 0 0 0
120 24 0 0 0 0 0 4 0 0
121 10 0 0 10 2 0 0 0 0
127 8 0 0 7 0 0 0 0 0
fn=call_init.part.0
26 60 2 2 0 0 0 30 1 0
43 15 0 0 5 0 0 5 0 0
46 15 0 0 10 5 0 0 0 0
47 2 1 1 0 0 0 0 0 0
51 8 0 0 4 0 0 0 0 0
59 12 1 1 4 4 0 0 0 0
60 12 0 0 4 2 0 2 0 0
63 4 0 0 4 3 0 0 0 0
64 8 0 0 0 0 0 0 0 0
70 9 0 0 6 3 0 0 0 0
72 6 0 0 6 0 0 0 0 0
73 35 1 1 0 0 0 0 0 0
74 20 0 0 5 1 0 5 0 0
76 40 0 0 35 0 0 0 0 0
fl=./elf/./elf/dl-load.c
fn=_dl_dst_count
238 45 1 1 0 0 0 30 2 2
241 10 0 0 0 0 0 5 0 0
244 10 0 0 0 0 0 0 0 0
245 5 0 0 0 0 0 0 0 0
264 45 1 1 35 0 0 0 0 0
fn=_dl_init_paths
706 13 2 2 0 0 0 8 0 0
720 4 0 0 0 0 0 2 1 1
725 1 0 0 0 0 0 1 0 0
727 3 1 1 0 0 0 0 0 0
734 3 0 0 0 0 0 0 0 0
735 2 0 0 1 0 0 0 0 0
739 4 0 0 0 0 0 1 1 1
741 4 1 1 2 0 0 0 0 0
747 1 0 0 0 0 0 1 0 0
748 1 0 0 0 0 0 1 0 0
756 8 1 1 0 0 0 4 0 0
758 8 0 0 0 0 0 4 2 2
759 4 0 0 0 0 0 4 0 0
761 5 0 0 0 0 0 4 1 1
762 7 0 0 3 1 1 4 1 1
763 4 0 0 0 0 0 0 0 0
766 13 0 0 3 1 1 0 0 0
767 10 1 1 1 0 0 1 0 0
768 18 0 0 4 0 0 5 0 0
770 32 2 2 6 0 0 5 0 0
776 1 0 0 0 0 0 1 0 0
777 1 0 0 0 0 0 1 0 0
782 1 0 0 1 0 0 0 0 0
785 3 0 0 0 0 0 0 0 0
787 4 1 1 1 0 0 0 0 0
789 3 0 0 1 0 0 0 0 0
806 1 0 0 0 0 0 1 0 0
808 3 1 1 1 0 0 0 0 0
822 2 1 1 0 0 0 1 0 0
825 5 1 1 2 0 0 0 0 0
827 23 4 4 2 0 0 2 0 0
831 2 0 0 0 0 0 0 0 0
832 168 1 1 42 0 0 0 0 0
833 41 0 0 0 0 0 0 0 0
834 82 0 0 0 0 0 0 0 0
836 1 0 0 0 0 0 1 0 0
837 1 0 0 0 0 0 0 0 0
838 2 0 0 0 0 0 0 0 0
844 6 0 0 1 0 0 1 0 0
847 3 0 0 2 0 0 0 0 0
853 1 0 0 0 0 0 1 0 0
857 8 0 0 7 0 0 0 0 0
fn=_dl_map_object
682 20 3 3 6 0 0 0 0 0
696 10 1 1 0 0 0 6 0 0
1967 72 2 2 0 0 0 54 5 5
1969 3 0 0 0 0 0 3 0 0
1975 12 0 0 0 0 0 0 0 0
1976 24 0 0 6 1 1 0 0 0
1979 111 1 1 21 0 0 12 0 0
1984 126 1 1 36 0 0 0 0 0
1986 90 0 0 0 0 0 18 2 2
1990 30 0 0 15 0 0 0 0 0
1991 45 0 0 15 0 0 0 0 0
1994 30 0 0 18 0 0 0 0 0
1995 18 1 1 6 0 0 0 0 0
1996 30 0 0 0 0 0 6 0 0
2010 12 1 1 3 0 0 0 0 0
2011 9 0 0 3 0 0 3 0 0
2019 9 0 0 3 0 0 0 0 0
2034 3 0 0 0 0 0 3 0 0
2036 15 0 0 0 0 0 3 0 0
2040 8 2 2 0 0 0 4 0 0
2042 4 0 0 2 0 0 0 0 0
2049 8 0 0 2 0 0 0 0 0
2053 2 1 1 2 0 0 0 0 0
2054 2 0 0 0 0 0 2 0 0
2058 6 1 1 2 0 0 0 0 0
2059 2 0 0 0 0 0 0 0 0
2073 10 2 2 8 0 0 0 0 0
2074 14 2 2 4 0 0 0 0 0
2075 2 0 0 0 0 0 0 0 0
2084 4 1 1 0 0 0 0 0 0
2099 4 1 1 2 0 0 0 0 0
2100 32 1 1 4 0 0 8 0 0
2106 6 1 1 0 0 0 0 0 0
2107 2 0 0 0 0 0 0 0 0
2115 2 1 1 0 0 0 2 0 0
2129 4 0 0 2 0 0 0 0 0
2131 6 0 0 2 0 0 0 0 0
2135 6 1 1 0 0 0 2 0 0
2137 4 0 0 0 0 0 0 0 0
2141 4 0 0 0 0 0 0 0 0
2149 4 0 0 2 0 0 0 0 0
2172 18 1 1 0 0 0 4 0 0
2176 6 0 0 2 0 0 0 0 0
2177 2 0 0 0 0 0 2 0 0
2194 4 0 0 2 0 0 0 0 0
2200 1 0 0 0 0 0 1 0 0
2201 4 0 0 0 0 0 1 0 0
2202 2 1 1 0 0 0 0 0 0
2203 2 0 0 0 0 0 0 0 0
2207 9 1 1 0 0 0 2 0 0
2210 3 0 0 1 0 0 0 0 0
2222 12 0 0 3 0 0 0 0 0
2267 6 0 0 3 0 0 3 0 0
2268 52 1 1 11 0 0 15 0 0
2270 57 1 1 45 0 0 0 0 0
fn=_dl_map_object_from_fd
944 42 3 2 0 0 0 30 2 2
959 12 0 0 3 0 0 3 0 0
989 48 1 1 15 0 0 0 0 0
990 18 1 1 9 0 0 0 0 0
1008 6 1 1 3 0 0 0 0 0
1036 12 1 1 3 0 0 3 0 0
1046 6 0 0 3 0 0 0 0 0
1053 24 1 1 15 0 0 3 0 0
1054 6 0 0 0 0 0 0 0 0
1065 6 0 0 3 0 0 3 3 3
1066 9 0 0 3 0 0 3 0 0
1067 6 0 0 3 0 0 3 0 0
1069 9 0 0 0 0 0 0 0 0
1070 12 1 1 6 0 0 0 0 0
1071 4 0 0 0 0 0 2 0 0
1074 17 2 2 1 0 0 1 0 0
1075 6 0 0 1 0 0 1 1 1
1086 3 0 0 0 0 0 3 0 0
1088 3 0 0 0 0 0 3 0 0
1090 66 2 2 6 0 0 3 0 0
1091 3 0 0 0 0 0 0 0 0
1092 3 0 0 0 0 0 3 0 0
1093 3 0 0 0 0 0 3 0 0
1094 3 0 0 0 0 0 0 0 0
1100 129 0 0 6 0 0 0 0 0
1101 312 3 3 37 13 13 0 0 0
1107 6 1 1 3 1 1 0 0 0
1114 8 0 0 5 0 0 3 0 0
1115 9 0 0 3 1 1 3 0 0
1116 30 1 1 6 0 0 3 0 0
1121 2 0 0 1 0 0 1 0 0
1122 1 0 0 0 0 0 0 0 0
1127 93 0 0 39 4 4 3 0 0
1135 60 1 1 12 0 0 0 0 0
1136 78 1 1 0 0 0 12 3 3
1137 60 1 1 12 2 2 12 0 0
1138 12 0 0 0 0 0 12 0 0
1139 24 0 0 12 0 0 12 0 0
1141 84 0 0 12 0 0 0 0 0
1143 24 0 0 0 0 0 12 4 4
1156 24 0 0 0 0 0 0 0 0
1157 45 0 0 18 0 0 9 0 0
1162 12 0 0 0 0 0 0 0 0
1163 123 0 0 24 0 0 24 2 2
1176 6 1 1 2 1 1 0 0 0
1180 8 0 0 0 0 0 2 2 2
1181 2 0 0 2 0 0 0 0 0
1185 10 0 0 0 0 0 2 2 2
1186 4 1 1 2 0 0 2 0 0
1189 2 0 0 0 0 0 2 0 0
1194 8 0 0 2 0 0 0 0 0
1209 6 1 1 3 0 0 3 0 0
1210 3 0 0 0 0 0 0 0 0
1213 9 0 0 6 2 2 3 1 1
1218 21 1 1 15 0 0 0 0 0
1228 57 1 1 0 0 0 0 0 0
1229 24 0 0 0 0 0 12 0 0
1235 6 0 0 0 0 0 0 0 0
1245 12 0 0 6 0 0 0 0 0
1252 21 1 1 9 0 0 3 0 0
1264 3 1 1 0 0 0 0 0 0
1268 12 1 1 6 0 0 0 0 0
1269 9 0 0 3 0 0 3 0 0
1275 8 1 1 1 0 0 0 0 0
1276 6 1 1 0 0 0 0 0 0
1278 6 0 0 0 0 0 0 0 0
1288 9 0 0 3 0 0 0 0 0
1307 9 0 0 3 0 0 3 0 0
1309 18 1 1 6 0 0 0 0 0
1361 9 0 0 3 1 1 0 0 0
1362 4 0 0 2 0 0 2 0 0
1368 104 1 1 9 0 0 0 0 0
1369 173 1 1 37 31 31 0 0 0
1375 49 0 0 0 0 0 3 0 0
1380 12 1 1 3 0 0 3 0 0
1393 6 1 1 3 0 0 0 0 0
1395 12 0 0 6 0 0 3 0 0
1397 6 0 0 3 0 0 0 0 0
1413 6 0 0 0 0 0 3 0 0
1417 6 0 0 3 0 0 0 0 0
1418 6 1 1 3 0 0 0 0 0
1435 6 0 0 3 0 0 0 0 0
1436 1 0 0 0 0 0 1 0 0
1439 6 0 0 3 0 0 3 0 0
1444 6 0 0 3 0 0 0 0 0
1449 6 0 0 3 0 0 0 0 0
1461 24 1 1 9 0 0 0 0 0
1462 9 1 1 3 0 0 0 0 0
1463 18 0 0 6 0 0 2 0 0
1464 6 0 0 2 0 0 0 0 0
1465 5 0 0 1 0 0 1 0 0
1471 6 0 0 3 0 0 0 0 0
1472 8 0 0 2 0 0 0 0 0
1477 4 0 0 0 0 0 2 0 0
1484 9 1 1 3 0 0 3 0 0
1487 6 0 0 3 0 0 0 0 0
1491 9 0 0 3 0 0 3 0 0
1492 9 0 0 3 0 0 0 0 0
1510 6 1 1 0 0 0 0 0 0
1514 21 1 1 9 0 0 0 0 0
1515 12 1 1 3 0 0 3 0 0
1519 27 1 1 21 0 0 0 0 0
fn=_dl_process_pt_gnu_property
868 9 1 1 0 0 0 0 0 0
869 6 0 0 6 0 0 0 0 0
870 3 0 0 3 0 0 0 0 0
876 6 0 0 3 0 0 0 0 0
882 15 0 0 0 0 0 0 0 0
885 9 1 1 3 3 3 0 0 0
886 6 0 0 3 0 0 0 0 0
887 6 0 0 3 0 0 0 0 0
890 9 0 0 3 0 0 0 0 0
891 9 1 1 0 0 0 0 0 0
895 3 0 0 0 0 0 0 0 0
896 6 0 0 0 0 0 0 0 0
900 8 1 1 4 0 0 0 0 0
901 4 0 0 4 0 0 0 0 0
904 8 0 0 0 0 0 0 0 0
907 4 0 0 0 0 0 0 0 0
908 16 0 0 0 0 0 0 0 0
918 9 0 0 0 0 0 0 0 0
920 12 0 0 0 0 0 0 0 0
fn=expand_dynamic_string_token
241 9 0 0 0 0 0 3 0 0
244 6 0 0 0 0 0 0 0 0
385 30 1 1 0 0 0 18 0 0
399 6 0 0 0 0 0 0 0 0
410 21 1 1 18 0 0 0 0 0
fn=fillin_rpath.isra.0
468 17 2 2 0 0 0 12 0 0
472 1 0 0 0 0 0 0 0 0
474 18 1 1 6 0 0 3 0 0
481 4 0 0 2 0 0 0 0 0
483 12 0 0 2 0 0 4 0 0
487 4 0 0 0 0 0 0 0 0
492 6 0 0 0 0 0 2 0 0
493 4 0 0 0 0 0 0 0 0
500 10 1 1 2 0 0 0 0 0
505 4 1 1 0 0 0 2 0 0
509 33 0 0 11 0 0 0 0 0
510 18 1 1 9 0 0 0 0 0
528 8 1 1 2 0 0 2 0 0
532 8 0 0 4 0 0 0 0 0
534 4 1 1 0 0 0 0 0 0
538 2 0 0 0 0 0 2 0 0
539 4 0 0 2 0 0 0 0 0
540 8 0 0 0 0 0 4 0 0
541 2 0 0 0 0 0 2 0 0
543 4 0 0 2 0 0 0 0 0
544 1 0 0 0 0 0 1 0 0
549 8 0 0 2 0 0 0 0 0
550 28 1 1 2 0 0 0 0 0
551 8 1 1 0 0 0 6 0 0
553 4 0 0 2 0 0 2 0 0
554 6 1 1 2 0 0 0 0 0
555 2 0 0 0 0 0 2 0 0
561 4 0 0 2 0 0 2 0 0
562 2 0 0 0 0 0 2 0 0
565 6 0 0 0 0 0 2 0 0
571 1 0 0 0 0 0 1 0 0
574 8 0 0 7 0 0 0 0 0
fn=open_path
1812 22 2 2 0 0 0 18 3 3
1813 4 0 0 2 0 0 2 0 0
1816 2 0 0 0 0 0 2 0 0
1817 2 0 0 0 0 0 2 0 0
1819 4 0 0 0 0 0 0 0 0
1822 4 0 0 0 0 0 0 0 0
1824 44 2 2 6 1 1 4 0 0
1827 8 0 0 8 0 0 0 0 0
1831 4 0 0 0 0 0 0 0 0
1835 24 0 0 4 0 0 4 0 0
1842 24 1 1 12 0 0 8 1 1
1843 88 1 1 24 0 0 8 0 0
1846 24 0 0 12 0 0 0 0 0
1851 88 1 1 48 0 0 16 0 0
1854 16 0 0 0 0 0 0 0 0
1860 24 0 0 8 0 0 0 0 0
1863 64 1 1 24 0 0 8 0 0
1865 24 0 0 8 0 0 0 0 0
1867 12 0 0 0 0 0 0 0 0
1872 12 1 1 0 0 0 0 0 0
1873 42 0 0 18 0 0 0 0 0
1879 18 1 1 6 0 0 6 0 0
1881 40 0 0 6 0 0 8 0 0
1882 4 0 0 2 0 0 0 0 0
1884 6 0 0 0 0 0 0 0 0
1891 36 3 3 6 0 0 12 0 0
1893 14 0 0 4 0 0 0 0 0
1937 32 1 1 8 0 0 4 1 1
1941 4 0 0 4 0 0 0 0 0
1943 16 0 0 12 0 0 0 0 0
1946 6 0 0 4 0 0 0 0 0
1960 18 1 1 14 0 0 0 0 0
fn=open_verify.constprop.0
1572 132 1 1 0 0 0 88 1 1
1604 33 0 0 11 0 0 0 0 0
1609 16 1 1 0 0 0 0 0 0
1623 55 0 0 0 0 0 11 2 2
1625 22 1 1 0 0 0 0 0 0
1633 3 0 0 0 0 0 3 0 0
1634 9 0 0 0 0 0 3 1 1
1639 18 0 0 0 0 0 3 0 0
1641 6 1 1 0 0 0 0 0 0
1643 6 0 0 3 0 0 3 0 0
1645 6 0 0 0 0 0 0 0 0
1651 6 0 0 0 0 0 0 0 0
1668 42 4 4 13 1 1 0 0 0
1749 6 0 0 3 0 0 0 0 0
1754 6 1 1 3 0 0 0 0 0
1760 12 0 0 3 0 0 0 0 0
1766 6 0 0 3 0 0 0 0 0
1772 12 0 0 3 1 1 0 0 0
1773 12 1 1 3 0 0 0 0 0
1777 16 3 3 1 0 0 0 0 0
1778 5 0 0 0 0 0 1 0 0
1799 99 0 0 77 0 0 0 0 0
fl=./elf/./elf/dl-lookup-direct.c
fn=_dl_lookup_direct
32 15 0 0 9 0 0 0 0 0
33 9 1 1 0 0 0 0 0 0
35 6 0 0 3 3 3 0 0 0
36 6 0 0 3 0 0 0 0 0
48 9 0 0 3 0 0 3 0 0
51 6 0 0 6 0 0 0 0 0
53 21 1 1 6 0 0 6 0 0
57 9 0 0 9 1 0 0 0 0
58 21 0 0 9 1 0 0 0 0
59 15 0 0 6 0 0 3 0 0
74 39 2 2 0 0 0 27 0 0
76 6 0 0 3 0 0 0 0 0
78 21 0 0 9 0 0 0 0 0
79 6 0 0 0 0 0 0 0 0
81 12 1 1 3 0 0 3 0 0
84 25 0 0 5 3 1 0 0 0
86 12 0 0 3 0 0 0 0 0
93 6 2 2 0 0 0 0 0 0
115 3 0 0 0 0 0 0 0 0
116 27 0 0 21 0 0 0 0 0
fl=./elf/./elf/dl-lookup.c
fn=_dl_lookup_symbol_x
772 2379 2 2 0 0 0 1647 1 1
774 366 0 0 0 0 0 183 0 0
775 732 0 0 0 0 0 183 0 0
778 183 0 0 183 0 0 0 0 0
782 708 0 0 171 0 0 0 0 0
785 366 1 1 183 0 0 0 0 0
787 366 0 0 366 2 0 0 0 0
791 2612 0 0 10 0 0 549 0 0
792 3111 2 2 1281 0 0 1281 2 2
797 915 0 0 366 0 0 0 0 0
799 60 1 1 10 0 0 0 0 0
816 183 0 0 0 0 0 183 0 0
817 30 1 1 0 0 0 0 0 0
820 366 0 0 183 0 0 0 0 0
821 1195 0 0 169 0 0 0 0 0
828 213 1 1 173 0 0 0 0 0
856 692 1 1 173 0 0 0 0 0
870 519 0 0 173 3 1 0 0 0
871 2 1 1 0 0 0 1 0 0
873 346 0 0 173 0 0 0 0 0
890 692 0 0 173 0 0 0 0 0
892 1647 1 1 1281 0 0 0 0 0
fn=check_match
70 2625 1 1 350 98 89 1050 0 0
73 1400 1 1 350 25 24 0 0 0
78 4 0 0 0 0 0 0 0 0
86 875 0 0 0 0 0 0 0 0
89 1016 0 0 222 0 0 111 0 0
93 175 1 1 175 0 0 0 0 0
94 350 0 0 0 0 0 0 0 0
96 346 0 0 0 0 0 0 0 0
115 346 0 0 346 56 30 0 0 0
116 1384 1 1 519 9 0 0 0 0
117 855 2 2 342 2 0 171 1 1
118 4 0 0 2 0 0 0 0 0
119 4 0 0 0 0 0 0 0 0
144 4 0 0 0 0 0 0 0 0
146 12 0 0 4 1 1 0 0 0
147 8 0 0 0 0 0 0 0 0
161 173 0 0 0 0 0 0 0 0
162 1400 0 0 1225 0 0 0 0 0
fn=do_lookup_x
347 2562 2 2 366 0 0 1830 2 2
348 183 0 0 183 0 0 0 0 0
353 183 0 0 0 0 0 0 0 0
354 183 0 0 183 0 0 0 0 0
358 1498 1 1 1498 0 0 0 0 0
361 1498 0 0 0 0 0 0 0 0
365 1864 0 0 183 0 0 0 0 0
386 1498 1 1 749 1 0 0 0 0
390 1498 0 0 749 0 0 0 0 0
396 2247 0 0 749 0 0 0 0 0
400 749 0 0 0 0 0 749 0 0
401 749 0 0 0 0 0 749 0 0
404 3745 0 0 2247 0 0 0 0 0
405 2247 1 1 1498 0 0 0 0 0
408 749 0 0 749 0 0 0 0 0
409 1498 0 0 0 0 0 0 0 0
411 749 0 0 749 107 66 0 0 0
412 549 0 0 0 0 0 183 0 0
413 1498 0 0 1498 0 0 0 0 0
415 1281 1 1 183 0 0 366 0 0
416 2996 0 0 1498 0 0 0 0 0
419 5243 0 0 749 0 0 0 0 0
422 350 0 0 350 95 67 0 0 0
423 525 1 1 175 0 0 0 0 0
424 350 0 0 0 0 0 0 0 0
426 346 0 0 173 0 0 0 0 0
429 1975 1 1 395 138 112 0 0 0
431 525 0 0 175 0 0 0 0 0
432 4353 2 2 1223 0 0 2261 2 2
433 350 0 0 0 0 0 0 0 0
436 525 0 0 0 0 0 0 0 0
439 670 0 0 2 0 0 0 0 0
461 1384 1 1 1038 0 0 0 0 0
476 346 1 1 0 0 0 0 0 0
483 1204 0 0 173 0 0 0 0 0
487 135 1 1 45 1 0 0 0 0
499 346 0 0 173 0 0 173 0 0
500 173 0 0 0 0 0 173 0 0
501 173 0 0 0 0 0 0 0 0
518 1728 0 0 0 0 0 0 0 0
521 10 0 0 0 0 0 0 0 0
522 1464 2 2 1281 0 0 0 0 0
fl=./elf/./elf/dl-minimal-malloc.c
fn=__minimal_calloc
80 50 1 1 0 0 0 0 0 0
84 10 0 0 0 0 0 0 0 0
87 10 0 0 0 0 0 0 0 0
88 30 0 0 0 0 0 0 0 0
fn=__minimal_free
97 2 1 1 0 0 0 0 0 0
99 8 0 0 4 0 0 0 0 0
fn=__minimal_malloc
36 248 2 2 0 0 0 124 2 2
37 93 0 0 31 2 1 0 0 0
42 3 1 1 0 0 0 1 0 0
43 2 1 1 1 0 0 0 0 0
44 2 0 0 0 0 0 0 0 0
48 123 0 0 30 0 0 31 0 0
51 209 0 0 0 0 0 0 0 0
56 8 0 0 2 0 0 0 0 0
57 8 0 0 0 0 0 0 0 0
59 2 1 1 0 0 0 0 0 0
60 16 0 0 0 0 0 2 0 0
62 4 0 0 0 0 0 0 0 0
64 8 0 0 0 0 0 2 0 0
65 6 0 0 2 0 0 0 0 0
67 6 0 0 0 0 0 2 0 0
70 31 1 1 0 0 0 31 0 0
71 33 0 0 0 0 0 31 0 0
73 186 0 0 155 0 0 0 0 0
fl=./elf/./elf/dl-minimal.c
fn=__rtld_malloc_init_real
76 10 1 1 0 0 0 6 0 0
86 2 1 1 0 0 0 1 0 0
87 1 0 0 0 0 0 1 0 0
89 1 0 0 0 0 0 1 0 0
91 6 1 1 0 0 0 1 0 0
92 5 0 0 0 0 0 1 0 0
93 5 0 0 0 0 0 1 0 0
94 4 1 1 0 0 0 1 0 0
99 1 0 0 0 0 0 1 0 0
100 1 0 0 0 0 0 1 0 0
101 1 0 0 0 0 0 1 0 0
102 1 0 0 0 0 0 1 0 0
103 8 0 0 7 0 0 0 0 0
fn=__rtld_malloc_init_stubs
42 1 1 1 0 0 0 0 0 0
43 2 1 1 0 0 0 1 1 1
44 2 0 0 0 0 0 1 0 0
45 2 0 0 0 0 0 1 0 0
46 2 0 0 0 0 0 1 0 0
47 1 0 0 1 0 0 0 0 0
fn=lookup_malloc_symbol
61 36 1 1 0 0 0 16 0 0
63 4 0 0 0 0 0 4 0 0
64 28 0 0 4 0 0 12 0 0
68 28 1 1 16 0 0 0 0 0
69 28 0 0 12 0 0 0 0 0
71 4 0 0 0 0 0 4 0 0
72 24 0 0 20 0 0 0 0 0
fn=strsep
239 3 1 1 0 0 0 0 0 0
242 6 0 0 3 1 1 0 0 0
244 3 0 0 3 0 0 0 0 0
245 6 0 0 0 0 0 0 0 0
247 4 0 0 0 0 0 0 0 0
249 128 1 1 42 0 0 0 0 0
251 82 0 0 0 0 0 0 0 0
254 162 0 0 81 0 0 0 0 0
256 240 0 0 80 0 0 0 0 0
260 2 0 0 0 0 0 1 0 0
264 40 0 0 0 0 0 0 0 0
267 2 0 0 0 0 0 2 0 0
271 6 0 0 3 0 0 0 0 0
fl=./elf/./elf/dl-misc.c
fn=_dl_name_match_p
68 273 1 1 0 0 0 117 1 1
69 156 0 0 39 0 0 39 1 1
70 8 0 0 0 0 0 0 0 0
72 39 0 0 39 0 0 0 0 0
74 156 0 0 0 0 0 0 0 0
75 235 1 1 47 0 0 47 0 0
80 39 0 0 39 0 0 0 0 0
82 31 0 0 0 0 0 0 0 0
83 156 0 0 156 0 0 0 0 0
fn=_dl_sysdep_read_whole_file
36 11 1 1 0 0 0 5 0 0
39 3 0 0 0 0 0 1 0 0
40 2 1 1 0 0 0 0 0 0
42 6 0 0 0 0 0 1 0 0
44 2 0 0 1 0 0 1 0 0
47 2 1 1 0 0 0 0 0 0
49 8 0 0 0 0 0 1 0 0
60 3 0 0 0 0 0 1 0 0
63 8 0 0 6 0 0 0 0 0
fl=./elf/./elf/dl-object.c
fn=_dl_add_to_namespace_list
31 36 1 1 0 0 0 16 0 0
33 12 0 0 4 0 0 4 0 0
35 35 1 1 4 0 0 0 0 0
38 36 0 0 9 0 0 0 0 0
40 3 0 0 0 0 0 3 0 0
42 3 0 0 0 0 0 3 0 0
45 2 1 1 0 0 0 1 0 0
46 12 0 0 4 0 0 0 0 0
47 8 0 0 4 0 0 4 0 0
48 8 0 0 0 0 0 4 0 0
50 8 0 0 4 0 0 0 0 0
51 20 0 0 16 0 0 0 0 0
fn=_dl_new_object
59 60 1 1 0 0 0 40 3 3
62 8 0 0 0 0 0 0 0 0
64 2 1 1 0 0 0 0 0 0
66 3 1 1 1 0 0 0 0 0
67 2 0 0 0 0 0 0 0 0
71 6 0 0 0 0 0 2 0 0
77 2 1 1 0 0 0 0 0 0
80 6 0 0 3 0 0 0 0 0
83 16 1 1 0 0 0 10 0 0
87 6 0 0 0 0 0 0 0 0
92 3 0 0 0 0 0 0 0 0
95 8 0 0 0 0 0 0 0 0
98 4 0 0 0 0 0 4 4 4
99 4 0 0 0 0 0 4 4 4
100 8 0 0 4 0 0 0 0 0
103 8 0 0 0 0 0 4 0 0
104 28 1 1 12 0 0 12 0 0
106 4 1 1 0 0 0 4 0 0
119 18 0 0 11 0 0 0 0 0
123 3 0 0 0 0 0 0 0 0
125 1 0 0 0 0 0 0 0 0
127 28 0 0 8 4 4 8 0 0
130 8 0 0 4 0 0 0 0 0
131 8 1 1 0 0 0 4 4 4
132 4 1 1 0 0 0 4 0 0
136 4 0 0 0 0 0 4 0 0
139 36 0 0 0 0 0 0 0 0
141 20 1 1 0 0 0 16 4 4
149 8 1 1 0 0 0 4 0 0
150 4 0 0 0 0 0 4 4 4
153 1 0 0 0 0 0 0 0 0
155 24 0 0 4 1 1 0 0 0
157 12 0 0 0 0 0 3 3 3
160 10 1 1 0 0 0 0 0 0
164 12 0 0 3 0 0 0 0 0
168 21 2 1 3 0 0 0 0 0
176 1 1 1 0 0 0 1 0 0
179 8 0 0 0 0 0 4 0 0
189 16 0 0 8 0 0 0 0 0
191 12 0 0 0 0 0 6 0 0
195 9 0 0 0 0 0 0 0 0
199 6 0 0 0 0 0 0 0 0
200 6 0 0 0 0 0 0 0 0
208 3 0 0 0 0 0 0 0 0
212 3 1 1 0 0 0 0 0 0
245 12 0 0 6 0 0 3 0 0
250 114 0 0 0 0 0 0 0 0
251 114 0 0 57 0 0 0 0 0
255 6 0 0 0 0 0 0 0 0
256 3 0 0 0 0 0 3 0 0
259 3 0 0 0 0 0 3 0 0
263 36 1 1 28 0 0 0 0 0
fl=./elf/./elf/dl-reloc.c
fn=_dl_relocate_object
170 996 1 1 249 108 105 0 0 0
171 372 1 1 0 0 0 0 0 0
174 1980 1 1 186 4 0 0 0 0
175 84 2 2 7 0 0 0 0 0
177 7 0 0 7 0 0 0 0 0
178 28 1 1 7 0 0 7 0 0
182 358 0 0 0 0 0 0 0 0
183 179 0 0 0 0 0 179 0 0
184 179 0 0 0 0 0 179 0 0
186 1438 2 2 716 0 0 6 0 0
187 865 1 1 173 11 0 173 0 0
188 346 0 0 0 0 0 0 0 0
190 1322 2 2 358 0 0 568 0 0
193 179 0 0 179 0 0 0 0 0
194 1253 1 1 537 0 0 179 1 0
196 7 1 1 7 0 0 0 0 0
207 66 1 1 0 0 0 48 0 0
208 12 0 0 6 0 0 0 0 0
220 10 0 0 0 0 0 0 0 0
221 15 0 0 0 0 0 5 0 0
224 20 1 1 0 0 0 5 0 0
226 15 0 0 0 0 0 0 0 0
228 5 0 0 5 0 0 0 0 0
229 15 0 0 5 0 0 0 0 0
251 25 2 2 10 0 0 0 0 0
252 10 1 1 5 4 0 0 0 0
253 2 0 0 0 0 0 0 0 0
255 10 0 0 0 0 0 0 0 0
262 15 1 1 5 2 0 0 0 0
301 10100 9 9 1177 218 201 35 0 0
304 25 0 0 10 0 0 0 0 0
328 5 0 0 5 0 0 0 0 0
331 10 0 0 0 0 0 0 0 0
348 15 0 0 5 3 0 0 0 0
350 48 0 0 42 1 0 0 0 0
356 30 1 1 15 0 0 0 0 0
359 10 0 0 0 0 0 0 0 0
363 10 1 1 0 0 0 0 0 0
364 30 0 0 0 0 0 5 0 0
fl=./elf/./elf/dl-setup_hash.c
fn=_dl_setup_hash
25 10 1 1 0 0 0 0 0 0
28 15 1 1 5 0 0 0 0 0
31 15 0 0 10 0 0 0 0 0
32 10 0 0 5 4 4 5 1 1
33 5 0 0 5 0 0 0 0 0
34 5 0 0 5 0 0 0 0 0
36 15 0 0 0 0 0 0 0 0
37 5 0 0 0 0 0 5 0 0
38 15 1 1 5 0 0 5 0 0
40 5 0 0 0 0 0 5 0 0
41 10 0 0 0 0 0 0 0 0
43 5 0 0 0 0 0 5 0 0
45 15 0 0 0 0 0 5 0 0
50 5 0 0 5 0 0 0 0 0
fl=./elf/./elf/dl-sort-maps.c
fn=_dl_sort_maps
140 50 0 0 10 0 0 10 0 0
181 2 0 0 0 0 0 2 0 0
182 4 0 0 2 0 0 0 0 0
183 40 0 0 0 0 0 0 0 0
184 20 2 2 20 0 0 0 0 0
211 34 4 4 2 0 0 0 0 0
216 4 0 0 0 0 0 2 0 0
218 2 0 0 0 0 0 2 0 0
219 10 0 0 0 0 0 0 0 0
221 32 2 2 0 0 0 0 0 0
223 10 0 0 10 0 0 0 0 0
226 30 0 0 10 0 0 0 0 0
244 8 2 2 2 0 0 0 0 0
263 8 2 2 0 0 0 2 0 0
276 8 2 2 2 0 0 0 0 0
283 2 2 2 0 0 0 0 0 0
298 26 1 1 0 0 0 14 0 0
306 6 2 2 2 1 1 0 0 0
310 18 4 4 14 0 0 0 0 0
fn=_dl_sort_maps_init
289 4 2 2 0 0 0 1 0 0
290 4 0 0 0 0 0 1 0 0
291 1 0 0 0 0 0 1 0 0
292 3 0 0 1 0 0 0 0 0
293 2 0 0 2 0 0 0 0 0
fn=dfs_traversal.part.0
135 90 2 2 0 0 0 50 0 0
140 34 0 0 17 0 0 0 0 0
143 10 0 0 10 0 0 0 0 0
145 30 0 0 10 2 2 0 0 0
147 96 0 0 24 4 4 0 0 0
156 35 3 3 5 0 0 0 0 0
171 30 0 0 10 0 0 10 0 0
172 10 0 0 0 0 0 10 0 0
173 60 0 0 60 0 0 0 0 0
fl=./elf/./elf/dl-tunables.c
fn=__GI___tunable_set_val
72 50 1 1 5 0 0 0 0 0
82 5 0 0 5 0 0 0 0 0
93 40 1 1 10 0 0 0 0 0
94 25 0 0 10 0 0 0 0 0
97 10 0 0 0 0 0 0 0 0
100 35 0 0 0 0 0 0 0 0
104 10 0 0 0 0 0 0 0 0
111 10 0 0 0 0 0 0 0 0
112 10 0 0 0 0 0 0 0 0
115 25 1 1 0 0 0 5 0 0
116 5 0 0 0 0 0 5 0 0
117 5 0 0 0 0 0 5 0 0
118 5 0 0 0 0 0 5 0 0
153 30 1 1 0 0 0 10 0 0
157 15 0 0 15 0 0 0 0 0
fn=__GI___tunables_init
42 230 1 1 46 0 0 0 0 0
45 45 0 0 0 0 0 0 0 0
48 3990 0 0 570 23 23 0 0 0
52 90 0 0 0 0 0 0 0 0
56 180 1 1 0 0 0 0 0 0
128 1 0 0 0 0 0 0 0 0
261 10 2 2 0 0 0 6 0 0
267 4 0 0 1 0 0 0 0 0
281 7380 0 0 0 0 0 0 0 0
283 2 0 0 0 0 0 0 0 0
287 13365 1 1 3690 41 41 0 0 0
304 8 1 1 7 0 0 0 0 0
fn=__tunable_get_val
387 76 1 1 0 0 0 0 0 0
390 450 1 1 38 36 31 0 0 0
399 50 0 0 35 13 0 15 0 0
400 15 0 0 0 0 0 0 0 0
409 29 1 1 0 0 0 23 0 0
416 228 0 0 38 4 0 0 0 0
418 38 0 0 38 0 0 0 0 0
fl=./elf/./elf/dl-tunables.h
fn=__GI___tunable_set_val
141 10 0 0 0 0 0 0 0 0
142 10 1 1 0 0 0 0 0 0
151 5 0 0 0 0 0 0 0 0
fn=__GI___tunables_init
160 822 1 1 559 1 1 0 0 0
161 2073 0 0 0 0 0 0 0 0
fl=./elf/./elf/dl-version.c
fn=_dl_check_all_versions
392 7 1 1 0 0 0 5 0 0
394 1 0 0 0 0 0 0 0 0
396 20 0 0 5 0 0 0 0 0
397 5 0 0 0 0 0 0 0 0
398 45 1 1 5 0 0 5 0 0
401 7 0 0 6 0 0 0 0 0
fn=_dl_check_map_versions
36 72 0 0 10 0 0 0 0 0
37 16 0 0 16 0 0 0 0 0
38 110 1 1 0 0 0 21 0 0
56 108 0 0 81 0 0 0 0 0
64 81 0 0 27 0 0 0 0 0
70 81 1 1 27 0 0 0 0 0
86 27 0 0 27 0 0 0 0 0
87 54 0 0 0 0 0 0 0 0
89 27 0 0 27 0 0 0 0 0
94 979 0 0 422 15 15 81 0 0
108 844 0 0 422 5 5 0 0 0
110 27 1 1 27 4 4 0 0 0
113 216 1 1 81 2 2 54 0 0
120 1185 1 1 395 4 4 0 0 0
124 395 0 0 0 0 0 0 0 0
155 50 0 0 0 0 0 30 0 0
156 5 0 0 0 0 0 5 0 0
164 8 1 1 0 0 0 5 0 0
170 15 0 0 5 0 0 0 0 0
172 25 1 1 10 0 0 0 0 0
174 5 0 0 5 0 0 0 0 0
175 5 0 0 5 0 0 0 0 0
177 10 0 0 0 0 0 0 0 0
180 9 1 1 6 0 0 0 0 0
184 24 0 0 3 3 3 15 0 0
198 2 0 0 0 0 0 0 0 0
200 15 1 1 10 1 1 0 0 0
208 15 0 0 5 0 0 0 0 0
213 15 0 0 5 0 0 0 0 0
215 22 0 0 0 0 0 0 0 0
217 108 1 1 54 6 6 27 0 0
218 247 1 1 169 0 0 0 0 0
221 54 0 0 27 0 0 27 0 0
224 81 0 0 54 0 0 0 0 0
228 10 1 1 5 0 0 5 0 0
231 108 0 0 27 0 0 0 0 0
234 81 0 0 27 0 0 0 0 0
239 22 0 0 0 0 0 0 0 0
243 15 0 0 5 0 0 0 0 0
248 2 0 0 0 0 0 0 0 0
257 20 2 2 9 0 0 0 0 0
260 6 0 0 6 0 0 0 0 0
263 265 0 0 67 4 4 3 0 0
266 198 0 0 64 1 1 3 0 0
270 61 0 0 0 0 0 0 0 0
274 12 1 1 4 0 0 0 0 0
279 4 0 0 0 0 0 4 0 0
280 16 1 1 4 0 0 4 0 0
281 12 0 0 4 0 0 0 0 0
291 4 0 0 0 0 0 4 0 0
294 22 0 0 13 0 0 4 0 0
296 8 0 0 0 0 0 0 0 0
299 12 1 1 6 0 0 0 0 0
301 2 0 0 0 0 0 0 0 0
303 15 0 0 5 0 0 0 0 0
306 81 1 1 27 0 0 0 0 0
308 108 0 0 0 0 0 0 0 0
310 135 0 0 27 0 0 27 0 0
311 54 0 0 0 0 0 27 10 10
312 81 0 0 27 0 0 27 1 1
313 81 0 0 27 0 0 27 3 3
316 81 0 0 27 0 0 0 0 0
321 22 0 0 0 0 0 0 0 0
324 15 0 0 5 0 0 0 0 0
329 2 1 1 0 0 0 0 0 0
334 8 0 0 0 0 0 0 0 0
337 6 0 0 3 0 0 0 0 0
341 61 0 0 61 0 0 0 0 0
343 128 0 0 64 0 0 0 0 0
347 61 0 0 61 0 0 0 0 0
348 305 0 0 61 0 0 61 15 15
349 183 0 0 61 0 0 61 0 0
350 61 0 0 0 0 0 61 8 8
353 192 0 0 64 0 0 0 0 0
357 61 0 0 0 0 0 0 0 0
365 6 0 0 0 0 0 0 0 0
366 6 1 1 3 0 0 0 0 0
367 6 0 0 3 0 0 0 0 0
368 2 0 0 1 0 0 0 0 0
370 4 1 1 3 0 0 0 0 0
372 124 0 0 32 0 0 0 0 0
373 60 1 1 0 0 0 0 0 0
375 2 0 0 1 0 0 0 0 0
376 7 0 0 0 0 0 1 0 0
387 45 1 1 40 0 0 0 0 0
fl=./elf/./elf/do-rel.h
fn=_dl_relocate_object
49 30 1 1 10 1 0 0 0 0
50 30 0 0 10 0 0 10 0 0
51 5 0 0 5 1 0 0 0 0
53 50 0 0 20 1 0 0 0 0
72 5 0 0 0 0 0 0 0 0
73 6 1 1 0 0 0 5 0 0
80 30 0 0 10 0 0 0 0 0
83 179 1 1 0 0 0 1 0 0
85 228 1 1 57 22 22 0 0 0
96 6 0 0 1 0 0 0 0 0
97 2 0 0 0 0 0 0 0 0
114 27 1 1 0 0 0 0 0 0
123 2754 0 0 0 0 0 0 0 0
124 1822 0 0 911 117 116 0 0 0
126 27 1 1 9 4 0 0 0 0
129 28 0 0 14 2 0 7 0 0
131 1009 1 1 262 0 0 0 0 0
133 1215 0 0 729 136 131 0 0 0
134 972 0 0 243 0 0 243 0 0
135 729 0 0 486 0 0 243 0 0
136 972 0 0 243 0 0 0 0 0
138 729 1 1 0 0 0 0 0 0
141 188 0 0 47 0 0 47 0 0
142 47 1 1 0 0 0 47 0 0
143 47 0 0 0 0 0 0 0 0
147 196 0 0 0 0 0 196 0 0
150 605 1 1 196 0 0 0 0 0
151 54 2 2 18 2 0 0 0 0
164 16 1 1 8 0 0 0 0 0
165 211 0 0 6 0 0 4 0 0
166 189 1 1 63 0 0 0 0 0
169 141 0 0 94 0 0 0 0 0
171 188 0 0 47 0 0 47 0 0
172 47 0 0 47 0 0 0 0 0
173 94 0 0 47 0 0 0 0 0
180 31 1 1 9 0 0 0 0 0
182 42 1 1 12 2 2 6 0 0
183 12 0 0 12 0 0 0 0 0
185 18 0 0 0 0 0 0 0 0
193 6 0 0 0 0 0 6 0 0
196 18 0 0 6 0 0 0 0 0
211 7 1 1 4 0 0 0 0 0
fn=_dl_start
49 6 0 0 2 0 0 0 0 0
50 4 0 0 2 0 0 0 0 0
51 1 0 0 1 0 0 0 0 0
53 10 1 1 4 0 0 0 0 0
56 4 0 0 0 0 0 0 0 0
61 13 1 1 0 0 0 0 0 0
63 9 1 1 3 1 1 0 0 0
64 6 0 0 0 0 0 0 0 0
65 3 0 0 3 0 0 0 0 0
fl=./elf/./elf/get-dynamic-info.h
fn=_dl_map_object_from_fd
39 6 0 0 0 0 0 0 0 0
43 3 0 0 0 0 0 0 0 0
45 305 0 0 77 21 21 0 0 0
49 148 0 0 0 0 0 0 0 0
51 40 1 1 0 0 0 0 0 0
52 20 0 0 0 0 0 0 0 0
53 3 0 0 0 0 0 0 0 0
54 71 1 1 0 0 0 0 0 0
55 59 0 0 0 0 0 0 0 0
56 15 1 1 0 0 0 0 0 0
59 12 1 1 0 0 0 0 0 0
62 12 0 0 0 0 0 0 0 0
64 12 0 0 0 0 0 0 0 0
68 74 0 0 0 0 0 74 19 19
72 12 0 0 3 0 0 0 0 0
84 10 1 1 4 0 0 0 0 0
85 12 0 0 6 0 0 0 0 0
86 12 0 0 6 0 0 0 0 0
87 12 0 0 6 0 0 0 0 0
88 10 0 0 4 2 2 0 0 0
89 11 1 1 5 1 1 0 0 0
90 11 0 0 5 1 1 0 0 0
91 12 0 0 6 0 0 0 0 0
103 24 1 1 6 0 0 3 0 0
110 10 0 0 3 0 0 0 0 0
115 4 0 0 2 0 0 0 0 0
122 4 0 0 2 0 0 0 0 0
123 9 1 1 6 0 0 0 0 0
129 9 0 0 3 0 0 0 0 0
130 3 0 0 2 0 0 0 0 0
147 9 0 0 3 0 0 0 0 0
152 2 0 0 1 0 0 1 0 0
154 2 0 0 0 0 0 0 0 0
156 2 0 0 0 0 0 0 0 0
158 2 0 0 0 0 0 0 0 0
159 2 0 0 0 0 0 1 0 0
162 9 1 1 3 0 0 0 0 0
164 6 1 1 2 0 0 2 0 0
165 4 0 0 0 0 0 0 0 0
174 4 0 0 2 0 0 0 0 0
175 6 1 1 0 0 0 0 0 0
180 4 0 0 0 0 0 0 0 0
181 3 0 0 1 0 0 1 0 0
184 6 0 0 3 0 0 0 0 0
fl=./elf/./elf/libc_early_init.c
fn=__libc_early_init
33 9 1 1 1 0 0 3 0 0
35 1 0 0 0 0 0 1 0 0
38 2 0 0 1 1 0 1 1 1
41 2 1 1 0 0 0 2 1 1
47 4 0 0 2 0 0 0 0 0
49 2 0 0 2 0 0 0 0 0
fl=./elf/./elf/rtld.c
fn=_dl_start
85 8 0 0 0 0 0 2 1 1
458 2 0 0 0 0 0 1 0 0
476 3 0 0 0 0 0 1 0 0
477 1 0 0 0 0 0 1 0 0
478 2 0 0 1 0 0 1 1 1
488 1 0 0 0 0 0 1 0 0
494 4 2 1 1 0 0 1 0 0
496 2 0 0 1 0 0 0 0 0
517 16 2 2 0 0 0 8 1 1
543 1 0 0 0 0 0 1 1 1
546 2 1 1 0 0 0 1 1 1
547 4 0 0 1 1 1 0 0 0
563 190 5 5 24 5 5 5 1 1
565 1 0 0 1 0 0 0 0 0
578 1 1 1 0 0 0 1 1 1
585 9 1 1 7 1 0 0 0 0
fn=dl_main
85 17 2 2 0 0 0 1 0 0
92 12 1 1 0 0 0 0 0 0
93 2 0 0 0 0 0 1 1 0
101 9 0 0 4 0 0 0 0 0
197 2 0 0 0 0 0 1 0 0
199 1 0 0 0 0 0 1 0 0
224 3 0 0 3 0 0 0 0 0
225 5 0 0 3 0 0 0 0 0
226 4 1 1 0 0 0 0 0 0
296 3 1 1 0 0 0 3 0 0
302 1 0 0 0 0 0 1 0 0
303 1 0 0 0 0 0 1 0 0
837 1 0 0 1 0 0 0 0 0
839 1 0 0 0 0 0 1 0 0
848 1 1 1 0 0 0 1 0 0
850 1 0 0 0 0 0 1 0 0
855 1 0 0 0 0 0 1 0 0
1115 1 0 0 1 0 0 0 0 0
1116 1 1 1 1 0 0 0 0 0
1118 1 0 0 0 0 0 1 0 0
1122 3 0 0 2 1 1 1 1 1
1124 1 0 0 1 0 0 0 0 0
1125 1 0 0 1 0 0 0 0 0
1140 1 0 0 0 0 0 0 0 0
1143 43 5 5 0 0 0 1 0 0
1144 110 1 1 21 5 5 0 0 0
1148 4 1 1 2 0 0 1 0 0
1153 3 0 0 2 0 0 1 0 0
1154 9 1 1 2 0 0 1 0 0
1163 2 0 0 0 0 0 1 0 0
1164 2 0 0 2 1 1 0 0 0
1166 1 0 0 0 0 0 1 0 0
1173 3 1 1 1 0 0 0 0 0
1191 2 0 0 0 0 0 1 0 0
1199 8 0 0 4 0 0 0 0 0
1200 17 0 0 5 1 1 0 0 0
1201 8 0 0 4 0 0 0 0 0
1202 1 0 0 0 0 0 1 0 0
1204 12 0 0 4 0 0 0 0 0
1205 14 0 0 0 0 0 0 0 0
1209 8 0 0 4 3 3 0 0 0
1210 8 0 0 4 0 0 0 0 0
1211 4 0 0 0 0 0 4 0 0
1215 12 0 0 0 0 0 0 0 0
1221 3 1 1 1 0 0 0 0 0
1227 4 0 0 0 0 0 1 1 1
1228 1 0 0 1 1 1 0 0 0
1233 4 0 0 0 0 0 0 0 0
1234 2 0 0 1 0 0 1 0 0
1235 1 0 0 0 0 0 1 0 0
1238 2 0 0 0 0 0 2 1 1
1243 2 1 1 1 0 0 1 0 0
1247 3 0 0 2 0 0 1 0 0
1253 26 0 0 1 0 0 0 0 0
1254 58 0 0 12 0 0 0 0 0
1260 12 0 0 0 0 0 0 0 0
1266 4 0 0 2 0 0 0 0 0
1268 3 1 1 2 0 0 1 0 0
1269 3 0 0 2 0 0 0 0 0
1271 3 0 0 1 0 0 0 0 0
1346 13 2 2 0 0 0 9 1 1
1351 1 0 0 0 0 0 0 0 0
1352 1 0 0 0 0 0 1 0 0
1357 1 0 0 0 0 0 1 1 1
1373 3 0 0 2 0 0 1 0 0
1374 4 1 1 2 0 0 0 0 0
1637 10 1 1 0 0 0 3 0 0
1639 2 0 0 0 0 0 0 0 0
1640 3 1 1 0 0 0 1 0 0
1641 2 0 0 1 0 0 1 0 0
1642 3 0 0 2 0 0 1 0 0
1646 2 0 0 0 0 0 1 0 0
1647 2 0 0 1 0 0 0 0 0
1672 3 1 1 1 0 0 0 0 0
1673 5 0 0 1 0 0 1 0 0
1674 3 0 0 2 0 0 0 0 0
1675 3 0 0 3 0 0 0 0 0
1678 1 0 0 0 0 0 1 0 0
1680 1 1 1 0 0 0 1 1 1
1681 1 0 0 0 0 0 1 0 0
1683 2 0 0 1 0 0 0 0 0
1684 2 0 0 0 0 0 1 0 0
1688 2 0 0 1 0 0 0 0 0
1690 2 1 1 0 0 0 0 0 0
1698 4 0 0 2 0 0 0 0 0
1705 2 1 1 1 0 0 1 0 0
1708 2 1 1 1 0 0 0 0 0
1733 4 1 1 1 0 0 1 0 0
1735 1 0 0 0 0 0 1 0 0
1740 2 0 0 1 0 0 0 0 0
1743 4 1 1 2 0 0 1 0 0
1744 4 0 0 1 0 0 1 0 0
1745 3 1 1 2 0 0 1 0 0
1746 1 0 0 0 0 0 1 0 0
1747 1 0 0 1 0 0 0 0 0
1748 1 0 0 1 0 0 0 0 0
1759 2 0 0 1 1 1 0 0 0
1760 2 0 0 1 0 0 0 0 0
1762 2 1 1 1 0 0 0 0 0
1764 1 0 0 0 0 0 1 0 0
1765 3 0 0 1 0 0 1 0 0
1770 5 1 1 0 0 0 0 0 0
1771 5 0 0 1 1 1 0 0 0
1773 3 2 2 2 1 1 1 1 1
1779 2 0 0 1 1 1 0 0 0
1788 2 1 1 1 0 0 0 0 0
1792 1 0 0 0 0 0 0 0 0
1793 2 0 0 1 0 0 0 0 0
1817 2 1 1 0 0 0 2 0 0
1823 1 0 0 0 0 0 1 0 0
1824 1 0 0 0 0 0 1 0 0
1825 1 0 0 0 0 0 0 0 0
1829 3 0 0 1 0 0 1 0 0
1834 3 1 1 2 0 0 0 0 0
1836 1 0 0 0 0 0 0 0 0
1838 2 0 0 1 0 0 0 0 0
1842 5 1 1 2 0 0 1 0 0
1847 2 0 0 1 0 0 0 0 0
1863 6 1 1 0 0 0 1 0 0
1939 4 0 0 2 0 0 0 0 0
1943 19 2 2 1 0 0 0 0 0
1944 1 0 0 0 0 0 0 0 0
1947 3 0 0 0 0 0 1 0 0
1948 1 1 1 1 0 0 0 0 0
1949 2 0 0 0 0 0 0 0 0
1950 2 0 0 0 0 0 0 0 0
1955 3 0 0 1 0 0 0 0 0
1965 9 1 1 2 0 0 1 0 0
1971 23 1 1 1 0 0 0 0 0
1972 14 0 0 11 0 0 0 0 0
1975 3 0 0 2 0 0 1 0 0
1976 2 1 1 0 0 0 0 0 0
1977 1 0 0 0 0 0 1 0 0
1979 18 0 0 1 0 0 0 0 0
1980 8 0 0 4 0 0 0 0 0
1984 2 1 1 0 0 0 0 0 0
1990 1 1 1 0 0 0 1 0 0
1992 3 0 0 1 0 0 1 0 0
1993 2 0 0 0 0 0 0 0 0
1995 2 0 0 0 0 0 1 0 0
1997 3 0 0 0 0 0 0 0 0
1999 3 1 1 1 0 0 0 0 0
2000 1 0 0 1 0 0 0 0 0
2001 2 0 0 0 0 0 0 0 0
2013 2 0 0 0 0 0 0 0 0
2014 2 0 0 1 0 0 1 0 0
2015 3 0 0 1 0 0 0 0 0
2026 5 0 0 1 0 0 1 0 0
2027 4 0 0 0 0 0 1 0 0
2028 5 1 1 0 0 0 1 0 0
2038 2 0 0 1 0 0 1 0 0
2039 2 0 0 1 0 0 0 0 0
2040 4 1 1 0 0 0 2 0 0
2042 2 0 0 0 0 0 0 0 0
2047 3 0 0 1 0 0 0 0 0
2246 3 0 0 1 0 0 1 0 0
2250 3 0 0 1 0 0 2 0 0
2256 2 1 1 1 0 0 1 0 0
2259 2 0 0 1 0 0 0 0 0
2267 2 0 0 2 0 0 0 0 0
2279 3 1 1 1 0 0 0 0 0
2282 3 0 0 1 0 0 1 0 0
2284 3 0 0 1 0 0 0 0 0
2285 6 0 0 1 0 0 1 0 0
2292 2 0 0 2 0 0 0 0 0
2293 24 0 0 3 1 0 1 0 0
2295 10 1 1 10 2 0 0 0 0
2300 10 0 0 10 3 0 0 0 0
2302 12 0 0 0 0 0 0 0 0
2304 1 1 1 0 0 0 1 0 0
2305 1 0 0 1 0 0 0 0 0
2308 5 0 0 5 0 0 0 0 0
2310 10 0 0 0 0 0 0 0 0
2311 32 0 0 8 4 0 4 0 0
2315 16 1 1 8 3 0 0 0 0
2316 9 0 0 0 0 0 3 0 0
2325 2 0 0 1 0 0 0 0 0
2329 4 0 0 2 1 0 0 0 0
2331 1 0 0 1 0 0 0 0 0
2338 4 1 1 1 0 0 1 0 0
2341 2 0 0 1 0 0 0 0 0
2345 3 1 1 2 1 0 0 0 0
2347 2 0 0 1 0 0 0 0 0
2357 1 1 1 0 0 0 1 0 0
2362 3 0 0 1 0 0 1 0 0
2365 1 0 0 0 0 0 1 0 0
2371 1 0 0 1 0 0 0 0 0
2372 5 1 1 2 0 0 1 0 0
2380 3 0 0 1 0 0 1 0 0
2387 1 0 0 0 0 0 1 0 0
2390 3 0 0 0 0 0 1 0 0
2394 3 0 0 0 0 0 1 0 0
2395 1 0 0 0 0 0 1 1 0
2396 1 0 0 0 0 0 1 0 0
2397 1 0 0 0 0 0 0 0 0
2401 1 0 0 0 0 0 1 0 0
2406 8 0 0 7 1 0 0 0 0
2538 1 0 0 1 0 0 0 0 0
2598 1 0 0 0 0 0 1 1 1
2600 2 0 0 0 0 0 0 0 0
2602 15 1 1 0 0 0 3 0 0
2604 2 0 0 0 0 0 0 0 0
2606 107 0 0 21 0 0 0 0 0
2607 19 0 0 0 0 0 0 0 0
2615 13 1 1 2 2 2 0 0 0
2640 2 1 1 1 0 0 0 0 0
2650 4 1 1 2 0 0 0 0 0
2652 2 0 0 0 0 0 1 0 0
2653 1 0 0 0 0 0 0 0 0
2687 5 2 2 2 0 0 0 0 0
2689 2 0 0 0 0 0 1 0 0
2690 2 0 0 0 0 0 1 0 0
2691 1 0 0 0 0 0 0 0 0
2727 5 0 0 1 0 0 0 0 0
2749 3 0 0 1 0 0 0 0 0
fn=handle_preload_list
183 3 0 0 1 0 0 0 0 0
806 1 0 0 0 0 0 1 1 1
810 2 0 0 0 0 0 1 0 0
811 2 0 0 1 0 0 1 0 0
812 1 0 0 0 0 0 1 0 0
814 1 0 0 1 0 0 0 0 0
816 6 1 1 0 0 0 1 0 0
817 3 0 0 1 0 0 0 0 0
825 3 0 0 1 0 0 0 0 0
869 13 2 2 1 1 1 8 1 1
870 3 0 0 0 0 0 0 0 0
874 5 0 0 2 0 0 0 0 0
877 4 1 1 0 0 0 1 0 0
878 3 0 0 0 0 0 0 0 0
880 4 1 1 0 0 0 1 0 0
881 2 0 0 0 0 0 1 0 0
887 1 0 0 0 0 0 0 0 0
889 2 0 0 1 0 0 0 0 0
891 2 1 1 1 0 0 0 0 0
892 1 0 0 0 0 0 0 0 0
895 9 0 0 7 0 0 0 0 0
fn=init_tls
734 4 1 1 0 0 0 3 0 0
736 2 0 0 1 0 0 1 0 0
740 3 0 0 1 0 0 0 0 0
746 2 0 0 0 0 0 1 0 0
749 1 0 0 0 0 0 1 0 0
750 1 0 0 0 0 0 0 0 0
751 1 0 0 0 0 0 0 0 0
755 1 0 0 0 0 0 0 0 0
757 1 0 0 0 0 0 1 0 0
761 2 1 1 1 1 1 0 0 0
762 2 0 0 0 0 0 0 0 0
763 14 0 0 1 0 0 0 0 0
764 5 1 1 5 0 0 0 0 0
765 10 1 1 5 0 0 0 0 0
769 9 0 0 0 0 0 3 1 1
771 3 0 0 0 0 0 0 0 0
773 3 0 0 1 0 0 0 0 0
776 2 0 0 0 0 0 1 0 0
779 1 0 0 0 0 0 1 0 0
786 2 1 1 0 0 0 1 0 0
787 2 0 0 0 0 0 0 0 0
793 2 0 0 1 0 0 1 0 0
797 1 0 0 0 0 0 1 0 0
800 5 0 0 4 0 0 0 0 0
fn=map_doit
641 6 1 1 0 0 0 2 0 0
643 4 0 0 1 0 0 0 0 0
644 6 0 0 2 0 0 2 0 0
646 3 0 0 3 0 0 0 0 0
fn=version_check_doit
674 6 2 2 0 0 0 2 0 0
676 6 0 0 2 0 0 1 0 0
680 3 0 0 3 0 0 0 0 0
fl=./elf/./get-dynamic-info.h
fn=_dl_start
45 75 0 0 19 5 5 0 0 0
49 36 0 0 0 0 0 0 0 0
51 10 0 0 0 0 0 0 0 0
52 5 1 1 0 0 0 0 0 0
54 20 0 0 0 0 0 0 0 0
55 16 0 0 0 0 0 0 0 0
56 5 0 0 0 0 0 0 0 0
59 4 1 1 0 0 0 0 0 0
62 4 1 1 0 0 0 0 0 0
64 4 0 0 0 0 0 0 0 0
68 18 0 0 0 0 0 18 7 7
72 3 0 0 0 0 0 0 0 0
84 4 0 0 2 0 0 0 0 0
85 3 0 0 1 0 0 0 0 0
86 4 1 1 2 0 0 0 0 0
87 4 0 0 2 0 0 0 0 0
88 5 0 0 2 0 0 0 0 0
89 3 1 1 1 0 0 0 0 0
90 4 0 0 2 0 0 0 0 0
91 4 0 0 2 0 0 0 0 0
103 10 2 2 2 0 0 1 0 0
110 3 0 0 1 1 1 0 0 0
123 3 2 2 2 0 0 0 0 0
129 3 0 0 1 0 0 0 0 0
130 3 0 0 2 0 0 0 0 0
133 2 0 0 1 0 0 0 0 0
134 3 0 0 1 0 0 0 0 0
139 5 1 1 2 0 0 0 0 0
142 5 0 0 2 0 0 0 0 0
fn=dl_main
39 4 0 0 2 0 0 0 0 0
43 1 0 0 0 0 0 0 0 0
45 111 0 0 28 8 8 0 0 0
49 54 1 1 0 0 0 0 0 0
51 12 0 0 0 0 0 0 0 0
52 6 0 0 0 0 0 0 0 0
54 25 0 0 0 0 0 0 0 0
55 21 0 0 0 0 0 0 0 0
56 5 1 1 0 0 0 0 0 0
59 4 0 0 0 0 0 0 0 0
62 4 1 1 0 0 0 0 0 0
64 4 0 0 0 0 0 0 0 0
68 27 0 0 0 0 0 27 8 8
72 7 1 1 4 0 0 0 0 0
84 3 0 0 1 0 0 0 0 0
85 5 1 1 3 0 0 0 0 0
86 5 0 0 3 0 0 0 0 0
87 5 0 0 3 0 0 0 0 0
88 4 0 0 2 0 0 0 0 0
89 5 1 1 3 0 0 0 0 0
90 5 0 0 3 0 0 0 0 0
91 5 1 1 3 0 0 0 0 0
103 9 0 0 3 0 0 1 0 0
110 3 0 0 1 0 0 0 0 0
115 2 1 1 1 0 0 0 0 0
122 3 0 0 2 0 0 0 0 0
123 4 1 1 3 0 0 0 0 0
129 3 0 0 1 0 0 0 0 0
147 4 0 0 2 0 0 0 0 0
152 2 1 1 1 0 0 1 1 1
154 2 0 0 0 0 0 0 0 0
156 2 0 0 0 0 0 0 0 0
158 2 0 0 0 0 0 0 0 0
159 2 0 0 1 0 0 1 0 0
162 4 1 1 2 0 0 0 0 0
164 3 0 0 1 0 0 1 0 0
165 2 0 0 0 0 0 0 0 0
174 2 0 0 1 0 0 0 0 0
175 3 1 1 0 0 0 0 0 0
180 2 0 0 0 0 0 0 0 0
181 3 1 1 2 0 0 1 0 0
184 3 0 0 2 0 0 0 0 0
fl=./elf/./setup-vdso.h
fn=dl_main
24 2 0 0 1 0 0 0 0 0
fl=./io/../sysdeps/unix/sysv/linux/access.c
fn=access
25 1 0 0 0 0 0 0 0 0
27 7 0 0 0 0 0 1 0 0
31 1 0 0 1 0 0 0 0 0
fl=./io/../sysdeps/unix/sysv/linux/close_nocancel.c
fn=__GI___close_nocancel
25 4 1 1 0 0 0 0 0 0
26 16 0 0 0 0 0 0 0 0
27 4 0 0 4 0 0 0 0 0
fn=__close_nocancel
25 1 1 1 0 0 0 0 0 0
26 4 0 0 0 0 0 0 0 0
27 1 0 0 1 0 0 0 0 0
fl=./io/../sysdeps/unix/sysv/linux/fstat64.c
fn=fstat
30 5 2 2 0 0 0 0 0 0
39 20 1 1 0 0 0 0 0 0
72 5 0 0 5 0 0 0 0 0
fl=./io/../sysdeps/unix/sysv/linux/fstatat64.c
fn=fstatat
91 12 0 0 0 0 0 0 0 0
146 12 0 0 0 0 0 0 0 0
160 8 1 1 0 0 0 4 0 0
161 22 0 0 4 0 0 0 0 0
162 2 0 0 2 0 0 0 0 0
fl=./io/../sysdeps/unix/sysv/linux/open64_nocancel.c
fn=__open_nocancel
28 56 2 2 1 0 0 27 1 1
31 91 0 0 0 0 0 0 0 0
39 115 2 2 0 0 0 8 0 0
41 29 0 0 28 0 0 0 0 0
fl=./io/../sysdeps/unix/sysv/linux/poll.c
fn=poll
27 1 1 1 0 0 0 0 0 0
29 6 0 0 1 0 0 0 0 0
43 1 0 0 1 0 0 0 0 0
fl=./io/../sysdeps/unix/sysv/linux/pread64_nocancel.c
fn=__pread64_nocancel
25 4 0 0 0 0 0 0 0 0
26 8 0 0 0 0 0 0 0 0
27 2 0 0 2 0 0 0 0 0
fl=./io/../sysdeps/unix/sysv/linux/read_nocancel.c
fn=__read_nocancel
25 7 2 2 0 0 0 0 0 0
26 28 0 0 0 0 0 0 0 0
27 7 1 1 7 0 0 0 0 0
fl=./io/../sysdeps/unix/sysv/linux/stat64.c
fn=stat
28 12 0 0 0 0 0 0 0 0
29 24 0 0 0 0 0 0 0 0
fl=./libio/../string/bits/string_fortified.h
fn=getdelim
29 180 0 0 0 0 0 90 0 0
fl=./libio/./libio/filedoalloc.c
fn=_IO_file_doallocate
78 11 1 1 1 0 0 5 0 0
84 9 0 0 3 1 0 1 0 0
86 4 0 0 1 0 0 0 0 0
97 4 1 1 1 0 0 0 0 0
101 3 0 0 0 0 0 1 0 0
102 2 0 0 0 0 0 0 0 0
104 4 0 0 0 0 0 1 0 0
105 1 0 0 0 0 0 0 0 0
106 9 1 1 7 0 0 0 0 0
fl=./libio/./libio/fileops.c
fn=_IO_file_close
1165 1 1 1 0 0 0 0 0 0
1168 2 0 0 1 0 0 0 0 0
fn=_IO_file_close_it@@GLIBC_2.2.5
128 7 2 2 0 0 0 4 0 0
130 3 0 0 1 0 0 0 0 0
133 2 0 0 0 0 0 0 0 0
134 3 0 0 1 0 0 0 0 0
137 1 0 0 0 0 0 0 0 0
139 2 0 0 0 0 0 1 0 0
142 7 0 0 3 0 0 1 0 0
145 3 0 0 1 0 0 0 0 0
153 5 1 1 0 0 0 1 0 0
154 4 1 1 0 0 0 3 0 0
157 2 0 0 0 0 0 1 0 0
158 1 0 0 0 0 0 1 0 0
159 1 0 0 0 0 0 1 0 0
160 1 0 0 0 0 0 1 0 0
162 2 0 0 0 0 0 0 0 0
163 7 0 0 5 0 0 0 0 0
fn=_IO_file_finish@@GLIBC_2.2.5
168 6 1 1 0 0 0 3 0 0
169 2 0 0 1 0 0 0 0 0
175 3 1 1 0 0 0 0 0 0
176 3 0 0 3 0 0 0 0 0
fn=_IO_file_fopen@@GLIBC_2.2.5
213 12 2 2 1 0 0 7 0 0
214 1 1 1 0 0 0 0 0 0
222 2 0 0 1 0 0 0 0 0
224 6 0 0 1 1 1 0 0 0
227 1 0 0 0 0 0 0 0 0
228 2 0 0 0 0 0 0 0 0
247 42 4 4 5 2 2 0 0 0
268 1 1 1 1 0 0 0 0 0
269 1 0 0 0 0 0 0 0 0
271 1 0 0 0 0 0 0 0 0
272 4 1 1 1 0 0 0 0 0
281 5 1 1 0 0 0 1 0 0
284 2 0 0 0 0 0 0 0 0
287 4 1 1 0 0 0 1 0 0
288 2 0 0 0 0 0 0 0 0
357 12 1 1 9 0 0 0 0 0
fn=_IO_file_open
182 12 1 1 0 0 0 4 0 0
184 2 0 0 1 0 0 0 0 0
185 4 0 0 0 0 0 1 0 0
189 2 0 0 0 0 0 0 0 0
191 1 0 0 0 0 0 1 0 0
192 6 0 0 1 0 0 1 0 0
195 3 1 1 0 0 0 0 0 0
205 2 1 1 0 0 0 1 0 0
206 1 0 0 0 0 0 0 0 0
207 6 0 0 5 0 0 0 0 0
fn=_IO_file_read
1131 4 1 1 0 0 0 0 0 0
1133 8 0 0 4 0 0 0 0 0
1134 8 0 0 4 0 0 0 0 0
fn=_IO_file_stat
1147 1 1 1 0 0 0 0 0 0
1148 2 0 0 1 0 0 0 0 0
fn=_IO_file_underflow@@GLIBC_2.2.5
462 40 2 2 0 0 0 24 0 0
466 12 0 0 4 0 0 0 0 0
469 8 0 0 0 0 0 0 0 0
475 12 0 0 8 0 0 0 0 0
478 8 0 0 4 0 0 0 0 0
481 3 1 1 1 0 0 0 0 0
486 2 0 0 0 0 0 1 0 0
490 10 0 0 1 0 0 0 0 0
506 8 0 0 0 0 0 4 0 0
512 24 1 1 4 0 0 12 0 0
517 20 1 1 12 0 0 4 0 0
519 8 0 0 0 0 0 0 0 0
526 4 0 0 4 0 0 0 0 0
535 12 0 0 4 0 0 0 0 0
537 8 0 0 8 1 1 0 0 0
538 32 0 0 28 0 0 0 0 0
fn=_IO_new_file_init_internal
106 6 1 1 0 0 0 2 0 0
110 1 1 1 0 0 0 1 0 0
111 1 0 0 1 0 0 0 0 0
113 1 0 0 0 0 0 1 0 0
114 1 0 0 0 0 0 1 0 0
115 3 0 0 3 0 0 0 0 0
fl=./libio/./libio/genops.c
fn=_IO_cleanup
776 6 1 1 0 0 0 3 0 0
777 10 1 1 5 0 0 2 0 0
780 13 1 1 4 0 0 0 0 0
784 3 0 0 0 0 0 3 0 0
785 36 2 2 15 0 0 6 0 0
792 7 0 0 0 0 0 0 0 0
794 6 1 1 2 0 0 0 0 0
814 3 2 2 0 0 0 3 0 0
816 29 1 1 6 0 0 6 0 0
817 3 1 1 0 0 0 3 0 0
821 7 1 1 2 0 0 2 0 0
822 2 0 0 0 0 0 1 0 0
842 12 1 1 1 0 0 7 0 0
843 2 0 0 0 0 0 1 0 0
855 12 0 0 9 0 0 0 0 0
fn=_IO_default_finish
54 2 0 0 1 0 0 0 0 0
601 6 1 1 0 0 0 2 0 0
603 3 0 0 1 0 0 0 0 0
609 3 1 1 1 0 0 0 0 0
612 3 0 0 1 0 0 0 0 0
624 3 1 1 3 0 0 0 0 0
fn=_IO_doallocbuf
343 8 2 2 0 0 0 4 0 0
344 2 0 0 1 0 0 0 0 0
346 3 0 0 1 0 0 0 0 0
347 5 1 1 2 1 0 1 0 0
350 6 0 0 5 0 0 0 0 0
fn=_IO_flush_all
686 12 2 2 1 0 0 7 0 0
687 3 1 1 0 0 0 0 0 0
691 6 0 0 0 0 0 3 0 0
692 9 2 2 4 1 1 2 0 0
695 12 0 0 4 2 2 0 0 0
697 3 1 1 0 0 0 3 0 0
698 36 2 2 15 6 6 6 0 0
700 21 1 1 9 5 5 0 0 0
708 33 1 1 12 0 0 6 0 0
709 3 0 0 0 0 0 3 0 0
713 7 1 1 2 0 0 2 0 0
714 2 0 0 0 0 0 1 0 0
718 12 0 0 9 0 0 0 0 0
fn=_IO_link_in
87 14 1 1 0 0 0 8 0 0
88 10 1 1 4 0 0 2 0 0
90 2 0 0 0 0 0 1 0 0
92 7 1 1 0 0 0 3 0 0
93 9 1 1 3 0 0 2 0 0
94 1 0 0 0 0 0 1 0 0
95 9 1 1 4 0 0 2 0 0
97 2 0 0 1 1 0 1 0 0
98 1 1 1 0 0 0 1 0 0
100 5 0 0 1 0 0 2 0 0
101 1 0 0 0 0 0 1 0 0
102 6 0 0 1 0 0 2 0 0
103 2 2 2 0 0 0 1 0 0
106 19 0 0 14 0 0 0 0 0
fn=_IO_no_init
563 473 1 1 0 0 0 215 0 0
564 43 0 0 0 0 0 43 0 0
565 43 0 0 0 0 0 43 1 1
566 86 0 0 0 0 0 0 0 0
568 1 0 0 0 0 0 1 0 0
572 6 0 0 0 0 0 5 0 0
579 1 1 1 0 0 0 1 1 1
581 1 0 0 0 0 0 1 0 0
586 84 0 0 0 0 0 42 0 0
587 43 0 0 0 0 0 43 0 0
588 258 0 0 258 0 0 0 0 0
fn=_IO_old_init
531 43 1 1 0 0 0 0 0 0
532 86 0 0 0 0 0 43 0 0
534 258 0 0 43 1 1 43 0 0
539 301 0 0 0 0 0 258 1 1
544 43 0 0 0 0 0 43 0 0
550 86 1 1 0 0 0 43 0 0
555 129 0 0 43 0 0 0 0 0
556 2 0 0 0 0 0 2 1 1
558 43 0 0 43 0 0 0 0 0
fn=_IO_setb
329 484 1 1 0 0 0 220 0 0
330 178 0 0 88 0 0 0 0 0
331 1 0 0 0 0 0 1 0 0
332 44 0 0 0 0 0 44 0 0
333 44 0 0 0 0 0 44 0 0
335 266 0 0 1 0 0 44 0 0
338 264 0 0 264 0 0 0 0 0
fn=_IO_sputbackc
635 1176 1 1 0 0 0 504 0 0
638 504 0 0 336 0 0 0 0 0
639 336 0 0 168 0 0 0 0 0
641 336 1 1 0 0 0 168 0 0
642 168 0 0 0 0 0 0 0 0
647 168 0 0 0 0 0 0 0 0
648 168 0 0 168 0 0 0 0 0
651 840 0 0 672 0 0 0 0 0
fn=_IO_switch_to_get_mode
164 24 1 1 0 0 0 12 0 0
165 12 1 1 8 0 0 0 0 0
168 12 1 1 4 0 0 0 0 0
172 8 0 0 4 0 0 4 0 0
173 8 0 0 4 0 0 0 0 0
176 4 0 0 0 0 0 4 0 0
178 8 0 0 0 0 0 8 0 0
180 8 0 0 0 0 0 4 0 0
181 4 0 0 0 0 0 0 0 0
182 16 0 0 16 0 0 0 0 0
fn=_IO_un_link
53 2 0 0 0 0 0 0 0 0
54 4 0 0 2 0 0 0 0 0
82 2 0 0 1 0 0 0 0 0
fn=_IO_unsave_markers
937 6 1 1 0 0 0 2 0 0
939 2 0 0 1 0 0 0 0 0
944 3 1 1 1 0 0 0 0 0
946 3 0 0 3 0 0 0 0 0
fn=__GI__IO_un_link.part.0
52 10 1 1 1 0 0 5 0 0
58 6 1 1 0 0 0 3 0 0
59 10 1 1 3 0 0 2 0 0
60 1 0 0 0 0 0 1 0 0
61 4 1 1 1 0 0 0 0 0
63 4 2 2 1 0 0 0 0 0
65 2 1 1 0 0 0 0 0 0
66 3 1 1 1 0 0 1 0 0
74 2 1 1 0 0 0 1 0 0
76 2 0 0 0 0 0 0 0 0
77 1 0 0 0 0 0 1 0 0
78 8 0 0 1 0 0 2 0 0
79 2 1 1 0 0 0 1 0 0
82 9 0 0 7 0 0 0 0 0
fn=__underflow
173 4 0 0 4 0 0 0 0 0
269 24 1 1 0 0 0 12 0 0
270 19 0 0 4 0 0 1 0 0
275 12 0 0 4 0 0 0 0 0
278 12 1 1 4 0 0 0 0 0
280 8 0 0 0 0 0 0 0 0
286 8 0 0 4 0 0 0 0 0
291 12 1 1 4 0 0 0 0 0
293 16 0 0 8 1 0 0 0 0
294 12 0 0 12 0 0 0 0 0
fl=./libio/./libio/iofclose.c
fn=fclose@@GLIBC_2.2.5
34 8 2 2 0 0 0 4 0 0
48 3 0 0 1 0 0 0 0 0
49 1 1 1 0 0 0 1 0 0
51 3 0 0 1 0 0 0 0 0
52 2 1 1 0 0 0 0 0 0
53 3 1 1 0 0 0 1 0 0
57 4 0 0 2 0 0 1 0 0
58 3 0 0 1 0 0 0 0 0
71 2 0 0 1 0 0 0 0 0
76 7 0 0 5 0 0 0 0 0
fl=./libio/./libio/iofopen.c
fn=fopen@@GLIBC_2.2.5
37 2 0 0 1 0 0 0 0 0
65 2 0 0 0 0 0 1 0 0
67 3 0 0 0 0 0 0 0 0
70 2 0 0 0 0 0 1 1 1
72 7 1 1 0 0 0 1 0 0
73 2 0 0 0 0 0 1 0 0
74 2 0 0 0 0 0 1 0 0
75 7 1 1 0 0 0 1 0 0
85 9 1 1 0 0 0 5 0 0
87 7 1 1 6 0 0 0 0 0
fl=./libio/./libio/iogetdelim.c
fn=getdelim
41 630 2 2 0 0 0 378 0 0
47 126 0 0 42 0 0 0 0 0
48 84 2 2 0 0 0 0 0 0
54 168 1 1 84 0 0 0 0 0
62 249 1 1 166 0 0 0 0 0
64 2 0 0 1 0 0 1 0 0
65 4 0 0 1 0 0 2 0 0
66 2 0 0 0 0 0 0 0 0
74 126 0 0 84 0 0 0 0 0
75 84 0 0 0 0 0 0 0 0
77 4 1 1 0 0 0 1 0 0
82 4 1 1 2 0 0 0 0 0
89 225 1 1 45 0 0 45 0 0
91 180 0 0 0 0 0 0 0 0
92 180 1 1 0 0 0 0 0 0
100 90 0 0 0 0 0 0 0 0
101 180 1 1 90 0 0 0 0 0
105 5 0 0 0 0 0 1 0 0
107 92 0 0 90 0 0 1 0 0
108 3 0 0 1 0 0 0 0 0
114 2 0 0 1 0 0 1 0 0
115 2 0 0 1 0 0 1 0 0
117 46 1 1 1 0 0 0 0 0
118 45 0 0 45 0 0 0 0 0
119 3 0 0 0 0 0 0 0 0
120 147 0 0 45 0 0 3 0 0
122 9 0 0 6 0 0 0 0 0
124 126 0 0 84 0 0 42 0 0
130 378 0 0 294 0 0 0 0 0
fl=./libio/./libio/libioP.h
fn=_IO_cleanup
1025 1 1 1 0 0 0 0 0 0
fn=_IO_doallocbuf
1025 3 0 0 0 0 0 0 0 0
1026 2 0 0 0 0 0 0 0 0
fn=_IO_file_close_it@@GLIBC_2.2.5
1025 3 1 1 0 0 0 0 0 0
1026 2 0 0 0 0 0 0 0 0
fn=_IO_file_doallocate
1025 3 1 1 0 0 0 0 0 0
1026 2 0 0 0 0 0 0 0 0
fn=_IO_file_underflow@@GLIBC_2.2.5
1025 16 1 1 0 0 0 0 0 0
1026 8 0 0 0 0 0 0 0 0
fn=_IO_flush_all
1025 2 0 0 0 0 0 0 0 0
fn=__underflow
1025 12 0 0 0 0 0 0 0 0
1026 8 0 0 0 0 0 0 0 0
fn=fclose@@GLIBC_2.2.5
951 4 0 0 2 0 0 0 0 0
952 4 0 0 1 0 0 0 0 0
958 2 0 0 0 0 0 1 0 0
979 4 0 0 1 0 0 0 0 0
980 9 0 0 3 0 0 2 0 0
1025 3 0 0 0 0 0 0 0 0
1026 2 1 1 0 0 0 0 0 0
fn=getdelim
979 168 0 0 42 0 0 0 0 0
fl=./libio/./libio/strops.c
fn=_IO_str_init_static_internal
36 420 2 2 0 0 0 210 0 0
40 84 0 0 0 0 0 0 0 0
41 126 0 0 0 0 0 42 0 0
46 210 0 0 0 0 0 42 0 0
48 42 0 0 0 0 0 42 0 0
49 42 0 0 0 0 0 42 0 0
50 42 0 0 0 0 0 42 0 0
51 294 1 1 0 0 0 0 0 0
53 42 1 1 0 0 0 42 0 0
54 42 0 0 0 0 0 42 0 0
55 42 0 0 0 0 0 42 0 0
64 42 0 0 0 0 0 42 0 0
65 252 0 0 252 0 0 0 0 0
fl=./libio/./libio/vtables.c
fn=check_stdfiles_vtables
545 1 1 1 0 0 0 0 0 0
546 4 0 0 2 2 0 0 0 0
547 3 1 1 2 1 0 0 0 0
548 3 0 0 2 1 0 0 0 0
550 1 0 0 1 0 0 0 0 0
fl=./malloc/../string/bits/string_fortified.h
fn=_int_realloc
29 802 0 0 0 0 0 401 0 0
fn=calloc
59 30303 0 0 0 0 0 0 0 0
fn=tcache_init.part.0
59 88 0 0 0 0 0 81 9 9
fl=./malloc/../sysdeps/unix/sysv/linux/not-cancel.h
fn=ptmalloc_init.part.0
97 6 0 0 0 0 0 0 0 0
fl=./malloc/./malloc/arena.c
fn=calloc
153 20202 0 0 0 0 0 0 0 0
fn=free
153 123633 0 0 0 0 0 0 0 0
fn=malloc
153 61232 0 0 0 0 0 0 0 0
264 1 1 1 0 0 0 1 0 0
fn=ptmalloc_init.part.0
262 8 1 1 1 0 0 4 0 0
267 1 1 1 0 0 0 1 0 0
292 2 1 1 1 0 0 0 0 0
296 3 1 1 1 1 0 1 0 0
300 4 1 1 0 0 0 1 0 0
301 4 0 0 0 0 0 1 0 0
302 4 1 1 0 0 0 1 0 0
303 4 0 0 0 0 0 1 0 0
304 4 0 0 0 0 0 1 0 0
305 4 0 0 0 0 0 1 0 0
306 4 1 1 0 0 0 1 0 0
308 4 0 0 0 0 0 1 0 0
309 4 0 0 0 0 0 1 0 0
310 4 1 1 0 0 0 1 0 0
313 4 0 0 0 0 0 1 0 0
314 4 0 0 0 0 0 1 0 0
316 2 0 0 1 1 1 0 0 0
326 8 1 1 6 0 0 0 0 0
fn=realloc
153 6307 0 0 901 0 0 0 0 0
fl=./malloc/./malloc/malloc.c
fn=_int_free
1792 41168 0 0 41168 100 1 0 0 0
1992 30264 0 0 10088 0 0 0 0 0
3163 1094 1 1 547 0 0 547 0 0
3165 2188 1 1 547 22 6 547 0 0
3166 547 0 0 0 0 0 547 0 0
3167 1094 0 0 0 0 0 547 0 0
4495 292005 1 1 0 0 0 166860 0 0
4499 125145 0 0 41715 0 0 0 0 0
4505 166860 0 0 0 0 0 0 0 0
4506 83430 1 1 0 0 0 0 0 0
4510 208575 0 0 0 0 0 0 0 0
4517 83430 0 0 0 0 0 0 0 0
4518 250290 0 0 125145 100 1 0 0 0
4521 40916 0 0 0 0 0 0 0 0
4527 122748 0 0 81832 15109 14165 0 0 0
4547 204580 1 1 81832 213 4 0 0 0
4550 547 0 0 0 0 0 0 0 0
4561 82336 0 0 0 0 0 0 0 0
4572 40352 1 1 10088 1 1 0 0 0
4574 30264 0 0 10088 2 1 0 0 0
4593 10088 0 0 0 0 0 0 0 0
4595 10088 0 0 0 0 0 10088 0 0
4596 10088 0 0 0 0 0 0 0 0
4600 30264 0 0 10088 0 0 0 0 0
4602 20176 0 0 10088 1 1 0 0 0
4606 20176 0 0 0 0 0 0 0 0
4608 30264 0 0 0 0 0 10088 0 0
4609 10088 0 0 0 0 0 10088 0 0
4628 40352 0 0 0 0 0 0 0 0
4637 62160 0 0 31080 0 0 0 0 0
4640 62160 0 0 31080 98 0 0 0 0
4643 62160 0 0 0 0 0 0 0 0
4646 62160 0 0 0 0 0 0 0 0
4658 219210 1 1 177495 0 0 0 0 0
fn=_int_free_maybe_consolidate
4770 341880 1 1 31080 98 0 217560 0 0
4776 62160 1 1 0 0 0 0 0 0
4778 1424 0 0 356 0 0 0 0 0
4779 260 0 0 0 0 0 130 2 1
4781 1068 1 1 0 0 0 0 0 0
4784 1780 1 1 1068 107 2 0 0 0
4798 341880 0 0 279720 7 3 0 0 0
fn=_int_free_merge_chunk
1992 93240 0 0 31080 0 0 0 0 0
4665 248640 2 2 0 0 0 186480 98 0
4666 31080 0 0 0 0 0 0 0 0
4670 186480 0 0 31080 98 0 0 0 0
4673 124320 0 0 31080 100 0 0 0 0
4675 93240 1 1 31080 98 0 0 0 0
4678 93240 0 0 31080 14388 6458 0 0 0
4681 62160 0 0 0 0 0 0 0 0
4682 62160 1 1 0 0 0 0 0 0
4683 62160 0 0 31080 97 0 0 0 0
4689 62160 0 0 31080 0 0 0 0 0
4691 13080 0 0 13080 0 0 0 0 0
4692 13080 0 0 0 0 0 0 0 0
4693 13080 0 0 0 0 0 0 0 0
4694 52320 0 0 13080 11870 3253 0 0 0
4696 26160 0 0 0 0 0 13080 0 0
4701 93240 0 0 0 0 0 0 0 0
4702 217560 0 0 186480 0 0 0 0 0
4714 62160 1 1 31080 0 0 0 0 0
4720 61760 0 0 30880 24560 17126 0 0 0
4721 15384 0 0 0 0 0 7692 0 0
4722 15384 0 0 0 0 0 0 0 0
4724 23188 0 0 23188 0 0 0 0 0
4732 30880 0 0 0 0 0 0 0 0
4733 123520 0 0 30880 0 0 0 0 0
4734 61760 0 0 30880 0 0 0 0 0
4736 30880 1 1 0 0 0 30880 99 0
4738 61760 0 0 0 0 0 0 0 0
4740 19524 1 1 0 0 0 6508 2549 2548
4743 30880 0 0 0 0 0 30880 0 0
4744 30880 0 0 0 0 0 30880 0 0
4746 92640 0 0 0 0 0 30880 0 0
4747 30880 0 0 0 0 0 30880 0 0
4756 200 0 0 0 0 0 0 0 0
4757 600 0 0 0 0 0 200 0 0
4758 400 0 0 0 0 0 200 0 0
fn=_int_malloc
1326 82238 0 0 0 0 0 0 0 0
1345 246714 1 1 0 0 0 0 0 0
1794 41118 0 0 41118 0 0 0 0 0
1985 31779 0 0 10593 0 0 0 0 0
2008 216 0 0 54 0 0 0 0 0
2017 2 1 1 2 0 0 0 0 0
2552 330 1 1 110 104 0 110 1 0
2553 53 1 1 0 0 0 53 0 0
2564 110 0 0 55 52 0 0 0 0
2565 6 0 0 4 0 0 0 0 0
2568 8 0 0 2 0 0 0 0 0
2576 12 0 0 2 0 0 4 0 0
2577 4 0 0 0 0 0 0 0 0
2589 212 0 0 53 0 0 53 0 0
2590 106 0 0 0 0 0 53 0 0
2599 628 0 0 156 0 0 0 0 0
2605 156 0 0 104 0 0 0 0 0
2608 159 1 1 0 0 0 0 0 0
2669 159 1 1 53 0 0 53 0 0
2677 106 1 1 53 0 0 0 0 0
2678 159 0 0 53 0 0 53 0 0
2691 159 0 0 53 0 0 0 0 0
2693 53 0 0 53 0 0 0 0 0
2699 265 0 0 53 0 0 53 0 0
2707 106 1 1 0 0 0 0 0 0
2709 212 2 1 0 0 0 106 0 0
2710 159 0 0 53 0 0 0 0 0
2711 53 0 0 0 0 0 0 0 0
2712 53 0 0 0 0 0 0 0 0
2715 106 0 0 0 0 0 0 0 0
2744 367 2 1 157 1 1 0 0 0
2745 1 0 0 0 0 0 1 0 0
2746 106 1 0 0 0 0 53 0 0
2752 424 2 1 53 0 0 0 0 0
2753 312 0 0 52 0 0 52 0 0
2755 4 2 2 2 0 0 0 0 0
2782 2 0 0 0 0 0 0 0 0
2783 1 1 1 0 0 0 0 0 0
2795 3 0 0 0 0 0 0 0 0
2814 2 1 1 1 0 0 0 0 0
2817 2 0 0 0 0 0 0 0 0
2818 6 0 0 1 0 0 0 0 0
2820 1 0 0 0 0 0 0 0 0
2821 6 1 1 0 0 0 4 0 0
2833 5 0 0 3 0 0 0 0 0
2873 1 0 0 0 0 0 0 0 0
2875 1 0 0 0 0 0 1 0 0
2876 5 1 1 0 0 0 1 1 1
2877 1 0 0 1 0 0 0 0 0
2888 3 0 0 1 0 0 0 0 0
2921 159 1 1 106 0 0 0 0 0
2922 53 1 1 0 0 0 53 0 0
2926 53 0 0 53 0 0 0 0 0
2930 265 0 0 106 0 0 0 0 0
2932 53 0 0 0 0 0 0 0 0
2933 53 0 0 0 0 0 0 0 0
2934 53 0 0 0 0 0 53 0 0
2935 371 0 0 0 0 0 53 0 0
2936 106 1 1 0 0 0 53 53 53
2938 53 0 0 0 0 0 0 0 0
3846 452309 1 1 41119 266 1 287833 364 2
3882 1 0 0 0 0 0 0 0 0
3887 82238 0 0 0 0 0 0 0 0
3914 82241 1 1 1 0 0 0 0 0
3916 40828 0 0 0 0 0 0 0 0
3919 10209 1 1 10208 0 0 0 0 0
3921 20416 0 0 0 0 0 0 0 0
3930 30624 1 1 0 0 0 0 0 0
3977 61822 2 2 0 0 0 0 0 0
3979 201662 0 0 0 0 0 0 0 0
3980 80832 1 1 0 0 0 0 0 0
3982 121248 0 0 40416 206 7 0 0 0
4039 6059 0 0 0 0 0 0 0 0
4040 2109 0 0 703 289 1 0 0 0
4041 279 0 0 0 0 0 93 0 0
4058 123355 0 0 41118 0 0 0 0 0
4059 123357 0 0 0 0 0 41119 352 2
4060 123357 1 1 82238 0 0 0 0 0
4069 41764 1 1 0 0 0 20882 0 0
4070 298722 1 1 62092 295 1 41119 0 0
4072 31067 0 0 31067 0 0 0 0 0
4073 62134 0 0 31067 245 0 0 0 0
4074 31067 0 0 0 0 0 0 0 0
4076 62134 0 0 0 0 0 0 0 0
4077 93201 0 0 31067 267 1 0 0 0
4079 31067 0 0 31067 291 0 0 0 0
4080 124268 1 1 0 0 0 0 0 0
4082 124268 0 0 31067 0 0 0 0 0
4084 62134 0 0 31067 66 0 0 0 0
4085 62134 0 0 31067 0 0 0 0 0
4087 62134 0 0 0 0 0 0 0 0
4098 124268 1 1 0 0 0 0 0 0
4099 40566 1 1 20283 0 0 0 0 0
4100 20192 0 0 0 0 0 0 0 0
4101 10096 0 0 0 0 0 0 0 0
4104 10094 1 1 0 0 0 0 0 0
4105 10094 1 1 0 0 0 0 0 0
4106 10094 0 0 0 0 0 10094 0 0
4107 30282 0 0 0 0 0 10094 0 0
4108 30282 0 0 0 0 0 10094 10002 5670
4109 20188 0 0 0 0 0 0 0 0
4115 80752 0 0 0 0 0 10094 0 0
4117 30282 0 0 0 0 0 10094 0 0
4118 10094 0 0 0 0 0 10094 0 0
4121 10094 0 0 0 0 0 0 0 0
4122 30282 0 0 0 0 0 10094 99 0
4123 10094 0 0 0 0 0 0 0 0
4127 20973 0 0 0 0 0 20973 0 0
4128 20973 0 0 0 0 0 20973 0 0
4132 41946 0 0 0 0 0 0 0 0
4161 42146 1 1 0 0 0 0 0 0
4163 40946 1 1 0 0 0 20473 0 0
4164 81892 0 0 0 0 0 0 0 0
4165 20473 0 0 20473 202 4 0 0 0
4169 5700 1 1 0 0 0 500 0 0
4170 1500 0 0 0 0 0 0 0 0
4171 500 0 0 500 440 2 0 0 0
4174 1000 0 0 0 0 0 0 0 0
4218 2000 0 0 0 0 0 500 240 0
4221 146811 1 1 41946 384 1 0 0 0
4222 20973 0 0 0 0 0 20973 0 0
4223 20973 0 0 0 0 0 20973 0 0
4224 20973 0 0 0 0 0 20973 191 1
4225 20973 0 0 0 0 0 20973 0 0
4230 41946 0 0 41946 0 0 0 0 0
4231 41946 0 0 0 0 0 0 0 0
4240 83892 2 2 41946 0 0 0 0 0
4246 21576 0 0 0 0 0 0 0 0
4257 93075 2 2 0 0 0 0 0 0
4259 2812 0 0 0 0 0 0 0 0
4262 2109 0 0 703 625 6 0 0 0
4263 31025 0 0 0 0 0 0 0 0
4330 31025 0 0 0 0 0 0 0 0
4331 62050 1 1 0 0 0 0 0 0
4332 62050 0 0 0 0 0 0 0 0
4333 62050 0 0 31025 3 0 0 0 0
4334 186150 0 0 0 0 0 0 0 0
4339 139971 0 0 0 0 0 0 0 0
4343 222720 3 3 0 0 0 0 0 0
4346 221532 0 0 55383 0 0 0 0 0
4348 21200 0 0 0 0 0 0 0 0
4349 10600 1 1 0 0 0 0 0 0
4353 251512 0 0 0 0 0 0 0 0
4355 109872 0 0 0 0 0 0 0 0
4357 219744 0 0 0 0 0 0 0 0
4361 15884 0 0 15884 396 1 0 0 0
4364 31768 0 0 0 0 0 0 0 0
4366 26455 0 0 0 0 0 5291 0 0
4367 5291 0 0 0 0 0 0 0 0
4368 5291 0 0 0 0 0 0 0 0
4373 42372 0 0 10593 298 1 0 0 0
4376 21186 0 0 0 0 0 0 0 0
4378 31779 0 0 0 0 0 10593 0 0
4381 31779 0 0 0 0 0 21186 0 0
4384 42372 1 1 21186 0 0 0 0 0
4386 100 0 0 100 0 0 0 0 0
4387 300 1 1 0 0 0 0 0 0
4394 10493 0 0 0 0 0 0 0 0
4399 41972 0 0 10493 0 0 0 0 0
4400 20986 0 0 10493 0 0 0 0 0
4403 10493 0 0 0 0 0 10493 10197 5761
4404 10493 0 0 0 0 0 10493 0 0
4405 10493 0 0 0 0 0 10493 0 0
4408 20986 0 0 0 0 0 0 0 0
4409 10194 1 1 0 0 0 10194 0 0
4410 20986 0 0 0 0 0 0 0 0
4412 398 0 0 0 0 0 199 0 0
4415 83944 0 0 0 0 0 10493 0 0
4417 31479 0 0 0 0 0 10493 5154 2940
4418 10493 1 1 0 0 0 10493 0 0
4421 10593 0 0 0 0 0 0 0 0
4443 20432 1 1 20432 0 0 0 0 0
4444 40864 0 0 20432 125 0 0 0 0
4446 40864 0 0 20432 0 0 0 0 0
4449 61296 1 1 0 0 0 0 0 0
4451 20377 0 0 0 0 0 0 0 0
4452 40754 0 0 0 0 0 0 0 0
4453 20377 0 0 0 0 0 20377 0 0
4454 163016 0 0 0 0 0 20377 0 0
4456 40754 0 0 0 0 0 20377 20374 19978
4459 40754 1 1 0 0 0 0 0 0
4460 61296 1 1 0 0 0 20432 1 0
4461 20432 1 1 0 0 0 0 0 0
4466 220 0 0 55 52 0 55 0 0
4482 57 0 0 0 0 0 0 0 0
4487 493428 1 1 370071 0 0 0 0 0
fn=_int_realloc
4914 7208 4 4 0 0 0 5406 0 0
4925 3604 0 0 901 0 0 0 0 0
4926 4505 0 0 901 0 0 0 0 0
4927 3604 0 0 0 0 0 0 0 0
4933 1802 2 2 0 0 0 0 0 0
4935 1802 0 0 0 0 0 0 0 0
4936 2703 0 0 901 0 0 0 0 0
4938 3604 0 0 0 0 0 0 0 0
4941 1802 0 0 0 0 0 0 0 0
4951 2006 1 1 901 0 0 0 0 0
4952 102 1 1 0 0 0 0 0 0
4953 102 0 0 0 0 0 0 0 0
4955 2510 1 1 0 0 0 102 0 0
4956 204 0 0 0 0 0 102 0 0
4957 306 0 0 0 0 0 102 71 3
4959 204 0 0 0 0 0 0 0 0
4963 1598 0 0 799 96 0 0 0 0
4964 1598 0 0 0 0 0 0 0 0
4965 1595 1 1 0 0 0 0 0 0
4969 1194 0 0 0 0 0 796 0 0
4975 2005 0 0 0 0 0 802 0 0
4976 802 0 0 0 0 0 0 0 0
4979 401 0 0 0 0 0 0 0 0
4980 401 0 0 401 0 0 0 0 0
4985 1203 1 1 401 0 0 0 0 0
4992 401 0 0 0 0 0 0 0 0
4993 2807 0 0 401 0 0 0 0 0
4997 1604 0 0 0 0 0 401 0 0
4999 401 0 0 0 0 0 0 0 0
5008 796 0 0 0 0 0 0 0 0
5010 796 0 0 0 0 0 0 0 0
5012 1784 0 0 0 0 0 295 0 0
5013 1091 0 0 693 0 0 0 0 0
5017 103 0 0 0 0 0 0 0 0
5020 206 0 0 0 0 0 103 0 0
5021 309 1 1 0 0 0 103 103 4
5024 103 0 0 103 0 0 0 0 0
5025 412 0 0 0 0 0 103 0 0
5029 398 0 0 0 0 0 0 0 0
5030 8109 2 2 6307 0 0 0 0 0
fn=alloc_perturb
1985 91578 1 1 30526 0 0 0 0 0
1987 30526 0 0 30526 0 0 0 0 0
fn=calloc
3699 90909 1 1 0 0 0 60606 1 1
3709 90909 1 1 0 0 0 0 0 0
3717 20202 0 0 10101 0 0 0 0 0
3720 30303 0 0 20202 0 0 0 0 0
3722 20202 1 1 10101 0 0 0 0 0
3732 10101 1 1 10101 0 0 0 0 0
3733 30303 0 0 10101 0 0 0 0 0
3754 30303 0 0 0 0 0 10101 0 0
3756 101010 2 2 10101 0 0 0 0 0
3759 30303 1 1 10101 0 0 0 0 0
3784 10101 0 0 0 0 0 0 0 0
3796 30303 1 1 10101 0 0 0 0 0
3799 50505 0 0 0 0 0 0 0 0
3807 10101 1 1 0 0 0 0 0 0
3809 20202 0 0 0 0 0 0 0 0
3811 20202 0 0 0 0 0 0 0 0
3837 70707 1 1 60606 0 0 0 0 0
fn=free
3359 288491 2 2 0 0 0 164852 0 0
3363 82426 0 0 0 0 0 0 0 0
3371 82426 0 0 82426 779 5 0 0 0
3373 41213 0 0 0 0 0 0 0 0
3375 123639 0 0 41213 19768 12983 0 0 0
3379 6 1 1 2 0 0 0 0 0
3381 8 0 0 2 1 1 0 0 0
3383 2 0 0 0 0 0 1 0 0
3384 2 0 0 0 0 0 1 0 0
3385 1 0 0 0 0 0 0 0 0
3388 4 0 0 0 0 0 2 0 0
3392 123633 0 0 82422 202 2 0 0 0
3398 123633 1 1 0 0 0 41211 0 0
3401 41213 0 0 0 0 0 41213 2 1
3402 247278 1 1 206065 2 1 0 0 0
fn=malloc
1326 62226 0 0 0 0 0 0 0 0
1345 155564 1 1 0 0 0 0 0 0
3178 994 0 0 497 394 1 0 0 0
3182 994 0 0 0 0 0 0 0 0
3186 1988 0 0 497 298 1 497 0 0
3190 994 0 0 0 0 0 497 0 0
3191 497 0 0 0 0 0 497 0 0
3248 4 1 1 2 0 0 1 0 0
3294 248904 1 1 0 0 0 124452 350 1
3301 62226 0 0 31113 257 2 0 0 0
3311 62224 0 0 0 0 0 0 0 0
3313 124452 0 0 62226 535 2 0 0 0
3316 62226 1 1 31113 281 1 0 0 0
3317 4 0 0 1 0 0 0 0 0
3318 91833 0 0 30611 0 0 0 0 0
3326 61232 1 1 30616 294 1 0 0 0
3328 122464 1 1 0 0 0 30616 0 0
3329 153080 1 1 30616 0 0 0 0 0
3354 186678 0 0 155565 0 0 0 0 0
fn=malloc_consolidate
4811 2007 1 1 0 0 0 1338 93 1
4826 223 0 0 0 0 0 223 0 0
4828 446 0 0 0 0 0 223 3 1
4839 223 0 0 0 0 0 0 0 0
4841 4460 0 0 4460 1 1 0 0 0
4842 4460 1 1 0 0 0 0 0 0
4845 20172 1 1 0 0 0 0 0 0
4849 30258 1 1 10086 9190 2081 0 0 0
4850 40344 0 0 0 0 0 0 0 0
4855 50430 0 0 10086 4580 1084 0 0 0
4858 20172 0 0 0 0 0 0 0 0
4859 10086 0 0 0 0 0 0 0 0
4860 30258 0 0 10086 4256 91 0 0 0
4862 20172 1 1 0 0 0 0 0 0
4863 9992 0 0 9992 0 0 0 0 0
4864 9992 0 0 0 0 0 0 0 0
4865 9992 0 0 0 0 0 0 0 0
4866 39968 0 0 9992 7872 1136 0 0 0
4868 119904 0 0 49960 0 0 59952 0 0
4871 20172 1 1 10086 0 0 0 0 0
4874 20172 0 0 10086 9747 3910 0 0 0
4875 9671 0 0 0 0 0 0 0 0
4876 77368 0 0 29013 0 0 29013 0 0
4878 830 0 0 0 0 0 415 0 0
4880 10086 0 0 10086 0 0 0 0 0
4881 20172 0 0 0 0 0 10086 0 0
4882 20172 0 0 10086 0 0 10086 0 0
4884 20172 0 0 0 0 0 0 0 0
4885 10898 0 0 0 0 0 5449 260 260
4889 30258 0 0 0 0 0 10086 0 0
4891 10086 0 0 0 0 0 10086 0 0
4892 29428 1 1 0 0 0 19757 0 0
4901 30035 0 0 0 0 0 0 0 0
4904 6690 0 0 2230 0 0 0 0 0
4905 1784 0 0 1561 2 0 0 0 0
fn=munmap_chunk
3024 4 1 1 0 0 0 2 0 0
3025 4 0 0 4 4 4 0 0 0
3026 6 0 0 2 0 0 0 0 0
3028 4 0 0 0 0 0 0 0 0
3030 2 0 0 0 0 0 0 0 0
3031 6 1 1 2 0 0 0 0 0
3032 2 0 0 0 0 0 0 0 0
3038 8 0 0 0 0 0 0 0 0
3039 10 0 0 0 0 0 0 0 0
3042 2 0 0 4 0 0 0 0 0
3043 6 1 1 4 0 0 0 0 0
3048 4 0 0 0 0 0 0 0 0
3049 2 0 0 2 0 0 0 0 0
fn=ptmalloc_init.part.0
1946 385 0 0 0 0 0 0 0 0
1949 381 0 0 0 0 0 127 33 32
1957 1 0 0 0 0 0 1 0 0
1958 1 0 0 0 0 0 1 1 1
1960 1 0 0 0 0 0 1 0 0
3143 2 0 0 0 0 0 0 0 0
fn=realloc
1326 1802 0 0 0 0 0 0 0 0
1345 5406 0 0 0 0 0 0 0 0
3407 9933 1 1 0 0 0 5418 0 0
3413 1806 1 1 903 0 0 0 0 0
3417 1806 0 0 0 0 0 0 0 0
3424 1806 0 0 0 0 0 0 0 0
3425 4 0 0 0 0 0 0 0 0
3433 901 0 0 0 0 0 0 0 0
3441 1802 1 1 0 0 0 0 0 0
3443 901 0 0 0 0 0 0 0 0
3444 1802 0 0 0 0 0 0 0 0
3456 2703 0 0 1802 0 0 0 0 0
3464 3604 0 0 0 0 0 0 0 0
3465 1802 2 2 0 0 0 0 0 0
3475 1802 0 0 0 0 0 0 0 0
3506 1802 0 0 901 0 0 0 0 0
3508 6307 1 1 0 0 0 1802 0 0
3509 6307 2 2 901 0 0 0 0 0
3538 8123 0 0 6319 0 0 0 0 0
5241 2703 0 0 901 98 0 0 0 0
5242 2703 1 1 0 0 0 0 0 0
5243 1802 0 0 901 0 0 0 0 0
5244 901 0 0 0 0 0 0 0 0
fn=sysmalloc_mmap.isra.0
2008 8 0 0 2 0 0 0 0 0
2400 12 1 1 0 0 0 8 1 0
2413 6 0 0 0 0 0 0 0 0
2418 4 0 0 0 0 0 0 0 0
2421 20 1 1 0 0 0 2 0 0
2424 4 0 0 0 0 0 0 0 0
2428 4 0 0 0 0 0 0 0 0
2432 8 1 1 0 0 0 2 0 0
2448 6 0 0 0 0 0 0 0 0
2466 2 0 0 0 0 0 2 2 2
2467 6 0 0 0 0 0 2 0 0
2471 6 1 1 4 0 0 0 0 0
2472 10 0 0 4 0 0 0 0 0
2475 6 0 0 4 0 0 0 0 0
2476 10 1 1 4 0 0 0 0 0
2481 14 0 0 10 0 0 0 0 0
fn=tcache_init.part.0
3242 4 1 1 0 0 0 2 0 0
3251 8 1 1 3 0 0 0 0 0
3252 3 0 0 0 0 0 1 0 0
3253 2 0 0 0 0 0 0 0 0
3261 4 0 0 2 0 0 0 0 0
3270 2 1 1 1 0 0 1 0 0
3274 3 0 0 3 0 0 0 0 0
fn=unlink_chunk.isra.0
1608 102852 1 1 0 0 0 51426 0 0
1610 257130 1 1 102852 5258 3004 0 0 0
1613 102852 0 0 102852 7083 313 0 0 0
1614 102852 0 0 51426 0 0 0 0 0
1616 205704 0 0 102852 68886 11368 0 0 0
1619 51426 0 0 0 0 0 51426 0 0
1620 51426 0 0 0 0 0 51426 0 0
1621 139272 0 0 12140 5632 834 0 0 0
1623 1000 0 0 500 0 0 0 0 0
1624 1500 0 0 1000 0 0 0 0 0
1627 1000 0 0 500 100 1 0 0 0
1641 500 0 0 0 0 0 500 0 0
1642 500 0 0 0 0 0 500 0 0
1645 102852 1 1 102852 0 0 0 0 0
fl=./malloc/./malloc/morecore.c
fn=__glibc_morecore
25 162 4 2 0 0 0 54 0 0
26 108 0 0 54 0 0 0 0 0
29 54 0 0 0 0 0 54 0 0
30 108 0 0 0 0 0 0 0 0
34 108 0 0 108 0 0 0 0 0
fl=./malloc/./malloc/scratch_buffer_set_array_size.c
fn=__libc_scratch_buffer_set_array_size
30 39 1 1 0 0 0 12 0 0
34 3 0 0 0 0 0 0 0 0
35 6 0 0 0 0 0 0 0 0
45 6 0 0 3 0 0 0 0 0
46 3 0 0 0 0 0 0 0 0
63 18 1 1 15 0 0 0 0 0
fl=./misc/../sysdeps/unix/syscall-template.S
fn=gettid
91 3 1 1 0 0 0 0 0 0
93 1 0 0 1 0 0 0 0 0
fn=mprotect
117 30 3 3 0 0 0 0 0 0
122 6 0 0 6 0 0 0 0 0
fn=munmap
117 20 1 1 0 0 0 0 0 0
122 4 0 0 4 0 0 0 0 0
fl=./misc/../sysdeps/unix/sysv/linux/brk.c
fn=brk
36 54 2 1 0 0 0 0 0 0
37 108 0 0 54 0 0 54 0 0
38 108 0 0 0 0 0 0 0 0
44 54 0 0 0 0 0 0 0 0
45 54 0 0 54 0 0 0 0 0
fl=./misc/../sysdeps/unix/sysv/linux/brk_call.h
fn=brk
24 108 0 0 0 0 0 0 0 0
fl=./misc/../sysdeps/unix/sysv/linux/getpagesize.c
fn=getpagesize
27 2 1 1 0 0 0 0 0 0
28 8 0 0 4 0 0 0 0 0
30 2 0 0 2 0 0 0 0 0
fl=./misc/../sysdeps/unix/sysv/linux/mmap64.c
fn=mmap
47 133 2 2 0 0 0 57 0 0
50 38 0 0 0 0 0 0 0 0
53 89 2 2 3 0 0 0 0 0
58 114 0 0 0 0 0 0 0 0
60 76 0 0 76 0 0 0 0 0
fl=./misc/../sysdeps/unix/sysv/linux/setvmaname.c
fn=__set_vma_name
33 25 3 3 0 0 0 12 0 0
35 17 0 0 7 2 2 2 0 0
40 14 0 0 2 0 0 2 1 1
47 2 2 2 0 0 0 2 0 0
48 1 0 0 0 0 0 0 0 0
49 27 1 1 19 0 0 0 0 0
fl=./misc/./misc/getauxval.c
fn=getauxval
30 4 0 0 0 0 0 0 0 0
32 2 0 0 2 0 0 0 0 0
35 4 0 0 0 0 0 0 0 0
42 184 0 0 48 13 7 0 0 0
43 88 0 0 0 0 0 0 0 0
56 2 1 1 0 0 0 0 0 0
62 4 1 1 2 0 0 2 0 0
63 2 0 0 0 0 0 0 0 0
64 2 0 0 2 0 0 0 0 0
fl=./misc/./misc/init-misc.c
fn=__init_misc
30 5 1 1 0 0 0 3 0 0
31 6 0 0 1 0 0 0 0 0
33 3 0 0 0 0 0 1 0 0
37 5 0 0 1 0 0 1 1 0
38 3 1 1 2 0 0 1 0 0
40 4 0 0 4 0 0 0 0 0
fl=./misc/./misc/sbrk.c
fn=sbrk
37 432 1 1 0 0 0 216 52 0
40 108 0 0 108 104 0 0 0 0
43 108 0 0 54 52 0 0 0 0
58 108 2 1 0 0 0 0 0 0
59 4 1 1 0 0 0 1 0 0
62 108 0 0 0 0 0 0 0 0
63 2 0 0 1 0 0 0 0 0
66 212 0 0 0 0 0 0 0 0
74 159 2 1 0 0 0 53 0 0
78 378 0 0 270 0 0 0 0 0
fl=./nptl/../string/bits/string_fortified.h
fn=pthread_attr_init@@GLIBC_2.2.5
59 5 0 0 0 0 0 4 0 0
fn=pthread_attr_setaffinity_np@@GLIBC_2.32
29 4 0 0 0 0 0 1 0 0
fn=pthread_getaffinity_np@@GLIBC_2.32
59 2 0 0 0 0 0 1 0 0
fn=pthread_getattr_np@@GLIBC_2.32
29 2 0 0 1 0 0 1 0 0
fl=./nptl/../sysdeps/unix/sysv/linux/x86/elision-conf.c
fn=__lll_elision_init
92 8 1 1 1 0 0 3 0 0
96 5 1 1 0 0 0 1 0 0
98 4 0 0 0 0 0 1 0 0
100 4 1 1 0 0 0 1 0 0
102 4 0 0 0 0 0 1 0 0
104 4 0 0 0 0 0 1 0 0
107 3 0 0 1 1 1 0 0 0
108 1 1 1 0 0 0 1 1 1
109 6 0 0 5 0 0 0 0 0
fl=./nptl/./nptl/libc-cleanup.c
fn=__libc_cleanup_pop_restore
54 46 2 2 0 0 0 0 0 0
55 46 0 0 46 0 0 0 0 0
57 92 0 0 46 0 0 46 0 0
59 46 0 0 46 0 0 0 0 0
60 138 0 0 46 0 0 0 0 0
71 46 2 2 46 0 0 0 0 0
fn=__libc_cleanup_push_defer
24 46 2 2 0 0 0 0 0 0
25 46 0 0 46 0 0 0 0 0
27 92 2 2 46 0 0 46 0 0
29 92 0 0 46 1 1 0 0 0
32 92 0 0 0 0 0 0 0 0
46 138 0 0 0 0 0 46 0 0
48 46 0 0 0 0 0 46 0 0
49 46 0 0 46 0 0 0 0 0
fl=./nptl/./nptl/pthread_attr_destroy.c
fn=pthread_attr_destroy
26 6 1 1 0 0 0 2 0 0
36 3 0 0 1 0 0 0 0 0
38 2 0 0 1 0 0 1 0 0
39 2 0 0 1 0 0 1 0 0
44 4 0 0 3 0 0 0 0 0
fl=./nptl/./nptl/pthread_attr_extension.c
fn=__pthread_attr_extension
25 6 2 2 0 0 0 2 0 0
26 2 0 0 1 0 0 0 0 0
27 1 0 0 0 0 0 0 0 0
28 4 0 0 0 0 0 2 0 0
29 2 0 0 0 0 0 0 0 0
32 3 0 0 3 0 0 0 0 0
fl=./nptl/./nptl/pthread_attr_getstack.c
fn=pthread_attr_getstack@@GLIBC_2.34
24 2 1 1 0 0 0 0 0 0
31 4 0 0 2 0 0 1 0 0
35 1 0 0 0 0 0 1 0 0
38 2 0 0 1 0 0 0 0 0
fl=./nptl/./nptl/pthread_attr_init.c
fn=pthread_attr_init@@GLIBC_2.2.5
32 6 1 1 0 0 0 2 0 0
46 3 0 0 0 0 0 2 0 0
49 4 0 0 3 0 0 0 0 0
fl=./nptl/./nptl/pthread_attr_setaffinity.c
fn=pthread_attr_setaffinity_np@@GLIBC_2.32
29 8 1 1 0 0 0 4 0 0
34 5 0 0 0 0 0 0 0 0
45 1 0 0 0 0 0 1 0 0
46 2 0 0 0 0 0 0 0 0
49 3 0 0 2 0 0 0 0 0
51 4 0 0 1 0 0 1 0 0
52 2 1 1 0 0 0 0 0 0
55 2 0 0 1 0 0 1 0 0
56 1 0 0 0 0 0 1 0 0
62 1 0 0 0 0 0 0 0 0
63 7 1 1 5 0 0 0 0 0
fl=./nptl/./nptl/pthread_getaffinity.c
fn=pthread_getaffinity_np@@GLIBC_2.32
30 5 2 2 0 0 0 1 0 0
33 6 0 0 1 0 0 0 0 0
35 2 0 0 0 0 0 0 0 0
39 4 0 0 0 0 0 0 0 0
41 1 0 0 0 0 0 0 0 0
42 2 0 0 2 0 0 0 0 0
fl=./nptl/./nptl/pthread_getattr_np.c
fn=pthread_getattr_np@@GLIBC_2.32
33 14 2 2 1 0 0 7 0 0
37 3 0 0 0 0 0 1 0 0
38 2 0 0 0 0 0 0 0 0
43 7 1 1 1 1 0 1 0 0
49 4 1 1 1 0 0 1 0 0
52 1 0 0 1 0 0 0 0 0
55 2 0 0 1 0 0 0 0 0
59 2 0 0 1 1 0 1 0 0
62 3 0 0 1 0 0 0 0 0
85 5 1 1 0 0 0 2 0 0
86 3 0 0 1 0 0 0 0 0
91 7 0 0 1 0 0 2 0 0
102 2 0 0 2 1 0 0 0 0
103 11 1 1 7 0 0 0 0 0
105 1 0 0 0 0 0 0 0 0
108 4 1 1 1 0 0 1 0 0
112 7 1 1 0 0 0 1 0 0
114 1 0 0 0 0 0 1 0 0
115 1 0 0 0 0 0 1 0 0
117 3 1 1 0 0 0 0 0 0
120 92 1 1 41 0 0 5 0 0
122 252 1 1 0 0 0 42 0 0
127 336 0 0 42 0 0 42 0 0
129 168 0 0 126 0 0 0 0 0
130 126 0 0 42 0 0 0 0 0
133 1 0 0 0 0 0 1 0 0
135 4 1 1 1 0 0 0 0 0
140 2 0 0 0 0 0 1 0 0
141 1 0 0 0 0 0 0 0 0
144 2 0 0 0 0 0 0 0 0
145 1 0 0 0 0 0 0 0 0
158 41 0 0 0 0 0 0 0 0
162 7 1 1 3 0 0 3 0 0
165 6 1 1 2 0 0 3 0 0
169 1 0 0 1 0 0 0 0 0
171 2 0 0 0 0 0 0 0 0
178 1 1 1 0 0 0 0 0 0
180 5 0 0 0 0 0 1 0 0
181 2 0 0 0 0 0 0 0 0
188 4 0 0 0 0 0 1 0 0
191 4 0 0 0 0 0 0 0 0
193 7 1 1 1 0 0 0 0 0
194 7 1 1 0 0 0 3 0 0
198 2 0 0 0 0 0 1 0 0
201 6 1 1 5 0 0 0 0 0
203 2 0 0 0 0 0 0 0 0
207 12 1 0 9 0 0 0 0 0
fl=./nptl/./nptl/pthread_mutex_conf.c
fn=__pthread_tunables_init
55 8 1 1 1 0 0 3 0 0
56 5 1 1 0 0 0 1 0 0
58 4 0 0 0 0 0 1 0 0
60 4 1 1 0 0 0 1 0 0
62 6 0 0 5 0 0 0 0 0
fl=./nptl/./nptl/pthread_mutex_lock.c
fn=pthread_mutex_lock@@GLIBC_2.2.5
44 1 1 1 1 0 0 0 0 0
45 7 1 1 2 0 0 0 0 0
46 1 0 0 0 0 0 1 0 0
77 5 1 1 0 0 0 2 0 0
80 3 0 0 1 0 0 0 0 0
82 1 0 0 0 0 0 0 0 0
84 2 0 0 0 0 0 0 0 0
88 2 0 0 0 0 0 0 0 0
97 2 1 1 0 0 0 0 0 0
108 4 0 0 1 0 0 0 0 0
112 1 0 0 1 1 1 0 0 0
115 2 0 0 1 0 0 0 0 0
124 1 0 0 0 0 0 0 0 0
130 3 0 0 1 0 0 0 0 0
131 2 0 0 0 0 0 1 0 0
179 1 1 1 1 0 0 0 0 0
182 1 1 1 0 0 0 1 0 0
184 1 0 0 1 0 0 0 0 0
187 1 0 0 0 0 0 0 0 0
190 3 0 0 3 0 0 0 0 0
fl=./nptl/./nptl/pthread_mutex_unlock.c
fn=pthread_mutex_unlock@@GLIBC_2.2.5
39 1 0 0 1 0 0 0 0 0
40 4 1 1 1 0 0 0 0 0
41 1 0 0 0 0 0 1 0 0
51 3 0 0 1 0 0 0 0 0
52 2 0 0 0 0 0 0 0 0
57 2 0 0 0 0 0 0 0 0
62 1 0 0 0 0 0 1 0 0
65 1 0 0 1 0 0 0 0 0
70 1 0 0 0 0 0 0 0 0
72 1 0 0 0 0 0 0 0 0
74 2 1 1 0 0 0 0 0 0
80 4 0 0 1 0 0 0 0 0
84 3 0 0 2 0 0 0 0 0
87 2 1 1 1 0 0 0 0 0
367 4 1 1 0 0 0 1 0 0
369 2 0 0 2 0 0 0 0 0
fl=./nptl/./nptl/pthread_self.c
fn=pthread_self
23 1 1 1 0 0 0 0 0 0
25 2 0 0 2 0 0 0 0 0
fl=./posix/../malloc/dynarray-skeleton.c
fn=__unregister_atfork
243 3 0 0 3 1 1 0 0 0
fl=./posix/../sysdeps/posix/sysconf.c
fn=sysconf
60 14 6 6 1 1 1 0 0 0
221 3 1 1 0 0 0 1 0 0
fl=./posix/../sysdeps/unix/sysv/linux/_exit.c
fn=_Exit
27 2 1 1 1 0 0 0 0 0
30 4 0 0 0 0 0 0 0 0
fl=./posix/../sysdeps/unix/sysv/linux/x86/../sysconf.c
fn=sysconf
49 10 0 0 0 0 0 0 0 0
fl=./posix/../sysdeps/unix/sysv/linux/x86/sysconf.c
fn=sysconf
32 12 1 1 1 0 0 6 0 0
33 3 1 1 0 0 0 0 0 0
37 10 1 1 8 0 0 0 0 0
fl=./posix/./posix/register-atfork.c
fn=__unregister_atfork
71 6 1 1 0 0 0 0 0 0
82 18 1 1 0 0 0 6 0 0
83 12 0 0 3 1 1 0 0 0
109 12 1 1 6 0 0 0 0 0
110 9 0 0 9 0 0 0 0 0
fl=./resource/../sysdeps/unix/sysv/linux/getrlimit64.c
fn=getrlimit
38 4 1 1 0 0 0 0 0 0
39 14 0 0 0 0 0 0 0 0
40 2 0 0 2 0 0 0 0 0
fl=./setjmp/../sysdeps/x86_64/bsd-_setjmp.S
fn=_setjmp
28 1 1 1 0 0 0 0 0 0
30 1 0 0 0 0 0 0 0 0
32 1 0 0 0 0 0 0 0 0
fl=./setjmp/../sysdeps/x86_64/setjmp.S
fn=__sigsetjmp
31 7 2 2 0 0 0 0 0 0
33 7 0 0 0 0 0 7 0 0
42 7 0 0 0 0 0 0 0 0
43 14 0 0 7 0 0 0 0 0
44 7 0 0 0 0 0 7 0 0
48 7 0 0 0 0 0 7 0 0
49 7 0 0 0 0 0 7 0 0
50 7 0 0 0 0 0 7 1 1
51 7 0 0 0 0 0 7 0 0
52 7 0 0 0 0 0 0 0 0
54 14 1 1 7 0 0 0 0 0
56 7 0 0 0 0 0 7 0 0
57 7 1 1 7 0 0 0 0 0
58 7 0 0 0 0 0 0 0 0
60 14 0 0 7 0 0 0 0 0
62 7 0 0 0 0 0 7 0 0
67 1 0 0 1 1 0 0 0 0
68 1 0 0 0 0 0 0 0 0
70 6 0 0 0 0 0 0 0 0
73 6 0 0 0 0 0 0 0 0
74 6 0 0 0 0 0 6 0 0
81 6 0 0 0 0 0 0 0 0
82 6 0 0 6 0 0 0 0 0
85 1 1 1 0 0 0 0 0 0
fl=./setjmp/./setjmp/sigjmp.c
fn=__sigjmp_save
28 6 0 0 0 0 0 2 0 0
29 1 0 0 0 0 0 1 0 0
30 2 0 0 0 0 0 0 0 0
34 4 0 0 3 0 0 0 0 0
fl=./signal/../string/bits/string_fortified.h
fn=__libc_sigaction
29 96 3 3 48 1 0 48 1 0
fl=./signal/../sysdeps/posix/signal.c
fn=signal
30 7 2 2 1 0 0 2 1 0
34 5 0 0 0 0 0 0 0 0
35 2 0 0 0 0 0 0 0 0
41 1 0 0 0 0 0 1 0 0
44 4 1 1 0 0 0 1 1 0
45 6 0 0 0 0 0 1 0 0
48 1 0 0 1 0 0 0 0 0
49 5 0 0 4 0 0 0 0 0
fl=./signal/../sysdeps/unix/syscall-template.S
fn=sigaltstack
120 15 2 2 0 0 0 0 0 0
122 3 0 0 3 0 0 0 0 0
fl=./signal/../sysdeps/unix/sysv/linux/internal-signals.h
fn=sigaction
53 5 0 0 0 0 0 0 0 0
fn=signal
53 1 0 0 0 0 0 0 0 0
fl=./signal/../sysdeps/unix/sysv/linux/libc_sigaction.c
fn=__libc_sigaction
43 40 1 1 5 0 0 10 0 0
48 10 0 0 0 0 0 0 0 0
50 6 0 0 3 0 0 3 0 0
53 15 1 1 3 0 0 6 0 0
58 51 1 1 0 0 0 0 0 0
63 20 0 0 0 0 0 0 0 0
65 6 0 0 3 0 0 3 0 0
67 6 1 1 3 0 0 3 0 0
68 6 0 0 3 0 0 3 0 0
71 30 0 0 20 0 0 0 0 0
fl=./signal/../sysdeps/unix/sysv/linux/sigsetops.h
fn=signal
96 1 0 0 1 1 0 0 0 0
102 2 0 0 0 0 0 0 0 0
104 1 0 0 0 0 0 1 0 0
fl=./signal/./signal/sigaction.c
fn=sigaction
26 5 1 1 0 0 0 0 0 0
27 25 0 0 0 0 0 0 0 0
33 5 0 0 0 0 0 0 0 0
fl=./stdio-common/../include/scratch_buffer.h
fn=__vfscanf_internal
77 126 0 0 0 0 0 84 0 0
78 42 0 0 0 0 0 42 1 0
85 168 1 1 84 0 0 0 0 0
113 588 0 0 0 0 0 84 0 0
fl=./stdio-common/../libio/strfile.h
fn=__isoc23_sscanf
87 42 1 1 0 0 0 42 0 0
88 294 1 1 0 0 0 42 0 0
89 84 0 0 0 0 0 42 0 0
90 210 0 0 0 0 0 42 0 0
fl=./stdio-common/../string/bits/string_fortified.h
fn=__vfscanf_internal
59 42 0 0 0 0 0 42 0 0
fl=./stdio-common/./stdio-common/getline.c
fn=getline
27 84 1 1 0 0 0 0 0 0
28 84 1 1 0 0 0 0 0 0
fl=./stdio-common/./stdio-common/isoc23_sscanf.c
fn=__isoc23_sscanf
24 756 2 2 42 0 0 378 0 0
30 252 1 1 0 0 0 168 0 0
31 210 0 0 0 0 0 42 0 0
36 378 1 1 294 0 0 0 0 0
fl=./stdio-common/./stdio-common/printf-parse.h
fn=__vfscanf_internal
55 504 1 1 84 0 0 84 0 0
fl=./stdio-common/./stdio-common/vfscanf-internal.c
fn=__vfscanf_internal
206 252 1 1 252 0 0 0 0 0
214 168 0 0 0 0 0 0 0 0
222 336 0 0 0 0 0 84 0 0
223 168 0 0 84 0 0 0 0 0
231 84 0 0 84 0 0 0 0 0
260 2962 1 1 1424 0 0 0 0 0
263 2388 0 0 0 0 0 1592 1 0
278 546 2 2 0 0 0 378 2 0
282 42 0 0 0 0 0 42 0 0
283 126 0 0 0 0 0 42 0 0
284 42 0 0 0 0 0 0 0 0
288 210 0 0 126 0 0 84 1 0
289 84 1 1 42 0 0 42 1 0
293 42 0 0 0 0 0 42 0 0
313 42 0 0 0 0 0 42 0 0
325 42 1 1 0 0 0 42 0 0
326 42 0 0 0 0 0 42 0 0
327 42 0 0 0 0 0 42 0 0
328 42 0 0 0 0 0 42 0 0
332 42 1 1 0 0 0 42 0 0
339 210 1 1 84 0 0 126 1 0
345 210 1 1 42 0 0 0 0 0
348 168 0 0 84 0 0 0 0 0
352 84 0 0 84 0 0 0 0 0
359 84 0 0 42 1 0 42 0 0
365 42 0 0 42 1 0 0 0 0
367 168 0 0 42 1 1 42 0 0
372 420 2 2 126 1 0 168 1 0
381 672 1 1 336 2 2 0 0 0
419 252 0 0 0 0 0 0 0 0
443 336 0 0 126 0 0 84 0 0
444 252 0 0 0 0 0 0 0 0
447 210 1 1 126 0 0 0 0 0
454 378 0 0 126 0 0 42 0 0
462 126 0 0 42 0 0 0 0 0
470 84 0 0 0 0 0 0 0 0
483 84 1 1 0 0 0 84 0 0
489 420 0 0 84 0 0 0 0 0
506 420 2 2 0 0 0 0 0 0
530 84 0 0 0 0 0 0 0 0
533 924 1 1 84 1 1 84 0 0
546 252 1 1 84 0 0 0 0 0
554 84 0 0 84 0 0 0 0 0
660 168 1 1 0 0 0 0 0 0
664 168 1 1 0 0 0 84 0 0
665 504 0 0 84 0 0 0 0 0
669 168 0 0 168 0 0 0 0 0
670 840 1 1 84 0 0 336 0 0
676 756 1 1 252 0 0 84 0 0
679 504 0 0 168 2 1 0 0 0
680 672 1 1 252 0 0 84 0 0
681 672 0 0 0 0 0 252 0 0
685 1260 2 2 420 1 1 252 0 0
1449 588 2 2 252 0 0 84 0 0
1454 252 0 0 0 0 0 0 0 0
1463 588 2 2 0 0 0 0 0 0
1465 216 0 0 0 0 0 0 0 0
1469 378 1 1 162 0 0 54 0 0
1471 432 0 0 162 1 1 0 0 0
1483 108 0 0 0 0 0 0 0 0
1493 108 1 1 0 0 0 0 0 0
1497 60 1 1 0 0 0 0 0 0
1500 252 1 1 0 0 0 0 0 0
1741 336 0 0 84 0 0 84 0 0
1812 2156 1 1 0 0 0 0 0 0
1814 1484 0 0 0 0 0 0 0 0
1816 3794 0 0 2226 1 1 0 0 0
1821 252 1 1 84 0 0 84 0 0
1876 658 0 0 0 0 0 0 0 0
1878 2632 0 0 0 0 0 0 0 0
1880 5922 1 1 1974 0 0 658 0 0
1883 168 0 0 0 0 0 0 0 0
1890 168 1 1 0 0 0 0 0 0
1891 168 0 0 0 0 0 0 0 0
1919 840 1 1 252 0 0 168 0 0
1923 168 0 0 84 0 0 0 0 0
1940 252 0 0 0 0 0 0 0 0
1941 168 1 1 0 0 0 0 0 0
1944 336 1 1 84 0 0 84 0 0
1947 252 1 1 168 0 0 0 0 0
1950 420 0 0 84 0 0 84 0 0
1952 168 0 0 0 0 0 0 0 0
1956 84 0 0 0 0 0 0 0 0
1969 168 1 1 0 0 0 0 0 0
1970 1008 1 1 336 0 0 168 0 0
1979 168 0 0 84 0 0 0 0 0
3078 168 1 1 0 0 0 0 0 0
3083 84 1 1 0 0 0 0 0 0
3094 252 1 1 84 0 0 0 0 0
3097 84 1 1 0 0 0 0 0 0
3104 168 1 1 42 0 0 42 0 0
3108 84 0 0 42 0 0 0 0 0
3125 84 0 0 42 0 0 0 0 0
3131 504 1 1 420 0 0 0 0 0
fl=./stdlib/../stdlib/strtol.c
fn=__strtoul_internal
107 84 1 1 0 0 0 0 0 0
108 336 0 0 168 0 0 0 0 0
fl=./stdlib/../stdlib/strtol_l.c
fn=____strtoul_l_internal
238 1092 1 1 0 0 0 756 1 0
252 84 1 1 84 0 0 0 0 0
257 84 0 0 0 0 0 0 0 0
258 30 0 0 0 0 0 0 0 0
264 168 0 0 0 0 0 0 0 0
292 84 0 0 0 0 0 0 0 0
295 336 0 0 0 0 0 0 0 0
304 504 0 0 336 0 0 0 0 0
306 168 1 1 0 0 0 0 0 0
310 84 0 0 0 0 0 84 0 0
311 168 0 0 0 0 0 0 0 0
316 168 0 0 0 0 0 0 0 0
320 168 1 1 0 0 0 0 0 0
322 378 1 1 162 2 1 0 0 0
327 108 1 1 54 0 0 0 0 0
332 270 2 2 0 0 0 0 0 0
335 60 0 0 0 0 0 0 0 0
342 60 1 1 0 0 0 0 0 0
387 60 0 0 0 0 0 0 0 0
390 228 0 0 84 1 1 0 0 0
391 360 0 0 84 1 1 84 0 0
393 84 0 0 0 0 0 0 0 0
394 84 0 0 0 0 0 0 0 0
395 138 1 1 0 0 0 0 0 0
449 1424 0 0 712 0 0 0 0 0
451 2998 0 0 30 0 0 0 0 0
453 2136 1 1 0 0 0 0 0 0
460 132 0 0 0 0 0 0 0 0
477 216 1 1 150 0 0 0 0 0
478 216 0 0 66 1 1 0 0 0
481 2136 0 0 0 0 0 0 0 0
484 2848 1 1 0 0 0 0 0 0
489 880 0 0 0 0 0 0 0 0
490 2136 0 0 0 0 0 0 0 0
495 168 0 0 0 0 0 0 0 0
500 252 0 0 84 0 0 0 0 0
501 84 0 0 0 0 0 84 0 0
513 168 0 0 0 0 0 0 0 0
524 420 1 1 84 0 0 0 0 0
546 756 0 0 588 0 0 0 0 0
fl=./stdlib/../sysdeps/unix/sysv/linux/getrandom.c
fn=getrandom
28 1 1 1 0 0 0 0 0 0
29 6 0 0 1 0 0 0 0 0
30 1 0 0 1 0 0 0 0 0
fl=./stdlib/./stdlib/cxa_atexit.c
fn=__cxa_atexit
41 2 1 1 0 0 0 0 0 0
43 8 0 0 1 1 0 0 0 0
44 2 0 0 0 0 0 1 0 0
46 2 0 0 0 0 0 0 0 0
52 3 0 0 1 0 0 0 0 0
53 1 0 0 0 0 0 1 0 0
54 1 0 0 0 0 0 1 0 0
55 1 1 1 0 0 0 1 0 0
56 1 0 0 0 0 0 1 0 0
57 4 0 0 2 0 0 0 0 0
58 1 0 0 0 0 0 0 0 0
67 7 1 1 0 0 0 5 0 0
69 6 0 0 6 0 0 0 0 0
fn=__new_exitfn
80 5 1 1 0 0 0 3 0 0
81 1 0 0 0 0 0 0 0 0
86 2 0 0 1 1 1 0 0 0
91 10 0 0 2 1 0 0 0 0
93 4 1 1 1 1 0 0 0 0
101 1 0 0 0 0 0 1 0 0
122 1 0 0 0 0 0 0 0 0
123 1 1 1 0 0 0 1 0 0
134 1 0 0 0 0 0 0 0 0
136 1 1 1 0 0 0 1 0 0
137 1 0 0 1 0 0 0 0 0
141 5 0 0 4 0 0 0 0 0
fl=./stdlib/./stdlib/cxa_finalize.c
fn=__cxa_finalize
30 30 1 1 0 0 0 18 0 0
33 21 0 0 3 0 0 0 0 0
36 21 2 2 6 0 0 0 0 0
40 21 0 0 3 0 0 0 0 0
93 21 2 2 6 1 1 0 0 0
97 18 0 0 3 1 1 0 0 0
105 6 0 0 0 0 0 3 0 0
106 12 0 0 6 0 0 0 0 0
107 24 0 0 21 0 0 0 0 0
fl=./stdlib/./stdlib/cxa_thread_atexit_impl.c
fn=__call_tls_dtors
148 5 1 1 0 0 0 3 0 0
149 4 1 1 2 0 0 0 0 0
165 4 1 1 4 0 0 0 0 0
fl=./stdlib/./stdlib/exit.c
fn=__run_exit_handlers
38 12 1 1 0 0 0 8 0 0
40 2 0 0 0 0 0 0 0 0
41 2 1 1 0 0 0 1 1 1
43 5 1 1 1 1 1 0 0 0
54 2 0 0 2 1 1 0 0 0
56 2 0 0 0 0 0 0 0 0
60 1 0 0 0 0 0 1 1 1
64 6 0 0 2 1 1 0 0 0
66 2 1 1 0 0 0 1 0 0
67 1 0 0 1 0 0 0 0 0
69 7 0 0 1 0 0 0 0 0
94 2 0 0 0 0 0 0 0 0
101 1 0 0 0 0 0 1 0 0
102 1 1 1 1 0 0 0 0 0
103 1 0 0 1 0 0 0 0 0
104 3 0 0 1 0 0 0 0 0
107 4 0 0 2 0 0 0 0 0
108 3 0 0 0 0 0 1 0 0
109 4 1 1 1 0 0 0 0 0
113 3 1 1 1 0 0 0 0 0
119 3 1 1 2 0 0 1 0 0
120 2 0 0 0 0 0 0 0 0
126 4 1 1 2 0 0 0 0 0
128 2 0 0 1 0 0 0 0 0
129 2 0 0 0 0 0 1 0 0
131 2 0 0 0 0 0 1 0 0
fn=exit
137 3 1 1 0 0 0 1 0 0
138 4 0 0 0 0 0 1 0 0
fl=./string/../include/rtld-malloc.h
fn=strdup
56 10 0 0 5 0 0 5 0 0
fl=./string/../string/strcspn.c
fn=strcspn
32 6 1 1 0 0 0 2 0 0
33 3 0 0 1 1 1 0 0 0
34 2 0 0 1 0 0 0 0 0
39 6 0 0 0 0 0 4 2 2
40 4 1 1 0 0 0 4 1 1
41 4 0 0 0 0 0 4 1 1
42 4 0 0 0 0 0 4 0 0
44 1 0 0 0 0 0 0 0 0
47 9 1 1 3 0 0 3 0 0
48 6 0 0 0 0 0 0 0 0
51 4 0 0 2 0 0 0 0 0
52 4 0 0 2 0 0 0 0 0
53 4 1 1 2 0 0 0 0 0
54 4 0 0 2 0 0 0 0 0
56 3 0 0 0 0 0 0 0 0
61 13 0 0 0 0 0 0 0 0
62 26 0 0 26 1 1 0 0 0
63 26 1 1 26 0 0 0 0 0
64 26 0 0 26 0 0 0 0 0
65 13 0 0 13 0 0 0 0 0
67 78 0 0 13 0 0 0 0 0
69 1 0 0 0 0 0 0 0 0
70 4 0 0 0 0 0 0 0 0
71 3 0 0 3 0 0 0 0 0
fl=./string/../string/strstr.c
fn=__GI_strstr
77 12 1 1 1 0 0 7 0 0
82 3 1 1 1 1 1 0 0 0
84 5 0 0 0 0 0 1 0 0
85 2 0 0 0 0 0 0 0 0
86 2 1 1 0 0 0 0 0 0
161 12 0 0 9 0 0 0 0 0
fl=./string/../sysdeps/x86/cacheinfo.c
fn=__x86_cacheinfo
86 1 1 1 0 0 0 0 0 0
fl=./string/../sysdeps/x86/cacheinfo.h
fn=__x86_cacheinfo
59 1 0 0 1 0 0 0 0 0
62 3 1 1 1 1 0 0 0 0
64 3 0 0 0 0 0 1 0 0
65 1 0 0 0 0 0 1 1 1
71 3 0 0 1 0 0 0 0 0
73 3 1 1 0 0 0 1 0 0
74 1 0 0 0 0 0 1 0 0
78 2 0 0 1 0 0 1 1 1
80 2 0 0 1 0 0 1 0 0
81 2 0 0 1 0 0 1 0 0
82 2 0 0 1 0 0 1 0 0
84 2 1 1 1 1 0 0 0 0
86 2 0 0 1 0 0 0 0 0
fl=./string/../sysdeps/x86_64/multiarch/../multiarch/memcmp-sse2.S
fn=bcmp
59 1 1 1 0 0 0 0 0 0
71 1 0 0 0 0 0 0 0 0
72 1 0 0 0 0 0 0 0 0
94 1 0 0 0 0 0 0 0 0
95 1 0 0 0 0 0 0 0 0
140 1 1 1 1 0 0 0 0 0
141 1 0 0 1 0 0 0 0 0
143 1 0 0 0 0 0 0 0 0
144 1 0 0 0 0 0 0 0 0
146 1 0 0 1 0 0 0 0 0
147 1 0 0 1 0 0 0 0 0
149 1 0 0 0 0 0 0 0 0
150 1 0 0 0 0 0 0 0 0
197 1 0 0 0 0 0 0 0 0
198 1 0 0 0 0 0 0 0 0
199 1 0 0 0 0 0 0 0 0
200 1 0 0 0 0 0 0 0 0
201 1 0 0 0 0 0 0 0 0
202 1 0 0 1 0 0 0 0 0
fl=./string/../sysdeps/x86_64/multiarch/../multiarch/memset-vec-unaligned-erms.S
fn=memset
132 10 1 1 0 0 0 0 0 0
133 50 0 0 0 0 0 0 0 0
138 10 0 0 0 0 0 0 0 0
139 10 0 0 0 0 0 0 0 0
142 4 0 0 0 0 0 0 0 0
143 4 0 0 0 0 0 0 0 0
244 4 1 1 0 0 0 4 2 2
245 4 0 0 0 0 0 4 1 1
257 4 0 0 0 0 0 0 0 0
260 4 0 0 0 0 0 0 0 0
261 4 0 0 0 0 0 0 0 0
273 4 0 0 0 0 0 4 1 1
274 4 0 0 0 0 0 4 2 2
287 4 0 0 0 0 0 0 0 0
288 4 0 0 0 0 0 0 0 0
290 4 0 0 0 0 0 0 0 0
293 2 0 0 0 0 0 0 0 0
296 4 0 0 0 0 0 0 0 0
299 41 0 0 0 0 0 41 34 34
300 41 0 0 0 0 0 41 0 0
301 41 0 0 0 0 0 41 0 0
302 41 0 0 0 0 0 41 6 6
303 41 0 0 0 0 0 0 0 0
304 41 0 0 0 0 0 0 0 0
305 41 0 0 0 0 0 0 0 0
308 4 0 0 0 0 0 4 1 1
309 4 0 0 0 0 0 4 0 0
310 4 0 0 0 0 0 4 0 0
311 4 0 0 0 0 0 4 0 0
316 4 0 0 4 0 0 0 0 0
350 6 1 1 0 0 0 0 0 0
352 6 0 0 0 0 0 0 0 0
353 6 0 0 0 0 0 0 0 0
392 6 1 1 0 0 0 6 1 1
393 6 0 0 0 0 0 6 1 1
395 6 0 0 6 0 0 0 0 0
fl=./string/../sysdeps/x86_64/multiarch/../multiarch/strchr-sse2.S
fn=index
32 20 1 1 0 0 0 0 0 0
33 20 0 0 0 0 0 0 0 0
34 20 0 0 0 0 0 0 0 0
35 20 0 0 0 0 0 0 0 0
36 20 1 1 0 0 0 0 0 0
37 20 0 0 0 0 0 0 0 0
38 20 0 0 0 0 0 0 0 0
39 20 0 0 0 0 0 0 0 0
40 20 0 0 0 0 0 0 0 0
41 20 0 0 20 2 2 0 0 0
42 20 0 0 0 0 0 0 0 0
43 20 0 0 0 0 0 0 0 0
44 20 0 0 0 0 0 0 0 0
45 20 0 0 0 0 0 0 0 0
46 20 0 0 0 0 0 0 0 0
47 20 0 0 0 0 0 0 0 0
48 20 0 0 0 0 0 0 0 0
49 20 0 0 0 0 0 0 0 0
50 16 0 0 0 0 0 0 0 0
54 16 0 0 0 0 0 0 0 0
55 16 1 1 0 0 0 0 0 0
56 16 0 0 16 0 0 0 0 0
57 16 0 0 0 0 0 0 0 0
59 16 0 0 16 0 0 0 0 0
63 4 0 0 4 0 0 0 0 0
64 4 0 0 0 0 0 0 0 0
65 4 0 0 0 0 0 0 0 0
66 4 0 0 0 0 0 0 0 0
67 4 0 0 0 0 0 0 0 0
68 4 0 0 0 0 0 0 0 0
69 4 0 0 4 1 1 0 0 0
70 4 0 0 0 0 0 0 0 0
71 4 0 0 0 0 0 0 0 0
72 4 0 0 0 0 0 0 0 0
73 4 0 0 0 0 0 0 0 0
74 4 1 1 0 0 0 0 0 0
75 4 0 0 0 0 0 0 0 0
76 4 0 0 4 0 0 0 0 0
77 4 0 0 0 0 0 0 0 0
78 4 0 0 0 0 0 0 0 0
79 4 0 0 0 0 0 0 0 0
80 4 0 0 0 0 0 0 0 0
81 4 0 0 0 0 0 0 0 0
82 4 0 0 0 0 0 0 0 0
83 4 0 0 0 0 0 0 0 0
84 4 0 0 0 0 0 0 0 0
85 4 0 0 0 0 0 0 0 0
86 4 0 0 0 0 0 0 0 0
138 4 1 1 0 0 0 0 0 0
142 4 0 0 0 0 0 0 0 0
143 4 0 0 0 0 0 0 0 0
144 4 0 0 4 0 0 0 0 0
145 4 0 0 0 0 0 0 0 0
147 4 0 0 4 0 0 0 0 0
fl=./string/../sysdeps/x86_64/multiarch/../multiarch/strcmp-sse2.S
fn=strcmp
98 412 1 1 0 0 0 0 0 0
131 412 0 0 0 0 0 0 0 0
132 412 0 0 0 0 0 0 0 0
134 412 0 0 0 0 0 0 0 0
135 412 0 0 0 0 0 0 0 0
156 412 0 0 0 0 0 0 0 0
157 412 0 0 0 0 0 0 0 0
158 346 0 0 0 0 0 0 0 0
159 346 0 0 0 0 0 0 0 0
160 284 0 0 284 57 44 0 0 0
161 284 1 1 284 10 8 0 0 0
162 284 0 0 284 0 0 0 0 0
163 284 0 0 284 0 0 0 0 0
180 284 0 0 0 0 0 0 0 0
181 284 0 0 0 0 0 0 0 0
182 284 0 0 0 0 0 0 0 0
183 284 0 0 0 0 0 0 0 0
184 284 0 0 0 0 0 0 0 0
185 284 0 0 0 0 0 0 0 0
186 284 0 0 0 0 0 0 0 0
191 23 0 0 0 0 0 0 0 0
192 69 0 0 0 0 0 0 0 0
201 151 1 1 0 0 0 0 0 0
202 151 0 0 0 0 0 0 0 0
203 151 0 0 0 0 0 0 0 0
204 151 0 0 0 0 0 0 0 0
205 151 0 0 0 0 0 0 0 0
206 151 0 0 0 0 0 0 0 0
207 151 0 0 0 0 0 0 0 0
208 151 0 0 0 0 0 0 0 0
209 145 0 0 0 0 0 0 0 0
210 79 0 0 0 0 0 0 0 0
211 79 0 0 0 0 0 0 0 0
212 79 0 0 0 0 0 0 0 0
214 145 0 0 0 0 0 0 0 0
215 145 0 0 0 0 0 0 0 0
216 145 0 0 0 0 0 0 0 0
217 145 0 0 145 4 2 0 0 0
218 145 0 0 0 0 0 0 0 0
219 145 0 0 0 0 0 0 0 0
229 6 1 1 6 0 0 0 0 0
230 6 0 0 0 0 0 0 0 0
231 6 0 0 0 0 0 0 0 0
233 6 0 0 6 2 2 0 0 0
239 6 0 0 0 0 0 0 0 0
240 6 0 0 0 0 0 0 0 0
241 6 0 0 0 0 0 0 0 0
242 6 0 0 0 0 0 0 0 0
243 6 0 0 0 0 0 0 0 0
248 6 0 0 0 0 0 0 0 0
300 7 1 1 0 0 0 0 0 0
301 7 0 0 7 1 1 0 0 0
302 7 0 0 7 1 1 0 0 0
303 7 0 0 0 0 0 0 0 0
304 7 0 0 0 0 0 0 0 0
306 7 0 0 0 0 0 0 0 0
307 7 0 0 0 0 0 0 0 0
308 7 1 1 0 0 0 0 0 0
309 7 0 0 0 0 0 0 0 0
310 7 0 0 0 0 0 0 0 0
311 7 0 0 0 0 0 0 0 0
312 7 0 0 0 0 0 0 0 0
313 7 0 0 7 0 0 0 0 0
316 7 0 0 0 0 0 0 0 0
317 7 0 0 0 0 0 0 0 0
318 7 0 0 0 0 0 0 0 0
324 7 0 0 0 0 0 0 0 0
325 7 0 0 0 0 0 0 0 0
326 14 0 0 0 0 0 0 0 0
330 7 1 1 0 0 0 0 0 0
331 7 0 0 0 0 0 0 0 0
334 7 0 0 7 0 0 0 0 0
335 7 0 0 7 1 1 0 0 0
336 7 0 0 0 0 0 0 0 0
338 7 0 0 0 0 0 0 0 0
339 7 0 0 0 0 0 0 0 0
340 7 0 0 0 0 0 0 0 0
344 7 0 0 0 0 0 0 0 0
345 7 0 0 0 0 0 0 0 0
346 7 0 0 0 0 0 0 0 0
347 7 0 0 0 0 0 0 0 0
348 7 0 0 0 0 0 0 0 0
349 7 1 1 0 0 0 0 0 0
424 2 1 1 0 0 0 0 0 0
425 2 0 0 2 0 0 0 0 0
426 2 0 0 2 0 0 0 0 0
427 2 0 0 0 0 0 0 0 0
428 2 0 0 0 0 0 0 0 0
430 2 0 0 0 0 0 0 0 0
431 2 0 0 0 0 0 0 0 0
432 2 1 1 0 0 0 0 0 0
433 2 0 0 0 0 0 0 0 0
434 2 0 0 0 0 0 0 0 0
435 2 0 0 0 0 0 0 0 0
436 2 0 0 0 0 0 0 0 0
437 2 0 0 2 0 0 0 0 0
440 2 0 0 0 0 0 0 0 0
441 2 0 0 0 0 0 0 0 0
442 2 0 0 0 0 0 0 0 0
448 2 0 0 0 0 0 0 0 0
449 2 0 0 0 0 0 0 0 0
450 4 0 0 0 0 0 0 0 0
454 2 1 1 0 0 0 0 0 0
455 2 0 0 0 0 0 0 0 0
458 2 0 0 2 0 0 0 0 0
459 2 0 0 2 1 1 0 0 0
460 2 0 0 0 0 0 0 0 0
462 2 0 0 0 0 0 0 0 0
463 2 0 0 0 0 0 0 0 0
464 2 0 0 0 0 0 0 0 0
468 2 0 0 0 0 0 0 0 0
469 2 0 0 0 0 0 0 0 0
470 2 0 0 0 0 0 0 0 0
471 2 0 0 0 0 0 0 0 0
472 2 0 0 0 0 0 0 0 0
473 2 1 1 0 0 0 0 0 0
542 6 1 1 0 0 0 0 0 0
543 6 0 0 6 0 0 0 0 0
544 6 0 0 6 0 0 0 0 0
545 6 0 0 0 0 0 0 0 0
546 6 0 0 0 0 0 0 0 0
548 6 0 0 0 0 0 0 0 0
549 6 0 0 0 0 0 0 0 0
550 6 1 1 0 0 0 0 0 0
551 6 0 0 0 0 0 0 0 0
552 6 0 0 0 0 0 0 0 0
553 6 0 0 0 0 0 0 0 0
554 6 0 0 0 0 0 0 0 0
661 4 1 1 0 0 0 0 0 0
662 4 0 0 4 1 1 0 0 0
663 4 0 0 4 0 0 0 0 0
664 4 0 0 0 0 0 0 0 0
665 4 0 0 0 0 0 0 0 0
667 4 0 0 0 0 0 0 0 0
668 4 0 0 0 0 0 0 0 0
669 4 2 1 0 0 0 0 0 0
670 4 0 0 0 0 0 0 0 0
671 4 0 0 0 0 0 0 0 0
672 4 0 0 0 0 0 0 0 0
673 4 0 0 0 0 0 0 0 0
674 1 0 0 1 0 0 0 0 0
678 1 0 0 0 0 0 0 0 0
679 1 0 0 0 0 0 0 0 0
680 1 0 0 0 0 0 0 0 0
686 1 0 0 0 0 0 0 0 0
687 1 0 0 0 0 0 0 0 0
688 2 0 0 0 0 0 0 0 0
692 1 1 1 0 0 0 0 0 0
693 1 0 0 0 0 0 0 0 0
696 1 0 0 1 0 0 0 0 0
697 1 0 0 1 0 0 0 0 0
698 1 0 0 0 0 0 0 0 0
700 1 0 0 0 0 0 0 0 0
701 1 0 0 0 0 0 0 0 0
702 1 0 0 0 0 0 0 0 0
706 1 0 0 0 0 0 0 0 0
707 1 0 0 0 0 0 0 0 0
708 1 0 0 0 0 0 0 0 0
709 1 0 0 0 0 0 0 0 0
710 1 0 0 0 0 0 0 0 0
711 1 1 1 0 0 0 0 0 0
780 7 1 1 0 0 0 0 0 0
781 7 0 0 7 0 0 0 0 0
782 7 0 0 7 1 1 0 0 0
783 7 0 0 0 0 0 0 0 0
784 7 0 0 0 0 0 0 0 0
786 7 0 0 0 0 0 0 0 0
787 7 0 0 0 0 0 0 0 0
788 7 1 1 0 0 0 0 0 0
789 7 0 0 0 0 0 0 0 0
790 7 0 0 0 0 0 0 0 0
791 7 0 0 0 0 0 0 0 0
792 7 0 0 0 0 0 0 0 0
793 6 0 0 6 0 0 0 0 0
797 6 0 0 0 0 0 0 0 0
798 6 0 0 0 0 0 0 0 0
799 6 0 0 0 0 0 0 0 0
805 6 0 0 0 0 0 0 0 0
806 6 0 0 0 0 0 0 0 0
807 12 0 0 0 0 0 0 0 0
811 6 1 1 0 0 0 0 0 0
812 6 0 0 0 0 0 0 0 0
815 6 0 0 6 0 0 0 0 0
816 6 0 0 6 2 2 0 0 0
817 6 0 0 0 0 0 0 0 0
819 6 0 0 0 0 0 0 0 0
820 6 0 0 0 0 0 0 0 0
821 6 0 0 0 0 0 0 0 0
825 6 0 0 0 0 0 0 0 0
826 6 0 0 0 0 0 0 0 0
827 6 0 0 0 0 0 0 0 0
828 6 0 0 0 0 0 0 0 0
829 6 0 0 0 0 0 0 0 0
830 6 1 1 0 0 0 0 0 0
899 5 1 1 0 0 0 0 0 0
900 5 0 0 5 1 1 0 0 0
901 5 0 0 5 3 3 0 0 0
902 5 0 0 0 0 0 0 0 0
903 5 0 0 0 0 0 0 0 0
905 5 0 0 0 0 0 0 0 0
906 5 0 0 0 0 0 0 0 0
907 5 1 1 0 0 0 0 0 0
908 5 0 0 0 0 0 0 0 0
909 5 0 0 0 0 0 0 0 0
910 5 0 0 0 0 0 0 0 0
911 5 0 0 0 0 0 0 0 0
912 3 0 0 3 0 0 0 0 0
916 3 0 0 0 0 0 0 0 0
917 3 0 0 0 0 0 0 0 0
918 3 0 0 0 0 0 0 0 0
924 3 0 0 0 0 0 0 0 0
925 3 0 0 0 0 0 0 0 0
926 6 0 0 0 0 0 0 0 0
930 3 1 1 0 0 0 0 0 0
931 3 0 0 0 0 0 0 0 0
934 3 0 0 3 3 2 0 0 0
935 3 0 0 3 0 0 0 0 0
936 3 0 0 0 0 0 0 0 0
938 3 0 0 0 0 0 0 0 0
939 3 0 0 0 0 0 0 0 0
940 3 0 0 0 0 0 0 0 0
944 3 0 0 0 0 0 0 0 0
945 3 0 0 0 0 0 0 0 0
946 3 0 0 0 0 0 0 0 0
947 3 0 0 0 0 0 0 0 0
948 3 0 0 0 0 0 0 0 0
949 3 1 1 0 0 0 0 0 0
956 1 0 0 0 0 0 0 0 0
957 1 0 0 0 0 0 0 0 0
959 1 0 0 0 0 0 0 0 0
960 1 0 0 0 0 0 0 0 0
962 1 0 0 1 0 0 0 0 0
963 1 0 0 1 0 0 0 0 0
964 1 0 0 0 0 0 0 0 0
966 1 0 0 0 0 0 0 0 0
967 1 0 0 0 0 0 0 0 0
968 1 0 0 0 0 0 0 0 0
972 1 0 0 0 0 0 0 0 0
973 1 0 0 0 0 0 0 0 0
974 1 0 0 0 0 0 0 0 0
975 1 0 0 0 0 0 0 0 0
976 1 1 1 0 0 0 0 0 0
977 1 0 0 0 0 0 0 0 0
1018 5 1 1 0 0 0 0 0 0
1019 5 0 0 5 0 0 0 0 0
1020 5 0 0 5 2 2 0 0 0
1021 5 0 0 0 0 0 0 0 0
1022 5 0 0 0 0 0 0 0 0
1024 5 0 0 0 0 0 0 0 0
1025 5 0 0 0 0 0 0 0 0
1026 5 1 1 0 0 0 0 0 0
1027 5 0 0 0 0 0 0 0 0
1028 5 0 0 0 0 0 0 0 0
1029 5 0 0 0 0 0 0 0 0
1030 5 0 0 0 0 0 0 0 0
1031 2 0 0 2 0 0 0 0 0
1035 2 0 0 0 0 0 0 0 0
1036 2 0 0 0 0 0 0 0 0
1037 2 0 0 0 0 0 0 0 0
1043 2 0 0 0 0 0 0 0 0
1044 2 0 0 0 0 0 0 0 0
1045 4 0 0 0 0 0 0 0 0
1049 2 1 1 0 0 0 0 0 0
1050 2 0 0 0 0 0 0 0 0
1053 2 0 0 2 2 2 0 0 0
1054 2 0 0 2 0 0 0 0 0
1055 2 0 0 0 0 0 0 0 0
1057 2 0 0 0 0 0 0 0 0
1058 2 0 0 0 0 0 0 0 0
1059 2 0 0 0 0 0 0 0 0
1063 2 0 0 0 0 0 0 0 0
1064 2 0 0 0 0 0 0 0 0
1065 2 0 0 0 0 0 0 0 0
1066 2 0 0 0 0 0 0 0 0
1067 2 0 0 0 0 0 0 0 0
1068 2 1 1 0 0 0 0 0 0
1137 8 1 1 0 0 0 0 0 0
1138 8 0 0 8 2 1 0 0 0
1139 8 0 0 8 2 2 0 0 0
1140 8 0 0 0 0 0 0 0 0
1141 8 0 0 0 0 0 0 0 0
1143 8 0 0 0 0 0 0 0 0
1144 8 0 0 0 0 0 0 0 0
1145 8 1 1 0 0 0 0 0 0
1146 8 0 0 0 0 0 0 0 0
1147 8 0 0 0 0 0 0 0 0
1148 8 0 0 0 0 0 0 0 0
1149 8 0 0 0 0 0 0 0 0
1150 5 0 0 5 0 0 0 0 0
1154 5 0 0 0 0 0 0 0 0
1155 5 0 0 0 0 0 0 0 0
1156 5 0 0 0 0 0 0 0 0
1162 5 0 0 0 0 0 0 0 0
1163 5 0 0 0 0 0 0 0 0
1164 10 0 0 0 0 0 0 0 0
1168 5 1 1 0 0 0 0 0 0
1169 5 0 0 0 0 0 0 0 0
1172 5 0 0 5 0 0 0 0 0
1173 5 0 0 5 0 0 0 0 0
1174 5 0 0 0 0 0 0 0 0
1176 5 0 0 0 0 0 0 0 0
1177 5 0 0 0 0 0 0 0 0
1178 5 0 0 0 0 0 0 0 0
1182 5 0 0 0 0 0 0 0 0
1183 5 0 0 0 0 0 0 0 0
1184 5 0 0 0 0 0 0 0 0
1185 5 0 0 0 0 0 0 0 0
1186 5 0 0 0 0 0 0 0 0
1187 5 1 1 0 0 0 0 0 0
1194 2 0 0 0 0 0 0 0 0
1195 2 0 0 0 0 0 0 0 0
1197 2 0 0 0 0 0 0 0 0
1198 2 0 0 0 0 0 0 0 0
1200 2 0 0 2 1 1 0 0 0
1201 2 0 0 2 0 0 0 0 0
1202 2 0 0 0 0 0 0 0 0
1204 2 0 0 0 0 0 0 0 0
1205 2 0 0 0 0 0 0 0 0
1206 2 0 0 0 0 0 0 0 0
1210 2 0 0 0 0 0 0 0 0
1211 2 0 0 0 0 0 0 0 0
1212 2 0 0 0 0 0 0 0 0
1213 2 0 0 0 0 0 0 0 0
1214 2 1 1 0 0 0 0 0 0
1215 2 0 0 0 0 0 0 0 0
1256 12 1 1 0 0 0 0 0 0
1257 12 0 0 12 0 0 0 0 0
1258 12 0 0 12 3 1 0 0 0
1259 12 0 0 0 0 0 0 0 0
1260 12 0 0 0 0 0 0 0 0
1262 12 0 0 0 0 0 0 0 0
1263 12 0 0 0 0 0 0 0 0
1264 12 1 1 0 0 0 0 0 0
1265 12 0 0 0 0 0 0 0 0
1266 12 0 0 0 0 0 0 0 0
1267 12 0 0 0 0 0 0 0 0
1268 12 0 0 0 0 0 0 0 0
1269 7 0 0 7 0 0 0 0 0
1273 7 0 0 0 0 0 0 0 0
1274 7 0 0 0 0 0 0 0 0
1275 7 0 0 0 0 0 0 0 0
1281 7 0 0 0 0 0 0 0 0
1282 7 0 0 0 0 0 0 0 0
1283 14 0 0 0 0 0 0 0 0
1287 7 1 1 0 0 0 0 0 0
1288 7 0 0 0 0 0 0 0 0
1291 7 0 0 7 3 1 0 0 0
1292 7 0 0 7 2 2 0 0 0
1293 7 0 0 0 0 0 0 0 0
1295 7 0 0 0 0 0 0 0 0
1296 7 0 0 0 0 0 0 0 0
1297 7 0 0 0 0 0 0 0 0
1301 7 0 0 0 0 0 0 0 0
1302 7 0 0 0 0 0 0 0 0
1303 7 0 0 0 0 0 0 0 0
1304 7 0 0 0 0 0 0 0 0
1305 7 0 0 0 0 0 0 0 0
1306 7 2 1 0 0 0 0 0 0
1313 1 0 0 0 0 0 0 0 0
1314 1 0 0 0 0 0 0 0 0
1316 1 0 0 0 0 0 0 0 0
1317 1 0 0 0 0 0 0 0 0
1319 1 0 0 1 0 0 0 0 0
1320 1 0 0 1 0 0 0 0 0
1321 1 0 0 0 0 0 0 0 0
1323 1 0 0 0 0 0 0 0 0
1324 1 0 0 0 0 0 0 0 0
1325 1 0 0 0 0 0 0 0 0
1329 1 0 0 0 0 0 0 0 0
1330 1 0 0 0 0 0 0 0 0
1331 1 0 0 0 0 0 0 0 0
1332 1 0 0 0 0 0 0 0 0
1333 1 1 1 0 0 0 0 0 0
1334 1 0 0 0 0 0 0 0 0
1375 5 1 1 0 0 0 0 0 0
1376 5 0 0 5 0 0 0 0 0
1377 5 0 0 5 1 1 0 0 0
1378 5 0 0 0 0 0 0 0 0
1379 5 0 0 0 0 0 0 0 0
1381 5 0 0 0 0 0 0 0 0
1382 5 0 0 0 0 0 0 0 0
1383 5 1 1 0 0 0 0 0 0
1384 5 0 0 0 0 0 0 0 0
1385 5 0 0 0 0 0 0 0 0
1386 5 0 0 0 0 0 0 0 0
1387 5 0 0 0 0 0 0 0 0
1388 5 0 0 5 0 0 0 0 0
1392 5 0 0 0 0 0 0 0 0
1393 5 0 0 0 0 0 0 0 0
1394 5 0 0 0 0 0 0 0 0
1400 5 0 0 0 0 0 0 0 0
1401 5 0 0 0 0 0 0 0 0
1402 10 0 0 0 0 0 0 0 0
1406 5 1 1 0 0 0 0 0 0
1407 5 0 0 0 0 0 0 0 0
1410 5 0 0 5 0 0 0 0 0
1411 5 0 0 5 3 3 0 0 0
1412 5 0 0 0 0 0 0 0 0
1414 5 0 0 0 0 0 0 0 0
1415 5 0 0 0 0 0 0 0 0
1416 5 0 0 0 0 0 0 0 0
1420 5 0 0 0 0 0 0 0 0
1421 5 0 0 0 0 0 0 0 0
1422 5 0 0 0 0 0 0 0 0
1423 5 0 0 0 0 0 0 0 0
1424 5 0 0 0 0 0 0 0 0
1425 5 1 1 0 0 0 0 0 0
1494 34 1 1 0 0 0 0 0 0
1495 34 0 0 34 1 0 0 0 0
1496 34 0 0 34 6 5 0 0 0
1497 34 0 0 0 0 0 0 0 0
1498 34 0 0 0 0 0 0 0 0
1500 34 0 0 0 0 0 0 0 0
1501 34 0 0 0 0 0 0 0 0
1502 34 1 1 0 0 0 0 0 0
1503 34 0 0 0 0 0 0 0 0
1504 34 0 0 0 0 0 0 0 0
1505 34 0 0 0 0 0 0 0 0
1506 34 0 0 0 0 0 0 0 0
1507 17 0 0 17 0 0 0 0 0
1511 17 0 0 0 0 0 0 0 0
1512 17 0 0 0 0 0 0 0 0
1513 17 0 0 0 0 0 0 0 0
1519 17 0 0 0 0 0 0 0 0
1520 17 0 0 0 0 0 0 0 0
1521 34 0 0 0 0 0 0 0 0
1525 17 1 1 0 0 0 0 0 0
1526 17 0 0 0 0 0 0 0 0
1529 17 0 0 17 4 4 0 0 0
1530 17 0 0 17 1 1 0 0 0
1531 17 0 0 0 0 0 0 0 0
1533 17 0 0 0 0 0 0 0 0
1534 17 0 0 0 0 0 0 0 0
1535 17 0 0 0 0 0 0 0 0
1539 17 0 0 0 0 0 0 0 0
1540 17 0 0 0 0 0 0 0 0
1541 17 0 0 0 0 0 0 0 0
1542 17 0 0 0 0 0 0 0 0
1543 17 0 0 0 0 0 0 0 0
1544 17 1 1 0 0 0 0 0 0
1613 5 1 1 0 0 0 0 0 0
1614 5 0 0 5 2 2 0 0 0
1615 5 0 0 5 0 0 0 0 0
1616 5 0 0 0 0 0 0 0 0
1617 5 0 0 0 0 0 0 0 0
1619 5 0 0 0 0 0 0 0 0
1620 5 0 0 0 0 0 0 0 0
1621 5 1 1 0 0 0 0 0 0
1622 5 0 0 0 0 0 0 0 0
1623 5 0 0 0 0 0 0 0 0
1624 5 0 0 0 0 0 0 0 0
1625 5 0 0 0 0 0 0 0 0
1626 3 0 0 3 0 0 0 0 0
1630 3 0 0 0 0 0 0 0 0
1631 3 0 0 0 0 0 0 0 0
1632 3 0 0 0 0 0 0 0 0
1638 3 0 0 0 0 0 0 0 0
1639 3 0 0 0 0 0 0 0 0
1640 6 0 0 0 0 0 0 0 0
1644 3 1 1 0 0 0 0 0 0
1645 3 0 0 0 0 0 0 0 0
1648 3 0 0 3 0 0 0 0 0
1649 3 0 0 3 1 1 0 0 0
1650 3 0 0 0 0 0 0 0 0
1652 3 0 0 0 0 0 0 0 0
1653 3 0 0 0 0 0 0 0 0
1654 3 0 0 0 0 0 0 0 0
1658 3 0 0 0 0 0 0 0 0
1659 3 0 0 0 0 0 0 0 0
1660 3 0 0 0 0 0 0 0 0
1661 3 0 0 0 0 0 0 0 0
1662 3 0 0 0 0 0 0 0 0
1663 3 1 1 0 0 0 0 0 0
1670 1 0 0 0 0 0 0 0 0
1671 1 0 0 0 0 0 0 0 0
1673 1 0 0 0 0 0 0 0 0
1674 1 0 0 0 0 0 0 0 0
1676 1 0 0 1 0 0 0 0 0
1677 1 0 0 1 1 1 0 0 0
1678 1 0 0 0 0 0 0 0 0
1680 1 0 0 0 0 0 0 0 0
1681 1 0 0 0 0 0 0 0 0
1682 1 0 0 0 0 0 0 0 0
1686 1 0 0 0 0 0 0 0 0
1687 1 0 0 0 0 0 0 0 0
1688 1 0 0 0 0 0 0 0 0
1689 1 0 0 0 0 0 0 0 0
1690 1 1 1 0 0 0 0 0 0
1691 1 0 0 0 0 0 0 0 0
1732 23 1 1 0 0 0 0 0 0
1733 23 0 0 23 6 4 0 0 0
1734 23 0 0 23 2 2 0 0 0
1735 23 0 0 0 0 0 0 0 0
1736 23 0 0 0 0 0 0 0 0
1738 23 0 0 0 0 0 0 0 0
1739 23 0 0 0 0 0 0 0 0
1740 23 1 1 0 0 0 0 0 0
1741 23 0 0 0 0 0 0 0 0
1742 23 0 0 0 0 0 0 0 0
1743 23 0 0 0 0 0 0 0 0
1744 23 0 0 0 0 0 0 0 0
1745 10 0 0 10 0 0 0 0 0
1749 10 0 0 0 0 0 0 0 0
1750 10 0 0 0 0 0 0 0 0
1751 10 0 0 0 0 0 0 0 0
1757 10 0 0 0 0 0 0 0 0
1758 10 0 0 0 0 0 0 0 0
1759 20 0 0 0 0 0 0 0 0
1763 10 1 1 0 0 0 0 0 0
1764 10 0 0 0 0 0 0 0 0
1767 10 0 0 10 1 1 0 0 0
1768 10 0 0 10 2 1 0 0 0
1769 10 0 0 0 0 0 0 0 0
1771 10 0 0 0 0 0 0 0 0
1772 10 0 0 0 0 0 0 0 0
1773 10 0 0 0 0 0 0 0 0
1777 10 0 0 0 0 0 0 0 0
1778 10 0 0 0 0 0 0 0 0
1779 10 0 0 0 0 0 0 0 0
1780 10 0 0 0 0 0 0 0 0
1781 10 0 0 0 0 0 0 0 0
1782 10 1 1 0 0 0 0 0 0
1789 2 0 0 0 0 0 0 0 0
1790 2 0 0 0 0 0 0 0 0
1792 2 0 0 0 0 0 0 0 0
1793 2 0 0 0 0 0 0 0 0
1795 2 0 0 2 0 0 0 0 0
1796 2 0 0 2 0 0 0 0 0
1797 2 0 0 0 0 0 0 0 0
1799 2 0 0 0 0 0 0 0 0
1800 2 0 0 0 0 0 0 0 0
1801 2 0 0 0 0 0 0 0 0
1805 2 0 0 0 0 0 0 0 0
1806 2 0 0 0 0 0 0 0 0
1807 2 0 0 0 0 0 0 0 0
1808 2 0 0 0 0 0 0 0 0
1809 2 1 1 0 0 0 0 0 0
1810 2 0 0 0 0 0 0 0 0
1851 12 1 1 0 0 0 0 0 0
1852 12 0 0 12 1 0 0 0 0
1853 12 0 0 12 1 1 0 0 0
1854 12 0 0 0 0 0 0 0 0
1855 12 0 0 0 0 0 0 0 0
1857 12 0 0 0 0 0 0 0 0
1858 12 0 0 0 0 0 0 0 0
1859 12 1 1 0 0 0 0 0 0
1860 12 0 0 0 0 0 0 0 0
1861 12 0 0 0 0 0 0 0 0
1862 12 0 0 0 0 0 0 0 0
1863 12 0 0 0 0 0 0 0 0
1864 11 0 0 11 0 0 0 0 0
1868 11 0 0 0 0 0 0 0 0
1869 11 0 0 0 0 0 0 0 0
1870 11 0 0 0 0 0 0 0 0
1876 11 0 0 0 0 0 0 0 0
1877 11 0 0 0 0 0 0 0 0
1878 22 0 0 0 0 0 0 0 0
1882 11 1 1 0 0 0 0 0 0
1883 11 0 0 0 0 0 0 0 0
1886 11 0 0 11 1 1 0 0 0
1887 11 0 0 11 2 1 0 0 0
1888 11 0 0 0 0 0 0 0 0
1890 11 0 0 0 0 0 0 0 0
1891 11 0 0 0 0 0 0 0 0
1892 11 0 0 0 0 0 0 0 0
1896 11 0 0 0 0 0 0 0 0
1897 11 0 0 0 0 0 0 0 0
1898 11 0 0 0 0 0 0 0 0
1899 11 0 0 0 0 0 0 0 0
1900 11 0 0 0 0 0 0 0 0
1901 11 1 1 0 0 0 0 0 0
1970 10 1 1 0 0 0 0 0 0
1971 10 0 0 10 3 3 0 0 0
1972 10 0 0 10 0 0 0 0 0
1973 10 0 0 0 0 0 0 0 0
1974 10 0 0 0 0 0 0 0 0
1976 10 0 0 0 0 0 0 0 0
1977 10 0 0 0 0 0 0 0 0
1978 10 1 1 0 0 0 0 0 0
1979 10 0 0 0 0 0 0 0 0
1980 10 0 0 0 0 0 0 0 0
1981 10 0 0 0 0 0 0 0 0
1982 10 0 0 0 0 0 0 0 0
1984 4 0 0 4 0 0 0 0 0
1988 4 0 0 0 0 0 0 0 0
1989 4 0 0 0 0 0 0 0 0
1990 4 0 0 0 0 0 0 0 0
1996 4 0 0 0 0 0 0 0 0
1997 4 0 0 0 0 0 0 0 0
1999 8 0 0 0 0 0 0 0 0
2003 4 1 1 0 0 0 0 0 0
2004 4 0 0 0 0 0 0 0 0
2007 4 0 0 4 0 0 0 0 0
2008 4 0 0 4 3 3 0 0 0
2009 4 0 0 0 0 0 0 0 0
2011 4 0 0 0 0 0 0 0 0
2012 4 0 0 0 0 0 0 0 0
2013 4 0 0 0 0 0 0 0 0
2017 4 0 0 0 0 0 0 0 0
2018 4 0 0 0 0 0 0 0 0
2019 4 0 0 0 0 0 0 0 0
2020 4 0 0 0 0 0 0 0 0
2021 4 0 0 0 0 0 0 0 0
2022 4 1 1 0 0 0 0 0 0
2093 83 0 0 0 0 0 0 0 0
2095 151 1 1 0 0 0 0 0 0
2096 151 0 0 0 0 0 0 0 0
2097 151 0 0 0 0 0 0 0 0
2098 151 0 0 0 0 0 0 0 0
2099 158 0 0 0 0 0 0 0 0
2104 412 1 1 0 0 0 0 0 0
2110 412 0 0 412 0 0 0 0 0
2111 412 0 0 412 0 0 0 0 0
2119 412 0 0 0 0 0 0 0 0
2120 412 0 0 412 0 0 0 0 0
fn=strncmp
98 1 1 1 0 0 0 0 0 0
125 1 0 0 0 0 0 0 0 0
126 1 0 0 0 0 0 0 0 0
127 1 0 0 0 0 0 0 0 0
128 1 0 0 0 0 0 0 0 0
129 1 0 0 0 0 0 0 0 0
131 1 0 0 0 0 0 0 0 0
132 1 0 0 0 0 0 0 0 0
134 1 1 1 0 0 0 0 0 0
135 1 0 0 0 0 0 0 0 0
156 1 0 0 0 0 0 0 0 0
157 1 0 0 0 0 0 0 0 0
158 1 0 0 0 0 0 0 0 0
159 1 0 0 0 0 0 0 0 0
160 1 0 0 1 0 0 0 0 0
161 1 0 0 1 1 1 0 0 0
162 1 0 0 1 0 0 0 0 0
163 1 0 0 1 0 0 0 0 0
180 1 0 0 0 0 0 0 0 0
181 1 0 0 0 0 0 0 0 0
182 1 0 0 0 0 0 0 0 0
183 1 0 0 0 0 0 0 0 0
184 1 0 0 0 0 0 0 0 0
185 1 0 0 0 0 0 0 0 0
186 1 1 1 0 0 0 0 0 0
2104 1 1 1 0 0 0 0 0 0
2107 1 0 0 0 0 0 0 0 0
2108 1 0 0 0 0 0 0 0 0
2110 1 0 0 1 0 0 0 0 0
2111 1 0 0 1 0 0 0 0 0
2119 1 0 0 0 0 0 0 0 0
2120 1 0 0 1 0 0 0 0 0
fl=./string/../sysdeps/x86_64/multiarch/../multiarch/strlen-sse2.S
fn=strlen
57 22 1 1 0 0 0 0 0 0
101 22 0 0 0 0 0 0 0 0
102 22 0 0 0 0 0 0 0 0
103 22 0 0 0 0 0 0 0 0
104 22 0 0 0 0 0 0 0 0
105 22 0 0 0 0 0 0 0 0
106 22 0 0 0 0 0 0 0 0
107 22 0 0 0 0 0 0 0 0
109 22 0 0 0 0 0 0 0 0
111 22 0 0 0 0 0 0 0 0
142 22 0 0 22 2 2 0 0 0
143 22 0 0 0 0 0 0 0 0
144 22 0 0 0 0 0 0 0 0
145 22 0 0 0 0 0 0 0 0
146 22 0 0 0 0 0 0 0 0
147 10 0 0 0 0 0 0 0 0
149 10 0 0 10 0 0 0 0 0
153 12 1 1 0 0 0 0 0 0
154 12 0 0 12 0 0 0 0 0
155 12 0 0 12 0 0 0 0 0
156 12 0 0 12 1 1 0 0 0
157 12 0 0 0 0 0 0 0 0
158 12 0 0 0 0 0 0 0 0
159 12 0 0 0 0 0 0 0 0
160 12 0 0 0 0 0 0 0 0
161 12 0 0 0 0 0 0 0 0
162 12 0 0 0 0 0 0 0 0
163 12 0 0 0 0 0 0 0 0
164 12 0 0 0 0 0 0 0 0
169 96 1 1 12 0 0 0 0 0
fl=./string/../sysdeps/x86_64/multiarch/ifunc-avx2.h
fn=memrchr
38 4 0 0 0 0 0 0 0 0
40 3 0 0 2 0 0 0 0 0
41 2 0 0 1 0 0 0 0 0
42 3 1 1 1 0 0 0 0 0
45 2 0 0 0 0 0 0 0 0
46 2 0 0 0 0 0 0 0 0
49 3 0 0 0 0 0 0 0 0
52 6 0 0 0 0 0 0 0 0
fn=rindex
38 4 0 0 0 0 0 0 0 0
40 3 0 0 2 0 0 0 0 0
41 2 1 1 1 0 0 0 0 0
42 3 0 0 1 0 0 0 0 0
45 2 0 0 0 0 0 0 0 0
46 2 0 0 0 0 0 0 0 0
49 3 0 0 0 0 0 0 0 0
52 6 1 1 0 0 0 0 0 0
fn=strchrnul
38 4 0 0 0 0 0 0 0 0
40 3 0 0 2 0 0 0 0 0
41 2 1 1 1 0 0 0 0 0
42 3 0 0 1 0 0 0 0 0
45 2 0 0 0 0 0 0 0 0
46 2 0 0 0 0 0 0 0 0
49 3 0 0 0 0 0 0 0 0
52 6 0 0 0 0 0 0 0 0
fn=strlen
38 8 0 0 0 0 0 0 0 0
40 6 0 0 4 0 0 0 0 0
41 4 0 0 2 0 0 0 0 0
42 6 1 1 2 0 0 0 0 0
45 4 0 0 0 0 0 0 0 0
46 4 0 0 0 0 0 0 0 0
49 6 0 0 0 0 0 0 0 0
52 12 0 0 0 0 0 0 0 0
fn=strnlen
38 8 0 0 0 0 0 0 0 0
40 6 0 0 4 1 0 0 0 0
41 4 1 1 2 0 0 0 0 0
42 6 0 0 2 0 0 0 0 0
45 4 0 0 0 0 0 0 0 0
46 4 0 0 0 0 0 0 0 0
49 6 0 0 0 0 0 0 0 0
52 12 1 1 0 0 0 0 0 0
fl=./string/../sysdeps/x86_64/multiarch/ifunc-evex.h
fn=memchr
37 4 0 0 0 0 0 0 0 0
38 3 1 1 2 0 0 0 0 0
39 3 0 0 1 0 0 0 0 0
42 2 0 0 0 0 0 0 0 0
43 2 0 0 0 0 0 0 0 0
45 2 0 0 0 0 0 0 0 0
51 3 0 0 0 0 0 0 0 0
54 4 0 0 0 0 0 0 0 0
fl=./string/../sysdeps/x86_64/multiarch/ifunc-memcmp.h
fn=bcmp
34 10 1 1 4 0 0 0 0 0
35 4 0 0 2 1 0 0 0 0
36 4 0 0 0 0 0 0 0 0
37 6 0 0 2 0 0 0 0 0
40 4 0 0 0 0 0 0 0 0
41 4 0 0 0 0 0 0 0 0
44 6 0 0 0 0 0 0 0 0
47 8 0 0 0 0 0 0 0 0
fl=./string/../sysdeps/x86_64/multiarch/ifunc-memmove.h
fn=memcpy@@GLIBC_2.14
56 4 0 0 0 0 0 0 0 0
57 6 0 0 4 1 0 0 0 0
60 6 1 1 2 0 0 0 0 0
61 4 1 1 0 0 0 0 0 0
74 4 0 0 0 0 0 0 0 0
77 4 0 0 0 0 0 0 0 0
85 4 0 0 0 0 0 0 0 0
93 4 0 0 0 0 0 0 0 0
96 10 1 1 2 0 0 0 0 0
fn=memmove
56 4 0 0 0 0 0 0 0 0
57 6 0 0 4 0 0 0 0 0
60 6 0 0 2 0 0 0 0 0
61 4 1 1 0 0 0 0 0 0
74 4 0 0 0 0 0 0 0 0
77 4 0 0 0 0 0 0 0 0
85 4 0 0 0 0 0 0 0 0
93 4 1 1 0 0 0 0 0 0
96 10 2 2 2 0 0 0 0 0
fn=mempcpy
56 2 0 0 0 0 0 0 0 0
57 3 0 0 2 0 0 0 0 0
60 3 1 1 1 0 0 0 0 0
61 2 1 1 0 0 0 0 0 0
74 2 0 0 0 0 0 0 0 0
77 2 0 0 0 0 0 0 0 0
85 2 0 0 0 0 0 0 0 0
93 2 0 0 0 0 0 0 0 0
96 5 1 1 1 0 0 0 0 0
fl=./string/../sysdeps/x86_64/multiarch/ifunc-memset.h
fn=memset
54 10 0 0 4 0 0 0 0 0
57 6 0 0 2 0 0 0 0 0
58 4 1 1 0 0 0 0 0 0
64 4 1 1 0 0 0 0 0 0
73 4 0 0 0 0 0 0 0 0
75 4 0 0 0 0 0 0 0 0
85 4 0 0 0 0 0 0 0 0
93 4 0 0 0 0 0 0 0 0
96 10 0 0 2 0 0 0 0 0
fl=./string/../sysdeps/x86_64/multiarch/ifunc-sse4_2.h
fn=strcspn
36 5 0 0 2 0 0 0 0 0
fn=strpbrk
36 5 1 1 2 1 0 0 0 0
fn=strspn
36 5 1 1 2 0 0 0 0 0
fl=./string/../sysdeps/x86_64/multiarch/ifunc-strcasecmp.h
fn=strcasecmp
36 4 0 0 0 0 0 0 0 0
37 2 0 0 2 0 0 0 0 0
38 3 1 1 1 0 0 0 0 0
41 2 0 0 0 0 0 0 0 0
42 2 0 0 0 0 0 0 0 0
45 3 0 0 0 0 0 0 0 0
48 5 1 1 0 0 0 0 0 0
fn=strcasecmp_l
36 4 0 0 0 0 0 0 0 0
37 2 1 1 2 0 0 0 0 0
38 3 1 1 1 0 0 0 0 0
41 2 0 0 0 0 0 0 0 0
42 2 0 0 0 0 0 0 0 0
45 3 0 0 0 0 0 0 0 0
48 5 0 0 0 0 0 0 0 0
fn=strncasecmp
36 4 0 0 0 0 0 0 0 0
37 2 0 0 2 0 0 0 0 0
38 3 1 1 1 0 0 0 0 0
41 2 0 0 0 0 0 0 0 0
42 2 0 0 0 0 0 0 0 0
45 3 0 0 0 0 0 0 0 0
48 5 0 0 0 0 0 0 0 0
fn=strncasecmp_l
36 4 0 0 0 0 0 0 0 0
37 2 1 1 2 0 0 0 0 0
38 3 1 1 1 0 0 0 0 0
41 2 0 0 0 0 0 0 0 0
42 2 0 0 0 0 0 0 0 0
45 3 0 0 0 0 0 0 0 0
48 5 0 0 0 0 0 0 0 0
fl=./string/../sysdeps/x86_64/multiarch/ifunc-strcpy.h
fn=stpcpy
38 4 0 0 2 0 0 0 0 0
39 3 0 0 1 0 0 0 0 0
42 2 0 0 0 0 0 0 0 0
43 2 0 0 0 0 0 0 0 0
46 3 0 0 0 0 0 0 0 0
49 3 0 0 0 0 0 0 0 0
fn=strcat
38 4 0 0 2 0 0 0 0 0
39 3 1 1 1 0 0 0 0 0
42 2 0 0 0 0 0 0 0 0
43 2 0 0 0 0 0 0 0 0
46 3 0 0 0 0 0 0 0 0
49 3 0 0 0 0 0 0 0 0
fn=strcpy
38 4 0 0 2 0 0 0 0 0
39 3 1 1 1 0 0 0 0 0
42 2 0 0 0 0 0 0 0 0
43 2 0 0 0 0 0 0 0 0
46 3 0 0 0 0 0 0 0 0
49 3 0 0 0 0 0 0 0 0
fl=./string/../sysdeps/x86_64/multiarch/ifunc-strncpy.h
fn=stpncpy
35 5 1 1 2 0 0 0 0 0
36 3 0 0 1 0 0 0 0 0
39 2 0 0 0 0 0 0 0 0
40 2 0 0 0 0 0 0 0 0
43 3 0 0 0 0 0 0 0 0
46 4 0 0 0 0 0 0 0 0
fn=strncpy
35 5 0 0 2 0 0 0 0 0
36 3 0 0 1 0 0 0 0 0
39 2 0 0 0 0 0 0 0 0
40 2 0 0 0 0 0 0 0 0
43 3 0 0 0 0 0 0 0 0
46 4 0 0 0 0 0 0 0 0
fl=./string/../sysdeps/x86_64/multiarch/memchr-avx2.S
fn=__memchr_avx2
61 45 1 1 0 0 0 0 0 0
68 45 0 0 0 0 0 0 0 0
70 45 0 0 0 0 0 0 0 0
73 45 0 0 0 0 0 0 0 0
74 45 0 0 0 0 0 0 0 0
76 45 0 0 0 0 0 0 0 0
77 45 0 0 0 0 0 0 0 0
78 45 0 0 0 0 0 0 0 0
79 45 0 0 0 0 0 0 0 0
82 45 0 0 45 5 5 0 0 0
83 45 0 0 0 0 0 0 0 0
86 45 0 0 0 0 0 0 0 0
87 45 0 0 0 0 0 0 0 0
89 45 0 0 0 0 0 0 0 0
90 45 0 0 0 0 0 0 0 0
91 1 0 0 0 0 0 0 0 0
92 1 0 0 0 0 0 0 0 0
94 2 0 0 1 0 0 0 0 0
121 9 0 0 0 0 0 0 0 0
122 9 0 0 0 0 0 0 0 0
123 9 0 0 0 0 0 0 0 0
124 18 0 0 9 0 0 0 0 0
133 6 0 0 0 0 0 0 0 0
134 6 0 0 0 0 0 0 0 0
135 6 0 0 0 0 0 0 0 0
136 12 0 0 6 0 0 0 0 0
140 13 1 1 0 0 0 0 0 0
141 13 0 0 0 0 0 0 0 0
142 13 0 0 0 0 0 0 0 0
143 26 0 0 13 0 0 0 0 0
148 13 0 0 0 0 0 0 0 0
149 13 0 0 0 0 0 0 0 0
150 13 0 0 0 0 0 0 0 0
151 26 0 0 13 0 0 0 0 0
161 44 1 1 0 0 0 0 0 0
162 44 0 0 0 0 0 0 0 0
163 44 0 0 0 0 0 0 0 0
165 44 0 0 0 0 0 0 0 0
175 44 0 0 44 2 2 0 0 0
176 44 0 0 0 0 0 0 0 0
179 44 0 0 0 0 0 0 0 0
180 44 0 0 0 0 0 0 0 0
182 41 0 0 0 0 0 0 0 0
183 41 0 0 0 0 0 0 0 0
185 32 0 0 32 3 3 0 0 0
186 32 0 0 0 0 0 0 0 0
187 32 0 0 0 0 0 0 0 0
188 32 1 1 0 0 0 0 0 0
190 26 0 0 26 5 5 0 0 0
191 26 0 0 0 0 0 0 0 0
192 26 0 0 0 0 0 0 0 0
193 26 0 0 0 0 0 0 0 0
195 13 0 0 13 0 0 0 0 0
196 13 0 0 0 0 0 0 0 0
197 13 0 0 0 0 0 0 0 0
198 13 0 0 0 0 0 0 0 0
257 3 1 1 0 0 0 0 0 0
258 3 0 0 0 0 0 0 0 0
261 3 0 0 0 0 0 0 0 0
262 3 0 0 0 0 0 0 0 0
266 3 0 0 0 0 0 0 0 0
267 3 0 0 0 0 0 0 0 0
270 2 0 0 2 0 0 0 0 0
271 2 0 0 0 0 0 0 0 0
272 2 0 0 0 0 0 0 0 0
273 2 0 0 0 0 0 0 0 0
274 2 0 0 0 0 0 0 0 0
278 2 0 0 1 0 0 0 0 0
321 2 1 1 0 0 0 0 0 0
322 4 0 0 2 0 0 0 0 0
fl=./string/../sysdeps/x86_64/multiarch/memchr.c
fn=memchr
29 2 1 1 1 0 0 0 0 0
fl=./string/../sysdeps/x86_64/multiarch/memcmp.c
fn=bcmp
29 8 2 2 2 0 0 0 0 0
fl=./string/../sysdeps/x86_64/multiarch/memcmpeq.c
fn=memcpy@@GLIBC_2.14
29 2 1 1 0 0 0 0 0 0
fl=./string/../sysdeps/x86_64/multiarch/memmove-vec-unaligned-erms.S
fn=__memcpy_avx_unaligned_erms
255 1051 2 2 0 0 0 0 0 0
256 1051 0 0 0 0 0 0 0 0
262 1051 0 0 0 0 0 0 0 0
263 1051 0 0 0 0 0 0 0 0
265 846 0 0 846 0 0 0 0 0
266 846 0 0 0 0 0 0 0 0
267 846 0 0 0 0 0 0 0 0
270 116 0 0 116 0 0 0 0 0
271 116 0 0 0 0 0 116 100 1
272 116 0 0 0 0 0 116 0 0
275 232 0 0 116 0 0 0 0 0
305 205 0 0 0 0 0 0 0 0
306 205 0 0 0 0 0 0 0 0
308 3 0 0 0 0 0 0 0 0
309 3 0 0 0 0 0 0 0 0
311 2 0 0 0 0 0 0 0 0
315 2 0 0 0 0 0 0 0 0
316 2 0 0 0 0 0 0 0 0
317 2 0 0 0 0 0 0 0 0
325 2 0 0 2 0 0 0 0 0
342 202 2 2 202 0 0 0 0 0
343 202 0 0 202 0 0 0 0 0
344 202 0 0 0 0 0 202 0 0
345 202 0 0 0 0 0 202 0 0
347 202 0 0 202 0 0 0 0 0
364 1 0 0 1 0 0 0 0 0
365 1 0 0 1 0 0 0 0 0
366 1 0 0 0 0 0 1 0 0
367 1 0 0 0 0 0 1 0 0
368 1 0 0 1 0 0 0 0 0
375 130 2 2 130 0 0 0 0 0
376 130 0 0 130 0 0 0 0 0
377 130 0 0 0 0 0 130 2 2
378 130 0 0 0 0 0 130 1 1
379 130 0 0 0 0 0 130 101 2
380 130 0 0 0 0 0 130 0 0
381 260 0 0 130 0 0 0 0 0
386 730 2 2 730 1 0 0 0 0
387 730 0 0 0 0 0 0 0 0
392 730 0 0 0 0 0 0 0 0
393 730 0 0 0 0 0 0 0 0
395 329 0 0 329 0 0 0 0 0
396 329 0 0 0 0 0 0 0 0
397 329 0 0 0 0 0 0 0 0
399 199 0 0 199 0 0 0 0 0
400 199 0 0 199 0 0 0 0 0
401 199 0 0 199 0 0 0 0 0
402 199 0 0 199 0 0 0 0 0
403 199 0 0 199 0 0 0 0 0
404 199 1 1 199 0 0 0 0 0
405 199 0 0 0 0 0 199 101 101
406 199 0 0 0 0 0 199 0 0
407 199 0 0 0 0 0 199 199 101
408 199 0 0 0 0 0 199 0 0
409 199 0 0 0 0 0 199 99 1
410 199 0 0 0 0 0 199 1 0
411 199 0 0 0 0 0 199 0 0
412 199 0 0 0 0 0 199 0 0
413 398 0 0 199 0 0 0 0 0
417 401 0 0 0 0 0 0 0 0
418 401 0 0 0 0 0 0 0 0
422 401 0 0 0 0 0 0 0 0
424 401 1 1 0 0 0 0 0 0
428 401 0 0 401 115 1 0 0 0
429 401 0 0 0 0 0 0 0 0
440 401 0 0 0 0 0 0 0 0
443 401 0 0 0 0 0 0 0 0
445 401 0 0 0 0 0 0 0 0
447 401 0 0 0 0 0 0 0 0
451 401 0 0 0 0 0 0 0 0
452 401 0 0 0 0 0 0 0 0
461 196 0 0 196 0 0 0 0 0
462 196 0 0 196 0 0 0 0 0
464 196 0 0 0 0 0 0 0 0
466 196 0 0 0 0 0 0 0 0
467 196 1 1 196 0 0 0 0 0
468 196 0 0 196 0 0 0 0 0
471 196 0 0 0 0 0 0 0 0
473 196 0 0 0 0 0 0 0 0
475 196 0 0 0 0 0 0 0 0
477 392 0 0 0 0 0 0 0 0
483 3387 0 0 3387 0 0 0 0 0
484 3387 0 0 3387 2 0 0 0 0
485 3387 0 0 3387 0 0 0 0 0
486 3387 0 0 3387 1 0 0 0 0
487 3387 0 0 0 0 0 0 0 0
488 3387 0 0 0 0 0 3387 2566 34
489 3387 0 0 0 0 0 3387 0 0
490 3387 1 1 0 0 0 3387 2737 34
491 3387 0 0 0 0 0 3387 0 0
492 3387 0 0 0 0 0 0 0 0
493 3387 0 0 0 0 0 0 0 0
494 3387 0 0 0 0 0 0 0 0
496 196 0 0 0 0 0 196 196 2
497 196 0 0 0 0 0 196 195 2
498 196 0 0 0 0 0 196 0 0
499 196 0 0 0 0 0 196 0 0
501 196 0 0 0 0 0 196 0 0
505 392 0 0 196 0 0 0 0 0
518 205 0 0 205 0 0 0 0 0
519 205 0 0 205 0 0 0 0 0
521 205 1 1 0 0 0 0 0 0
522 205 0 0 205 0 0 0 0 0
523 205 0 0 205 0 0 0 0 0
525 205 0 0 0 0 0 0 0 0
527 205 0 0 0 0 0 0 0 0
529 410 0 0 0 0 0 0 0 0
535 919 0 0 919 0 0 0 0 0
536 919 0 0 919 0 0 0 0 0
537 919 0 0 919 0 0 0 0 0
538 919 0 0 919 0 0 0 0 0
539 919 0 0 0 0 0 0 0 0
540 919 0 0 0 0 0 919 882 9
541 919 1 1 0 0 0 919 48 0
542 919 0 0 0 0 0 919 871 9
543 919 0 0 0 0 0 919 48 0
544 919 0 0 0 0 0 0 0 0
545 919 0 0 0 0 0 0 0 0
546 919 0 0 0 0 0 0 0 0
548 205 0 0 0 0 0 205 0 0
549 205 0 0 0 0 0 205 98 1
550 205 0 0 0 0 0 205 0 0
551 205 0 0 0 0 0 205 0 0
553 205 0 0 0 0 0 205 194 2
554 410 0 0 205 0 0 0 0 0
fn=memcpy
210 22 2 2 0 0 0 0 0 0
211 22 0 0 0 0 0 0 0 0
217 52 0 0 0 0 0 0 0 0
218 52 0 0 0 0 0 0 0 0
220 28 0 0 28 2 1 0 0 0
221 28 0 0 0 0 0 0 0 0
222 28 0 0 0 0 0 0 0 0
224 16 0 0 16 0 0 0 0 0
225 16 0 0 0 0 0 16 4 4
226 16 1 0 0 0 0 16 1 1
228 16 0 0 16 0 0 0 0 0
308 24 1 1 0 0 0 0 0 0
309 24 0 0 0 0 0 0 0 0
311 6 0 0 0 0 0 0 0 0
315 6 0 0 0 0 0 0 0 0
316 6 0 0 0 0 0 0 0 0
317 6 0 0 0 0 0 0 0 0
318 1 0 0 1 1 1 0 0 0
319 1 0 0 0 0 0 0 0 0
323 1 0 0 0 0 0 1 1 1
325 6 0 0 6 0 0 0 0 0
364 18 1 1 18 0 0 0 0 0
365 18 0 0 18 0 0 0 0 0
366 18 0 0 0 0 0 18 4 4
367 18 0 0 0 0 0 18 0 0
368 18 0 0 18 0 0 0 0 0
375 12 0 0 12 0 0 0 0 0
376 12 0 0 12 0 0 0 0 0
377 12 0 0 0 0 0 12 2 2
378 12 0 0 0 0 0 12 2 2
379 12 0 0 0 0 0 12 3 3
380 12 0 0 0 0 0 12 0 0
381 12 0 0 12 0 0 0 0 0
392 12 1 1 0 0 0 0 0 0
393 12 0 0 0 0 0 0 0 0
395 12 0 0 12 1 0 0 0 0
396 12 2 2 0 0 0 0 0 0
397 12 0 0 0 0 0 0 0 0
fn=mempcpy
197 30 0 0 0 0 0 0 0 0
198 30 0 0 0 0 0 0 0 0
199 30 0 0 0 0 0 0 0 0
200 30 0 0 0 0 0 0 0 0
fl=./string/../sysdeps/x86_64/multiarch/memmove.c
fn=memmove
29 2 1 1 0 0 0 0 0 0
fl=./string/../sysdeps/x86_64/multiarch/mempcpy.c
fn=mempcpy
33 1 0 0 0 0 0 0 0 0
fl=./string/../sysdeps/x86_64/multiarch/memrchr.c
fn=memrchr
29 3 1 1 1 0 0 0 0 0
fl=./string/../sysdeps/x86_64/multiarch/memset-vec-unaligned-erms.S
fn=__memset_avx2_unaligned_erms
158 11103 1 1 0 0 0 0 0 0
159 22206 0 0 0 0 0 0 0 0
164 11103 0 0 0 0 0 0 0 0
165 11103 0 0 0 0 0 0 0 0
166 10902 0 0 0 0 0 0 0 0
167 10902 0 0 0 0 0 0 0 0
168 10902 0 0 0 0 0 0 0 0
170 200 0 0 0 0 0 200 200 2
171 200 0 0 0 0 0 200 99 0
172 400 0 0 200 0 0 0 0 0
181 100 0 0 0 0 0 100 0 0
182 100 0 0 0 0 0 100 0 0
184 200 0 0 100 0 0 0 0 0
237 10702 1 1 10702 419 1 0 0 0
238 10702 0 0 0 0 0 0 0 0
244 10601 0 0 0 0 0 10601 10370 10008
245 10601 0 0 0 0 0 10601 173 1
257 10601 0 0 0 0 0 0 0 0
260 10601 0 0 0 0 0 0 0 0
261 10601 0 0 0 0 0 0 0 0
273 10501 0 0 0 0 0 10501 10101 10002
274 10501 0 0 0 0 0 10501 183 1
287 10501 0 0 0 0 0 0 0 0
288 10501 0 0 0 0 0 0 0 0
290 10501 0 0 0 0 0 0 0 0
293 10300 0 0 0 0 0 0 0 0
296 10300 0 0 0 0 0 0 0 0
299 31100 0 0 0 0 0 31100 600 6
300 31100 0 0 0 0 0 31100 30300 30003
301 31100 0 0 0 0 0 31100 788 7
302 31100 0 0 0 0 0 31100 20300 20003
303 31100 0 0 0 0 0 0 0 0
304 31100 0 0 0 0 0 0 0 0
305 41400 0 0 0 0 0 0 0 0
308 10501 1 1 0 0 0 10501 0 0
309 10501 0 0 0 0 0 10501 0 0
310 10501 0 0 0 0 0 10501 0 0
311 10501 0 0 0 0 0 10501 0 0
314 21002 0 0 10501 0 0 0 0 0
325 101 0 0 0 0 0 0 0 0
326 101 0 0 0 0 0 0 0 0
327 101 0 0 0 0 0 0 0 0
328 222901 0 0 0 0 0 222800 3557 290
329 101 0 0 0 0 0 0 0 0
330 202 0 0 101 0 0 0 0 0
337 201 1 1 0 0 0 0 0 0
346 201 0 0 0 0 0 0 0 0
347 201 0 0 0 0 0 0 0 0
378 201 1 1 0 0 0 201 99 0
379 201 0 0 0 0 0 201 0 0
380 201 0 0 201 0 0 0 0 0
fl=./string/../sysdeps/x86_64/multiarch/memset.c
fn=memset
29 2 1 1 0 0 0 0 0 0
fl=./string/../sysdeps/x86_64/multiarch/stpcpy.c
fn=stpcpy
33 3 1 1 1 0 0 0 0 0
fl=./string/../sysdeps/x86_64/multiarch/stpncpy.c
fn=stpncpy
31 3 2 2 1 0 0 0 0 0
fl=./string/../sysdeps/x86_64/multiarch/strcasecmp.c
fn=strcasecmp
31 3 0 0 1 0 0 0 0 0
fl=./string/../sysdeps/x86_64/multiarch/strcasecmp_l.c
fn=strcasecmp_l
31 3 0 0 1 0 0 0 0 0
fl=./string/../sysdeps/x86_64/multiarch/strcat.c
fn=strcat
29 3 1 1 1 0 0 0 0 0
fl=./string/../sysdeps/x86_64/multiarch/strchr-avx2.S
fn=__strchr_avx2
53 1 1 1 0 0 0 0 0 0
55 1 0 0 0 0 0 0 0 0
56 1 0 0 0 0 0 0 0 0
57 1 0 0 0 0 0 0 0 0
58 1 0 0 0 0 0 0 0 0
59 1 0 0 0 0 0 0 0 0
62 1 0 0 0 0 0 0 0 0
63 1 1 1 0 0 0 0 0 0
67 1 0 0 1 1 1 0 0 0
68 1 0 0 0 0 0 0 0 0
69 1 0 0 0 0 0 0 0 0
70 1 0 0 0 0 0 0 0 0
71 1 0 0 0 0 0 0 0 0
72 1 0 0 0 0 0 0 0 0
73 1 0 0 0 0 0 0 0 0
74 1 0 0 0 0 0 0 0 0
77 1 0 0 1 0 0 0 0 0
85 1 0 0 0 0 0 0 0 0
93 1 0 0 0 0 0 0 0 0
94 2 0 0 1 0 0 0 0 0
fl=./string/../sysdeps/x86_64/multiarch/strchr.c
fn=index
42 4 0 0 0 0 0 0 0 0
43 2 0 0 2 0 0 0 0 0
44 3 1 1 1 0 0 0 0 0
47 2 0 0 0 0 0 0 0 0
48 2 1 1 0 0 0 0 0 0
51 3 0 0 0 0 0 0 0 0
54 3 0 0 0 0 0 0 0 0
65 3 1 1 1 0 0 0 0 0
fl=./string/../sysdeps/x86_64/multiarch/strchrnul.c
fn=strchrnul
31 3 0 0 1 0 0 0 0 0
fl=./string/../sysdeps/x86_64/multiarch/strcmp.c
fn=strcmp
47 4 1 1 0 0 0 0 0 0
48 2 0 0 2 0 0 0 0 0
49 3 0 0 1 0 0 0 0 0
52 2 0 0 0 0 0 0 0 0
53 2 0 0 0 0 0 0 0 0
56 3 0 0 0 0 0 0 0 0
59 3 0 0 0 0 0 0 0 0
79 3 2 2 1 0 0 0 0 0
fl=./string/../sysdeps/x86_64/multiarch/strcpy.c
fn=strcpy
29 3 1 1 1 0 0 0 0 0
fl=./string/../sysdeps/x86_64/multiarch/strcspn.c
fn=strcspn
29 2 1 1 1 0 0 0 0 0
fl=./string/../sysdeps/x86_64/multiarch/strlen-avx2.S
fn=__strlen_avx2
52 44 1 1 0 0 0 0 0 0
65 44 0 0 0 0 0 0 0 0
66 44 0 0 0 0 0 0 0 0
67 44 0 0 0 0 0 0 0 0
70 44 0 0 0 0 0 0 0 0
72 44 0 0 0 0 0 0 0 0
73 44 0 0 0 0 0 0 0 0
76 44 0 0 44 1 0 0 0 0
77 44 0 0 0 0 0 0 0 0
85 44 0 0 0 0 0 0 0 0
86 44 0 0 0 0 0 0 0 0
87 2 0 0 0 0 0 0 0 0
92 4 0 0 2 0 0 0 0 0
118 13 0 0 0 0 0 0 0 0
131 13 0 0 0 0 0 0 0 0
132 13 0 0 0 0 0 0 0 0
133 13 0 0 0 0 0 0 0 0
139 26 0 0 13 0 0 0 0 0
168 9 1 1 0 0 0 0 0 0
181 9 0 0 0 0 0 0 0 0
182 9 0 0 0 0 0 0 0 0
183 9 0 0 0 0 0 0 0 0
189 18 0 0 9 0 0 0 0 0
193 20 0 0 0 0 0 0 0 0
206 20 0 0 0 0 0 0 0 0
207 20 0 0 0 0 0 0 0 0
208 20 0 0 0 0 0 0 0 0
214 40 0 0 20 0 0 0 0 0
221 42 1 1 0 0 0 0 0 0
236 42 0 0 42 0 0 0 0 0
242 42 0 0 0 0 0 0 0 0
243 42 0 0 0 0 0 0 0 0
244 42 0 0 0 0 0 0 0 0
246 29 0 0 29 0 0 0 0 0
247 29 0 0 0 0 0 0 0 0
248 29 0 0 0 0 0 0 0 0
249 29 0 0 0 0 0 0 0 0
251 29 0 0 29 0 0 0 0 0
252 29 0 0 0 0 0 0 0 0
253 29 0 0 0 0 0 0 0 0
254 29 0 0 0 0 0 0 0 0
256 20 0 0 20 0 0 0 0 0
257 20 0 0 0 0 0 0 0 0
258 20 0 0 0 0 0 0 0 0
259 20 0 0 0 0 0 0 0 0
fl=./string/../sysdeps/x86_64/multiarch/strlen.c
fn=strlen
29 6 1 1 2 0 0 0 0 0
fl=./string/../sysdeps/x86_64/multiarch/strncase.c
fn=strncasecmp
31 3 1 1 1 0 0 0 0 0
fl=./string/../sysdeps/x86_64/multiarch/strncase_l.c
fn=strncasecmp_l
31 3 1 1 1 0 0 0 0 0
fl=./string/../sysdeps/x86_64/multiarch/strncmp.c
fn=strncmp
43 4 0 0 0 0 0 0 0 0
44 2 1 1 2 0 0 0 0 0
45 3 1 1 1 0 0 0 0 0
48 2 0 0 0 0 0 0 0 0
49 2 0 0 0 0 0 0 0 0
52 3 0 0 0 0 0 0 0 0
55 5 0 0 0 0 0 0 0 0
67 3 1 1 1 0 0 0 0 0
fl=./string/../sysdeps/x86_64/multiarch/strncpy.c
fn=strncpy
29 3 2 2 1 0 0 0 0 0
fl=./string/../sysdeps/x86_64/multiarch/strnlen.c
fn=strnlen
31 6 1 1 2 0 0 0 0 0
fl=./string/../sysdeps/x86_64/multiarch/strpbrk.c
fn=strpbrk
29 2 0 0 1 0 0 0 0 0
fl=./string/../sysdeps/x86_64/multiarch/strrchr-avx2.S
fn=__strrchr_avx2
53 1 1 1 0 0 0 0 0 0
54 1 0 0 0 0 0 0 0 0
55 1 0 0 0 0 0 0 0 0
57 1 0 0 0 0 0 0 0 0
58 1 1 1 0 0 0 0 0 0
62 1 0 0 0 0 0 0 0 0
63 1 0 0 0 0 0 0 0 0
64 1 0 0 0 0 0 0 0 0
67 1 0 0 1 1 0 0 0 0
69 1 0 0 0 0 0 0 0 0
70 1 0 0 0 0 0 0 0 0
71 1 0 0 0 0 0 0 0 0
72 1 0 0 0 0 0 0 0 0
75 1 0 0 0 0 0 0 0 0
76 1 0 0 0 0 0 0 0 0
78 1 0 0 0 0 0 0 0 0
79 1 0 0 0 0 0 0 0 0
80 1 0 0 0 0 0 0 0 0
81 1 0 0 0 0 0 0 0 0
82 1 0 0 0 0 0 0 0 0
91 2 0 0 1 0 0 0 0 0
fl=./string/../sysdeps/x86_64/multiarch/strrchr.c
fn=rindex
28 3 0 0 1 0 0 0 0 0
fl=./string/../sysdeps/x86_64/multiarch/strspn.c
fn=strspn
29 2 1 1 1 0 0 0 0 0
fl=./string/./string/strdup.c
fn=strdup
40 30 1 1 0 0 0 15 0 0
41 10 0 0 0 0 0 5 0 0
44 10 1 1 0 0 0 0 0 0
47 20 0 0 0 0 0 0 0 0
48 15 0 0 15 0 0 0 0 0
fl=./wcsmbs/../sysdeps/x86_64/multiarch/ifunc-avx2.h
fn=wcschr
38 8 1 1 0 0 0 0 0 0
40 6 0 0 4 0 0 0 0 0
41 4 0 0 2 0 0 0 0 0
42 6 0 0 2 0 0 0 0 0
45 4 0 0 0 0 0 0 0 0
46 4 0 0 0 0 0 0 0 0
49 6 0 0 0 0 0 0 0 0
52 12 1 1 0 0 0 0 0 0
fn=wcscmp
38 4 0 0 0 0 0 0 0 0
40 3 0 0 2 0 0 0 0 0
41 2 1 1 1 0 0 0 0 0
42 3 0 0 1 0 0 0 0 0
45 2 0 0 0 0 0 0 0 0
46 2 0 0 0 0 0 0 0 0
49 3 0 0 0 0 0 0 0 0
52 6 1 1 0 0 0 0 0 0
fl=./wcsmbs/../sysdeps/x86_64/multiarch/ifunc-evex.h
fn=wmemchr
37 8 0 0 0 0 0 0 0 0
38 6 1 1 4 0 0 0 0 0
39 6 0 0 2 0 0 0 0 0
42 4 0 0 0 0 0 0 0 0
43 4 1 1 0 0 0 0 0 0
45 4 0 0 0 0 0 0 0 0
51 6 0 0 0 0 0 0 0 0
54 8 0 0 0 0 0 0 0 0
fl=./wcsmbs/../sysdeps/x86_64/multiarch/ifunc-memcmp.h
fn=wmemcmp
34 5 1 1 2 0 0 0 0 0
35 2 0 0 1 0 0 0 0 0
36 2 0 0 0 0 0 0 0 0
37 3 0 0 1 0 0 0 0 0
40 2 0 0 0 0 0 0 0 0
41 2 0 0 0 0 0 0 0 0
44 3 0 0 0 0 0 0 0 0
47 4 0 0 0 0 0 0 0 0
fl=./wcsmbs/../sysdeps/x86_64/multiarch/ifunc-wcs.h
fn=wcpncpy
39 4 1 1 0 0 0 0 0 0
40 3 0 0 2 0 0 0 0 0
41 3 0 0 1 0 0 0 0 0
44 2 0 0 0 0 0 0 0 0
45 3 0 0 0 0 0 0 0 0
48 4 0 0 0 0 0 0 0 0
fn=wcscat
39 4 0 0 0 0 0 0 0 0
40 3 0 0 2 0 0 0 0 0
41 3 0 0 1 0 0 0 0 0
44 2 0 0 0 0 0 0 0 0
45 3 0 0 0 0 0 0 0 0
48 4 0 0 0 0 0 0 0 0
fn=wcsncpy
39 4 0 0 0 0 0 0 0 0
40 3 0 0 2 0 0 0 0 0
41 3 0 0 1 0 0 0 0 0
44 2 0 0 0 0 0 0 0 0
45 3 0 0 0 0 0 0 0 0
48 4 0 0 0 0 0 0 0 0
fl=./wcsmbs/../sysdeps/x86_64/multiarch/ifunc-wcslen.h
fn=wcslen
40 4 0 0 0 0 0 0 0 0
41 2 0 0 2 0 0 0 0 0
42 3 1 1 1 0 0 0 0 0
45 2 0 0 0 0 0 0 0 0
46 2 0 0 0 0 0 0 0 0
49 3 0 0 0 0 0 0 0 0
52 3 0 0 0 0 0 0 0 0
fn=wcsnlen
40 4 0 0 0 0 0 0 0 0
41 2 1 1 2 0 0 0 0 0
42 3 0 0 1 0 0 0 0 0
45 2 1 1 0 0 0 0 0 0
46 2 0 0 0 0 0 0 0 0
49 3 0 0 0 0 0 0 0 0
52 3 0 0 0 0 0 0 0 0
fl=./wcsmbs/../sysdeps/x86_64/multiarch/ifunc-wmemset.h
fn=wmemset
36 10 0 0 4 0 0 0 0 0
37 6 1 1 2 0 0 0 0 0
fl=./wcsmbs/../sysdeps/x86_64/multiarch/wcpcpy.c
fn=wcpncpy
31 1 1 1 0 0 0 0 0 0
fl=./wcsmbs/../sysdeps/x86_64/multiarch/wcpncpy.c
fn=wcpncpy
31 1 0 0 1 0 0 0 0 0
fl=./wcsmbs/../sysdeps/x86_64/multiarch/wcscat.c
fn=wcscat
31 2 1 1 1 0 0 0 0 0
fn=wcschr
31 2 1 1 0 0 0 0 0 0
fl=./wcsmbs/../sysdeps/x86_64/multiarch/wcschr.c
fn=wcschr
31 4 0 0 2 0 0 0 0 0
fl=./wcsmbs/../sysdeps/x86_64/multiarch/wcscmp.c
fn=wcscmp
30 3 1 1 1 0 0 0 0 0
fl=./wcsmbs/../sysdeps/x86_64/multiarch/wcscpy.c
fn=wcscpy
42 4 0 0 0 0 0 0 0 0
43 2 1 1 2 0 0 0 0 0
44 3 0 0 1 0 0 0 0 0
46 2 1 1 0 0 0 0 0 0
47 3 0 0 0 0 0 0 0 0
50 3 0 0 0 0 0 0 0 0
60 2 1 1 1 0 0 0 0 0
fl=./wcsmbs/../sysdeps/x86_64/multiarch/wcslen.c
fn=wcslen
29 3 2 2 1 0 0 0 0 0
fl=./wcsmbs/../sysdeps/x86_64/multiarch/wcsncpy.c
fn=wcsncpy
31 2 1 1 1 0 0 0 0 0
fl=./wcsmbs/../sysdeps/x86_64/multiarch/wcsnlen.c
fn=wcsnlen
30 3 1 1 1 0 0 0 0 0
fl=./wcsmbs/../sysdeps/x86_64/multiarch/wmemchr.c
fn=wmemchr
31 4 1 1 2 0 0 0 0 0
fl=./wcsmbs/../sysdeps/x86_64/multiarch/wmemcmp.c
fn=wmemcmp
29 4 1 1 1 0 0 0 0 0
fl=./wcsmbs/../sysdeps/x86_64/multiarch/wmemset.c
fn=wmemset
31 4 1 1 2 0 0 0 0 0
fl=???
fn=(below main)
0 12 1 1 2 0 0 3 0 0
fn=<alloc::collections::btree::node::Handle<alloc::collections::btree::node::NodeRef<alloc::collections::btree::node::marker::Mut, usize, std::sys::pal::unix::stack_overflow::thread_info::ThreadInfo, alloc::collections::btree::node::marker::Leaf>, alloc::collections::btree::node::marker::KV>>::remove_leaf_kv::<<alloc::collections::btree::map::entry::OccupiedEntry<usize, std::sys::pal::unix::stack_overflow::thread_info::ThreadInfo>>::remove_kv::{closure#0}, alloc::alloc::Global>
0 86 8 8 32 2 2 30 2 2
fn=<alloc::collections::vec_deque::VecDeque<(u64, i32)>>::grow
0 25200 3 3 7500 0 0 3600 0 0
fn=<alloc::raw_vec::RawVec<(u64, usize)>>::grow_one
0 20700 2 2 6300 0 0 4500 0 0
fn=<alloc::raw_vec::RawVecInner>::finish_grow
0 29700 3 3 4500 0 0 6300 0 0
fn=<hashbrown::map::HashMap<u64, (), std::hash::random::RandomState>>::insert
0 16277789 11 11 1460239 3481 1 767918 20366 12
fn=<hashbrown::raw::RawTable<(u64, alloc::boxed::Box<phase2_bench::SplitProfileRecord>)>>::reserve_rehash::<hashbrown::map::make_hasher<u64, alloc::boxed::Box<phase2_bench::SplitProfileRecord>, std::hash::random::RandomState>::{closure#0}>
0 57 5 5 13 0 0 12 0 0
fn=<hashbrown::raw::RawTable<(usize, ())>>::reserve_rehash::<hashbrown::map::make_hasher<usize, (), std::hash::random::RandomState>::{closure#0}>
0 7332760 11 11 1642708 7974 1 733700 47268 445
fn=<hashbrown::raw::RawTableInner>::fallible_with_capacity::<alloc::alloc::Global>
0 79781 13 13 9009 601 1 13013 646 1
fn=<std::hash::random::DefaultHasher as core::hash::Hasher>::write
0 10012800 6 6 1609200 0 0 1251600 0 0
fn=<std::hash::random::RandomState as core::hash::BuildHasher>::hash_one::<&usize>
0 16270800 7 7 1251600 0 0 1788000 0 0
fn=<std::sync::once::Once>::call_once::<std::rt::cleanup::{closure#0}>::{closure#0}
0 131 14 14 34 9 8 26 4 4
fn=<std::sync::once::Once>::call_once_force::<<std::sync::once_lock::OnceLock<std::sync::reentrant_lock::ReentrantLock<core::cell::RefCell<std::io::buffered::linewriter::LineWriter<std::io::stdio::StdoutRaw>>>>>::initialize<<std::sync::once_lock::OnceLock<std::sync::reentrant_lock::ReentrantLock<core::cell::RefCell<std::io::buffered::linewriter::LineWriter<std::io::stdio::StdoutRaw>>>>>::get_or_init<std::io::stdio::cleanup::{closure#0}>::{closure#0}, !>::{closure#0}>::{closure#0}
0 14 2 2 4 0 0 7 1 1
fn=<std::sync::once_lock::OnceLock<std::sync::reentrant_lock::ReentrantLock<core::cell::RefCell<std::io::buffered::linewriter::LineWriter<std::io::stdio::StdoutRaw>>>>>::initialize::<<std::sync::once_lock::OnceLock<std::sync::reentrant_lock::ReentrantLock<core::cell::RefCell<std::io::buffered::linewriter::LineWriter<std::io::stdio::StdoutRaw>>>>>::get_or_init<std::io::stdio::cleanup::{closure#0}>::{closure#0}, !>
0 23 2 2 5 0 0 7 1 1
fn=<std::sys::sync::once::futex::Once>::call
0 96 7 7 33 5 5 22 1 1
fn=???
0 21539 45 44 10725 218 10 25 1 1
fn=__cpu_indicator_init
0 367 40 40 48 2 1 14 0 0
fn=core::core_arch::x86::xsave::_xgetbv
0 5 1 1 1 0 0 0 0 0
fn=core::ptr::drop_glue::<std::collections::hash::map::HashMap<u64, alloc::boxed::Box<phase2_bench::SplitProfileRecord>>>
0 267201 5 5 61038 14004 9789 30008 0 0
fn=core::str::converts::from_utf8
0 205 6 6 36 0 0 12 0 0
fn=engramdb::hybrid::simd::dot_i8
0 69706442 6 6 28555752 271288 83380 651463 0 0
fn=main
0 11 3 3 3 0 0 3 0 0
fn=phase2_bench::main
0 8 1 1 2 1 1 2 0 0
fn=phase2_bench::profile_split_queries
0 17415794 23 23 2790980 346910 66792 1024403 22147 516
fn=phase2_bench::run
0 29985125 56 56 4840515 101341 92647 3150053 19782 12031
fn=phase2_bench::synthetic_records
0 2220082 25 25 290013 1 1 550021 32501 32501
fn=roundf
0 25600000 2 2 3840000 2 2 0 0 0
fn=std::env::args_os
0 121 7 7 29 2 0 33 1 0
fn=std::rt::lang_start::<()>::{closure#0}
0 6 2 2 3 1 1 2 0 0
fn=std::rt::lang_start_internal
0 215 19 19 44 7 6 59 5 1
fn=std::sys::args::unix::imp::ARGV_INIT_ARRAY::init_wrapper
0 4 1 1 1 0 0 2 2 2
fn=std::sys::backtrace::__rust_begin_short_backtrace::<fn(), ()>
0 4 1 1 2 0 0 2 0 0
fn=std::sys::pal::unix::stack_overflow::imp::make_handler
0 58 6 6 14 1 0 14 0 0
fn=std::sys::pal::unix::stack_overflow::thread_info::set_current_info
0 108 11 11 31 1 0 31 1 1
fn=std::sys::random::linux::getrandom
0 52 4 4 11 2 2 9 1 1
fn=std::sys::random::linux::hashmap_random_keys
0 14 2 2 4 0 0 3 0 0
fn=std_detect::detect::cache::detect_and_initialize
0 313 21 21 16 0 0 18 0 0
summary: 215037888 1987 1966 51040679 966183 332445 12852077 279339 154032
