desc: I1 cache:         32768 B, 64 B, 8-way associative
desc: D1 cache:         49152 B, 64 B, 12-way associative
desc: LL cache:         335544320 B, 64 B, 20-way associative
cmd: target/release/phase2_bench cache-layout --layout fused --output /tmp/engramdb-phase2-validation/cachegrind-fused.csv --iterations 1000
events: Ir I1mr ILmr Dr D1mr DLmr Dw D1mw DLmw Bc Bcm Bi Bim
fl=./csu/../csu/libc-start.c
fn=__libc_start_main@@GLIBC_2.34
128 2 1 1 2 0 0 0 0 0 0 0 0 0
134 3 0 0 1 1 0 0 0 0 1 0 0 0
135 7 0 0 3 0 0 2 0 0 0 0 1 1
138 1 0 0 1 1 0 0 0 0 0 0 0 0
139 2 1 1 0 0 0 0 0 0 1 0 0 0
142 3 0 0 2 1 0 0 0 0 0 0 0 0
143 2 0 0 2 0 0 0 0 0 0 0 0 0
144 16 0 0 3 0 0 1 0 0 3 1 0 0
145 8 1 1 2 1 0 4 0 0 0 0 2 2
242 13 1 1 0 0 0 7 0 0 0 0 0 0
311 3 0 0 0 0 0 0 0 0 1 0 0 0
312 3 0 0 0 0 0 1 0 0 0 0 0 0
337 6 1 1 2 0 0 1 0 0 1 1 0 0
340 2 0 0 0 0 0 0 0 0 1 1 0 0
343 2 0 0 2 0 0 0 0 0 0 0 0 0
350 2 0 0 1 0 0 1 0 0 0 0 0 0
352 2 0 0 0 0 0 0 0 0 1 0 0 0
360 4 0 0 1 0 0 1 0 0 0 0 0 0
fl=./csu/../sysdeps/nptl/libc_start_call_main.h
fn=(below main)
29 9 1 1 1 0 0 5 0 0 0 0 0 0
44 3 1 1 0 0 0 1 0 0 0 0 0 0
46 2 0 0 0 0 0 0 0 0 1 0 0 0
51 2 0 0 1 1 0 1 0 0 0 0 0 0
52 2 0 0 1 1 0 1 0 0 0 0 0 0
55 2 0 0 0 0 0 1 0 0 0 0 0 0
58 6 1 1 5 0 0 1 0 0 0 0 1 1
74 2 1 0 0 0 0 1 0 0 0 0 0 0
fl=./csu/./csu/errno-loc.c
fn=__errno_location
25 4 2 1 0 0 0 0 0 0 0 0 0 0
26 8 0 0 8 1 0 0 0 0 0 0 0 0
27 4 0 0 4 0 0 0 0 0 0 0 0 0
fl=./csu/./csu/init-first.c
fn=_init_first
46 6 1 1 0 0 0 2 0 0 0 0 0 0
51 2 0 0 1 0 0 0 0 0 1 0 0 0
55 5 1 1 4 2 1 0 0 0 1 0 0 0
61 1 0 0 0 0 0 1 1 0 0 0 0 0
62 1 0 0 0 0 0 1 0 0 0 0 0 0
63 2 0 0 1 1 0 1 1 1 0 0 0 0
71 2 0 0 0 0 0 0 0 0 0 0 0 0
72 3 0 0 2 0 0 0 0 0 0 0 0 0
fl=./ctype/./ctype/ctype-info.c
fn=__ctype_init
29 1 1 1 0 0 0 0 0 0 0 0 0 0
31 7 1 1 5 4 0 1 0 0 0 0 0 0
33 4 0 0 2 1 0 1 0 0 0 0 0 0
35 4 0 0 2 0 0 1 0 0 0 0 0 0
36 1 0 0 1 0 0 0 0 0 0 0 0 0
fl=./debug/../sysdeps/x86_64/multiarch/ifunc-memmove.h
fn=__memcpy_chk
56 2 0 0 0 0 0 0 0 0 1 0 0 0
57 3 0 0 2 0 0 0 0 0 0 0 0 0
60 3 0 0 1 0 0 0 0 0 0 0 0 0
61 2 1 1 0 0 0 0 0 0 1 1 0 0
74 2 0 0 0 0 0 0 0 0 1 0 0 0
77 2 1 1 0 0 0 0 0 0 1 0 0 0
85 2 0 0 0 0 0 0 0 0 1 1 0 0
93 2 0 0 0 0 0 0 0 0 1 1 0 0
96 5 1 1 1 0 0 0 0 0 0 0 0 0
fn=__memmove_chk
56 2 0 0 0 0 0 0 0 0 1 0 0 0
57 3 1 1 2 0 0 0 0 0 0 0 0 0
60 3 0 0 1 0 0 0 0 0 0 0 0 0
61 2 1 1 0 0 0 0 0 0 1 1 0 0
74 2 0 0 0 0 0 0 0 0 1 0 0 0
77 2 0 0 0 0 0 0 0 0 1 0 0 0
85 2 0 0 0 0 0 0 0 0 1 1 0 0
93 2 1 1 0 0 0 0 0 0 1 1 0 0
96 5 1 1 1 0 0 0 0 0 0 0 0 0
fn=__mempcpy_chk
56 2 0 0 0 0 0 0 0 0 1 0 0 0
57 3 0 0 2 0 0 0 0 0 0 0 0 0
60 3 0 0 1 0 0 0 0 0 0 0 0 0
61 2 1 1 0 0 0 0 0 0 1 1 0 0
74 2 0 0 0 0 0 0 0 0 1 0 0 0
77 2 1 1 0 0 0 0 0 0 1 0 0 0
85 2 0 0 0 0 0 0 0 0 1 1 0 0
93 2 0 0 0 0 0 0 0 0 1 1 0 0
96 5 1 1 1 0 0 0 0 0 0 0 0 0
fl=./debug/../sysdeps/x86_64/multiarch/ifunc-memset.h
fn=__memset_chk
54 5 1 1 2 0 0 0 0 0 1 0 0 0
57 3 0 0 1 0 0 0 0 0 0 0 0 0
58 2 1 1 0 0 0 0 0 0 1 1 0 0
64 2 0 0 0 0 0 0 0 0 0 0 0 0
73 2 0 0 0 0 0 0 0 0 1 0 0 0
75 2 0 0 0 0 0 0 0 0 1 0 0 0
85 2 0 0 0 0 0 0 0 0 1 0 0 0
93 2 0 0 0 0 0 0 0 0 1 0 0 0
96 5 0 0 1 0 0 0 0 0 0 0 0 0
fl=./debug/../sysdeps/x86_64/multiarch/memcpy_chk.c
fn=__memcpy_chk
29 1 1 1 0 0 0 0 0 0 0 0 0 0
fl=./debug/../sysdeps/x86_64/multiarch/memmove_chk.c
fn=__memmove_chk
29 1 0 0 0 0 0 0 0 0 0 0 0 0
fl=./debug/../sysdeps/x86_64/multiarch/mempcpy_chk.c
fn=__mempcpy_chk
29 1 1 1 0 0 0 0 0 0 0 0 0 0
fl=./debug/../sysdeps/x86_64/multiarch/memset_chk.c
fn=__memset_chk
29 1 0 0 0 0 0 0 0 0 0 0 0 0
fl=./elf/../bits/stdlib-bsearch.h
fn=intel_check_word.constprop.0
27 96 0 0 0 0 0 0 0 0 0 0 0 0
28 48 0 0 0 0 0 0 0 0 0 0 0 0
29 744 0 0 0 0 0 0 0 0 372 38 0 0
31 648 0 0 0 0 0 0 0 0 0 0 0 0
32 348 0 0 0 0 0 0 0 0 0 0 0 0
35 264 0 0 0 0 0 0 0 0 0 0 0 0
37 120 1 1 0 0 0 0 0 0 0 0 0 0
fl=./elf/../elf/dl-tls.c
fn=_dl_add_to_slotinfo
1017 27 1 1 0 0 0 15 0 0 0 0 0 0
1023 3 0 0 3 0 0 0 0 0 0 0 0 0
1026 3 0 0 3 1 0 0 0 0 0 0 0 0
1027 3 0 0 0 0 0 0 0 0 0 0 0 0
1031 9 1 1 3 1 0 0 0 0 3 0 0 0
1065 6 0 0 0 0 0 0 0 0 3 3 0 0
1068 6 0 0 0 0 0 3 1 0 0 0 0 0
1069 9 0 0 3 0 0 3 0 0 0 0 0 0
1072 18 1 1 18 0 0 0 0 0 0 0 0 0
fn=_dl_allocate_tls_init
523 11 1 1 0 0 0 8 0 0 0 0 0 0
524 2 0 0 0 0 0 0 0 0 1 0 0 0
528 2 0 0 1 1 0 1 0 0 0 0 0 0
531 1 0 0 0 0 0 0 0 0 0 0 0 0
534 2 1 1 1 1 0 1 0 0 0 0 1 1
537 3 0 0 2 1 0 0 0 0 1 0 0 0
549 1 0 0 1 0 0 0 0 0 0 0 0 0
554 27 1 1 4 0 0 1 0 0 4 0 0 0
560 9 1 1 0 0 0 0 0 0 4 3 0 0
563 9 0 0 3 0 0 0 0 0 0 0 0 0
564 6 0 0 0 0 0 0 0 0 3 0 0 0
570 9 1 1 6 0 0 0 0 0 3 0 0 0
571 6 0 0 0 0 0 0 0 0 0 0 0 0
573 24 0 0 9 3 0 3 1 1 0 0 0 0
576 6 0 0 0 0 0 0 0 0 3 0 0 0
577 6 0 0 3 0 0 0 0 0 0 0 0 0
580 6 1 1 0 0 0 0 0 0 3 0 0 0
581 12 0 0 6 2 0 0 0 0 3 0 0 0
583 6 0 0 0 0 0 0 0 0 3 0 0 0
584 6 0 0 3 0 0 0 0 0 0 0 0 0
593 3 0 0 0 0 0 3 0 0 0 0 0 0
601 6 0 0 3 0 0 0 0 0 3 2 0 0
603 30 0 0 6 0 0 9 0 0 0 0 0 0
609 3 0 0 3 0 0 0 0 0 0 0 0 0
615 2 0 0 1 0 0 1 0 0 0 0 1 1
618 2 0 0 1 0 0 1 0 0 0 0 0 0
621 9 0 0 8 0 0 0 0 0 0 0 0 0
fn=_dl_allocate_tls_storage
365 1 0 0 1 0 0 0 0 0 0 0 0 0
369 1 1 1 0 0 0 0 0 0 0 0 0 0
370 1 0 0 0 0 0 0 0 0 0 0 0 0
371 2 0 0 0 0 0 0 0 0 1 0 0 0
374 1 0 0 0 0 0 1 1 1 0 0 0 0
380 2 0 0 0 0 0 1 0 0 0 0 0 0
417 7 2 2 0 0 0 4 0 0 0 0 0 0
419 1 0 0 1 0 0 0 0 0 0 0 0 0
430 1 0 0 1 0 0 0 0 0 0 0 0 0
431 1 0 0 0 0 0 0 0 0 0 0 0 0
432 2 0 0 0 0 0 0 0 0 1 0 0 0
440 6 0 0 0 0 0 0 0 0 0 0 0 0
441 1 1 1 0 0 0 0 0 0 0 0 0 0
445 305 0 0 0 0 0 297 37 37 296 10 0 0
464 1 0 0 0 0 0 1 1 1 0 0 0 0
470 7 0 0 5 0 0 0 0 0 0 0 0 0
fn=_dl_assign_tls_modid
125 8 1 1 0 0 0 2 0 0 0 0 0 0
128 4 0 0 2 0 0 0 0 0 2 0 0 0
141 2 0 0 2 0 0 0 0 0 0 0 0 0
181 2 0 0 0 0 0 0 0 0 0 0 0 0
183 2 1 1 0 0 0 2 0 0 0 0 0 0
186 2 0 0 0 0 0 2 0 0 0 0 0 0
187 4 0 0 4 0 0 0 0 0 0 0 0 0
fn=_dl_count_modids
192 1 1 1 0 0 0 0 0 0 0 0 0 0
194 2 0 0 1 0 0 0 0 0 1 0 0 0
195 1 0 0 1 0 0 0 0 0 0 0 0 0
210 2 0 0 1 0 0 0 0 0 0 0 0 0
fn=_dl_determine_tlsoffset
216 9 1 1 0 0 0 6 0 0 0 0 0 0
217 1 0 0 0 0 0 0 0 0 0 0 0 0
218 1 0 0 0 0 0 0 0 0 0 0 0 0
219 1 0 0 0 0 0 0 0 0 0 0 0 0
222 4 0 0 1 0 0 1 0 0 1 0 0 0
225 2 0 0 1 0 0 0 0 0 1 0 0 0
259 1 0 0 0 0 0 0 0 0 0 0 0 0
261 25 1 1 7 0 0 0 0 0 4 2 0 0
263 9 1 1 4 0 0 1 0 0 3 0 0 0
265 9 1 1 3 0 0 0 0 0 0 0 0 0
266 6 0 0 3 0 0 0 0 0 0 0 0 0
268 6 0 0 0 0 0 0 0 0 0 0 0 0
270 15 0 0 3 0 0 0 0 0 3 3 0 0
281 3 0 0 0 0 0 3 0 0 0 0 0 0
286 24 0 0 0 0 0 0 0 0 0 0 0 0
288 6 0 0 0 0 0 0 0 0 3 3 0 0
289 3 0 0 0 0 0 0 0 0 0 0 0 0
294 3 0 0 0 0 0 0 0 0 0 0 0 0
301 1 0 0 0 0 0 1 0 0 0 0 0 0
302 7 2 2 1 0 0 0 0 0 0 0 0 0
304 2 0 0 0 0 0 1 0 0 0 0 0 0
354 1 0 0 0 0 0 1 0 0 0 0 0 0
355 8 0 0 7 0 0 0 0 0 0 0 0 0
fn=_dl_tls_static_surplus_init
83 3 0 0 0 0 0 0 0 0 0 0 0 0
97 8 1 1 0 0 0 4 0 0 0 0 0 0
100 6 0 0 1 0 0 1 0 0 0 0 0 0
101 5 0 0 1 0 0 1 0 0 0 0 0 0
102 3 0 0 0 0 0 0 0 0 0 0 0 0
104 4 1 1 0 0 0 0 0 0 1 0 0 0
107 1 0 0 0 0 0 0 0 0 0 0 0 0
109 1 0 0 0 0 0 1 0 0 0 0 0 0
111 3 0 0 0 0 0 1 0 0 0 0 0 0
112 6 0 0 5 0 0 0 0 0 0 0 0 0
fl=./elf/../include/list.h
fn=__tls_init_tp
43 2 1 1 1 0 0 1 0 0 0 0 0 0
44 2 0 0 0 0 0 1 0 0 0 0 0 0
45 1 0 0 0 0 0 1 0 0 0 0 0 0
47 1 0 0 0 0 0 1 0 0 0 0 0 0
fl=./elf/../include/rtld-malloc.h
fn=__minimal_calloc
56 10 0 0 10 0 0 0 0 0 0 0 10 1
fn=_dl_allocate_tls_storage
44 2 0 0 1 0 0 1 0 0 0 0 1 1
56 1 0 0 1 0 0 1 0 0 0 0 1 1
fn=_dl_check_map_versions
44 12 1 1 4 0 0 4 0 0 0 0 4 1
fn=_dl_find_object_init
56 2 0 0 1 0 0 1 0 0 0 0 1 1
fn=_dl_important_hwcaps
56 4 0 0 2 0 0 2 0 0 0 0 2 2
fn=_dl_init_paths
56 5 0 0 3 0 0 3 0 0 0 0 3 3
fn=_dl_map_object_deps
56 8 0 0 4 0 0 4 0 0 0 0 4 2
fn=_dl_new_object
44 12 0 0 4 0 0 4 0 0 0 0 4 1
56 9 1 1 3 0 0 3 0 0 0 0 3 1
fn=fillin_rpath.isra.0
50 4 1 1 4 0 0 2 0 0 0 0 2 1
51 2 0 0 0 0 0 0 0 0 0 0 0 0
56 4 0 0 2 0 0 2 0 0 0 0 2 1
fn=init_tls
44 2 0 0 1 0 0 1 0 0 0 0 1 1
fl=./elf/../include/scratch_buffer.h
fn=_dl_map_object_deps
77 2 0 0 0 0 0 1 1 1 0 0 0 0
78 1 0 0 0 0 0 1 0 0 0 0 0 0
85 3 1 1 1 0 0 0 0 0 1 1 0 0
131 12 1 1 0 0 0 6 0 0 0 0 0 0
fl=./elf/../misc/sbrk.c
fn=sbrk
37 6 1 1 0 0 0 3 0 0 0 0 0 0
40 1 0 0 1 0 0 0 0 0 0 0 0 0
58 2 0 0 0 0 0 0 0 0 1 0 0 0
62 2 0 0 0 0 0 0 0 0 1 1 0 0
78 5 1 1 4 0 0 0 0 0 0 0 0 0
fl=./elf/../nptl/nptl-stack.h
fn=__libc_early_init
61 8 0 0 2 1 0 0 0 0 0 0 0 0
fl=./elf/../sysdeps/generic/_itoa.h
fn=_dl_check_map_versions
76 15 0 0 5 0 0 10 0 0 0 0 0 0
fl=./elf/../sysdeps/generic/dl-cache.h
fn=_dl_load_cache_lookup
125 2 1 1 2 0 0 0 0 0 0 0 0 0
194 1 0 0 1 0 0 0 0 0 0 0 0 0
195 5 0 0 0 0 0 0 0 0 1 1 0 0
fl=./elf/../sysdeps/generic/dl-call_tls_init_tp.h
fn=init_tls
31 8 0 0 0 0 0 2 0 0 1 0 0 0
33 1 0 0 0 0 0 1 0 0 0 0 0 0
fl=./elf/../sysdeps/generic/dl-debug.h
fn=dl_main
29 4 0 0 2 0 0 0 0 0 1 0 0 0
30 1 0 0 0 0 0 1 0 0 0 0 0 0
fl=./elf/../sysdeps/generic/dl-hash.h
fn=__rtld_malloc_init_real
43 1 0 0 0 0 0 0 0 0 0 0 0 0
44 1 0 0 0 0 0 0 0 0 0 0 0 0
45 19 0 0 6 1 1 0 0 0 6 4 0 0
48 18 0 0 0 0 0 0 0 0 0 0 0 0
62 24 0 0 0 0 0 0 0 0 0 0 0 0
67 1 0 0 0 0 0 0 0 0 0 0 0 0
72 1 0 0 0 0 0 1 0 0 0 0 0 0
fl=./elf/../sysdeps/generic/dl-new-hash.h
fn=_dl_lookup_symbol_x
69 173 0 0 0 0 0 0 0 0 0 0 0 0
70 346 0 0 0 0 0 0 0 0 0 0 0 0
74 1287 0 0 1287 98 96 0 0 0 0 0 0 0
77 2574 0 0 0 0 0 0 0 0 1287 115 0 0
80 1195 0 0 1195 17 17 0 0 0 0 0 0 0
81 2390 0 0 0 0 0 0 0 0 1195 93 0 0
87 81 1 1 0 0 0 0 0 0 0 0 0 0
88 81 0 0 0 0 0 0 0 0 0 0 0 0
89 162 0 0 0 0 0 0 0 0 0 0 0 0
90 81 0 0 0 0 0 0 0 0 0 0 0 0
99 1114 0 0 0 0 0 0 0 0 0 0 0 0
101 1114 0 0 0 0 0 0 0 0 0 0 0 0
102 2228 0 0 0 0 0 0 0 0 0 0 0 0
104 1114 1 1 0 0 0 0 0 0 0 0 0 0
105 1114 0 0 0 0 0 0 0 0 0 0 0 0
fl=./elf/../sysdeps/generic/dl-protected.h
fn=do_lookup_x
29 652 0 0 0 0 0 0 0 0 163 0 0 0
fl=./elf/../sysdeps/generic/ldsodefs.h
fn=_dl_relocate_object
79 43 1 1 21 0 0 0 0 0 0 0 0 0
140 528 0 0 176 0 0 0 0 0 0 0 0 0
fn=_dl_start
79 6 1 1 3 0 0 0 0 0 0 0 0 0
fn=do_lookup_x
139 326 0 0 163 0 0 0 0 0 0 0 0 0
140 489 0 0 0 0 0 0 0 0 0 0 0 0
fl=./elf/../sysdeps/nptl/dl-mutex.c
fn=__rtld_mutex_init
30 7 1 1 0 0 0 4 0 0 0 0 0 0
37 1 0 0 1 0 0 0 0 0 0 0 0 0
40 7 0 0 0 0 0 1 0 0 0 0 0 0
44 2 1 1 0 0 0 0 0 0 1 0 0 0
45 9 0 0 3 0 0 1 0 0 1 0 0 0
47 6 0 0 0 0 0 1 0 0 0 0 0 0
51 2 1 1 0 0 0 0 0 0 1 0 0 0
52 7 0 0 3 0 0 1 0 0 1 0 0 0
53 6 0 0 5 0 0 0 0 0 0 0 0 0
fl=./elf/../sysdeps/nptl/dl-tls_init_tp.c
fn=__tls_init_tp
68 5 0 0 0 0 0 2 0 0 0 0 0 0
69 1 0 0 1 0 0 0 0 0 0 0 0 0
72 1 0 0 0 0 0 0 0 0 0 0 0 0
75 4 0 0 0 0 0 1 0 0 0 0 0 0
76 2 0 0 0 0 0 1 0 0 0 0 0 0
77 1 1 1 0 0 0 1 0 0 0 0 0 0
82 2 0 0 1 0 0 1 0 0 0 0 0 0
87 4 0 0 0 0 0 1 0 0 0 0 0 0
90 1 0 0 0 0 0 1 0 0 0 0 0 0
93 3 0 0 0 0 0 0 0 0 0 0 0 0
105 4 1 1 0 0 0 1 0 0 0 0 0 0
121 3 0 0 2 0 0 1 0 0 0 0 0 0
128 2 0 0 1 0 0 1 0 0 0 0 0 0
129 3 0 0 3 0 0 0 0 0 0 0 0 0
fn=__tls_pre_init_tp
53 3 1 1 0 0 0 0 0 0 0 0 0 0
56 10 1 1 0 0 0 3 1 1 0 0 0 0
61 2 0 0 0 0 0 1 0 0 0 0 0 0
62 1 1 1 0 0 0 1 0 0 0 0 0 0
64 1 0 0 1 0 0 0 0 0 0 0 0 0
fn=rtld_mutex_dummy
42 10 0 0 0 0 0 0 0 0 0 0 0 0
44 20 0 0 10 0 0 0 0 0 0 0 0 0
fl=./elf/../sysdeps/nptl/pthread_early_init.h
fn=__libc_early_init
33 6 0 0 0 0 0 1 0 0 1 0 0 0
34 1 0 0 1 0 0 0 0 0 0 0 0 0
38 5 0 0 0 0 0 0 0 0 0 0 0 0
45 2 1 1 2 0 0 0 0 0 0 0 0 0
46 1 0 0 0 0 0 0 0 0 0 0 0 0
48 2 0 0 0 0 0 0 0 0 0 0 0 0
52 5 0 0 0 0 0 1 0 0 0 0 0 0
53 1 1 1 0 0 0 1 1 1 0 0 0 0
54 1 0 0 0 0 0 1 1 1 0 0 0 0
56 1 0 0 0 0 0 1 0 0 0 0 0 0
fl=./elf/../sysdeps/posix/dl-fileid.h
fn=_dl_map_object_from_fd
37 12 0 0 0 0 0 3 1 1 3 0 0 0
40 12 0 0 9 0 0 3 0 0 0 0 0 0
49 24 0 0 12 1 1 0 0 0 12 8 0 0
fl=./elf/../sysdeps/unix/sysv/linux/brk.c
fn=brk
36 1 1 1 0 0 0 0 0 0 0 0 0 0
37 1 0 0 0 0 0 1 1 1 0 0 0 0
38 2 0 0 0 0 0 0 0 0 1 0 0 0
44 1 0 0 0 0 0 0 0 0 0 0 0 0
45 1 0 0 1 0 0 0 0 0 0 0 0 0
fl=./elf/../sysdeps/unix/sysv/linux/brk_call.h
fn=brk
24 2 0 0 0 0 0 0 0 0 0 0 0 0
fl=./elf/../sysdeps/unix/sysv/linux/dl-osinfo.h
fn=dl_main
39 2 0 0 1 0 0 0 0 0 0 0 0 0
52 1 0 0 1 0 0 0 0 0 0 0 0 0
fl=./elf/../sysdeps/unix/sysv/linux/dl-parse_auxv.h
fn=_dl_sysdep_parse_arguments
32 2 0 0 0 0 0 1 0 0 0 0 0 0
33 1 0 0 0 0 0 1 0 0 0 0 0 0
34 1 0 0 0 0 0 1 0 0 0 0 0 0
41 93 1 1 24 6 6 0 0 0 23 6 0 0
42 44 0 0 0 0 0 0 0 0 22 0 0 0
43 44 0 0 22 0 0 22 0 0 0 0 0 0
45 1 0 0 0 0 0 1 0 0 0 0 0 0
46 2 0 0 1 0 0 1 0 0 0 0 0 0
47 2 0 0 1 0 0 1 0 0 0 0 0 0
48 2 0 0 1 0 0 1 0 0 0 0 0 0
49 1 0 0 0 0 0 1 0 0 0 0 0 0
51 2 1 1 1 0 0 1 0 0 0 0 0 0
52 2 0 0 1 0 0 1 1 1 0 0 0 0
53 2 0 0 1 0 0 1 0 0 0 0 0 0
54 2 1 1 1 0 0 1 0 0 0 0 0 0
56 2 0 0 1 0 0 1 0 0 0 0 0 0
fl=./elf/../sysdeps/unix/sysv/linux/dl-sysdep.c
fn=_dl_sysdep_parse_arguments
78 7 1 1 0 0 0 4 1 1 0 0 0 0
79 2 0 0 1 0 0 1 1 1 0 0 0 0
80 2 0 0 0 0 0 1 0 0 0 0 0 0
81 3 0 0 0 0 0 1 1 1 0 0 0 0
82 47 0 0 0 0 0 0 0 0 0 0 0 0
83 97 1 1 48 7 7 0 0 0 48 10 0 0
86 2 1 1 0 0 0 1 1 1 0 0 0 0
90 56 0 0 0 0 0 52 6 6 52 10 0 0
93 5 0 0 3 0 0 1 0 0 0 0 0 0
94 2 0 0 1 0 0 1 0 0 0 0 0 0
95 3 1 1 2 0 0 1 0 0 0 0 0 0
96 6 0 0 5 0 0 0 0 0 0 0 0 0
fn=_dl_sysdep_start
102 6 1 1 0 0 0 2 1 1 0 0 0 0
103 1 0 0 0 0 0 1 0 0 0 0 0 0
106 2 0 0 0 0 0 1 0 0 0 0 0 0
110 2 0 0 1 0 0 1 0 0 0 0 0 0
113 1 0 0 0 0 0 1 0 0 0 0 0 0
115 2 0 0 0 0 0 1 0 0 0 0 0 0
122 3 1 1 1 0 0 0 0 0 1 0 0 0
123 2 0 0 0 0 0 2 0 0 0 0 0 0
125 5 0 0 0 0 0 1 0 0 1 0 0 0
137 3 0 0 1 0 0 0 0 0 1 0 0 0
140 5 1 1 3 0 0 1 0 0 0 0 1 1
143 4 1 0 4 1 0 0 0 0 0 0 0 0
fn=_dl_sysdep_start_cleanup
147 1 1 1 0 0 0 0 0 0 0 0 0 0
148 1 0 0 1 0 0 0 0 0 0 0 0 0
fl=./elf/../sysdeps/unix/sysv/linux/dl-vdso-setup.h
fn=dl_main
30 1 0 0 0 0 0 1 0 0 0 0 0 0
33 1 1 1 0 0 0 1 0 0 0 0 0 0
36 1 0 0 0 0 0 1 0 0 0 0 0 0
39 1 0 0 0 0 0 1 0 0 0 0 0 0
45 1 0 0 0 0 0 1 0 0 0 0 0 0
fl=./elf/../sysdeps/unix/sysv/linux/dl-vdso.h
fn=dl_main
40 2 1 1 1 0 0 0 0 0 0 0 0 0
41 5 0 0 0 0 0 2 0 0 1 0 0 0
55 2 0 0 0 0 0 0 0 0 0 0 0 0
fl=./elf/../sysdeps/unix/sysv/linux/rseq-internal.h
fn=__tls_init_tp
32 3 0 0 1 0 0 0 0 0 1 1 0 0
34 7 1 1 0 0 0 0 0 0 0 0 0 0
37 2 0 0 0 0 0 0 0 0 1 1 0 0
40 1 0 0 0 0 0 1 0 0 0 0 0 0
fl=./elf/../sysdeps/unix/sysv/linux/x86/dl-hwcap2.h
fn=update_active.constprop.0
25 2 0 0 1 0 0 0 0 0 1 1 0 0
fl=./elf/../sysdeps/unix/sysv/linux/x86/dl-minsigstacksize.h
fn=get_common_indices.constprop.0
24 2 2 2 1 0 0 0 0 0 1 0 0 0
27 2 0 0 1 0 0 0 0 0 1 0 0 0
28 2 0 0 1 0 0 0 0 0 1 0 0 0
65 3 0 0 0 0 0 0 0 0 0 0 0 0
72 1 0 0 0 0 0 0 0 0 0 0 0 0
74 1 0 0 0 0 0 1 0 0 0 0 0 0
fl=./elf/../sysdeps/x86/cpu-features.c
fn=get_common_indices.constprop.0
398 3 1 1 0 0 0 2 0 0 0 0 0 0
402 4 0 0 0 0 0 0 0 0 1 0 0 0
405 5 0 0 0 0 0 3 0 0 0 0 0 0
409 1 0 0 0 0 0 1 0 0 0 0 0 0
410 4 0 0 0 0 0 1 0 0 0 0 0 0
411 4 1 1 0 0 0 1 0 0 0 0 0 0
412 4 0 0 0 0 0 1 0 0 0 0 0 0
413 3 0 0 0 0 0 1 0 0 0 0 0 0
414 2 0 0 1 0 0 0 0 0 1 0 0 0
421 2 0 0 1 0 0 0 0 0 1 0 0 0
423 9 0 0 0 0 0 4 1 1 0 0 0 0
428 8 2 2 0 0 0 4 1 1 0 0 0 0
435 2 0 0 1 0 0 0 0 0 1 0 0 0
436 7 0 0 0 0 0 4 1 1 0 0 0 0
442 2 0 0 1 0 0 0 0 0 1 1 0 0
457 3 0 0 3 0 0 0 0 0 0 0 0 0
fn=init_cpu_features.constprop.0
376 3 0 0 0 0 0 0 0 0 0 0 0 0
377 2 0 0 0 0 0 0 0 0 1 0 0 0
378 6 0 0 0 0 0 4 0 0 0 0 0 0
383 2 1 1 0 0 0 0 0 0 1 1 0 0
384 6 1 1 0 0 0 4 0 0 0 0 0 0
389 2 0 0 0 0 0 0 0 0 1 0 0 0
390 7 1 1 0 0 0 4 0 0 0 0 0 0
682 8 1 1 0 0 0 6 0 0 0 0 0 0
685 1 0 0 0 0 0 1 0 0 0 0 0 0
686 1 1 1 0 0 0 1 0 0 0 0 0 0
687 1 0 0 0 0 0 1 0 0 0 0 0 0
690 1 0 0 0 0 0 1 1 1 0 0 0 0
699 3 0 0 0 0 0 1 0 0 0 0 0 0
702 6 1 1 0 0 0 0 0 0 3 1 0 0
703 1 0 0 0 0 0 0 0 0 0 0 0 0
706 2 0 0 0 0 0 1 0 0 0 0 0 0
708 6 2 2 0 0 0 1 0 0 0 0 0 0
713 1 0 0 0 0 0 1 0 0 0 0 0 0
715 3 0 0 1 0 0 0 0 0 1 1 0 0
717 9 2 2 3 1 1 1 0 0 1 0 0 0
721 7 0 0 1 1 1 0 0 0 1 0 1 1
774 3 0 0 2 0 0 0 0 0 1 1 0 0
781 2 1 1 0 0 0 1 0 0 0 0 0 0
799 1 1 1 0 0 0 1 0 0 0 0 0 0
832 2 0 0 0 0 0 0 0 0 1 1 0 0
866 4 1 1 0 0 0 0 0 0 1 1 0 0
869 2 0 0 0 0 0 1 0 0 0 0 0 0
870 1 1 1 0 0 0 0 0 0 0 0 0 0
878 2 1 1 1 0 0 0 0 0 1 0 0 0
885 2 0 0 1 0 0 0 0 0 1 0 0 0
887 2 0 0 0 0 0 1 0 0 0 0 0 0
891 2 0 0 0 0 0 0 0 0 1 0 0 0
897 2 0 0 1 0 0 0 0 0 1 1 0 0
899 1 1 1 0 0 0 0 0 0 0 0 0 0
1001 3 1 1 1 0 0 0 0 0 1 0 0 0
1002 2 0 0 0 0 0 1 0 0 0 0 0 0
1005 2 0 0 0 0 0 0 0 0 1 0 0 0
1006 2 0 0 0 0 0 1 0 0 0 0 0 0
1012 1 0 0 0 0 0 1 0 0 0 0 0 0
1013 1 0 0 0 0 0 1 0 0 0 0 0 0
1014 1 0 0 0 0 0 1 0 0 0 0 0 0
1015 2 1 1 1 0 0 1 0 0 0 0 0 0
1019 4 0 0 0 0 0 1 0 0 0 0 0 0
1022 4 0 0 0 0 0 1 0 0 0 0 0 0
1028 3 0 0 1 0 0 0 0 0 1 1 0 0
1041 2 0 0 0 0 0 0 0 0 0 0 0 0
1042 4 1 1 1 0 0 0 0 0 1 1 0 0
1081 1 0 0 0 0 0 1 0 0 0 0 0 0
1082 2 1 1 1 0 0 0 0 0 1 1 0 0
1086 3 0 0 1 0 0 0 0 0 1 1 0 0
1103 2 1 1 0 0 0 0 0 0 0 0 0 0
1104 2 0 0 0 0 0 0 0 0 1 0 0 0
1106 3 0 0 0 0 0 0 0 0 1 0 0 0
1107 2 0 0 1 0 0 0 0 0 0 0 0 0
1109 3 0 0 0 0 0 0 0 0 1 0 0 0
1110 2 0 0 0 0 0 0 0 0 0 0 0 0
1113 2 0 0 0 0 0 1 0 0 0 0 0 0
1127 4 0 0 0 0 0 1 0 0 0 0 0 0
1129 4 0 0 0 0 0 1 0 0 0 0 0 0
1135 4 0 0 0 0 0 1 0 0 0 0 0 0
1142 8 0 0 7 0 0 0 0 0 0 0 0 0
fn=update_active.constprop.0
72 8 2 2 0 0 0 6 0 0 0 0 0 0
76 1 0 0 1 0 0 0 0 0 0 0 0 0
84 3 1 1 1 0 0 0 0 0 0 0 0 0
85 3 0 0 0 0 0 0 0 0 0 0 0 0
86 1 0 0 1 0 0 0 0 0 0 0 0 0
94 4 0 0 1 0 0 1 0 0 0 0 0 0
95 1 0 0 1 0 0 0 0 0 0 0 0 0
103 4 0 0 1 0 0 1 0 0 0 0 0 0
104 1 0 0 1 0 0 0 0 0 0 0 0 0
109 4 0 0 0 0 0 1 0 0 0 0 0 0
112 4 0 0 1 0 0 1 0 0 0 0 0 0
113 1 0 0 1 0 0 0 0 0 0 0 0 0
116 5 1 1 1 0 0 2 1 1 0 0 0 0
117 2 1 1 1 0 0 1 0 0 0 0 0 0
121 5 0 0 1 0 0 2 0 0 0 0 0 0
122 3 0 0 2 0 0 0 0 0 0 0 0 0
123 3 1 1 2 0 0 0 0 0 0 0 0 0
124 2 0 0 1 0 0 1 0 0 0 0 0 0
128 5 0 0 1 0 0 1 0 0 0 0 0 0
129 5 1 1 2 0 0 1 0 0 0 0 0 0
130 3 0 0 2 1 1 0 0 0 0 0 0 0
132 2 0 0 0 0 0 0 0 0 1 0 0 0
133 4 0 0 0 0 0 1 0 0 0 0 0 0
147 2 0 0 0 0 0 0 0 0 1 1 0 0
151 7 2 2 0 0 0 4 1 1 0 0 0 0
152 4 0 0 0 0 0 1 0 0 0 0 0 0
154 3 0 0 0 0 0 0 0 0 1 1 0 0
158 4 1 1 0 0 0 1 0 0 1 0 0 0
161 1 0 0 0 0 0 0 0 0 0 0 0 0
164 2 0 0 0 0 0 0 0 0 1 1 0 0
166 2 0 0 0 0 0 1 0 0 0 0 0 0
170 1 0 0 0 0 0 0 0 0 0 0 0 0
171 1 1 1 1 1 1 0 0 0 0 0 0 0
178 4 1 1 1 0 0 1 0 0 0 0 0 0
180 5 0 0 1 0 0 1 0 0 0 0 0 0
186 4 0 0 0 0 0 1 0 0 0 0 0 0
188 5 1 1 2 0 0 1 0 0 0 0 0 0
190 4 0 0 0 0 0 2 0 0 0 0 0 0
195 5 0 0 0 0 0 1 0 0 1 1 0 0
244 3 0 0 1 0 0 0 0 0 0 0 0 0
245 3 0 0 1 0 0 0 0 0 1 1 0 0
261 4 1 1 0 0 0 0 0 0 1 0 0 0
277 2 0 0 0 0 0 0 0 0 1 1 0 0
281 2 0 0 0 0 0 1 0 0 0 0 0 0
282 1 1 1 1 0 0 0 0 0 0 0 0 0
285 4 0 0 1 0 0 1 0 0 0 0 0 0
289 2 0 0 0 0 0 0 0 0 1 0 0 0
293 3 1 1 0 0 0 0 0 0 0 0 0 0
294 2 0 0 0 0 0 0 0 0 1 0 0 0
296 1 0 0 0 0 0 0 0 0 0 0 0 0
297 1 0 0 0 0 0 0 0 0 0 0 0 0
300 2 0 0 0 0 0 1 0 0 0 0 0 0
302 1 0 0 0 0 0 1 0 0 0 0 0 0
305 2 0 0 0 0 0 0 0 0 1 1 0 0
356 5 1 1 0 0 0 0 0 0 1 1 0 0
360 3 1 1 1 0 0 0 0 0 1 1 0 0
369 1 0 0 0 0 0 1 0 0 0 0 0 0
370 8 0 0 7 0 0 0 0 0 0 0 0 0
fl=./elf/../sysdeps/x86/dl-cacheinfo.h
fn=get_common_cache_info.constprop.0
571 11 1 1 0 0 0 6 0 0 0 0 0 0
586 1 0 0 1 0 0 0 0 0 0 0 0 0
587 1 0 0 1 0 0 0 0 0 0 0 0 0
588 2 0 0 1 0 0 1 0 0 0 0 0 0
589 1 1 1 1 0 0 0 0 0 0 0 0 0
590 2 0 0 1 0 0 1 0 0 0 0 0 0
596 3 0 0 0 0 0 1 0 0 0 0 0 0
598 7 1 1 3 0 0 2 0 0 0 0 0 0
601 2 0 0 0 0 0 0 0 0 1 0 0 0
613 1 0 0 0 0 0 0 0 0 0 0 0 0
618 3 1 1 1 0 0 0 0 0 1 0 0 0
622 2 0 0 0 0 0 0 0 0 1 1 0 0
627 5 1 1 1 0 0 0 0 0 1 1 0 0
630 24 2 2 0 0 0 5 0 0 1 1 0 0
637 8 0 0 0 0 0 0 0 0 4 0 0 0
640 26 0 0 0 0 0 0 0 0 7 5 0 0
645 2 1 1 0 0 0 0 0 0 1 0 0 0
649 3 0 0 0 0 0 0 0 0 0 0 0 0
650 2 0 0 0 0 0 0 0 0 0 0 0 0
654 2 0 0 0 0 0 0 0 0 1 0 0 0
658 3 0 0 0 0 0 0 0 0 0 0 0 0
661 4 0 0 0 0 0 1 0 0 0 0 0 0
662 1 0 0 0 0 0 0 0 0 0 0 0 0
667 4 0 0 0 0 0 0 0 0 2 1 0 0
673 4 0 0 0 0 0 0 0 0 2 0 0 0
681 6 0 0 0 0 0 0 0 0 0 0 0 0
683 2 0 0 0 0 0 0 0 0 1 0 0 0
685 4 0 0 0 0 0 0 0 0 2 1 0 0
687 12 1 1 0 0 0 0 0 0 1 0 0 0
689 1 0 0 0 0 0 0 0 0 0 0 0 0
690 1 0 0 0 0 0 0 0 0 0 0 0 0
691 9 0 0 1 0 0 0 0 0 2 0 0 0
693 4 1 1 0 0 0 0 0 0 2 1 0 0
696 7 1 1 4 0 0 0 0 0 1 0 0 0
701 1 0 0 0 0 0 0 0 0 0 0 0 0
703 4 1 1 0 0 0 0 0 0 0 0 0 0
704 3 0 0 0 0 0 0 0 0 0 0 0 0
705 1 0 0 0 0 0 0 0 0 0 0 0 0
708 2 0 0 0 0 0 0 0 0 1 1 0 0
711 2 1 1 0 0 0 0 0 0 1 0 0 0
718 1 0 0 0 0 0 0 0 0 0 0 0 0
720 4 0 0 0 0 0 0 0 0 0 0 0 0
721 1 0 0 0 0 0 0 0 0 0 0 0 0
726 2 0 0 0 0 0 0 0 0 0 0 0 0
731 2 0 0 0 0 0 0 0 0 1 0 0 0
732 1 0 0 0 0 0 0 0 0 0 0 0 0
733 2 0 0 0 0 0 0 0 0 1 0 0 0
734 1 0 0 0 0 0 0 0 0 0 0 0 0
759 3 0 0 0 0 0 0 0 0 0 0 0 0
770 5 0 0 1 0 0 0 0 0 2 0 0 0
771 5 0 0 0 0 0 1 0 0 0 0 0 0
775 2 1 1 1 0 0 0 0 0 1 1 0 0
782 1 0 0 0 0 0 1 0 0 0 0 0 0
783 2 0 0 1 0 0 1 0 0 0 0 0 0
784 1 0 0 0 0 0 1 0 0 0 0 0 0
785 7 0 0 7 0 0 0 0 0 0 0 0 0
fn=handle_intel.constprop.0
250 108 0 0 0 0 0 72 0 0 0 0 0 0
255 24 1 1 12 0 0 0 0 0 12 0 0 0
261 12 0 0 0 0 0 12 0 0 0 0 0 0
262 12 0 0 0 0 0 12 0 0 0 0 0 0
267 48 0 0 0 0 0 12 0 0 0 0 0 0
271 24 0 0 0 0 0 0 0 0 12 11 0 0
276 24 1 1 0 0 0 0 0 0 0 0 0 0
279 60 0 0 0 0 0 12 0 0 0 0 0 0
281 24 0 0 0 0 0 0 0 0 12 0 0 0
284 60 1 1 0 0 0 12 0 0 0 0 0 0
286 24 0 0 0 0 0 0 0 0 12 12 0 0
305 96 0 0 84 0 0 0 0 0 0 0 0 0
fn=init_cpu_features.constprop.0
792 1 0 0 0 0 0 1 0 0 0 0 0 0
793 1 0 0 0 0 0 1 0 0 0 0 0 0
795 1 0 0 0 0 0 1 0 0 0 0 0 0
809 2 0 0 0 0 0 0 0 0 1 1 0 0
811 3 1 1 0 0 0 2 0 0 0 0 0 0
812 3 1 1 0 0 0 1 0 0 0 0 0 0
813 3 0 0 0 0 0 2 0 0 0 0 0 0
814 2 0 0 0 0 0 2 0 0 0 0 0 0
817 3 0 0 0 0 0 2 0 0 0 0 0 0
819 3 1 1 0 0 0 2 0 0 0 0 0 0
820 2 0 0 1 0 0 1 0 0 0 0 0 0
822 3 0 0 0 0 0 2 0 0 0 0 0 0
824 3 0 0 0 0 0 2 0 0 0 0 0 0
825 1 0 0 0 0 0 1 0 0 0 0 0 0
827 3 0 0 0 0 0 2 0 0 0 0 0 0
829 3 1 1 0 0 0 2 0 0 0 0 0 0
830 2 0 0 1 0 0 1 0 0 0 0 0 0
832 3 0 0 0 0 0 2 0 0 0 0 0 0
834 3 0 0 0 0 0 1 0 0 0 0 0 0
836 3 1 1 0 0 0 2 0 0 0 0 0 0
838 5 0 0 1 0 0 1 0 0 0 0 0 0
894 2 1 1 1 0 0 1 1 1 0 0 0 0
895 2 0 0 1 0 0 1 0 0 0 0 0 0
896 2 0 0 1 0 0 1 0 0 0 0 0 0
897 2 1 1 1 0 0 1 0 0 0 0 0 0
898 2 0 0 1 0 0 1 0 0 0 0 0 0
899 2 0 0 1 0 0 1 0 0 0 0 0 0
900 1 0 0 0 0 0 1 1 1 0 0 0 0
901 1 0 0 0 0 0 1 0 0 0 0 0 0
902 1 0 0 0 0 0 1 0 0 0 0 0 0
903 1 1 1 0 0 0 1 0 0 0 0 0 0
904 1 0 0 0 0 0 1 0 0 0 0 0 0
905 1 0 0 0 0 0 1 0 0 0 0 0 0
907 1 0 0 1 0 0 0 0 0 0 0 0 0
910 3 0 0 0 0 0 0 0 0 0 0 0 0
924 3 0 0 1 0 0 0 0 0 0 0 0 0
925 7 1 1 5 0 0 2 0 0 0 0 0 0
930 2 0 0 0 0 0 0 0 0 0 0 0 0
931 6 0 0 2 0 0 0 0 0 0 0 0 0
932 2 0 0 0 0 0 0 0 0 0 0 0 0
939 3 0 0 1 0 0 0 0 0 1 0 0 0
959 6 1 1 0 0 0 0 0 0 0 0 0 0
968 2 0 0 0 0 0 0 0 0 0 0 0 0
969 2 0 0 0 0 0 0 0 0 1 1 0 0
974 12 2 2 0 0 0 0 0 0 0 0 0 0
987 5 0 0 2 0 0 1 0 0 0 0 0 0
995 7 1 1 1 0 0 1 0 0 0 0 0 0
997 2 0 0 0 0 0 0 0 0 1 1 0 0
1000 5 0 0 1 0 0 1 0 0 0 0 0 0
1002 2 0 0 0 0 0 0 0 0 1 1 0 0
1005 5 1 1 1 0 0 1 0 0 0 0 0 0
1006 5 0 0 0 0 0 1 0 0 1 0 0 0
1010 6 0 0 1 0 0 2 0 0 0 0 0 0
1011 3 0 0 1 0 0 0 0 0 1 1 0 0
1017 7 0 0 1 0 0 3 0 0 0 0 0 0
1020 11 2 2 2 0 0 5 0 0 0 0 0 0
1021 10 1 1 2 0 0 5 0 0 0 0 0 0
1022 13 2 2 2 0 0 6 0 0 0 0 0 0
1025 10 0 0 1 0 0 5 0 0 0 0 0 0
1027 10 1 1 1 0 0 5 0 0 0 0 0 0
1040 4 0 0 3 0 0 0 0 0 0 0 0 0
1042 2 0 0 1 0 0 1 0 0 0 0 0 0
1043 2 1 1 1 0 0 1 0 0 0 0 0 0
1044 1 0 0 0 0 0 1 0 0 0 0 0 0
1045 1 0 0 0 0 0 1 0 0 0 0 0 0
1046 1 1 1 0 0 0 1 0 0 0 0 0 0
1047 1 0 0 0 0 0 1 0 0 0 0 0 0
fn=intel_check_word.constprop.0
110 648 1 1 324 6 6 0 0 0 324 6 0 0
113 324 0 0 0 0 0 0 0 0 324 41 0 0
119 216 0 0 0 0 0 96 0 0 0 0 0 0
123 48 1 1 0 0 0 0 0 0 24 0 0 0
125 12 0 0 0 0 0 0 0 0 0 0 0 0
129 120 1 1 0 0 0 0 0 0 0 0 0 0
131 144 0 0 0 0 0 0 0 0 72 2 0 0
133 60 0 0 0 0 0 0 0 0 0 0 0 0
135 120 0 0 0 0 0 0 0 0 60 0 0 0
143 120 1 1 0 0 0 0 0 0 60 2 0 0
152 12 0 0 0 0 0 0 0 0 0 0 0 0
155 138 1 1 0 0 0 0 0 0 12 5 0 0
158 99 0 0 0 0 0 0 0 0 33 1 0 0
162 58 0 0 0 0 0 0 0 0 0 0 0 0
164 189 1 1 0 0 0 0 0 0 35 6 0 0
167 120 0 0 0 0 0 0 0 0 20 3 0 0
168 72 0 0 0 0 0 0 0 0 18 4 0 0
169 60 0 0 0 0 0 0 0 0 15 3 0 0
170 48 0 0 0 0 0 0 0 0 12 4 0 0
172 11 1 1 0 0 0 0 0 0 0 0 0 0
174 22 0 0 0 0 0 0 0 0 11 4 0 0
176 12 1 1 0 0 0 0 0 0 0 0 0 0
177 16 0 0 0 0 0 0 0 0 0 0 0 0
178 12 0 0 0 0 0 0 0 0 0 0 0 0
179 20 0 0 0 0 0 0 0 0 0 0 0 0
180 14 1 1 0 0 0 0 0 0 7 3 0 0
181 12 0 0 0 0 0 0 0 0 0 0 0 0
183 8 0 0 0 0 0 0 0 0 4 0 0 0
184 12 0 0 0 0 0 0 0 0 0 0 0 0
187 21 0 0 0 0 0 0 0 0 0 0 0 0
190 2 0 0 0 0 0 0 0 0 0 0 0 0
194 192 0 0 0 0 0 0 0 0 48 6 0 0
202 168 1 1 48 0 0 0 0 0 0 0 0 0
216 48 0 0 0 0 0 0 0 0 0 0 0 0
246 144 0 0 120 0 0 0 0 0 0 0 0 0
fl=./elf/../sysdeps/x86/dl-get-cpu-features.c
fn=__x86_cpu_features
39 3 0 0 1 0 0 0 0 0 1 0 0 0
71 3 1 1 1 0 0 0 0 0 0 0 0 0
fn=_dl_x86_init_cpu_features
37 1 1 1 0 0 0 0 0 0 0 0 0 0
39 3 0 0 1 0 0 0 0 0 1 1 0 0
41 1 0 0 0 0 0 0 0 0 0 0 0 0
fl=./elf/../sysdeps/x86/dl-isa-level.h
fn=_dl_load_cache_lookup
28 12 0 0 4 0 0 4 0 0 0 0 0 0
fl=./elf/../sysdeps/x86/dl-procinfo.h
fn=_dl_load_cache_lookup
39 4 1 1 0 0 0 0 0 0 2 0 0 0
42 14 0 0 0 0 0 4 1 1 2 2 0 0
fl=./elf/../sysdeps/x86/dl-prop.h
fn=_dl_map_object_from_fd
149 12 0 0 6 0 0 0 0 0 6 6 0 0
fn=_dl_process_pt_gnu_property
95 16 1 1 0 0 0 0 0 0 4 0 0 0
102 8 0 0 0 0 0 0 0 0 4 0 0 0
115 8 0 0 0 0 0 0 0 0 4 2 0 0
118 4 0 0 4 1 1 0 0 0 0 0 0 0
252 2 0 0 0 0 0 0 0 0 1 0 0 0
253 1 0 0 0 0 0 1 0 0 0 0 0 0
254 6 0 0 0 0 0 0 0 0 3 0 0 0
255 3 0 0 0 0 0 3 0 0 0 0 0 0
257 16 0 0 4 0 0 4 0 0 0 0 0 0
258 2 1 1 2 0 0 0 0 0 0 0 0 0
260 4 0 0 1 0 0 0 0 0 0 0 0 0
fn=dl_main
36 2 0 0 2 0 0 0 0 0 0 0 0 0
37 18 1 1 0 0 0 0 0 0 6 5 0 0
40 8 0 0 8 0 0 0 0 0 0 0 0 0
49 28 1 1 9 0 0 0 0 0 10 1 0 0
53 23 0 0 5 0 0 0 0 0 4 0 0 0
71 2 0 0 1 0 0 1 0 0 0 0 0 0
149 4 0 0 2 0 0 0 0 0 2 1 0 0
235 2 1 1 2 0 0 0 0 0 0 0 0 0
236 1 0 0 1 1 1 0 0 0 0 0 0 0
fl=./elf/../sysdeps/x86/get-isa-level.h
fn=_dl_hwcaps_subdirs_active
30 4 0 0 0 0 0 0 0 0 1 1 0 0
31 1 0 0 1 0 0 0 0 0 0 0 0 0
32 3 0 0 1 0 0 0 0 0 1 0 0 0
36 3 0 0 0 0 0 0 0 0 1 0 0 0
39 4 1 1 1 0 0 0 0 0 1 0 0 0
40 4 0 0 1 0 0 0 0 0 1 0 0 0
45 4 0 0 0 0 0 0 0 0 1 0 0 0
48 2 0 0 0 0 0 0 0 0 1 0 0 0
51 5 0 0 1 0 0 0 0 0 1 0 0 0
53 4 1 1 0 0 0 0 0 0 1 0 0 0
54 2 0 0 0 0 0 0 0 0 1 0 0 0
55 2 0 0 0 0 0 0 0 0 1 0 0 0
58 4 0 0 0 0 0 0 0 0 1 1 0 0
fn=update_active.constprop.0
28 1 0 0 0 0 0 0 0 0 0 0 0 0
30 4 0 0 0 0 0 0 0 0 0 0 0 0
31 1 0 0 1 0 0 0 0 0 0 0 0 0
32 3 0 0 0 0 0 0 0 0 1 0 0 0
36 3 0 0 0 0 0 0 0 0 1 1 0 0
38 1 0 0 0 0 0 0 0 0 0 0 0 0
39 2 1 1 0 0 0 0 0 0 1 0 0 0
40 4 1 1 1 0 0 0 0 0 1 0 0 0
45 4 0 0 0 0 0 0 0 0 0 0 0 0
47 1 0 0 0 0 0 0 0 0 0 0 0 0
48 2 0 0 0 0 0 0 0 0 1 0 0 0
51 5 1 1 1 0 0 0 0 0 1 0 0 0
53 4 0 0 0 0 0 0 0 0 1 0 0 0
54 2 0 0 0 0 0 0 0 0 0 0 0 0
55 2 0 0 0 0 0 0 0 0 1 0 0 0
57 1 0 0 0 0 0 0 0 0 0 0 0 0
58 4 0 0 0 0 0 0 0 0 1 1 0 0
fl=./elf/../sysdeps/x86_64/dl-cet.c
fn=_dl_cet_check
275 2 0 0 0 0 0 0 0 0 1 0 0 0
276 1 0 0 0 0 0 1 0 0 0 0 0 0
277 2 0 0 1 0 0 0 0 0 0 0 0 0
282 4 0 0 1 0 0 1 0 0 0 0 0 0
283 3 0 0 0 0 0 1 0 0 0 0 0 0
285 2 0 0 1 0 0 1 0 0 0 0 0 0
293 5 1 1 1 0 0 0 0 0 1 1 0 0
361 8 1 1 0 0 0 4 0 0 0 0 0 0
363 6 1 1 5 0 0 0 0 0 0 0 0 0
fn=_dl_cet_setup_features
331 1 1 1 0 0 0 0 0 0 0 0 0 0
334 2 0 0 0 0 0 0 0 0 1 0 0 0
350 1 0 0 1 0 0 0 0 0 0 0 0 0
fl=./elf/../sysdeps/x86_64/dl-hwcaps-subdirs.c
fn=_dl_hwcaps_subdirs_active
29 1 1 1 0 0 0 0 0 0 0 0 0 0
38 3 0 0 0 0 0 0 0 0 0 0 0 0
43 1 0 0 0 0 0 0 0 0 0 0 0 0
48 1 0 0 0 0 0 0 0 0 0 0 0 0
52 1 0 0 1 0 0 0 0 0 0 0 0 0
fl=./elf/../sysdeps/x86_64/dl-machine.h
fn=_dl_relocate_object
81 22 0 0 3 0 0 0 0 0 3 2 0 0
87 4 1 1 3 1 0 0 0 0 1 1 0 0
91 3 0 0 1 1 1 0 0 0 1 0 0 0
97 1 0 0 0 0 0 1 0 0 0 0 0 0
108 3 0 0 1 0 0 0 0 0 1 0 0 0
129 2 0 0 1 0 0 0 0 0 1 0 0 0
132 2 0 0 0 0 0 1 0 0 0 0 0 0
134 4 0 0 1 1 0 0 0 0 0 0 0 0
267 384 2 2 0 0 0 0 0 0 0 0 0 0
274 384 0 0 0 0 0 0 0 0 192 0 0 0
278 384 0 0 0 0 0 0 0 0 192 1 0 0
287 1799 3 3 687 0 0 0 0 0 405 26 0 0
290 395 1 1 166 0 0 0 0 0 0 0 0 0
291 94 0 0 0 0 0 0 0 0 47 14 0 0
292 728 0 0 0 0 0 0 0 0 182 7 0 0
295 10 1 1 0 0 0 0 0 0 5 0 0 0
296 15 0 0 5 0 0 0 0 0 5 2 0 0
307 10 1 1 0 0 0 10 0 0 0 0 0 0
314 25 1 1 10 0 0 5 0 0 0 0 5 5
317 1152 1 1 192 4 3 0 0 0 192 0 192 20
320 18 0 0 0 0 0 18 0 0 0 0 0 0
323 18 0 0 0 0 0 0 0 0 0 0 0 0
346 2 1 1 0 0 0 0 0 0 1 0 0 0
347 3 0 0 2 1 0 1 1 1 0 0 0 0
393 25 1 1 0 0 0 15 0 0 0 0 0 0
400 48 1 1 16 0 0 0 0 0 16 0 0 0
402 64 0 0 16 0 0 0 0 0 16 0 0 0
406 48 1 1 32 3 3 0 0 0 0 0 0 0
415 32 0 0 16 0 0 16 5 5 0 0 0 0
423 353 1 1 178 0 0 175 24 22 0 0 0 0
436 7 0 0 0 0 0 4 0 0 1 0 0 0
476 94 1 1 94 0 0 0 0 0 0 0 0 0
478 47 0 0 0 0 0 47 0 0 0 0 47 47
479 47 0 0 0 0 0 47 2 0 0 0 0 0
498 2724 0 0 908 113 113 0 0 0 0 0 0 0
499 908 0 0 0 0 0 908 237 232 0 0 0 0
503 1816 0 0 0 0 0 0 0 0 908 0 0 0
504 1816 0 0 908 114 114 0 0 0 0 0 0 0
514 114 0 0 57 0 0 0 0 0 0 0 0 0
518 114 0 0 0 0 0 0 0 0 57 0 0 0
521 171 0 0 57 0 0 0 0 0 57 0 0 0
522 57 0 0 57 7 7 0 0 0 0 0 0 0
730 10 0 0 0 0 0 0 0 0 5 2 0 0
734 6 1 1 3 1 0 0 0 0 3 0 0 0
fn=_dl_start
55 1 0 0 0 0 0 0 0 0 0 0 0 0
278 9 0 0 0 0 0 0 0 0 3 0 0 0
287 27 0 0 9 3 3 1 0 0 3 0 0 0
290 6 0 0 3 0 0 0 0 0 0 0 0 0
291 12 0 0 0 0 0 0 0 0 3 0 0 0
317 8 0 0 0 0 0 0 0 0 4 3 0 0
323 2 0 0 0 0 0 2 1 1 0 0 0 0
fn=_dl_sysdep_start
220 1 0 0 0 0 0 1 0 0 0 0 0 0
fl=./elf/./dl-find_object.h
fn=_dl_find_object_from_map
95 10 1 1 5 3 0 5 3 2 0 0 0 0
96 10 1 1 5 0 0 5 0 0 0 0 0 0
97 5 0 0 0 0 0 5 0 0 0 0 0 0
103 25 0 0 10 4 0 0 0 0 0 0 0 0
104 145 0 0 0 0 0 0 0 0 50 4 0 0
105 100 1 1 50 42 8 0 0 0 50 19 0 0
107 15 0 0 10 2 0 5 0 0 0 0 0 0
112 5 0 0 5 0 0 0 0 0 0 0 0 0
fl=./elf/./dl-hwcaps.h
fn=_dl_important_hwcaps
43 9 1 1 0 0 0 6 0 0 0 0 0 0
45 7 0 0 0 0 0 6 0 0 0 0 0 0
46 1 0 0 0 0 0 0 0 0 0 0 0 0
77 8 0 0 3 0 0 5 0 0 0 0 0 0
78 8 1 1 3 0 0 5 0 0 0 0 0 0
79 7 2 2 0 0 0 2 0 0 0 0 0 0
fl=./elf/./dl-load.h
fn=_dl_map_object_from_fd
91 24 0 0 12 0 0 0 0 0 12 3 0 0
92 8 1 1 4 0 0 0 0 0 2 0 0 0
93 10 1 1 2 0 0 0 0 0 2 0 0 0
94 8 0 0 2 0 0 0 0 0 0 0 0 0
96 8 0 0 0 0 0 2 0 0 0 0 0 0
fl=./elf/./dl-main.h
fn=dl_main
109 5 1 1 4 0 0 1 0 0 0 0 0 0
fl=./elf/./dl-map-segments.h
fn=_dl_map_object_from_fd
28 9 0 0 3 0 0 0 0 0 3 0 0 0
29 27 1 1 9 0 0 6 1 1 0 0 0 0
81 3 0 0 3 0 0 0 0 0 0 0 0 0
101 3 0 0 0 0 0 3 0 0 0 0 0 0
102 9 0 0 3 0 0 0 0 0 3 0 0 0
105 9 0 0 3 0 0 3 0 0 0 0 0 0
106 6 0 0 0 0 0 3 0 0 0 0 0 0
108 6 1 1 3 0 0 0 0 0 3 2 0 0
125 3 1 1 3 0 0 0 0 0 0 0 0 0
135 72 1 1 12 0 0 0 0 0 12 2 0 0
137 36 0 0 18 0 0 0 0 0 9 0 0 0
139 90 0 0 36 0 0 9 0 0 9 2 0 0
149 48 0 0 24 0 0 0 0 0 12 9 0 0
155 6 1 1 3 0 0 0 0 0 0 0 0 0
156 3 0 0 0 0 0 0 0 0 0 0 0 0
157 9 0 0 3 0 0 0 0 0 0 0 0 0
158 6 0 0 0 0 0 0 0 0 0 0 0 0
160 6 0 0 0 0 0 0 0 0 0 0 0 0
165 6 0 0 0 0 0 0 0 0 3 0 0 0
168 9 0 0 3 0 0 0 0 0 3 0 0 0
176 21 0 0 3 0 0 6 0 0 0 0 0 0
182 6 0 0 0 0 0 0 0 0 3 1 0 0
186 8 2 2 1 0 0 1 0 0 0 0 0 0
189 2 0 0 0 0 0 0 0 0 1 1 0 0
194 12 1 1 0 0 0 0 0 0 0 0 0 0
fl=./elf/./dl-sym-post.h
fn=lookup_malloc_symbol
41 8 0 0 0 0 0 0 0 0 4 0 0 0
53 12 0 0 4 0 0 0 0 0 4 0 0 0
fl=./elf/./dl-tunable-types.h
fn=__GI___tunable_set_val
84 5 0 0 0 0 0 0 0 0 0 0 0 0
fl=./elf/./elf/dl-audit.c
fn=_dl_audit_activity_map
29 7 1 1 0 0 0 5 0 0 0 0 0 0
30 1 0 0 1 0 0 0 0 0 0 0 0 0
31 3 0 0 1 0 0 0 0 0 1 1 0 0
37 6 1 1 6 0 0 0 0 0 0 0 0 0
fn=_dl_audit_activity_nsid
41 3 2 1 0 0 0 0 0 0 0 0 0 0
45 12 0 0 3 0 0 0 0 0 0 0 0 0
46 3 0 0 3 1 0 0 0 0 0 0 0 0
47 15 2 1 3 0 0 0 0 0 6 0 0 0
fn=_dl_audit_objclose
97 5 1 1 0 0 0 0 0 0 0 0 0 0
98 20 0 0 10 0 0 0 0 0 5 0 0 0
fn=_dl_audit_objopen
77 3 1 1 0 0 0 0 0 0 0 0 0 0
78 12 0 0 6 0 0 0 0 0 3 0 0 0
fn=_dl_audit_preinit
118 1 1 1 0 0 0 0 0 0 0 0 0 0
119 4 0 0 2 0 0 0 0 0 1 0 0 0
fl=./elf/./elf/dl-cache.c
fn=_dl_cache_libcmp
357 30 1 1 0 0 0 0 0 0 0 0 0 0
358 185 1 1 15 0 0 0 0 0 85 10 0 0
360 249 0 0 0 0 0 0 0 0 83 2 0 0
362 87 1 1 0 0 0 0 0 0 2 0 0 0
368 8 0 0 0 0 0 0 0 0 0 0 0 0
369 6 0 0 0 0 0 0 0 0 0 0 0 0
370 76 0 0 70 0 0 0 0 0 2 2 0 0
372 76 0 0 70 2 2 0 0 0 2 2 0 0
374 4 0 0 0 0 0 0 0 0 2 2 0 0
380 162 0 0 0 0 0 0 0 0 81 0 0 0
382 162 0 0 0 0 0 0 0 0 81 13 0 0
383 39 1 1 13 0 0 0 0 0 0 0 0 0
386 68 0 0 0 0 0 0 0 0 0 0 0 0
387 68 0 0 0 0 0 0 0 0 0 0 0 0
390 21 0 0 17 13 13 0 0 0 0 0 0 0
fn=_dl_load_cache_lookup
191 26 0 0 0 0 0 0 0 0 0 0 0 0
205 2 0 0 2 0 0 0 0 0 0 0 0 0
208 16 2 2 2 0 0 6 0 0 0 0 0 0
210 20 0 0 6 0 0 6 0 0 0 0 0 0
211 4 1 1 0 0 0 0 0 0 0 0 0 0
213 10 0 0 0 0 0 2 0 0 0 0 0 0
220 32 0 0 2 0 0 0 0 0 13 4 0 0
222 85 1 1 4 0 0 6 0 0 0 0 0 0
223 26 0 0 13 11 11 0 0 0 0 0 0 0
227 39 1 1 13 0 0 0 0 0 13 0 0 0
231 39 0 0 13 0 0 13 0 0 0 0 0 0
232 26 0 0 0 0 0 0 0 0 13 2 0 0
240 8 0 0 0 0 0 0 0 0 4 2 0 0
242 4 0 0 2 1 1 0 0 0 0 0 0 0
245 4 0 0 0 0 0 0 0 0 2 0 0 0
247 12 0 0 0 0 0 2 0 0 0 0 0 0
249 2 0 0 0 0 0 0 0 0 0 0 0 0
259 4 0 0 2 0 0 0 0 0 2 2 0 0
269 6 1 1 4 0 0 0 0 0 2 0 0 0
270 8 0 0 2 1 1 0 0 0 2 0 0 0
286 14 1 1 0 0 0 0 0 0 2 0 0 0
295 4 0 0 2 0 0 0 0 0 2 0 0 0
298 4 0 0 2 0 0 0 0 0 2 0 0 0
301 2 0 0 0 0 0 0 0 0 0 0 0 0
302 6 1 1 2 0 0 0 0 0 2 2 0 0
330 4 0 0 0 0 0 2 0 0 0 0 0 0
346 11 0 0 0 0 0 0 0 0 11 6 0 0
347 6 1 1 0 0 0 0 0 0 0 0 0 0
349 5 0 0 0 0 0 0 0 0 0 0 0 0
403 20 1 1 0 0 0 14 0 0 0 0 0 0
405 4 0 0 2 0 0 0 0 0 2 0 0 0
408 6 1 1 2 0 0 0 0 0 2 2 0 0
411 5 1 1 0 0 0 1 0 0 0 0 0 0
419 5 1 1 1 0 0 0 0 0 2 0 0 0
420 8 1 1 3 1 1 0 0 0 2 1 0 0
423 6 1 1 0 0 0 0 0 0 1 0 0 0
424 1 0 0 1 0 0 0 0 0 0 0 0 0
431 1 1 1 0 0 0 1 0 0 0 0 0 0
432 2 0 0 0 0 0 1 0 0 0 0 0 0
477 3 0 0 1 0 0 0 0 0 1 0 0 0
482 6 0 0 2 0 0 0 0 0 2 0 0 0
485 6 0 0 2 0 0 2 0 0 0 0 0 0
500 4 0 0 2 0 0 0 0 0 2 0 0 0
512 6 0 0 2 0 0 2 0 0 0 0 0 0
513 30 1 1 2 0 0 0 0 0 4 2 0 0
514 8 1 1 2 0 0 2 0 0 0 0 0 0
515 2 0 0 0 0 0 2 0 0 0 0 0 0
516 16 0 0 14 0 0 0 0 0 0 0 0 0
fn=_dl_unload_cache
525 3 1 1 0 0 0 1 0 0 0 0 0 0
526 4 0 0 1 1 0 0 0 0 1 1 0 0
528 2 0 0 1 0 0 1 0 0 0 0 0 0
529 1 0 0 0 0 0 1 0 0 0 0 0 0
533 1 0 0 0 0 0 1 0 0 0 0 0 0
535 2 1 1 2 0 0 0 0 0 0 0 0 0
fl=./elf/./elf/dl-call-libc-early-init.c
fn=_dl_call_libc_early_init
27 7 1 1 0 0 0 3 0 0 0 0 0 0
29 2 0 0 0 0 0 0 0 0 1 0 0 0
33 5 0 0 0 0 0 1 0 0 0 0 0 0
37 2 0 0 0 0 0 0 0 0 1 0 0 0
39 4 1 1 3 0 0 0 0 0 1 0 0 0
40 2 0 0 0 0 0 0 0 0 0 0 1 1
41 3 0 0 3 0 0 0 0 0 0 0 0 0
fl=./elf/./elf/dl-call_fini.c
fn=_dl_call_fini
24 40 1 1 0 0 0 20 0 0 0 0 0 0
28 10 0 0 5 0 0 0 0 0 5 0 0 0
32 5 1 1 5 0 0 0 0 0 0 0 0 0
34 5 0 0 5 5 0 0 0 0 0 0 0 0
35 10 0 0 0 0 0 0 0 0 5 2 0 0
38 6 0 0 6 3 0 0 0 0 0 0 0 0
39 9 0 0 6 2 0 0 0 0 0 0 0 0
42 28 0 0 0 0 0 0 0 0 7 1 0 0
43 4 0 0 4 3 0 4 0 0 0 0 4 4
47 5 1 1 5 5 0 0 0 0 0 0 0 0
48 10 0 0 0 0 0 0 0 0 5 2 0 0
49 9 0 0 6 1 0 0 0 0 0 0 3 3
50 27 0 0 22 0 0 0 0 0 0 0 0 0
fl=./elf/./elf/dl-catch.c
fn=_dl_catch_error
254 12 1 1 0 0 0 4 0 0 0 0 0 0
256 2 0 0 0 0 0 1 0 0 0 0 0 0
257 2 0 0 1 0 0 1 0 0 0 0 0 0
258 2 0 0 1 0 0 1 0 0 0 0 0 0
259 2 0 0 1 0 0 1 0 0 0 0 0 0
261 6 1 1 5 0 0 0 0 0 0 0 0 0
fn=_dl_catch_exception
58 18 0 0 6 1 1 0 0 0 6 4 0 0
59 12 1 1 6 0 0 6 0 0 0 0 0 0
69 12 0 0 6 0 0 0 0 0 6 0 0 0
70 30 0 0 6 0 0 12 0 0 0 0 0 0
204 48 1 1 0 0 0 30 3 3 0 0 0 0
207 12 0 0 0 0 0 0 0 0 6 0 0 0
214 6 0 0 0 0 0 0 0 0 0 0 0 0
228 6 1 1 0 0 0 6 0 0 0 0 0 0
229 12 0 0 0 0 0 6 0 0 0 0 0 0
235 36 1 1 0 0 0 6 1 1 6 0 0 0
237 18 0 0 12 0 0 6 0 0 0 0 6 2
239 24 0 0 6 0 0 12 0 0 0 0 0 0
248 18 0 0 18 0 0 0 0 0 0 0 0 0
fn=_dl_receive_error
58 2 1 1 1 0 0 0 0 0 1 0 0 0
59 1 0 0 1 0 0 0 0 0 0 0 0 0
69 2 0 0 1 0 0 0 0 0 1 0 0 0
70 2 0 0 0 0 0 2 0 0 0 0 0 0
186 7 1 1 0 0 0 3 0 0 0 0 0 0
188 1 0 0 1 0 0 0 0 0 0 0 0 0
192 1 0 0 0 0 0 1 0 0 0 0 0 0
194 1 0 0 0 0 0 1 0 0 0 0 1 1
197 1 0 0 0 0 0 1 0 0 0 0 0 0
198 4 0 0 4 0 0 0 0 0 0 0 0 0
fl=./elf/./elf/dl-debug.c
fn=_dl_debug_initialize
56 3 1 1 0 0 0 0 0 0 0 0 0 0
57 1 1 1 0 0 0 0 0 0 0 0 0 0
59 2 0 0 0 0 0 0 0 0 1 0 0 0
61 2 0 0 0 0 0 0 0 0 0 0 0 0
63 3 0 0 1 1 1 0 0 0 1 0 0 0
64 1 0 0 0 0 0 1 0 0 0 0 0 0
85 3 0 0 1 0 0 0 0 0 1 1 0 0
90 3 1 1 1 1 1 1 0 0 0 0 0 0
91 2 0 0 0 0 0 1 0 0 0 0 0 0
92 1 0 0 0 0 0 1 0 0 0 0 0 0
95 3 0 0 2 0 0 0 0 0 1 1 0 0
96 6 1 1 1 0 0 1 0 0 0 0 0 0
99 2 0 0 0 0 0 0 0 0 1 1 0 0
107 2 0 0 1 0 0 0 0 0 0 0 0 0
fn=_dl_debug_state
116 2 1 1 0 0 0 0 0 0 0 0 0 0
117 2 0 0 2 0 0 0 0 0 0 0 0 0
fn=_dl_debug_update
38 4 1 0 0 0 0 0 0 0 0 0 0 0
40 8 0 0 0 0 0 0 0 0 4 4 0 0
41 4 0 0 0 0 0 0 0 0 0 0 0 0
44 8 2 1 4 1 0 0 0 0 4 0 0 0
48 4 0 0 4 0 0 0 0 0 0 0 0 0
fl=./elf/./elf/dl-deps.c
fn=_dl_map_object_deps
128 3 0 0 0 0 0 2 1 1 0 0 0 0
129 5 1 1 0 0 0 2 0 0 0 0 0 0
130 6 0 0 0 0 0 1 0 0 0 0 0 0
132 3 0 0 0 0 0 1 0 0 0 0 0 0
136 8 1 1 2 0 0 2 0 0 0 0 0 0
143 13 1 1 0 0 0 8 1 1 0 0 0 0
144 20 2 2 1 1 1 0 0 0 2 2 0 0
160 9 1 1 0 0 0 0 0 0 2 0 0 0
161 1 0 0 1 0 0 0 0 0 0 0 0 0
164 1 1 1 0 0 0 1 0 0 0 0 0 0
182 1 0 0 1 0 0 0 0 0 0 0 0 0
183 6 0 0 4 0 0 0 0 0 0 0 0 0
184 1 0 0 0 0 0 1 0 0 0 0 0 0
188 11 0 0 5 0 0 1 0 0 0 0 0 0
190 17 1 1 0 0 0 9 1 1 0 0 0 0
193 5 0 0 0 0 0 5 0 0 0 0 0 0
197 15 1 1 5 0 0 0 0 0 5 5 0 0
198 32 1 1 14 0 0 0 0 0 14 2 0 0
201 12 0 0 3 0 0 0 0 0 3 0 0 0
205 6 0 0 3 0 0 0 0 0 0 0 0 0
208 18 0 0 9 1 1 0 0 0 9 4 0 0
210 12 1 1 9 0 0 0 0 0 3 3 0 0
215 3 1 1 0 0 0 3 0 0 0 0 0 0
216 3 0 0 0 0 0 3 0 0 0 0 0 0
217 6 0 0 3 0 0 3 0 0 0 0 0 0
218 6 0 0 3 0 0 3 0 0 0 0 0 0
219 3 0 0 0 0 0 3 0 0 0 0 0 0
221 357 0 0 96 0 0 0 0 0 87 15 0 0
222 168 0 0 0 0 0 0 0 0 84 8 0 0
228 50 1 1 10 0 0 9 0 0 5 5 0 0
230 5 0 0 0 0 0 5 0 0 0 0 0 0
232 20 1 1 0 0 0 5 0 0 0 0 0 0
233 10 0 0 5 0 0 0 0 0 5 0 0 0
242 5 0 0 5 0 0 0 0 0 0 0 0 0
244 10 1 1 5 0 0 0 0 0 5 2 0 0
249 21 1 1 3 0 0 0 0 0 3 3 0 0
252 3 0 0 0 0 0 3 0 0 0 0 0 0
253 3 0 0 0 0 0 3 0 0 0 0 0 0
254 3 0 0 0 0 0 3 0 0 0 0 0 0
255 6 0 0 3 0 0 3 0 0 0 0 0 0
256 3 0 0 0 0 0 3 0 0 0 0 0 0
257 3 0 0 3 0 0 0 0 0 0 0 0 0
259 12 0 0 3 0 0 3 0 0 0 0 0 0
263 15 0 0 5 0 0 0 0 0 5 2 0 0
264 9 0 0 0 0 0 3 0 0 0 0 0 0
266 237 1 1 0 0 0 0 0 0 79 7 0 0
417 10 1 1 0 0 0 0 0 0 5 2 0 0
419 15 0 0 0 0 0 9 1 1 0 0 0 0
422 6 0 0 0 0 0 0 0 0 0 0 0 0
423 12 1 1 6 0 0 0 0 0 3 0 0 0
429 3 0 0 0 0 0 3 0 0 0 0 0 0
430 15 0 0 0 0 0 6 0 0 0 0 0 0
431 15 0 0 0 0 0 3 0 0 0 0 0 0
434 3 0 0 0 0 0 3 0 0 0 0 0 0
435 6 0 0 6 0 0 0 0 0 0 0 0 0
439 15 1 1 5 0 0 0 0 0 5 4 0 0
441 5 0 0 5 0 0 0 0 0 0 0 0 0
442 22 0 0 4 0 0 0 0 0 9 9 0 0
448 5 1 1 1 0 0 0 0 0 1 0 0 0
449 1 0 0 0 0 0 1 0 0 0 0 0 0
452 4 0 0 1 0 0 1 0 0 1 1 0 0
463 5 1 1 1 0 0 2 0 0 0 0 0 0
465 4 0 0 2 0 0 0 0 0 1 0 0 0
470 5 1 1 2 0 0 1 0 0 0 0 0 0
471 1 0 0 0 0 0 1 0 0 0 0 0 0
472 2 0 0 0 0 0 0 0 0 0 0 0 0
474 19 0 0 5 0 0 0 0 0 6 2 0 0
478 5 1 1 5 0 0 0 0 0 0 0 0 0
483 10 0 0 0 0 0 0 0 0 5 4 0 0
485 15 0 0 0 0 0 5 1 1 0 0 0 0
490 5 0 0 5 0 0 0 0 0 0 0 0 0
494 2 1 1 0 0 0 0 0 0 0 0 0 0
495 3 0 0 1 0 0 0 0 0 1 1 0 0
532 2 1 1 0 0 0 0 0 0 1 0 0 0
533 2 0 0 0 0 0 0 0 0 1 1 0 0
547 9 1 1 2 0 0 3 0 0 0 0 0 0
552 9 1 1 1 0 0 2 0 0 0 0 0 0
553 5 1 1 2 0 0 1 0 0 0 0 0 0
557 1 0 0 0 0 0 1 0 0 0 0 0 0
559 2 0 0 1 0 0 1 0 0 0 0 0 0
560 1 0 0 1 0 0 0 0 0 0 0 0 0
561 3 0 0 1 0 0 0 0 0 1 1 0 0
568 3 1 1 1 0 0 0 0 0 1 1 0 0
571 2 0 0 0 0 0 0 0 0 1 0 0 0
574 8 0 0 7 0 0 0 0 0 0 0 0 0
fn=openaux
61 30 0 0 0 0 0 10 0 0 0 0 0 0
64 55 0 0 20 0 0 10 0 0 0 0 0 0
65 5 0 0 5 0 0 0 0 0 0 0 0 0
68 5 1 1 5 0 0 0 0 0 0 0 0 0
69 15 0 0 15 0 0 0 0 0 0 0 0 0
fl=./elf/./elf/dl-environ.c
fn=_dl_next_ld_env_entry
28 3 1 1 0 0 0 0 0 0 0 0 0 0
29 3 0 0 3 0 0 0 0 0 0 0 0 0
32 145 0 0 49 0 0 0 0 0 48 2 0 0
34 94 0 0 47 0 0 0 0 0 47 17 0 0
35 12 0 0 6 0 0 0 0 0 6 3 0 0
37 2 0 0 0 0 0 0 0 0 0 0 0 0
40 4 0 0 0 0 0 2 0 0 0 0 0 0
42 2 0 0 2 0 0 0 0 0 0 0 0 0
45 45 0 0 0 0 0 0 0 0 0 0 0 0
fl=./elf/./elf/dl-find_object.c
fn=_dl_find_object_init
561 5 1 1 0 0 0 3 0 0 0 0 0 0
564 1 0 0 1 1 0 0 0 0 0 0 0 0
566 2 0 0 1 0 0 0 0 0 1 1 0 0
567 3 1 1 0 0 0 1 0 0 0 0 0 0
579 2 1 1 0 0 0 1 0 0 0 0 0 0
580 3 0 0 1 0 0 1 0 0 0 0 0 0
582 2 0 0 0 0 0 0 0 0 1 0 0 0
585 2 0 0 0 0 0 0 0 0 1 0 0 0
590 1 1 1 0 0 0 1 0 0 0 0 0 0
591 1 0 0 0 0 0 1 0 0 0 0 0 0
594 3 0 0 1 0 0 0 0 0 1 1 0 0
596 2 1 1 0 0 0 1 0 0 0 0 0 0
599 6 1 1 3 0 0 1 0 0 0 0 0 0
601 1 0 0 0 0 0 0 0 0 0 0 0 0
604 4 0 0 4 0 0 0 0 0 0 0 0 0
fn=_dlfo_process_initial
474 8 0 0 0 0 0 4 0 0 0 0 0 0
475 2 0 0 2 0 0 0 0 0 0 0 0 0
477 2 0 0 0 0 0 0 0 0 0 0 0 0
478 4 1 1 2 0 0 0 0 0 2 0 0 0
504 24 1 1 4 1 0 0 0 0 4 0 0 0
505 26 0 0 2 0 0 0 0 0 12 4 0 0
506 10 0 0 10 0 0 0 0 0 0 0 0 0
508 36 1 1 8 0 0 0 0 0 18 2 0 0
511 32 0 0 8 0 0 0 0 0 8 4 0 0
513 24 1 1 8 1 1 0 0 0 8 3 0 0
515 8 0 0 0 0 0 4 0 0 0 0 0 0
516 8 0 0 0 0 0 0 0 0 0 0 0 0
517 16 0 0 0 0 0 0 0 0 0 0 0 0
529 2 0 0 0 0 0 2 0 0 0 0 0 0
531 8 0 0 6 0 0 0 0 0 0 0 0 0
fn=_dlfo_sort_mappings
536 1 1 1 0 0 0 0 0 0 0 0 0 0
537 2 0 0 0 0 0 0 0 0 1 0 0 0
540 16 1 1 3 0 0 0 0 0 3 2 0 0
544 6 0 0 3 0 0 0 0 0 0 0 0 0
545 33 1 1 0 0 0 0 0 0 9 3 0 0
546 30 0 0 6 0 0 0 0 0 6 3 0 0
548 3 0 0 0 0 0 0 0 0 0 0 0 0
549 3 0 0 0 0 0 0 0 0 0 0 0 0
553 12 0 0 6 0 0 0 0 0 0 0 0 0
554 15 0 0 6 0 0 6 0 0 0 0 0 0
555 6 0 0 0 0 0 6 0 0 0 0 0 0
557 1 0 0 1 0 0 0 0 0 0 0 0 0
fl=./elf/./elf/dl-fini.c
fn=_dl_fini
26 11 1 1 0 0 0 7 1 0 0 0 0 0
43 1 0 0 0 0 0 0 0 0 0 0 0 0
46 13 1 1 1 1 0 0 0 0 2 1 0 0
49 2 0 0 1 1 0 1 0 0 0 0 1 1
51 1 1 1 1 1 0 0 0 0 0 0 0 0
54 2 0 0 0 0 0 0 0 0 1 0 0 0
56 5 0 0 2 1 0 0 0 0 1 0 0 0
61 1 0 0 0 0 0 1 0 0 0 0 0 0
63 4 0 0 0 0 0 2 0 0 0 0 0 0
68 18 3 3 2 0 0 0 0 0 2 2 0 0
73 19 0 0 6 1 0 0 0 0 6 6 0 0
75 10 0 0 5 5 0 0 0 0 5 0 0 0
77 10 0 0 0 0 0 0 0 0 5 0 0 0
79 10 0 0 0 0 0 5 0 0 0 0 0 0
80 5 0 0 0 0 0 5 5 0 0 0 0 0
81 5 0 0 0 0 0 0 0 0 0 0 0 0
85 5 1 1 5 4 0 0 0 0 0 0 0 0
87 6 0 0 0 0 0 0 0 0 1 0 0 0
88 6 0 0 0 0 0 0 0 0 1 1 0 0
94 6 1 1 0 0 0 2 0 0 0 0 0 0
103 2 0 0 1 0 0 1 0 0 0 0 1 1
108 31 1 1 11 0 0 0 0 0 6 3 0 0
110 5 0 0 5 0 0 0 0 0 0 0 0 0
112 10 0 0 5 0 0 0 0 0 5 1 0 0
114 20 1 1 0 0 0 15 0 0 0 0 0 0
117 10 0 0 0 0 0 5 0 0 0 0 0 0
122 5 0 0 5 0 0 0 0 0 0 0 0 0
126 5 0 0 1 0 0 1 0 0 0 0 0 0
132 6 0 0 2 0 0 1 0 0 2 1 0 0
134 1 0 0 0 0 0 0 0 0 0 0 0 0
138 2 0 0 1 0 0 0 0 0 1 0 0 0
145 8 0 0 7 0 0 0 0 0 0 0 0 0
fl=./elf/./elf/dl-hwcaps.c
fn=_dl_important_hwcaps
52 16 1 1 0 0 0 4 0 0 4 2 0 0
54 2 0 0 0 0 0 0 0 0 0 0 0 0
55 4 0 0 2 0 0 0 0 0 0 0 0 0
56 2 0 0 0 0 0 0 0 0 0 0 0 0
57 2 0 0 0 0 0 0 0 0 0 0 0 0
77 16 2 2 0 0 0 4 0 0 4 2 0 0
80 16 0 0 4 0 0 6 1 1 0 0 0 0
84 2 0 0 0 0 0 2 0 0 0 0 0 0
86 6 0 0 2 0 0 2 0 0 0 0 0 0
87 2 0 0 0 0 0 0 0 0 0 0 0 0
88 2 0 0 0 0 0 0 0 0 0 0 0 0
100 5 0 0 0 0 0 3 1 1 0 0 0 0
102 3 1 1 1 0 0 0 0 0 1 0 0 0
105 1 0 0 0 0 0 1 0 0 0 0 0 0
108 1 0 0 0 0 0 0 0 0 0 0 0 0
112 5 1 1 0 0 0 2 0 0 1 0 0 0
125 12 0 0 0 0 0 3 0 0 3 2 0 0
127 10 0 0 4 0 0 2 1 1 0 0 0 0
128 4 0 0 2 0 0 2 0 0 0 0 0 0
129 4 0 0 0 0 0 2 0 0 0 0 0 0
130 2 0 0 0 0 0 0 0 0 0 0 0 0
133 3 1 1 1 0 0 0 0 0 1 0 0 0
142 13 0 0 7 0 0 1 0 0 2 0 0 0
143 11 0 0 0 0 0 1 0 0 1 1 0 0
145 8 1 1 1 0 0 5 0 0 0 0 0 0
151 5 1 1 2 0 0 0 0 0 0 0 0 0
155 4 1 1 2 0 0 1 0 0 0 0 0 0
156 3 0 0 1 0 0 0 0 0 1 1 0 0
157 3 0 0 0 0 0 0 0 0 1 0 0 0
161 1 0 0 1 0 0 0 0 0 0 0 0 0
162 2 0 0 1 0 0 1 0 0 0 0 0 0
163 2 0 0 0 0 0 2 0 0 0 0 0 0
172 14 2 2 0 0 0 9 1 1 0 0 0 0
174 2 0 0 0 0 0 2 1 1 0 0 0 0
175 3 0 0 0 0 0 0 0 0 0 0 0 0
185 2 1 1 0 0 0 1 0 0 0 0 0 0
186 3 0 0 0 0 0 0 0 0 0 0 0 0
189 3 0 0 1 0 0 1 1 1 0 0 0 0
193 2 0 0 1 0 0 0 0 0 0 0 0 0
194 2 0 0 0 0 0 0 0 0 1 0 0 0
201 1 0 0 0 0 0 0 0 0 0 0 0 0
202 5 0 0 2 0 0 1 0 0 0 0 0 0
208 2 0 0 1 0 0 1 0 0 0 0 0 0
209 1 0 0 0 0 0 1 0 0 0 0 0 0
213 3 1 1 2 0 0 1 0 0 0 0 0 0
216 9 0 0 7 0 0 0 0 0 0 0 0 0
fl=./elf/./elf/dl-hwcaps_split.c
fn=_dl_hwcaps_split
25 5 1 1 0 0 0 3 0 0 0 0 0 0
26 3 0 0 1 0 0 0 0 0 1 1 0 0
27 1 0 0 0 0 0 0 0 0 0 0 0 0
47 4 1 1 4 0 0 0 0 0 0 0 0 0
fn=_dl_hwcaps_split_masked
26 44 1 1 11 0 0 0 0 0 11 9 0 0
30 24 1 1 12 0 0 12 0 0 0 0 0 0
34 78 1 1 18 1 1 0 0 0 18 6 0 0
35 12 0 0 0 0 0 6 0 0 0 0 0 0
36 24 0 0 0 0 0 0 0 0 12 3 0 0
41 36 0 0 0 0 0 9 0 0 0 0 0 0
42 18 0 0 0 0 0 0 0 0 9 2 0 0
43 12 1 1 0 0 0 3 0 0 0 0 0 0
45 6 0 0 0 0 0 0 0 0 0 0 0 0
51 110 1 1 0 0 0 66 1 1 0 0 0 0
55 5 0 0 0 0 0 0 0 0 0 0 0 0
56 18 0 0 9 0 0 9 0 0 0 0 0 0
57 27 0 0 0 0 0 9 0 0 0 0 0 0
58 24 0 0 6 0 0 0 0 0 9 3 0 0
60 6 0 0 0 0 0 0 0 0 0 0 0 0
62 88 1 1 77 0 0 0 0 0 0 0 0 0
67 12 0 0 0 0 0 0 0 0 6 4 0 0
fl=./elf/./elf/dl-init.c
fn=_dl_init
29 12 1 1 6 0 0 0 0 0 6 1 0 0
35 30 1 1 6 0 0 0 0 0 6 0 0 0
37 31 1 1 1 0 0 2 1 0 6 2 0 0
81 13 1 1 0 0 0 6 0 0 0 0 0 0
82 1 0 0 1 1 0 0 0 0 0 0 0 0
83 1 0 0 1 0 0 0 0 0 0 0 0 0
86 3 0 0 1 0 0 0 0 0 1 1 0 0
89 2 0 0 0 0 0 1 0 0 0 0 0 0
94 4 1 1 0 0 0 0 0 0 1 0 0 0
119 1 0 0 1 0 0 0 0 0 0 0 0 0
120 24 0 0 0 0 0 4 0 0 6 4 0 0
121 10 0 0 10 2 0 0 0 0 0 0 0 0
127 8 0 0 7 0 0 0 0 0 0 0 0 0
fn=call_init.part.0
26 60 2 2 0 0 0 30 0 0 0 0 0 0
43 15 0 0 5 0 0 5 0 0 0 0 0 0
46 15 0 0 10 5 0 0 0 0 5 1 0 0
47 2 1 1 0 0 0 0 0 0 1 1 0 0
51 8 0 0 4 0 0 0 0 0 4 0 0 0
59 12 1 1 4 4 0 0 0 0 4 1 0 0
60 12 0 0 4 2 0 2 0 0 0 0 2 2
63 4 0 0 4 3 0 0 0 0 0 0 0 0
64 8 0 0 0 0 0 0 0 0 4 1 0 0
70 9 0 0 6 3 0 0 0 0 0 0 0 0
72 6 0 0 6 0 0 0 0 0 0 0 0 0
73 35 1 1 0 0 0 0 0 0 8 2 0 0
74 20 0 0 5 1 0 5 0 0 0 0 5 5
76 40 0 0 35 0 0 0 0 0 0 0 0 0
fl=./elf/./elf/dl-load.c
fn=_dl_dst_count
238 45 1 1 0 0 0 30 1 1 0 0 0 0
241 10 0 0 0 0 0 5 0 0 0 0 0 0
244 10 0 0 0 0 0 0 0 0 5 0 0 0
245 5 0 0 0 0 0 0 0 0 0 0 0 0
264 45 1 1 35 0 0 0 0 0 0 0 0 0
fn=_dl_init_paths
706 13 2 2 0 0 0 8 0 0 0 0 0 0
720 4 0 0 0 0 0 2 1 1 0 0 0 0
725 1 0 0 0 0 0 1 0 0 0 0 0 0
727 3 1 1 0 0 0 0 0 0 1 0 0 0
734 3 0 0 0 0 0 0 0 0 0 0 0 0
735 2 0 0 1 0 0 0 0 0 0 0 0 0
739 4 0 0 0 0 0 1 1 1 0 0 0 0
741 4 1 1 2 0 0 0 0 0 1 0 0 0
747 1 0 0 0 0 0 1 0 0 0 0 0 0
748 1 0 0 0 0 0 1 0 0 0 0 0 0
756 8 1 1 0 0 0 4 0 0 0 0 0 0
758 8 0 0 0 0 0 4 2 2 0 0 0 0
759 4 0 0 0 0 0 4 0 0 0 0 0 0
761 5 0 0 0 0 0 4 1 1 0 0 0 0
762 7 0 0 3 1 1 4 1 1 0 0 0 0
763 4 0 0 0 0 0 0 0 0 0 0 0 0
766 13 0 0 3 1 1 0 0 0 3 0 0 0
767 10 1 1 1 0 0 1 0 0 4 3 0 0
768 18 0 0 4 0 0 5 0 0 0 0 0 0
770 32 2 2 6 0 0 5 0 0 4 1 0 0
776 1 0 0 0 0 0 1 0 0 0 0 0 0
777 1 0 0 0 0 0 1 0 0 0 0 0 0
782 1 0 0 1 0 0 0 0 0 0 0 0 0
785 3 0 0 0 0 0 0 0 0 0 0 0 0
787 4 1 1 1 0 0 0 0 0 1 0 0 0
789 3 0 0 1 0 0 0 0 0 1 1 0 0
806 1 0 0 0 0 0 1 0 0 0 0 0 0
808 3 1 1 1 0 0 0 0 0 1 1 0 0
822 2 1 1 0 0 0 1 0 0 0 0 0 0
825 5 1 1 2 0 0 0 0 0 2 1 0 0
827 23 4 4 2 0 0 2 0 0 2 2 0 0
831 2 0 0 0 0 0 0 0 0 0 0 0 0
832 168 1 1 42 0 0 0 0 0 42 10 0 0
833 41 0 0 0 0 0 0 0 0 0 0 0 0
834 82 0 0 0 0 0 0 0 0 0 0 0 0
836 1 0 0 0 0 0 1 0 0 0 0 0 0
837 1 0 0 0 0 0 0 0 0 0 0 0 0
838 2 0 0 0 0 0 0 0 0 1 0 0 0
844 6 0 0 1 0 0 1 0 0 0 0 0 0
847 3 0 0 2 0 0 0 0 0 1 0 0 0
853 1 0 0 0 0 0 1 0 0 0 0 0 0
857 8 0 0 7 0 0 0 0 0 0 0 0 0
fn=_dl_map_object
682 20 3 3 6 0 0 0 0 0 6 6 0 0
696 10 1 1 0 0 0 6 0 0 0 0 0 0
1967 72 2 2 0 0 0 54 5 5 0 0 0 0
1969 3 0 0 0 0 0 3 0 0 0 0 0 0
1975 12 0 0 0 0 0 0 0 0 6 0 0 0
1976 24 0 0 6 1 1 0 0 0 6 0 0 0
1979 111 1 1 21 0 0 12 0 0 21 3 0 0
1984 126 1 1 36 0 0 0 0 0 18 0 0 0
1986 90 0 0 0 0 0 18 2 2 18 3 0 0
1990 30 0 0 15 0 0 0 0 0 15 0 0 0
1991 45 0 0 15 0 0 0 0 0 15 7 0 0
1994 30 0 0 18 0 0 0 0 0 6 4 0 0
1995 18 1 1 6 0 0 0 0 0 0 0 0 0
1996 30 0 0 0 0 0 6 0 0 6 4 0 0
2010 12 1 1 3 0 0 0 0 0 3 0 0 0
2011 9 0 0 3 0 0 3 0 0 0 0 0 0
2019 9 0 0 3 0 0 0 0 0 3 0 0 0
2034 3 0 0 0 0 0 3 0 0 0 0 0 0
2036 15 0 0 0 0 0 3 0 0 3 2 0 0
2040 8 2 2 0 0 0 4 0 0 0 0 0 0
2042 4 0 0 2 0 0 0 0 0 2 0 0 0
2049 8 0 0 2 0 0 0 0 0 4 2 0 0
2053 2 1 1 2 0 0 0 0 0 0 0 0 0
2054 2 0 0 0 0 0 2 0 0 0 0 0 0
2058 6 1 1 2 0 0 0 0 0 2 2 0 0
2059 2 0 0 0 0 0 0 0 0 0 0 0 0
2073 10 2 2 8 0 0 0 0 0 2 0 0 0
2074 14 2 2 4 0 0 0 0 0 4 2 0 0
2075 2 0 0 0 0 0 0 0 0 0 0 0 0
2084 4 1 1 0 0 0 0 0 0 2 2 0 0
2099 4 1 1 2 0 0 0 0 0 2 0 0 0
2100 32 1 1 4 0 0 8 0 0 2 2 0 0
2106 6 1 1 0 0 0 0 0 0 2 2 0 0
2107 2 0 0 0 0 0 0 0 0 0 0 0 0
2115 2 1 1 0 0 0 2 0 0 0 0 0 0
2129 4 0 0 2 0 0 0 0 0 2 0 0 0
2131 6 0 0 2 0 0 0 0 0 2 2 0 0
2135 6 1 1 0 0 0 2 0 0 0 0 0 0
2137 4 0 0 0 0 0 0 0 0 2 0 0 0
2141 4 0 0 0 0 0 0 0 0 2 0 0 0
2149 4 0 0 2 0 0 0 0 0 2 0 0 0
2172 18 1 1 0 0 0 4 0 0 0 0 0 0
2176 6 0 0 2 0 0 0 0 0 2 0 0 0
2177 2 0 0 0 0 0 2 0 0 0 0 0 0
2194 4 0 0 2 0 0 0 0 0 2 2 0 0
2200 1 0 0 0 0 0 1 0 0 0 0 0 0
2201 4 0 0 0 0 0 1 0 0 0 0 0 0
2202 2 1 1 0 0 0 0 0 0 1 0 0 0
2203 2 0 0 0 0 0 0 0 0 1 0 0 0
2207 9 1 1 0 0 0 2 0 0 0 0 0 0
2210 3 0 0 1 0 0 0 0 0 1 0 0 0
2222 12 0 0 3 0 0 0 0 0 0 0 0 0
2267 6 0 0 3 0 0 3 0 0 0 0 0 0
2268 52 1 1 11 0 0 15 0 0 0 0 0 0
2270 57 1 1 45 0 0 0 0 0 0 0 0 0
fn=_dl_map_object_from_fd
944 42 2 2 0 0 0 30 2 2 0 0 0 0
959 12 0 0 3 0 0 3 0 0 3 3 0 0
989 48 1 1 15 0 0 0 0 0 12 6 0 0
990 18 1 1 9 0 0 0 0 0 9 0 0 0
1008 6 1 1 3 0 0 0 0 0 3 3 0 0
1036 12 1 1 3 0 0 3 0 0 3 0 0 0
1046 6 0 0 3 0 0 0 0 0 3 0 0 0
1053 24 1 1 15 0 0 3 0 0 0 0 0 0
1054 6 0 0 0 0 0 0 0 0 3 0 0 0
1065 6 0 0 3 0 0 3 3 3 0 0 0 0
1066 9 0 0 3 0 0 3 0 0 0 0 0 0
1067 6 0 0 3 0 0 3 0 0 0 0 0 0
1069 9 0 0 0 0 0 0 0 0 0 0 0 0
1070 12 1 1 6 0 0 0 0 0 3 1 0 0
1071 4 0 0 0 0 0 2 0 0 0 0 0 0
1074 17 2 2 1 0 0 1 0 0 2 2 0 0
1075 6 0 0 1 0 0 1 1 1 1 1 0 0
1086 3 0 0 0 0 0 3 0 0 0 0 0 0
1088 3 0 0 0 0 0 3 0 0 0 0 0 0
1090 66 2 2 6 0 0 3 0 0 6 3 0 0
1091 3 0 0 0 0 0 0 0 0 0 0 0 0
1092 3 0 0 0 0 0 3 0 0 0 0 0 0
1093 3 0 0 0 0 0 3 0 0 0 0 0 0
1094 3 0 0 0 0 0 0 0 0 0 0 0 0
1100 129 0 0 6 0 0 0 0 0 40 0 0 0
1101 312 3 3 37 13 13 0 0 0 155 41 0 0
1107 6 1 1 3 2 2 0 0 0 3 0 0 0
1114 8 0 0 5 0 0 3 0 0 0 0 0 0
1115 9 0 0 3 0 0 3 0 0 0 0 0 0
1116 30 1 1 6 0 0 3 0 0 0 0 0 0
1121 2 0 0 1 0 0 1 0 0 0 0 0 0
1122 1 0 0 0 0 0 0 0 0 0 0 0 0
1127 93 0 0 39 2 2 3 0 0 12 0 0 0
1135 60 1 1 12 0 0 0 0 0 0 0 0 0
1136 78 1 1 0 0 0 12 2 2 0 0 0 0
1137 60 1 1 12 0 0 12 0 0 0 0 0 0
1138 12 0 0 0 0 0 12 0 0 0 0 0 0
1139 24 0 0 12 1 1 12 4 4 0 0 0 0
1141 84 0 0 12 1 1 0 0 0 0 0 0 0
1143 24 0 0 0 0 0 12 4 4 0 0 0 0
1156 24 0 0 0 0 0 0 0 0 12 3 0 0
1157 45 0 0 18 0 0 9 0 0 0 0 0 0
1162 12 0 0 0 0 0 0 0 0 0 0 0 0
1163 123 0 0 24 0 0 24 0 0 0 0 0 0
1176 6 1 1 2 0 0 0 0 0 2 0 0 0
1180 8 0 0 0 0 0 2 2 2 0 0 0 0
1181 2 0 0 2 1 1 0 0 0 0 0 0 0
1185 10 0 0 0 0 0 2 2 2 0 0 0 0
1186 4 1 1 2 0 0 2 0 0 0 0 0 0
1189 2 0 0 0 0 0 2 0 0 0 0 0 0
1194 8 0 0 2 0 0 0 0 0 2 2 0 0
1209 6 1 1 3 0 0 3 0 0 0 0 0 0
1210 3 0 0 0 0 0 0 0 0 0 0 0 0
1213 9 0 0 6 1 1 3 1 1 0 0 0 0
1218 21 1 1 15 0 0 0 0 0 3 0 0 0
1228 57 1 1 0 0 0 0 0 0 12 7 0 0
1229 24 0 0 0 0 0 12 0 0 0 0 0 0
1235 6 0 0 0 0 0 0 0 0 3 0 0 0
1245 12 0 0 6 0 0 0 0 0 6 0 0 0
1252 21 1 1 9 0 0 3 0 0 0 0 0 0
1264 3 1 1 0 0 0 0 0 0 0 0 0 0
1268 12 1 1 6 0 0 0 0 0 3 0 0 0
1269 9 0 0 3 0 0 3 0 0 0 0 0 0
1275 8 1 1 1 0 0 0 0 0 0 0 0 0
1276 6 1 1 0 0 0 0 0 0 3 3 0 0
1278 6 0 0 0 0 0 0 0 0 3 3 0 0
1288 9 0 0 3 0 0 0 0 0 3 0 0 0
1307 9 0 0 3 0 0 3 0 0 0 0 0 0
1309 18 1 1 6 0 0 0 0 0 3 0 0 0
1361 9 0 0 3 1 1 0 0 0 3 1 0 0
1362 4 0 0 2 0 0 2 0 0 0 0 0 0
1368 104 1 1 9 0 0 0 0 0 40 3 0 0
1369 173 1 1 37 31 31 0 0 0 68 30 0 0
1375 49 0 0 0 0 0 3 0 0 0 0 0 0
1380 12 1 1 3 0 0 3 0 0 3 0 0 0
1393 6 1 1 3 0 0 0 0 0 3 0 0 0
1395 12 0 0 6 0 0 3 0 0 0 0 0 0
1397 6 0 0 3 0 0 0 0 0 3 0 0 0
1413 6 0 0 0 0 0 3 0 0 0 0 0 0
1417 6 0 0 3 0 0 0 0 0 3 0 0 0
1418 6 1 1 3 0 0 0 0 0 3 3 0 0
1435 6 0 0 3 0 0 0 0 0 3 2 0 0
1436 1 0 0 0 0 0 1 0 0 0 0 0 0
1439 6 0 0 3 0 0 3 0 0 0 0 0 0
1444 6 0 0 3 0 0 0 0 0 3 0 0 0
1449 6 0 0 3 0 0 0 0 0 3 0 0 0
1461 24 1 1 9 0 0 0 0 0 3 2 0 0
1462 9 1 1 3 0 0 0 0 0 3 1 0 0
1463 18 0 0 6 0 0 2 0 0 4 1 0 0
1464 6 0 0 2 0 0 0 0 0 0 0 0 0
1465 5 0 0 1 0 0 1 0 0 0 0 0 0
1471 6 0 0 3 0 0 0 0 0 3 1 0 0
1472 8 0 0 2 0 0 0 0 0 2 0 0 0
1477 4 0 0 0 0 0 2 0 0 0 0 0 0
1484 9 1 1 3 0 0 3 0 0 0 0 0 0
1487 6 0 0 3 0 0 0 0 0 3 0 0 0
1491 9 0 0 3 0 0 3 0 0 0 0 0 0
1492 9 0 0 3 0 0 0 0 0 3 3 0 0
1510 6 1 1 0 0 0 0 0 0 3 3 0 0
1514 21 1 1 9 0 0 0 0 0 3 0 0 0
1515 12 1 1 3 0 0 3 0 0 0 0 0 0
1519 27 1 1 21 0 0 0 0 0 0 0 0 0
fn=_dl_process_pt_gnu_property
868 9 1 1 0 0 0 0 0 0 0 0 0 0
869 6 0 0 6 0 0 0 0 0 0 0 0 0
870 3 0 0 3 0 0 0 0 0 0 0 0 0
876 6 0 0 3 0 0 0 0 0 3 0 0 0
882 15 0 0 0 0 0 0 0 0 3 0 0 0
885 9 1 1 3 3 3 0 0 0 3 0 0 0
886 6 0 0 3 0 0 0 0 0 3 0 0 0
887 6 0 0 3 0 0 0 0 0 3 0 0 0
890 9 0 0 3 0 0 0 0 0 3 0 0 0
891 9 1 1 0 0 0 0 0 0 3 0 0 0
895 3 0 0 0 0 0 0 0 0 0 0 0 0
896 6 0 0 0 0 0 0 0 0 0 0 0 0
900 8 1 1 4 0 0 0 0 0 0 0 0 0
901 4 0 0 4 0 0 0 0 0 0 0 0 0
904 8 0 0 0 0 0 0 0 0 4 0 0 0
907 4 0 0 0 0 0 0 0 0 0 0 0 0
908 16 0 0 0 0 0 0 0 0 4 0 0 0
918 9 0 0 0 0 0 0 0 0 0 0 0 0
920 12 0 0 0 0 0 0 0 0 3 3 0 0
fn=expand_dynamic_string_token
241 9 0 0 0 0 0 3 0 0 0 0 0 0
244 6 0 0 0 0 0 0 0 0 3 0 0 0
385 30 1 1 0 0 0 18 0 0 0 0 0 0
399 6 0 0 0 0 0 0 0 0 0 0 0 0
410 21 1 1 18 0 0 0 0 0 0 0 0 0
fn=fillin_rpath.isra.0
468 17 2 2 0 0 0 12 0 0 0 0 0 0
472 1 0 0 0 0 0 0 0 0 0 0 0 0
474 18 1 1 6 0 0 3 0 0 3 1 0 0
481 4 0 0 2 0 0 0 0 0 2 0 0 0
483 12 0 0 2 0 0 4 0 0 0 0 0 0
487 4 0 0 0 0 0 0 0 0 2 0 0 0
492 6 0 0 0 0 0 2 0 0 0 0 0 0
493 4 0 0 0 0 0 0 0 0 2 2 0 0
500 10 1 1 2 0 0 0 0 0 4 4 0 0
505 4 1 1 0 0 0 2 0 0 0 0 0 0
509 33 0 0 11 0 0 0 0 0 11 4 0 0
510 18 1 1 9 0 0 0 0 0 9 9 0 0
528 8 1 1 2 0 0 2 0 0 2 1 0 0
532 8 0 0 4 0 0 0 0 0 0 0 0 0
534 4 1 1 0 0 0 0 0 0 2 0 0 0
538 2 0 0 0 0 0 2 0 0 0 0 0 0
539 4 0 0 2 0 0 0 0 0 0 0 0 0
540 8 0 0 0 0 0 4 0 0 0 0 0 0
541 2 0 0 0 0 0 2 0 0 0 0 0 0
543 4 0 0 2 0 0 0 0 0 2 1 0 0
544 1 0 0 0 0 0 1 0 0 0 0 0 0
549 8 0 0 2 0 0 0 0 0 0 0 0 0
550 28 1 1 2 0 0 0 0 0 8 2 0 0
551 8 1 1 0 0 0 6 0 0 0 0 0 0
553 4 0 0 2 0 0 2 0 0 0 0 0 0
554 6 1 1 2 0 0 0 0 0 2 2 0 0
555 2 0 0 0 0 0 2 0 0 0 0 0 0
561 4 0 0 2 0 0 2 0 0 0 0 0 0
562 2 0 0 0 0 0 2 0 0 0 0 0 0
565 6 0 0 0 0 0 2 0 0 0 0 0 0
571 1 0 0 0 0 0 1 0 0 0 0 0 0
574 8 0 0 7 0 0 0 0 0 0 0 0 0
fn=open_path
1812 22 2 2 0 0 0 18 2 2 0 0 0 0
1813 4 0 0 2 0 0 2 1 1 0 0 0 0
1816 2 0 0 0 0 0 2 0 0 0 0 0 0
1817 2 0 0 0 0 0 2 0 0 0 0 0 0
1819 4 0 0 0 0 0 0 0 0 2 0 0 0
1822 4 0 0 0 0 0 0 0 0 0 0 0 0
1824 44 2 2 6 1 1 4 0 0 4 4 0 0
1827 8 0 0 8 0 0 0 0 0 0 0 0 0
1831 4 0 0 0 0 0 0 0 0 0 0 0 0
1835 24 0 0 4 0 0 4 0 0 4 0 0 0
1842 24 1 1 12 0 0 8 1 1 0 0 0 0
1843 88 1 1 24 0 0 8 0 0 20 4 0 0
1846 24 0 0 12 0 0 0 0 0 12 4 0 0
1851 88 1 1 48 0 0 16 0 0 0 0 0 0
1854 16 0 0 0 0 0 0 0 0 0 0 0 0
1860 24 0 0 8 0 0 0 0 0 8 0 0 0
1863 64 1 1 24 0 0 8 0 0 0 0 0 0
1865 24 0 0 8 0 0 0 0 0 8 2 0 0
1867 12 0 0 0 0 0 0 0 0 6 2 0 0
1872 12 1 1 0 0 0 0 0 0 6 0 0 0
1873 42 0 0 18 0 0 0 0 0 6 2 0 0
1879 18 1 1 6 0 0 6 0 0 0 0 0 0
1881 40 0 0 6 0 0 8 0 0 6 2 0 0
1882 4 0 0 2 0 0 0 0 0 0 0 0 0
1884 6 0 0 0 0 0 0 0 0 0 0 0 0
1891 36 3 3 6 0 0 12 0 0 0 0 0 0
1893 14 0 0 4 0 0 0 0 0 2 1 0 0
1937 32 1 1 8 0 0 4 2 2 12 0 0 0
1941 4 0 0 4 0 0 0 0 0 0 0 0 0
1943 16 0 0 12 0 0 0 0 0 4 2 0 0
1946 6 0 0 4 0 0 0 0 0 2 0 0 0
1960 18 1 1 14 0 0 0 0 0 0 0 0 0
fn=open_verify.constprop.0
1572 132 1 1 0 0 0 88 1 1 0 0 0 0
1604 33 0 0 11 0 0 0 0 0 11 0 0 0
1609 16 1 1 0 0 0 0 0 0 0 0 0 0
1623 55 0 0 0 0 0 11 0 0 0 0 0 0
1625 22 1 1 0 0 0 0 0 0 11 2 0 0
1633 3 0 0 0 0 0 3 0 0 0 0 0 0
1634 9 0 0 0 0 0 3 2 2 0 0 0 0
1639 18 0 0 0 0 0 3 0 0 0 0 0 0
1641 6 1 1 0 0 0 0 0 0 3 1 0 0
1643 6 0 0 3 0 0 3 0 0 0 0 0 0
1645 6 0 0 0 0 0 0 0 0 3 0 0 0
1651 6 0 0 0 0 0 0 0 0 3 0 0 0
1668 42 4 4 13 0 0 0 0 0 13 5 0 0
1749 6 0 0 3 0 0 0 0 0 3 2 0 0
1754 6 1 1 3 0 0 0 0 0 3 0 0 0
1760 12 0 0 3 0 0 0 0 0 3 2 0 0
1766 6 0 0 3 1 1 0 0 0 3 0 0 0
1772 12 0 0 3 1 1 0 0 0 0 0 0 0
1773 12 1 1 3 0 0 0 0 0 3 1 0 0
1777 16 3 3 1 0 0 0 0 0 2 2 0 0
1778 5 0 0 0 0 0 1 0 0 1 1 0 0
1799 99 0 0 77 0 0 0 0 0 0 0 0 0
fl=./elf/./elf/dl-lookup-direct.c
fn=_dl_lookup_direct
32 15 0 0 9 0 0 0 0 0 3 3 0 0
33 9 1 1 0 0 0 0 0 0 0 0 0 0
35 6 0 0 3 3 3 0 0 0 0 0 0 0
36 6 0 0 3 0 0 0 0 0 3 0 0 0
48 9 0 0 3 0 0 3 0 0 3 0 0 0
51 6 0 0 6 0 0 0 0 0 0 0 0 0
53 21 1 1 6 0 0 6 0 0 3 0 0 0
57 9 0 0 9 1 0 0 0 0 0 0 0 0
58 21 0 0 9 1 0 0 0 0 3 0 0 0
59 15 0 0 6 0 0 3 0 0 3 0 0 0
74 39 2 2 0 0 0 27 0 0 0 0 0 0
76 6 0 0 3 0 0 0 0 0 3 1 0 0
78 21 0 0 9 0 0 0 0 0 0 0 0 0
79 6 0 0 0 0 0 0 0 0 3 1 0 0
81 12 1 1 3 0 0 3 0 0 0 0 0 0
84 25 0 0 5 2 1 0 0 0 5 2 0 0
86 12 0 0 3 0 0 0 0 0 0 0 0 0
93 6 2 2 0 0 0 0 0 0 2 2 0 0
115 3 0 0 0 0 0 0 0 0 0 0 0 0
116 27 0 0 21 0 0 0 0 0 0 0 0 0
fl=./elf/./elf/dl-lookup.c
fn=_dl_lookup_symbol_x
772 2249 2 2 0 0 0 1557 1 1 0 0 0 0
774 346 0 0 0 0 0 173 1 1 0 0 0 0
775 692 0 0 0 0 0 173 0 0 0 0 0 0
778 173 0 0 173 0 0 0 0 0 0 0 0 0
782 668 0 0 161 0 0 0 0 0 334 11 0 0
785 346 1 1 173 0 0 0 0 0 173 0 0 0
787 346 0 0 346 2 0 0 0 0 0 0 0 0
791 2472 0 0 10 0 0 519 0 0 183 2 0 0
792 2941 2 2 1211 0 0 1211 2 2 173 2 0 0
797 865 0 0 346 0 0 0 0 0 173 2 0 0
799 60 1 1 10 0 0 0 0 0 20 2 0 0
816 173 0 0 0 0 0 173 0 0 0 0 0 0
817 30 1 1 0 0 0 0 0 0 0 0 0 0
820 346 0 0 173 0 0 0 0 0 0 0 0 0
821 1125 0 0 159 0 0 0 0 0 322 129 0 0
828 203 1 1 163 0 0 0 0 0 0 0 0 0
856 652 1 1 163 0 0 0 0 0 163 0 0 0
870 489 0 0 163 4 1 0 0 0 163 1 0 0
871 2 1 1 0 0 0 1 0 0 0 0 0 0
873 326 0 0 163 0 0 0 0 0 163 0 0 0
890 652 0 0 163 0 0 0 0 0 0 0 0 0
892 1557 1 1 1211 0 0 0 0 0 0 0 0 0
fn=check_match
70 2475 1 1 330 87 80 990 1 1 0 0 0 0
73 1320 1 1 330 24 23 0 0 0 165 2 0 0
78 4 0 0 0 0 0 0 0 0 0 0 0 0
86 825 0 0 0 0 0 0 0 0 165 0 0 0
89 936 0 0 202 0 0 101 0 0 266 16 0 0
93 165 1 1 165 1 0 0 0 0 0 0 0 0
94 330 0 0 0 0 0 0 0 0 165 2 0 0
96 326 0 0 0 0 0 0 0 0 163 0 0 0
115 326 0 0 326 51 26 0 0 0 0 0 0 0
116 1304 1 1 489 14 0 0 0 0 163 13 0 0
117 805 2 2 322 1 0 161 0 0 161 11 0 0
118 4 0 0 2 0 0 0 0 0 0 0 0 0
119 4 0 0 0 0 0 0 0 0 2 2 0 0
144 4 0 0 0 0 0 0 0 0 2 0 0 0
146 12 0 0 4 1 1 0 0 0 2 2 0 0
147 8 0 0 0 0 0 0 0 0 0 0 0 0
161 163 0 0 0 0 0 0 0 0 0 0 0 0
162 1320 0 0 1155 0 0 0 0 0 0 0 0 0
fn=do_lookup_x
347 2422 2 2 346 0 0 1730 2 2 0 0 0 0
348 173 0 0 173 0 0 0 0 0 0 0 0 0
353 173 0 0 0 0 0 0 0 0 0 0 0 0
354 173 0 0 173 0 0 0 0 0 0 0 0 0
358 1418 1 1 1418 0 0 0 0 0 0 0 0 0
361 1418 0 0 0 0 0 0 0 0 709 0 0 0
365 1764 0 0 173 0 0 0 0 0 709 78 0 0
386 1418 1 1 709 2 0 0 0 0 709 11 0 0
390 1418 0 0 709 0 0 0 0 0 709 11 0 0
396 2127 0 0 709 1 0 0 0 0 709 0 0 0
400 709 0 0 0 0 0 709 0 0 0 0 0 0
401 709 0 0 0 0 0 709 0 0 0 0 0 0
404 3545 0 0 2127 0 0 0 0 0 709 4 0 0
405 2127 1 1 1418 0 0 0 0 0 0 0 0 0
408 709 0 0 709 0 0 0 0 0 0 0 0 0
409 1418 0 0 0 0 0 0 0 0 709 0 0 0
411 709 0 0 709 100 64 0 0 0 0 0 0 0
412 519 0 0 0 0 0 173 0 0 0 0 0 0
413 1418 0 0 1418 0 0 0 0 0 0 0 0 0
415 1211 1 1 173 0 0 346 0 0 0 0 0 0
416 2836 0 0 1418 0 0 0 0 0 0 0 0 0
419 4963 0 0 709 0 0 0 0 0 709 167 0 0
422 330 0 0 330 91 65 0 0 0 0 0 0 0
423 495 1 1 165 0 0 0 0 0 0 0 0 0
424 330 0 0 0 0 0 0 0 0 165 2 0 0
426 326 0 0 163 0 0 0 0 0 0 0 0 0
429 1830 1 1 366 128 107 0 0 0 366 162 0 0
431 495 0 0 165 0 0 0 0 0 0 0 0 0
432 4103 2 2 1153 0 0 2131 1 1 0 0 0 0
433 330 0 0 0 0 0 0 0 0 0 0 0 0
436 495 0 0 0 0 0 0 0 0 165 11 0 0
439 613 0 0 2 0 0 0 0 0 203 0 0 0
461 1304 1 1 978 0 0 0 0 0 0 0 0 0
476 326 1 1 0 0 0 0 0 0 163 0 0 0
483 1148 0 0 163 0 0 0 0 0 411 31 0 0
487 117 1 1 39 1 0 0 0 0 39 5 0 0
499 326 0 0 163 0 0 163 0 0 0 0 0 0
500 163 0 0 0 0 0 163 0 0 0 0 0 0
501 163 0 0 0 0 0 0 0 0 0 0 0 0
518 1638 0 0 0 0 0 0 0 0 546 10 0 0
521 10 0 0 0 0 0 0 0 0 0 0 0 0
522 1384 2 2 1211 0 0 0 0 0 0 0 0 0
fl=./elf/./elf/dl-minimal-malloc.c
fn=__minimal_calloc
80 50 1 1 0 0 0 0 0 0 0 0 0 0
84 10 0 0 0 0 0 0 0 0 0 0 0 0
87 10 0 0 0 0 0 0 0 0 0 0 0 0
88 30 0 0 0 0 0 0 0 0 10 9 0 0
fn=__minimal_free
97 2 1 1 0 0 0 0 0 0 0 0 0 0
99 8 0 0 4 0 0 0 0 0 2 0 0 0
fn=__minimal_malloc
36 248 2 2 0 0 0 124 1 1 0 0 0 0
37 93 0 0 31 2 1 0 0 0 31 1 0 0
42 3 1 1 0 0 0 1 0 0 0 0 0 0
43 2 1 1 1 0 0 0 0 0 0 0 0 0
44 2 0 0 0 0 0 0 0 0 0 0 0 0
48 123 0 0 30 0 0 31 0 0 0 0 0 0
51 209 0 0 0 0 0 0 0 0 60 3 0 0
56 8 0 0 2 0 0 0 0 0 0 0 0 0
57 8 0 0 0 0 0 0 0 0 2 0 0 0
59 2 1 1 0 0 0 0 0 0 0 0 0 0
60 16 0 0 0 0 0 2 1 1 0 0 0 0
62 4 0 0 0 0 0 0 0 0 2 0 0 0
64 8 0 0 0 0 0 2 0 0 0 0 0 0
65 6 0 0 2 0 0 0 0 0 2 0 0 0
67 6 0 0 0 0 0 2 0 0 0 0 0 0
70 31 1 1 0 0 0 31 0 0 0 0 0 0
71 33 0 0 0 0 0 31 0 0 0 0 0 0
73 186 0 0 155 0 0 0 0 0 0 0 0 0
fl=./elf/./elf/dl-minimal.c
fn=__rtld_malloc_init_real
76 10 1 1 0 0 0 6 0 0 0 0 0 0
86 2 1 1 0 0 0 1 0 0 0 0 0 0
87 1 0 0 0 0 0 1 0 0 0 0 0 0
89 1 0 0 0 0 0 1 0 0 0 0 0 0
91 6 1 1 0 0 0 1 0 0 0 0 0 0
92 5 0 0 0 0 0 1 0 0 0 0 0 0
93 5 0 0 0 0 0 1 0 0 0 0 0 0
94 4 1 1 0 0 0 1 0 0 0 0 0 0
99 1 0 0 0 0 0 1 0 0 0 0 0 0
100 1 0 0 0 0 0 1 0 0 0 0 0 0
101 1 0 0 0 0 0 1 0 0 0 0 0 0
102 1 0 0 0 0 0 1 0 0 0 0 0 0
103 8 0 0 7 0 0 0 0 0 0 0 0 0
fn=__rtld_malloc_init_stubs
42 1 1 1 0 0 0 0 0 0 0 0 0 0
43 2 1 1 0 0 0 1 1 1 0 0 0 0
44 2 0 0 0 0 0 1 0 0 0 0 0 0
45 2 0 0 0 0 0 1 0 0 0 0 0 0
46 2 0 0 0 0 0 1 0 0 0 0 0 0
47 1 0 0 1 0 0 0 0 0 0 0 0 0
fn=lookup_malloc_symbol
61 36 1 1 0 0 0 16 0 0 0 0 0 0
63 4 0 0 0 0 0 4 0 0 0 0 0 0
64 28 0 0 4 0 0 12 0 0 0 0 0 0
68 28 1 1 16 0 0 0 0 0 4 0 0 0
69 28 0 0 12 0 0 0 0 0 4 0 0 0
71 4 0 0 0 0 0 4 0 0 0 0 0 0
72 24 0 0 20 0 0 0 0 0 0 0 0 0
fn=strsep
239 3 1 1 0 0 0 0 0 0 0 0 0 0
242 6 0 0 3 1 1 0 0 0 3 0 0 0
244 3 0 0 3 0 0 0 0 0 0 0 0 0
245 6 0 0 0 0 0 0 0 0 3 1 0 0
247 4 0 0 0 0 0 0 0 0 0 0 0 0
249 128 1 1 42 0 0 0 0 0 42 5 0 0
251 82 0 0 0 0 0 0 0 0 0 0 0 0
254 162 0 0 81 0 0 0 0 0 81 10 0 0
256 240 0 0 80 0 0 0 0 0 80 4 0 0
260 2 0 0 0 0 0 1 0 0 0 0 0 0
264 40 0 0 0 0 0 0 0 0 0 0 0 0
267 2 0 0 0 0 0 2 0 0 0 0 0 0
271 6 0 0 3 0 0 0 0 0 0 0 0 0
fl=./elf/./elf/dl-misc.c
fn=_dl_name_match_p
68 273 1 1 0 0 0 117 1 1 0 0 0 0
69 156 0 0 39 0 0 39 1 1 39 0 0 0
70 8 0 0 0 0 0 0 0 0 0 0 0 0
72 39 0 0 39 0 0 0 0 0 0 0 0 0
74 156 0 0 0 0 0 0 0 0 78 34 0 0
75 235 1 1 47 0 0 47 0 0 47 18 0 0
80 39 0 0 39 0 0 0 0 0 0 0 0 0
82 31 0 0 0 0 0 0 0 0 0 0 0 0
83 156 0 0 156 0 0 0 0 0 0 0 0 0
fn=_dl_sysdep_read_whole_file
36 11 1 1 0 0 0 5 0 0 0 0 0 0
39 3 0 0 0 0 0 1 0 0 0 0 0 0
40 2 1 1 0 0 0 0 0 0 1 1 0 0
42 6 0 0 0 0 0 1 0 0 1 0 0 0
44 2 0 0 1 0 0 1 0 0 0 0 0 0
47 2 1 1 0 0 0 0 0 0 1 1 0 0
49 8 0 0 0 0 0 1 0 0 0 0 0 0
60 3 0 0 0 0 0 1 0 0 0 0 0 0
63 8 0 0 6 0 0 0 0 0 0 0 0 0
fl=./elf/./elf/dl-object.c
fn=_dl_add_to_namespace_list
31 36 1 1 0 0 0 16 1 1 0 0 0 0
33 12 0 0 4 0 0 4 0 0 0 0 4 1
35 35 1 1 4 0 0 0 0 0 4 1 0 0
38 36 0 0 9 0 0 0 0 0 9 6 0 0
40 3 0 0 0 0 0 3 0 0 0 0 0 0
42 3 0 0 0 0 0 3 0 0 0 0 0 0
45 2 1 1 0 0 0 1 0 0 0 0 0 0
46 12 0 0 4 0 0 0 0 0 0 0 0 0
47 8 0 0 4 0 0 4 0 0 0 0 0 0
48 8 0 0 0 0 0 4 0 0 0 0 0 0
50 8 0 0 4 0 0 0 0 0 0 0 4 1
51 20 0 0 16 0 0 0 0 0 0 0 0 0
fn=_dl_new_object
59 60 1 1 0 0 0 40 3 3 0 0 0 0
62 8 0 0 0 0 0 0 0 0 4 1 0 0
64 2 1 1 0 0 0 0 0 0 1 1 0 0
66 3 1 1 1 0 0 0 0 0 1 0 0 0
67 2 0 0 0 0 0 0 0 0 1 0 0 0
71 6 0 0 0 0 0 2 0 0 0 0 0 0
77 2 1 1 0 0 0 0 0 0 0 0 0 0
80 6 0 0 3 0 0 0 0 0 0 0 0 0
83 16 1 1 0 0 0 10 1 1 0 0 0 0
87 6 0 0 0 0 0 0 0 0 0 0 0 0
92 3 0 0 0 0 0 0 0 0 0 0 0 0
95 8 0 0 0 0 0 0 0 0 4 0 0 0
98 4 0 0 0 0 0 4 4 4 0 0 0 0
99 4 0 0 0 0 0 4 4 4 0 0 0 0
100 8 0 0 4 0 0 0 0 0 0 0 0 0
103 8 0 0 0 0 0 4 0 0 0 0 0 0
104 28 1 1 12 0 0 12 0 0 0 0 0 0
106 4 1 1 0 0 0 4 0 0 0 0 0 0
119 18 0 0 11 0 0 0 0 0 7 6 0 0
123 3 0 0 0 0 0 0 0 0 0 0 0 0
125 1 0 0 0 0 0 0 0 0 0 0 0 0
127 28 0 0 8 4 4 8 0 0 0 0 0 0
130 8 0 0 4 0 0 0 0 0 4 3 0 0
131 8 1 1 0 0 0 4 4 4 0 0 0 0
132 4 1 1 0 0 0 4 0 0 0 0 0 0
136 4 0 0 0 0 0 4 0 0 0 0 0 0
139 36 0 0 0 0 0 0 0 0 13 10 0 0
141 20 1 1 0 0 0 16 4 4 1 1 0 0
149 8 1 1 0 0 0 4 0 0 0 0 0 0
150 4 0 0 0 0 0 4 4 4 0 0 0 0
153 1 0 0 0 0 0 0 0 0 0 0 0 0
155 24 0 0 4 1 1 0 0 0 4 1 0 0
157 12 0 0 0 0 0 3 3 3 0 0 0 0
160 10 1 1 0 0 0 0 0 0 4 0 0 0
164 12 0 0 3 0 0 0 0 0 3 0 0 0
168 21 1 1 3 0 0 0 0 0 6 3 0 0
176 1 1 1 0 0 0 1 0 0 0 0 0 0
179 8 0 0 0 0 0 4 0 0 0 0 0 0
189 16 0 0 8 0 0 0 0 0 4 1 0 0
191 12 0 0 0 0 0 6 0 0 0 0 0 0
195 9 0 0 0 0 0 0 0 0 3 0 0 0
199 6 0 0 0 0 0 0 0 0 0 0 0 0
200 6 0 0 0 0 0 0 0 0 3 0 0 0
208 3 0 0 0 0 0 0 0 0 0 0 0 0
212 3 1 1 0 0 0 0 0 0 0 0 0 0
245 12 0 0 6 0 0 3 0 0 0 0 0 0
250 114 0 0 0 0 0 0 0 0 0 0 0 0
251 114 0 0 57 0 0 0 0 0 57 20 0 0
255 6 0 0 0 0 0 0 0 0 0 0 0 0
256 3 0 0 0 0 0 3 0 0 0 0 0 0
259 3 0 0 0 0 0 3 0 0 0 0 0 0
263 36 1 1 28 0 0 0 0 0 0 0 0 0
fl=./elf/./elf/dl-reloc.c
fn=_dl_relocate_object
170 956 1 1 239 104 101 0 0 0 239 26 0 0
171 352 1 1 0 0 0 0 0 0 176 2 0 0
174 1870 1 1 176 4 0 0 0 0 345 13 0 0
175 84 2 2 7 0 0 0 0 0 35 2 0 0
177 7 0 0 7 0 0 0 0 0 0 0 0 0
178 28 1 1 7 0 0 7 0 0 0 0 0 0
182 338 0 0 0 0 0 0 0 0 169 0 0 0
183 169 0 0 0 0 0 169 0 0 0 0 0 0
184 169 0 0 0 0 0 169 0 0 0 0 0 0
186 1358 2 2 676 0 0 6 0 0 169 61 0 0
187 815 1 1 163 10 0 163 0 0 0 0 0 0
188 326 0 0 0 0 0 0 0 0 163 0 0 0
190 1252 2 2 338 0 0 538 0 0 4 0 0 0
193 169 0 0 169 0 0 0 0 0 0 0 0 0
194 1183 1 1 507 0 0 169 1 0 0 0 0 0
196 7 1 1 7 0 0 0 0 0 0 0 0 0
207 66 1 1 0 0 0 48 0 0 0 0 0 0
208 12 0 0 6 0 0 0 0 0 6 1 0 0
220 10 0 0 0 0 0 0 0 0 0 0 0 0
221 15 0 0 0 0 0 5 0 0 0 0 0 0
224 20 1 1 0 0 0 5 0 0 0 0 0 0
226 15 0 0 0 0 0 0 0 0 5 0 0 0
228 5 0 0 5 0 0 0 0 0 0 0 0 0
229 15 0 0 5 0 0 0 0 0 5 5 0 0
251 25 2 2 10 0 0 0 0 0 5 5 0 0
252 10 1 1 5 4 0 0 0 0 5 3 0 0
253 2 0 0 0 0 0 0 0 0 0 0 0 0
255 10 0 0 0 0 0 0 0 0 5 0 0 0
262 15 1 1 5 2 0 0 0 0 5 0 0 0
301 10100 9 9 1177 217 201 35 0 0 3499 420 0 0
304 25 0 0 10 0 0 0 0 0 10 0 0 0
328 5 0 0 5 0 0 0 0 0 0 0 0 0
331 10 0 0 0 0 0 0 0 0 5 0 0 0
348 15 0 0 5 3 0 0 0 0 5 5 0 0
350 48 0 0 42 1 0 0 0 0 0 0 0 0
356 30 1 1 15 0 0 0 0 0 0 0 0 0
359 10 0 0 0 0 0 0 0 0 0 0 0 0
363 10 1 1 0 0 0 0 0 0 5 0 0 0
364 30 0 0 0 0 0 5 0 0 5 4 0 0
fl=./elf/./elf/dl-setup_hash.c
fn=_dl_setup_hash
25 10 1 1 0 0 0 0 0 0 0 0 0 0
28 15 1 1 5 0 0 0 0 0 5 0 0 0
31 15 0 0 10 0 0 0 0 0 5 0 0 0
32 10 0 0 5 4 4 5 1 1 0 0 0 0
33 5 0 0 5 0 0 0 0 0 0 0 0 0
34 5 0 0 5 0 0 0 0 0 0 0 0 0
36 15 0 0 0 0 0 0 0 0 5 0 0 0
37 5 0 0 0 0 0 5 0 0 0 0 0 0
38 15 1 1 5 0 0 5 0 0 0 0 0 0
40 5 0 0 0 0 0 5 0 0 0 0 0 0
41 10 0 0 0 0 0 0 0 0 0 0 0 0
43 5 0 0 0 0 0 5 0 0 0 0 0 0
45 15 0 0 0 0 0 5 0 0 0 0 0 0
50 5 0 0 5 0 0 0 0 0 0 0 0 0
fl=./elf/./elf/dl-sort-maps.c
fn=_dl_sort_maps
140 50 0 0 10 0 0 10 0 0 10 0 0 0
181 2 0 0 0 0 0 2 0 0 0 0 0 0
182 4 0 0 2 0 0 0 0 0 0 0 0 0
183 40 0 0 0 0 0 0 0 0 12 8 0 0
184 20 2 1 20 0 0 0 0 0 0 0 0 0
211 34 4 2 2 0 0 0 0 0 4 2 0 0
216 4 0 0 0 0 0 2 0 0 0 0 0 0
218 2 0 0 0 0 0 2 0 0 0 0 0 0
219 10 0 0 0 0 0 0 0 0 0 0 0 0
221 32 2 1 0 0 0 0 0 0 8 0 0 0
223 10 0 0 10 0 0 0 0 0 0 0 0 0
226 30 0 0 10 0 0 0 0 0 10 7 0 0
244 8 2 1 2 0 0 0 0 0 2 2 0 0
263 8 2 1 0 0 0 2 0 0 0 0 0 0
276 8 2 1 2 0 0 0 0 0 4 2 0 0
283 2 2 1 0 0 0 0 0 0 0 0 0 0
298 26 1 0 0 0 0 14 0 0 0 0 0 0
306 6 2 1 2 1 0 0 0 0 2 2 0 0
310 18 4 2 14 0 0 0 0 0 0 0 0 0
fn=_dl_sort_maps_init
289 4 2 2 0 0 0 1 0 0 0 0 0 0
290 4 0 0 0 0 0 1 0 0 0 0 0 0
291 1 0 0 0 0 0 1 0 0 0 0 0 0
292 3 0 0 1 0 0 0 0 0 0 0 0 0
293 2 0 0 2 0 0 0 0 0 0 0 0 0
fn=dfs_traversal.part.0
135 90 2 1 0 0 0 50 0 0 0 0 0 0
140 34 0 0 17 0 0 0 0 0 17 2 0 0
143 10 0 0 10 0 0 0 0 0 0 0 0 0
145 30 0 0 10 2 0 0 0 0 10 3 0 0
147 96 0 0 24 4 0 0 0 0 24 12 0 0
156 35 3 2 5 0 0 0 0 0 15 10 0 0
171 30 0 0 10 0 0 10 0 0 0 0 0 0
172 10 0 0 0 0 0 10 0 0 0 0 0 0
173 60 0 0 60 0 0 0 0 0 0 0 0 0
fl=./elf/./elf/dl-tunables.c
fn=__GI___tunable_set_val
72 50 1 1 5 0 0 0 0 0 10 0 0 0
82 5 0 0 5 0 0 0 0 0 0 0 0 0
93 40 1 1 10 0 0 0 0 0 5 0 0 0
94 25 0 0 10 0 0 0 0 0 5 0 0 0
97 10 0 0 0 0 0 0 0 0 5 2 0 0
100 35 0 0 0 0 0 0 0 0 0 0 0 0
104 10 0 0 0 0 0 0 0 0 5 2 0 0
111 10 0 0 0 0 0 0 0 0 5 0 0 0
112 10 0 0 0 0 0 0 0 0 5 2 0 0
115 25 1 1 0 0 0 5 0 0 0 0 0 0
116 5 0 0 0 0 0 5 0 0 0 0 0 0
117 5 0 0 0 0 0 5 0 0 0 0 0 0
118 5 0 0 0 0 0 5 0 0 0 0 0 0
153 30 1 1 0 0 0 10 0 0 0 0 0 0
157 15 0 0 15 0 0 0 0 0 0 0 0 0
fn=__GI___tunables_init
42 240 1 1 48 0 0 0 0 0 96 1 0 0
45 47 0 0 0 0 0 0 0 0 0 0 0 0
48 4249 0 0 607 25 25 0 0 0 1214 58 0 0
52 94 0 0 0 0 0 0 0 0 47 0 0 0
56 188 1 1 0 0 0 0 0 0 0 0 0 0
128 1 0 0 0 0 0 0 0 0 0 0 0 0
261 10 2 2 0 0 0 6 0 0 0 0 0 0
267 4 0 0 1 0 0 0 0 0 1 0 0 0
281 7708 0 0 0 0 0 0 0 0 1927 47 0 0
283 2 0 0 0 0 0 0 0 0 0 0 0 0
287 13959 1 1 3854 41 41 0 0 0 3854 524 0 0
304 8 1 1 7 0 0 0 0 0 0 0 0 0
fn=__tunable_get_val
387 74 1 1 0 0 0 0 0 0 0 0 0 0
390 438 1 1 37 35 31 0 0 0 71 17 0 0
399 48 0 0 34 13 0 14 0 0 0 0 0 0
400 14 0 0 0 0 0 0 0 0 0 0 0 0
409 29 1 1 0 0 0 23 0 0 0 0 0 0
416 222 0 0 37 4 0 0 0 0 37 31 0 0
418 37 0 0 37 0 0 0 0 0 0 0 0 0
fl=./elf/./elf/dl-tunables.h
fn=__GI___tunable_set_val
141 10 0 0 0 0 0 0 0 0 5 3 0 0
142 10 1 1 0 0 0 0 0 0 0 0 0 0
151 5 0 0 0 0 0 0 0 0 0 0 0 0
fn=__GI___tunables_init
160 850 1 1 581 1 1 0 0 0 32 8 0 0
161 2159 0 0 0 0 0 0 0 0 554 39 0 0
fl=./elf/./elf/dl-version.c
fn=_dl_check_all_versions
392 7 1 1 0 0 0 5 0 0 0 0 0 0
394 1 0 0 0 0 0 0 0 0 0 0 0 0
396 20 0 0 5 0 0 0 0 0 6 4 0 0
397 5 0 0 0 0 0 0 0 0 0 0 0 0
398 45 1 1 5 0 0 5 0 0 5 5 0 0
401 7 0 0 6 0 0 0 0 0 0 0 0 0
fn=_dl_check_map_versions
36 72 0 0 10 0 0 0 0 0 21 5 0 0
37 16 0 0 16 0 0 0 0 0 0 0 0 0
38 110 1 1 0 0 0 21 0 0 21 7 0 0
56 104 0 0 78 0 0 0 0 0 26 15 0 0
64 78 0 0 26 0 0 0 0 0 26 0 0 0
70 78 1 1 26 0 0 0 0 0 26 0 0 0
86 26 0 0 26 0 0 0 0 0 0 0 0 0
87 52 0 0 0 0 0 0 0 0 26 0 0 0
89 26 0 0 26 0 0 0 0 0 0 0 0 0
94 958 0 0 414 15 15 78 0 0 414 5 0 0
108 828 0 0 414 5 5 0 0 0 414 28 0 0
110 26 1 1 26 4 4 0 0 0 0 0 0 0
113 208 1 1 78 2 2 52 0 0 26 1 0 0
120 1164 1 1 388 4 4 0 0 0 388 0 0 0
124 388 0 0 0 0 0 0 0 0 0 0 0 0
155 50 0 0 0 0 0 30 0 0 0 0 0 0
156 5 0 0 0 0 0 5 0 0 0 0 0 0
164 8 1 1 0 0 0 5 0 0 0 0 0 0
170 15 0 0 5 0 0 0 0 0 5 0 0 0
172 25 1 1 10 0 0 0 0 0 5 0 0 0
174 5 0 0 5 0 0 0 0 0 0 0 0 0
175 5 0 0 5 0 0 0 0 0 0 0 0 0
177 10 0 0 0 0 0 0 0 0 5 2 0 0
180 9 1 1 6 0 0 0 0 0 0 0 0 0
184 24 0 0 3 3 3 15 0 0 3 0 0 0
198 2 0 0 0 0 0 0 0 0 0 0 0 0
200 15 1 1 10 0 0 0 0 0 0 0 0 0
208 15 0 0 5 0 0 0 0 0 5 0 0 0
213 15 0 0 5 1 1 0 0 0 0 0 0 0
215 21 0 0 0 0 0 0 0 0 0 0 0 0
217 104 1 1 52 6 6 26 0 0 0 0 0 0
218 236 1 1 162 0 0 0 0 0 26 7 0 0
221 52 0 0 26 0 0 26 0 0 0 0 0 0
224 78 0 0 52 0 0 0 0 0 26 8 0 0
228 10 1 1 5 0 0 5 0 0 0 0 0 0
231 104 0 0 26 0 0 0 0 0 0 0 0 0
234 78 0 0 26 0 0 0 0 0 26 6 0 0
239 21 0 0 0 0 0 0 0 0 0 0 0 0
243 15 0 0 5 0 0 0 0 0 5 3 0 0
248 2 0 0 0 0 0 0 0 0 0 0 0 0
257 20 2 2 9 0 0 0 0 0 5 2 0 0
260 6 0 0 6 0 0 0 0 0 0 0 0 0
263 265 0 0 67 4 4 3 0 0 0 0 0 0
266 198 0 0 64 1 1 3 0 0 64 23 0 0
270 61 0 0 0 0 0 0 0 0 0 0 0 0
274 12 1 1 4 0 0 0 0 0 4 1 0 0
279 4 0 0 0 0 0 4 0 0 0 0 0 0
280 16 1 1 4 0 0 4 0 0 0 0 0 0
281 12 0 0 4 0 0 0 0 0 4 0 0 0
291 4 0 0 0 0 0 4 0 0 0 0 0 0
294 22 0 0 13 1 0 4 0 0 4 0 0 0
296 8 0 0 0 0 0 0 0 0 4 1 0 0
299 12 1 1 6 0 0 0 0 0 0 0 0 0
301 2 0 0 0 0 0 0 0 0 0 0 0 0
303 15 0 0 5 0 0 0 0 0 0 0 0 0
306 78 1 1 26 0 0 0 0 0 0 0 0 0
308 104 0 0 0 0 0 0 0 0 26 14 0 0
310 130 0 0 26 0 0 26 0 0 0 0 0 0
311 52 0 0 0 0 0 26 9 9 0 0 0 0
312 78 0 0 26 0 0 26 3 3 0 0 0 0
313 78 0 0 26 0 0 26 0 0 0 0 0 0
316 78 0 0 26 0 0 0 0 0 26 7 0 0
321 21 0 0 0 0 0 0 0 0 0 0 0 0
324 15 0 0 5 0 0 0 0 0 5 2 0 0
329 2 1 1 0 0 0 0 0 0 0 0 0 0
334 8 0 0 0 0 0 0 0 0 4 1 0 0
337 6 0 0 3 0 0 0 0 0 0 0 0 0
341 61 0 0 61 0 0 0 0 0 0 0 0 0
343 128 0 0 64 0 0 0 0 0 64 12 0 0
347 61 0 0 61 0 0 0 0 0 0 0 0 0
348 305 0 0 61 0 0 61 19 19 0 0 0 0
349 183 0 0 61 0 0 61 0 0 0 0 0 0
350 61 0 0 0 0 0 61 5 5 0 0 0 0
353 192 0 0 64 0 0 0 0 0 64 5 0 0
357 61 0 0 0 0 0 0 0 0 0 0 0 0
365 6 0 0 0 0 0 0 0 0 3 1 0 0
366 6 1 1 3 0 0 0 0 0 3 0 0 0
367 6 0 0 3 0 0 0 0 0 3 2 0 0
368 2 0 0 1 0 0 0 0 0 1 1 0 0
370 4 1 1 3 0 0 0 0 0 1 1 0 0
372 124 0 0 32 0 0 0 0 0 31 1 0 0
373 60 1 1 0 0 0 0 0 0 30 3 0 0
375 2 0 0 1 0 0 0 0 0 0 0 0 0
376 7 0 0 0 0 0 1 0 0 1 1 0 0
387 45 1 1 40 0 0 0 0 0 0 0 0 0
fl=./elf/./elf/do-rel.h
fn=_dl_relocate_object
49 30 1 1 10 1 0 0 0 0 0 0 0 0
50 30 0 0 10 0 0 10 0 0 0 0 0 0
51 5 0 0 5 1 0 0 0 0 0 0 0 0
53 50 0 0 20 0 0 0 0 0 0 0 0 0
72 5 0 0 0 0 0 0 0 0 0 0 0 0
73 6 1 1 0 0 0 5 0 0 0 0 0 0
80 30 0 0 10 0 0 0 0 0 10 9 0 0
83 179 1 1 0 0 0 1 0 0 58 1 0 0
85 228 1 1 57 22 22 0 0 0 57 2 0 0
96 6 0 0 1 0 0 0 0 0 0 0 0 0
97 2 0 0 0 0 0 0 0 0 1 1 0 0
114 27 1 1 0 0 0 0 0 0 0 0 0 0
123 2745 0 0 0 0 0 0 0 0 917 17 0 0
124 1816 0 0 908 116 115 0 0 0 0 0 0 0
126 27 1 1 9 4 0 0 0 0 9 1 0 0
129 28 0 0 14 2 0 7 0 0 7 1 0 0
131 969 1 1 252 0 0 0 0 0 240 24 0 0
133 1165 0 0 699 132 127 0 0 0 0 0 0 0
134 932 0 0 233 0 0 233 0 0 0 0 0 0
135 699 0 0 466 0 0 233 0 0 0 0 0 0
136 932 0 0 233 0 0 0 0 0 0 0 0 0
138 699 1 1 0 0 0 0 0 0 233 6 0 0
141 188 0 0 47 0 0 47 0 0 0 0 0 0
142 47 1 1 0 0 0 47 0 0 0 0 0 0
143 47 0 0 0 0 0 0 0 0 0 0 0 0
147 186 0 0 0 0 0 186 0 0 0 0 0 0
150 575 1 1 186 0 0 0 0 0 186 7 0 0
151 54 2 2 18 2 0 0 0 0 18 2 0 0
164 16 1 1 8 0 0 0 0 0 4 2 0 0
165 211 0 0 6 0 0 4 0 0 65 22 0 0
166 189 1 1 63 0 0 0 0 0 63 8 0 0
169 141 0 0 94 0 0 0 0 0 0 0 0 0
171 188 0 0 47 0 0 47 0 0 0 0 0 0
172 47 0 0 47 0 0 0 0 0 0 0 0 0
173 94 0 0 47 0 0 0 0 0 0 0 0 0
180 31 1 1 9 0 0 0 0 0 8 6 0 0
182 42 1 1 12 2 2 6 0 0 0 0 0 0
183 12 0 0 12 0 0 0 0 0 0 0 0 0
185 18 0 0 0 0 0 0 0 0 6 0 0 0
193 6 0 0 0 0 0 6 0 0 0 0 0 0
196 18 0 0 6 0 0 0 0 0 6 0 0 0
211 7 1 1 4 0 0 0 0 0 1 1 0 0
fn=_dl_start
49 6 0 0 2 0 0 0 0 0 0 0 0 0
50 4 0 0 2 0 0 0 0 0 0 0 0 0
51 1 0 0 1 0 0 0 0 0 0 0 0 0
53 10 1 1 4 0 0 0 0 0 0 0 0 0
56 4 0 0 0 0 0 0 0 0 2 2 0 0
61 13 1 1 0 0 0 0 0 0 5 3 0 0
63 9 1 1 3 1 1 0 0 0 0 0 0 0
64 6 0 0 0 0 0 0 0 0 0 0 0 0
65 3 0 0 3 0 0 0 0 0 0 0 0 0
fl=./elf/./elf/get-dynamic-info.h
fn=_dl_map_object_from_fd
39 6 0 0 0 0 0 0 0 0 3 0 0 0
43 3 0 0 0 0 0 0 0 0 0 0 0 0
45 305 0 0 77 21 21 0 0 0 77 6 0 0
49 148 0 0 0 0 0 0 0 0 74 27 0 0
51 40 1 1 0 0 0 0 0 0 20 3 0 0
52 20 0 0 0 0 0 0 0 0 0 0 0 0
53 3 0 0 0 0 0 0 0 0 0 0 0 0
54 71 1 1 0 0 0 0 0 0 17 3 0 0
55 59 0 0 0 0 0 0 0 0 0 0 0 0
56 15 1 1 0 0 0 0 0 0 3 2 0 0
59 12 1 1 0 0 0 0 0 0 3 0 0 0
62 12 0 0 0 0 0 0 0 0 3 0 0 0
64 12 0 0 0 0 0 0 0 0 0 0 0 0
68 74 0 0 0 0 0 74 19 19 0 0 0 0
72 12 0 0 3 0 0 0 0 0 6 0 0 0
84 10 1 1 4 0 0 0 0 0 3 2 0 0
85 12 0 0 6 0 0 0 0 0 3 0 0 0
86 12 0 0 6 0 0 0 0 0 3 0 0 0
87 12 0 0 6 0 0 0 0 0 3 0 0 0
88 10 0 0 4 2 2 0 0 0 3 2 0 0
89 11 1 1 5 1 1 0 0 0 3 1 0 0
90 11 0 0 5 1 1 0 0 0 3 1 0 0
91 12 0 0 6 0 0 0 0 0 3 0 0 0
103 24 1 1 6 0 0 3 0 0 6 0 0 0
110 10 0 0 3 0 0 0 0 0 3 2 0 0
115 4 0 0 2 0 0 0 0 0 2 0 0 0
122 4 0 0 2 0 0 0 0 0 2 0 0 0
123 9 1 1 6 0 0 0 0 0 3 0 0 0
129 9 0 0 3 0 0 0 0 0 3 2 0 0
130 3 0 0 2 0 0 0 0 0 1 0 0 0
147 9 0 0 3 0 0 0 0 0 3 2 0 0
152 2 0 0 1 0 0 1 0 0 0 0 0 0
154 2 0 0 0 0 0 0 0 0 1 1 0 0
156 2 0 0 0 0 0 0 0 0 1 1 0 0
158 2 0 0 0 0 0 0 0 0 1 1 0 0
159 2 0 0 0 0 0 1 0 0 0 0 0 0
162 9 1 1 3 0 0 0 0 0 3 1 0 0
164 6 1 1 2 0 0 2 0 0 0 0 0 0
165 4 0 0 0 0 0 0 0 0 2 0 0 0
174 4 0 0 2 0 0 0 0 0 0 0 0 0
175 6 1 1 0 0 0 0 0 0 2 2 0 0
180 4 0 0 0 0 0 0 0 0 2 1 0 0
181 3 0 0 1 0 0 1 0 0 0 0 0 0
184 6 0 0 3 0 0 0 0 0 3 3 0 0
fl=./elf/./elf/libc_early_init.c
fn=__libc_early_init
33 9 1 1 1 0 0 3 0 0 0 0 0 0
35 1 0 0 0 0 0 1 0 0 0 0 0 0
38 2 0 0 1 1 0 1 1 1 0 0 0 0
41 2 1 1 0 0 0 2 1 1 0 0 0 0
47 4 0 0 2 0 0 0 0 0 1 0 0 0
49 2 0 0 2 0 0 0 0 0 0 0 0 0
fl=./elf/./elf/rtld.c
fn=_dl_start
85 8 0 0 0 0 0 2 1 1 0 0 0 0
458 2 0 0 0 0 0 1 0 0 0 0 0 0
476 3 0 0 0 0 0 1 0 0 0 0 0 0
477 1 0 0 0 0 0 1 0 0 0 0 0 0
478 2 0 0 1 0 0 1 1 1 0 0 0 0
488 1 0 0 0 0 0 1 0 0 0 0 0 0
494 4 2 1 1 0 0 1 0 0 0 0 0 0
496 2 0 0 1 0 0 0 0 0 1 0 0 0
517 16 2 2 0 0 0 8 3 3 0 0 0 0
543 1 0 0 0 0 0 1 1 1 0 0 0 0
546 2 1 1 0 0 0 1 1 1 0 0 0 0
547 4 0 0 1 1 1 0 0 0 0 0 0 0
563 190 5 5 24 5 5 5 0 0 57 24 0 0
565 1 0 0 1 0 0 0 0 0 0 0 0 0
578 1 1 1 0 0 0 1 0 0 0 0 0 0
585 9 1 1 7 2 0 0 0 0 0 0 0 0
fn=dl_main
85 17 2 2 0 0 0 1 0 0 0 0 0 0
92 12 1 1 0 0 0 0 0 0 0 0 0 0
93 2 0 0 0 0 0 1 1 0 0 0 0 0
101 9 0 0 4 0 0 0 0 0 0 0 0 0
197 2 0 0 0 0 0 1 0 0 0 0 0 0
199 1 0 0 0 0 0 1 0 0 0 0 0 0
224 3 0 0 3 0 0 0 0 0 0 0 0 0
225 5 0 0 3 0 0 0 0 0 1 1 0 0
226 4 1 1 0 0 0 0 0 0 2 1 0 0
296 3 1 1 0 0 0 3 0 0 0 0 0 0
302 1 0 0 0 0 0 1 0 0 0 0 0 0
303 1 0 0 0 0 0 1 0 0 0 0 0 0
837 1 0 0 1 0 0 0 0 0 0 0 0 0
839 1 0 0 0 0 0 1 0 0 0 0 0 0
848 1 1 1 0 0 0 1 0 0 0 0 0 0
850 1 0 0 0 0 0 1 0 0 0 0 0 0
855 1 0 0 0 0 0 1 0 0 0 0 0 0
1115 1 0 0 1 0 0 0 0 0 0 0 0 0
1116 1 1 1 1 0 0 0 0 0 0 0 0 0
1118 1 0 0 0 0 0 1 0 0 0 0 0 0
1122 3 0 0 2 1 1 1 1 1 0 0 0 0
1124 1 0 0 1 0 0 0 0 0 0 0 0 0
1125 1 0 0 1 0 0 0 0 0 0 0 0 0
1140 1 0 0 0 0 0 0 0 0 0 0 0 0
1143 43 5 5 0 0 0 1 0 0 13 10 0 0
1144 110 1 1 21 5 5 0 0 0 26 5 9 6
1148 4 1 1 2 0 0 1 0 0 0 0 0 0
1153 3 0 0 2 0 0 1 0 0 0 0 0 0
1154 9 1 1 2 0 0 1 0 0 0 0 0 0
1163 2 0 0 0 0 0 1 0 0 0 0 0 0
1164 2 0 0 2 1 1 0 0 0 0 0 0 0
1166 1 0 0 0 0 0 1 0 0 0 0 0 0
1173 3 1 1 1 0 0 0 0 0 1 0 0 0
1191 2 0 0 0 0 0 1 0 0 0 0 0 0
1199 8 0 0 4 0 0 0 0 0 0 0 0 0
1200 17 0 0 5 1 1 0 0 0 0 0 0 0
1201 8 0 0 4 0 0 0 0 0 4 3 0 0
1202 1 0 0 0 0 0 1 0 0 0 0 0 0
1204 12 0 0 4 0 0 0 0 0 0 0 0 0
1205 14 0 0 0 0 0 0 0 0 7 3 0 0
1209 8 0 0 4 3 3 0 0 0 0 0 0 0
1210 8 0 0 4 0 0 0 0 0 4 0 0 0
1211 4 0 0 0 0 0 4 0 0 0 0 0 0
1215 12 0 0 0 0 0 0 0 0 0 0 0 0
1221 3 1 1 1 0 0 0 0 0 1 0 0 0
1227 4 0 0 0 0 0 1 1 1 0 0 0 0
1228 1 0 0 1 1 1 0 0 0 0 0 0 0
1233 4 0 0 0 0 0 0 0 0 0 0 0 0
1234 2 0 0 1 0 0 1 0 0 0 0 0 0
1235 1 0 0 0 0 0 1 0 0 0 0 0 0
1238 2 0 0 0 0 0 2 1 1 0 0 0 0
1243 2 1 1 1 0 0 1 0 0 0 0 0 0
1247 3 0 0 2 0 0 1 0 0 0 0 0 0
1253 26 0 0 1 0 0 0 0 0 12 1 0 0
1254 58 0 0 12 0 0 0 0 0 23 8 0 0
1260 12 0 0 0 0 0 0 0 0 0 0 0 0
1266 4 0 0 2 0 0 0 0 0 1 0 0 0
1268 3 1 1 2 0 0 1 0 0 0 0 0 0
1269 3 0 0 2 0 0 0 0 0 1 1 0 0
1271 3 0 0 1 0 0 0 0 0 1 0 0 0
1346 13 2 2 0 0 0 9 0 0 0 0 0 0
1351 1 0 0 0 0 0 0 0 0 0 0 0 0
1352 1 0 0 0 0 0 1 0 0 0 0 0 0
1357 1 0 0 0 0 0 1 1 1 0 0 0 0
1373 3 0 0 2 0 0 1 0 0 0 0 0 0
1374 4 1 1 2 0 0 0 0 0 1 1 0 0
1637 10 1 1 0 0 0 3 0 0 0 0 0 0
1639 2 0 0 0 0 0 0 0 0 1 0 0 0
1640 3 1 1 0 0 0 1 0 0 0 0 0 0
1641 2 0 0 1 0 0 1 0 0 0 0 0 0
1642 3 0 0 2 0 0 1 0 0 0 0 0 0
1646 2 0 0 0 0 0 1 0 0 0 0 0 0
1647 2 0 0 1 0 0 0 0 0 1 0 0 0
1672 3 1 1 1 0 0 0 0 0 1 0 0 0
1673 5 0 0 1 0 0 1 0 0 1 0 0 0
1674 3 0 0 2 0 0 0 0 0 0 0 0 0
1675 3 0 0 3 0 0 0 0 0 0 0 0 0
1678 1 0 0 0 0 0 1 0 0 0 0 0 0
1680 1 1 1 0 0 0 1 1 1 0 0 0 0
1681 1 0 0 0 0 0 1 0 0 0 0 0 0
1683 2 0 0 1 0 0 0 0 0 1 0 0 0
1684 2 0 0 0 0 0 1 0 0 0 0 0 0
1688 2 0 0 1 0 0 0 0 0 1 0 0 0
1690 2 1 1 0 0 0 0 0 0 1 0 0 0
1698 4 0 0 2 0 0 0 0 0 1 1 0 0
1705 2 1 1 1 0 0 1 0 0 0 0 0 0
1708 2 1 1 1 0 0 0 0 0 1 0 0 0
1733 4 1 1 1 0 0 1 0 0 0 0 0 0
1735 1 0 0 0 0 0 1 0 0 0 0 0 0
1740 2 0 0 1 0 0 0 0 0 1 1 0 0
1743 4 1 1 2 0 0 1 0 0 0 0 0 0
1744 4 0 0 1 0 0 1 0 0 0 0 0 0
1745 3 1 1 2 0 0 1 0 0 0 0 0 0
1746 1 0 0 0 0 0 1 0 0 0 0 0 0
1747 1 0 0 1 0 0 0 0 0 0 0 0 0
1748 1 0 0 1 0 0 0 0 0 0 0 0 0
1759 2 0 0 1 1 1 0 0 0 1 0 0 0
1760 2 0 0 1 0 0 0 0 0 1 0 0 0
1762 2 1 1 1 0 0 0 0 0 0 0 0 0
1764 1 0 0 0 0 0 1 0 0 0 0 0 0
1765 3 0 0 1 0 0 1 0 0 0 0 0 0
1770 5 1 1 0 0 0 0 0 0 1 1 0 0
1771 5 0 0 1 1 1 0 0 0 1 1 0 0
1773 3 2 2 2 1 1 1 1 1 0 0 0 0
1779 2 0 0 1 1 1 0 0 0 1 1 0 0
1788 2 1 1 1 0 0 0 0 0 1 0 0 0
1792 1 0 0 0 0 0 0 0 0 0 0 0 0
1793 2 0 0 1 0 0 0 0 0 1 0 0 0
1817 2 1 1 0 0 0 2 0 0 0 0 0 0
1823 1 0 0 0 0 0 1 0 0 0 0 0 0
1824 1 0 0 0 0 0 1 0 0 0 0 0 0
1825 1 0 0 0 0 0 0 0 0 0 0 0 0
1829 3 0 0 1 0 0 1 0 0 0 0 0 0
1834 3 1 1 2 0 0 0 0 0 1 0 0 0
1836 1 0 0 0 0 0 0 0 0 0 0 0 0
1838 2 0 0 1 0 0 0 0 0 1 1 0 0
1842 5 1 1 2 0 0 1 0 0 0 0 0 0
1847 2 0 0 1 0 0 0 0 0 1 0 0 0
1863 6 1 1 0 0 0 1 0 0 1 0 0 0
1939 4 0 0 2 0 0 0 0 0 1 1 0 0
1943 19 2 2 1 0 0 0 0 0 2 1 0 0
1944 1 0 0 0 0 0 0 0 0 0 0 0 0
1947 3 0 0 0 0 0 1 0 0 0 0 0 0
1948 1 1 1 1 0 0 0 0 0 0 0 0 0
1949 2 0 0 0 0 0 0 0 0 1 0 0 0
1950 2 0 0 0 0 0 0 0 0 1 0 0 0
1955 3 0 0 1 0 0 0 0 0 1 1 0 0
1965 9 1 1 2 0 0 1 0 0 0 0 0 0
1971 23 1 1 1 0 0 0 0 0 6 4 0 0
1972 14 0 0 11 0 0 0 0 0 0 0 0 0
1975 3 0 0 2 0 0 1 0 0 0 0 0 0
1976 2 1 1 0 0 0 0 0 0 1 0 0 0
1977 1 0 0 0 0 0 1 0 0 0 0 0 0
1979 18 0 0 1 0 0 0 0 0 4 0 0 0
1980 8 0 0 4 0 0 0 0 0 4 3 0 0
1984 2 1 1 0 0 0 0 0 0 1 0 0 0
1990 1 1 1 0 0 0 1 0 0 0 0 0 0
1992 3 0 0 1 0 0 1 0 0 0 0 0 0
1993 2 0 0 0 0 0 0 0 0 1 0 0 0
1995 2 0 0 0 0 0 1 0 0 0 0 0 0
1997 3 0 0 0 0 0 0 0 0 1 1 0 0
1999 3 1 1 1 0 0 0 0 0 0 0 0 0
2000 1 0 0 1 0 0 0 0 0 0 0 0 0
2001 2 0 0 0 0 0 0 0 0 1 1 0 0
2013 2 0 0 0 0 0 0 0 0 1 0 0 0
2014 2 0 0 1 0 0 1 0 0 0 0 0 0
2015 3 0 0 1 0 0 0 0 0 1 1 0 0
2026 5 0 0 1 0 0 1 0 0 0 0 0 0
2027 4 0 0 0 0 0 1 0 0 0 0 0 0
2028 5 1 1 0 0 0 1 0 0 0 0 0 0
2038 2 0 0 1 0 0 1 0 0 0 0 0 0
2039 2 0 0 1 0 0 0 0 0 1 1 0 0
2040 4 1 1 0 0 0 2 0 0 0 0 0 0
2042 2 0 0 0 0 0 0 0 0 1 0 0 0
2047 3 0 0 1 0 0 0 0 0 1 0 0 0
2246 3 0 0 1 0 0 1 0 0 0 0 0 0
2250 3 0 0 1 0 0 2 0 0 0 0 0 0
2256 2 1 1 1 0 0 1 0 0 0 0 0 0
2259 2 0 0 1 0 0 0 0 0 1 0 0 0
2267 2 0 0 2 0 0 0 0 0 0 0 0 0
2279 3 1 1 1 0 0 0 0 0 0 0 0 0
2282 3 0 0 1 0 0 1 0 0 0 0 0 0
2284 3 0 0 1 0 0 0 0 0 1 0 0 0
2285 6 0 0 1 0 0 1 0 0 0 0 0 0
2292 2 0 0 2 0 0 0 0 0 0 0 0 0
2293 24 0 0 3 1 0 1 0 0 6 3 0 0
2295 10 1 1 10 2 0 0 0 0 0 0 0 0
2300 10 0 0 10 3 0 0 0 0 0 0 0 0
2302 12 0 0 0 0 0 0 0 0 6 2 0 0
2304 1 1 1 0 0 0 1 0 0 0 0 0 0
2305 1 0 0 1 0 0 0 0 0 0 0 0 0
2308 5 0 0 5 0 0 0 0 0 0 0 0 0
2310 10 0 0 0 0 0 0 0 0 5 1 0 0
2311 32 0 0 8 4 0 4 0 0 0 0 0 0
2315 16 1 1 8 3 0 0 0 0 8 2 0 0
2316 9 0 0 0 0 0 3 0 0 0 0 0 0
2325 2 0 0 1 0 0 0 0 0 1 0 0 0
2329 4 0 0 2 1 0 0 0 0 2 1 0 0
2331 1 0 0 1 0 0 0 0 0 0 0 0 0
2338 4 1 1 1 0 0 1 0 0 0 0 0 0
2341 2 0 0 1 0 0 0 0 0 1 0 0 0
2345 3 1 1 2 1 0 0 0 0 1 0 0 0
2347 2 0 0 1 0 0 0 0 0 1 1 0 0
2357 1 1 1 0 0 0 1 0 0 0 0 0 0
2362 3 0 0 1 0 0 1 0 0 0 0 0 0
2365 1 0 0 0 0 0 1 0 0 0 0 0 0
2371 1 0 0 1 0 0 0 0 0 0 0 0 0
2372 5 1 1 2 0 0 1 0 0 0 0 0 0
2380 3 0 0 1 0 0 1 0 0 0 0 0 0
2387 1 0 0 0 0 0 1 0 0 0 0 0 0
2390 3 0 0 0 0 0 1 0 0 0 0 0 0
2394 3 0 0 0 0 0 1 0 0 0 0 0 0
2395 1 0 0 0 0 0 1 1 0 0 0 0 0
2396 1 0 0 0 0 0 1 0 0 0 0 0 0
2397 1 0 0 0 0 0 0 0 0 0 0 0 0
2401 1 0 0 0 0 0 1 0 0 0 0 0 0
2406 8 0 0 7 2 0 0 0 0 0 0 0 0
2538 1 0 0 1 0 0 0 0 0 0 0 0 0
2598 1 0 0 0 0 0 1 0 0 0 0 0 0
2600 2 0 0 0 0 0 0 0 0 0 0 0 0
2602 15 1 1 0 0 0 3 0 0 3 1 0 0
2604 2 0 0 0 0 0 0 0 0 0 0 0 0
2606 107 0 0 21 0 0 0 0 0 40 10 0 0
2607 19 0 0 0 0 0 0 0 0 0 0 0 0
2615 13 1 1 2 2 2 0 0 0 2 0 2 2
2640 2 1 1 1 0 0 0 0 0 1 0 0 0
2650 4 1 1 2 0 0 0 0 0 2 1 0 0
2652 2 0 0 0 0 0 1 0 0 0 0 0 0
2653 1 0 0 0 0 0 0 0 0 0 0 0 0
2687 5 2 2 2 0 0 0 0 0 2 1 0 0
2689 2 0 0 0 0 0 1 0 0 0 0 0 0
2690 2 0 0 0 0 0 1 0 0 0 0 0 0
2691 1 0 0 0 0 0 0 0 0 0 0 0 0
2727 5 0 0 1 0 0 0 0 0 1 0 0 0
2749 3 0 0 1 0 0 0 0 0 1 0 0 0
fn=handle_preload_list
183 3 0 0 1 0 0 0 0 0 1 0 0 0
806 1 0 0 0 0 0 1 0 0 0 0 0 0
810 2 0 0 0 0 0 1 0 0 0 0 0 0
811 2 0 0 1 0 0 1 0 0 0 0 0 0
812 1 0 0 0 0 0 1 0 0 0 0 0 0
814 1 0 0 1 0 0 0 0 0 0 0 0 0
816 6 1 1 0 0 0 1 0 0 0 0 0 0
817 3 0 0 1 0 0 0 0 0 1 0 0 0
825 3 0 0 1 0 0 0 0 0 0 0 0 0
869 13 2 2 1 1 1 8 1 1 0 0 0 0
870 3 0 0 0 0 0 0 0 0 0 0 0 0
874 5 0 0 2 0 0 0 0 0 2 0 0 0
877 4 1 1 0 0 0 1 1 1 0 0 0 0
878 3 0 0 0 0 0 0 0 0 1 1 0 0
880 4 1 1 0 0 0 1 0 0 0 0 0 0
881 2 0 0 0 0 0 1 0 0 0 0 0 0
887 1 0 0 0 0 0 0 0 0 0 0 0 0
889 2 0 0 1 0 0 0 0 0 0 0 0 0
891 2 1 1 1 0 0 0 0 0 1 0 0 0
892 1 0 0 0 0 0 0 0 0 0 0 0 0
895 9 0 0 7 0 0 0 0 0 0 0 0 0
fn=init_tls
734 4 1 1 0 0 0 3 0 0 0 0 0 0
736 2 0 0 1 0 0 1 0 0 0 0 0 0
740 3 0 0 1 0 0 0 0 0 1 0 0 0
746 2 0 0 0 0 0 1 0 0 0 0 0 0
749 1 0 0 0 0 0 1 0 0 0 0 0 0
750 1 0 0 0 0 0 0 0 0 0 0 0 0
751 1 0 0 0 0 0 0 0 0 0 0 0 0
755 1 0 0 0 0 0 0 0 0 0 0 0 0
757 1 0 0 0 0 0 1 0 0 0 0 0 0
761 2 1 1 1 1 1 0 0 0 1 0 0 0
762 2 0 0 0 0 0 0 0 0 0 0 0 0
763 14 0 0 1 0 0 0 0 0 6 4 0 0
764 5 1 1 5 0 0 0 0 0 0 0 0 0
765 10 1 1 5 0 0 0 0 0 5 2 0 0
769 9 0 0 0 0 0 3 1 1 0 0 0 0
771 3 0 0 0 0 0 0 0 0 0 0 0 0
773 3 0 0 1 0 0 0 0 0 1 0 0 0
776 2 0 0 0 0 0 1 0 0 0 0 0 0
779 1 0 0 0 0 0 1 0 0 0 0 0 0
786 2 1 1 0 0 0 1 0 0 0 0 0 0
787 2 0 0 0 0 0 0 0 0 1 0 0 0
793 2 0 0 1 0 0 1 0 0 0 0 0 0
797 1 0 0 0 0 0 1 0 0 0 0 0 0
800 5 0 0 4 0 0 0 0 0 0 0 0 0
fn=map_doit
641 6 1 1 0 0 0 2 0 0 0 0 0 0
643 4 0 0 1 0 0 0 0 0 0 0 0 0
644 6 0 0 2 0 0 2 0 0 0 0 0 0
646 3 0 0 3 0 0 0 0 0 0 0 0 0
fn=version_check_doit
674 6 2 2 0 0 0 2 0 0 0 0 0 0
676 6 0 0 2 0 0 1 0 0 1 1 0 0
680 3 0 0 3 0 0 0 0 0 0 0 0 0
fl=./elf/./get-dynamic-info.h
fn=_dl_start
45 75 0 0 19 5 5 0 0 0 19 2 0 0
49 36 0 0 0 0 0 0 0 0 18 12 0 0
51 10 0 0 0 0 0 0 0 0 5 0 0 0
52 5 1 1 0 0 0 0 0 0 0 0 0 0
54 20 0 0 0 0 0 0 0 0 5 1 0 0
55 16 0 0 0 0 0 0 0 0 0 0 0 0
56 5 0 0 0 0 0 0 0 0 1 1 0 0
59 4 1 1 0 0 0 0 0 0 1 1 0 0
62 4 1 1 0 0 0 0 0 0 1 0 0 0
64 4 0 0 0 0 0 0 0 0 0 0 0 0
68 18 0 0 0 0 0 18 7 7 0 0 0 0
72 3 0 0 0 0 0 0 0 0 1 0 0 0
84 4 0 0 2 0 0 0 0 0 1 0 0 0
85 3 0 0 1 0 0 0 0 0 1 1 0 0
86 4 1 1 2 0 0 0 0 0 1 0 0 0
87 4 0 0 2 0 0 0 0 0 1 0 0 0
88 5 0 0 2 0 0 0 0 0 1 0 0 0
89 3 1 1 1 0 0 0 0 0 1 1 0 0
90 4 0 0 2 0 0 0 0 0 1 0 0 0
91 4 0 0 2 0 0 0 0 0 1 0 0 0
103 10 2 2 2 0 0 1 0 0 2 1 0 0
110 3 0 0 1 1 1 0 0 0 1 1 0 0
123 3 2 2 2 0 0 0 0 0 1 0 0 0
129 3 0 0 1 0 0 0 0 0 1 0 0 0
130 3 0 0 2 0 0 0 0 0 1 0 0 0
133 2 0 0 1 0 0 0 0 0 1 0 0 0
134 3 0 0 1 0 0 0 0 0 1 0 0 0
139 5 1 1 2 0 0 0 0 0 2 0 0 0
142 5 0 0 2 0 0 0 0 0 2 0 0 0
fn=dl_main
39 4 0 0 2 0 0 0 0 0 1 0 0 0
43 1 0 0 0 0 0 0 0 0 0 0 0 0
45 111 0 0 28 8 8 0 0 0 28 2 0 0
49 54 1 1 0 0 0 0 0 0 27 14 0 0
51 12 0 0 0 0 0 0 0 0 6 0 0 0
52 6 0 0 0 0 0 0 0 0 0 0 0 0
54 25 0 0 0 0 0 0 0 0 6 1 0 0
55 21 0 0 0 0 0 0 0 0 0 0 0 0
56 5 1 1 0 0 0 0 0 0 1 0 0 0
59 4 0 0 0 0 0 0 0 0 1 1 0 0
62 4 1 1 0 0 0 0 0 0 1 0 0 0
64 4 0 0 0 0 0 0 0 0 0 0 0 0
68 27 0 0 0 0 0 27 8 8 0 0 0 0
72 7 1 1 4 0 0 0 0 0 2 1 0 0
84 3 0 0 1 0 0 0 0 0 1 1 0 0
85 5 1 1 3 0 0 0 0 0 1 0 0 0
86 5 0 0 3 0 0 0 0 0 1 0 0 0
87 5 0 0 3 0 0 0 0 0 1 0 0 0
88 4 0 0 2 0 0 0 0 0 1 1 0 0
89 5 1 1 3 0 0 0 0 0 1 0 0 0
90 5 0 0 3 0 0 0 0 0 1 0 0 0
91 5 1 1 3 0 0 0 0 0 1 0 0 0
103 9 0 0 3 0 0 1 0 0 2 0 0 0
110 3 0 0 1 0 0 0 0 0 1 1 0 0
115 2 1 1 1 0 0 0 0 0 1 0 0 0
122 3 0 0 2 0 0 0 0 0 1 0 0 0
123 4 1 1 3 0 0 0 0 0 1 0 0 0
129 3 0 0 1 0 0 0 0 0 1 1 0 0
147 4 0 0 2 0 0 0 0 0 1 0 0 0
152 2 1 1 1 0 0 1 1 1 0 0 0 0
154 2 0 0 0 0 0 0 0 0 1 1 0 0
156 2 0 0 0 0 0 0 0 0 1 1 0 0
158 2 0 0 0 0 0 0 0 0 1 0 0 0
159 2 0 0 1 0 0 1 0 0 0 0 0 0
162 4 1 1 2 0 0 0 0 0 1 0 0 0
164 3 0 0 1 0 0 1 0 0 0 0 0 0
165 2 0 0 0 0 0 0 0 0 1 1 0 0
174 2 0 0 1 0 0 0 0 0 0 0 0 0
175 3 1 1 0 0 0 0 0 0 1 1 0 0
180 2 0 0 0 0 0 0 0 0 1 0 0 0
181 3 1 1 2 0 0 1 0 0 0 0 0 0
184 3 0 0 2 0 0 0 0 0 1 1 0 0
fl=./elf/./setup-vdso.h
fn=dl_main
24 2 0 0 1 0 0 0 0 0 1 1 0 0
fl=./io/../sysdeps/unix/sysv/linux/access.c
fn=access
25 1 0 0 0 0 0 0 0 0 0 0 0 0
27 7 0 0 0 0 0 1 0 0 1 1 0 0
31 1 0 0 1 0 0 0 0 0 0 0 0 0
fl=./io/../sysdeps/unix/sysv/linux/close.c
fn=close
26 1 1 1 0 0 0 0 0 0 0 0 0 0
27 6 1 1 1 0 0 0 0 0 2 0 0 0
28 1 0 0 1 0 0 0 0 0 0 0 0 0
fl=./io/../sysdeps/unix/sysv/linux/close_nocancel.c
fn=__GI___close_nocancel
25 4 1 1 0 0 0 0 0 0 0 0 0 0
26 16 0 0 0 0 0 0 0 0 4 0 0 0
27 4 0 0 4 0 0 0 0 0 0 0 0 0
fn=__close_nocancel
25 1 1 1 0 0 0 0 0 0 0 0 0 0
26 4 0 0 0 0 0 0 0 0 1 0 0 0
27 1 0 0 1 0 0 0 0 0 0 0 0 0
fl=./io/../sysdeps/unix/sysv/linux/fstat64.c
fn=fstat
30 5 2 2 0 0 0 0 0 0 0 0 0 0
39 20 1 1 0 0 0 0 0 0 5 0 0 0
72 5 0 0 5 0 0 0 0 0 0 0 0 0
fl=./io/../sysdeps/unix/sysv/linux/fstatat64.c
fn=fstatat
91 12 0 0 0 0 0 0 0 0 0 0 0 0
146 12 0 0 0 0 0 0 0 0 0 0 0 0
160 8 1 1 0 0 0 4 0 0 0 0 0 0
161 22 0 0 4 0 0 0 0 0 6 5 0 0
162 2 0 0 2 0 0 0 0 0 0 0 0 0
fl=./io/../sysdeps/unix/sysv/linux/mkdir.c
fn=mkdir
26 1 1 1 0 0 0 0 0 0 0 0 0 0
28 8 1 1 1 1 0 1 1 0 1 1 0 0
32 1 0 0 1 0 0 0 0 0 0 0 0 0
fl=./io/../sysdeps/unix/sysv/linux/open64.c
fn=open
30 12 2 2 1 0 0 5 0 0 0 0 0 0
33 3 0 0 0 0 0 0 0 0 1 1 0 0
36 5 2 2 0 0 0 3 0 0 0 0 0 0
37 1 0 0 1 0 0 0 0 0 0 0 0 0
41 9 0 0 1 1 0 0 0 0 2 1 0 0
43 8 0 0 6 0 0 0 0 0 1 0 0 0
fl=./io/../sysdeps/unix/sysv/linux/open64_nocancel.c
fn=__open_nocancel
28 56 2 2 1 0 0 27 2 2 0 0 0 0
31 91 0 0 0 0 0 0 0 0 26 0 0 0
39 115 2 2 0 0 0 8 0 0 13 4 0 0
41 29 0 0 28 0 0 0 0 0 1 0 0 0
fl=./io/../sysdeps/unix/sysv/linux/poll.c
fn=poll
27 1 1 1 0 0 0 0 0 0 0 0 0 0
29 6 0 0 1 0 0 0 0 0 2 1 0 0
43 1 0 0 1 0 0 0 0 0 0 0 0 0
fl=./io/../sysdeps/unix/sysv/linux/pread64_nocancel.c
fn=__pread64_nocancel
25 4 0 0 0 0 0 0 0 0 0 0 0 0
26 8 0 0 0 0 0 0 0 0 2 0 0 0
27 2 0 0 2 0 0 0 0 0 0 0 0 0
fl=./io/../sysdeps/unix/sysv/linux/read_nocancel.c
fn=__read_nocancel
25 7 2 2 0 0 0 0 0 0 0 0 0 0
26 28 0 0 0 0 0 0 0 0 7 0 0 0
27 7 1 1 7 0 0 0 0 0 0 0 0 0
fl=./io/../sysdeps/unix/sysv/linux/stat64.c
fn=stat
28 12 0 0 0 0 0 0 0 0 0 0 0 0
29 24 0 0 0 0 0 0 0 0 0 0 0 0
fl=./io/../sysdeps/unix/sysv/linux/statx.c
fn=statx
27 2 1 1 0 0 0 0 0 0 0 0 0 0
28 5 0 0 0 0 0 0 0 0 1 0 0 0
32 2 0 0 0 0 0 0 0 0 1 1 0 0
38 2 1 1 1 0 0 0 0 0 0 0 0 0
fl=./io/../sysdeps/unix/sysv/linux/write.c
fn=write
25 11 1 1 0 0 0 0 0 0 0 0 0 0
26 66 1 1 11 0 0 0 0 0 22 1 0 0
27 11 0 0 11 0 0 0 0 0 0 0 0 0
fl=./libio/../string/bits/string_fortified.h
fn=getdelim
29 188 0 0 0 0 0 94 0 0 0 0 0 0
fl=./libio/./libio/filedoalloc.c
fn=_IO_file_doallocate
78 11 1 1 1 0 0 5 0 0 0 0 0 0
84 9 0 0 3 1 0 1 0 0 2 0 1 1
86 4 0 0 1 0 0 0 0 0 1 0 0 0
97 4 1 1 1 0 0 0 0 0 1 0 0 0
101 3 0 0 0 0 0 1 0 0 0 0 0 0
102 2 0 0 0 0 0 0 0 0 1 0 0 0
104 4 0 0 0 0 0 1 0 0 0 0 0 0
105 1 0 0 0 0 0 0 0 0 0 0 0 0
106 9 1 1 7 0 0 0 0 0 1 0 0 0
fl=./libio/./libio/fileops.c
fn=_IO_file_close
1165 1 1 1 0 0 0 0 0 0 0 0 0 0
1168 2 0 0 1 0 0 0 0 0 0 0 0 0
fn=_IO_file_close_it@@GLIBC_2.2.5
128 7 2 2 0 0 0 4 0 0 0 0 0 0
130 3 0 0 1 0 0 0 0 0 1 1 0 0
133 2 0 0 0 0 0 0 0 0 1 0 0 0
134 3 0 0 1 0 0 0 0 0 0 0 0 0
137 1 0 0 0 0 0 0 0 0 0 0 0 0
139 2 0 0 0 0 0 1 0 0 0 0 0 0
142 7 0 0 3 0 0 1 0 0 1 0 1 1
145 3 0 0 1 0 0 0 0 0 1 1 0 0
153 5 1 1 0 0 0 1 0 0 0 0 0 0
154 4 1 1 0 0 0 3 0 0 0 0 0 0
157 2 0 0 0 0 0 1 0 0 0 0 0 0
158 1 0 0 0 0 0 1 0 0 0 0 0 0
159 1 0 0 0 0 0 1 0 0 0 0 0 0
160 1 0 0 0 0 0 1 0 0 0 0 0 0
162 2 0 0 0 0 0 0 0 0 0 0 0 0
163 7 0 0 5 0 0 0 0 0 0 0 0 0
fn=_IO_file_finish@@GLIBC_2.2.5
168 6 1 1 0 0 0 3 0 0 0 0 0 0
169 2 0 0 1 0 0 0 0 0 1 1 0 0
175 3 1 1 0 0 0 0 0 0 0 0 0 0
176 3 0 0 3 0 0 0 0 0 0 0 0 0
fn=_IO_file_fopen@@GLIBC_2.2.5
213 12 2 2 1 0 0 7 0 0 0 0 0 0
214 1 1 1 0 0 0 0 0 0 0 0 0 0
222 2 0 0 1 0 0 0 0 0 1 0 0 0
224 6 0 0 1 1 1 0 0 0 1 1 0 0
227 1 0 0 0 0 0 0 0 0 0 0 0 0
228 2 0 0 0 0 0 0 0 0 0 0 0 0
247 42 4 4 5 2 2 0 0 0 10 2 2 2
268 1 1 1 1 0 0 0 0 0 0 0 0 0
269 1 0 0 0 0 0 0 0 0 0 0 0 0
271 1 0 0 0 0 0 0 0 0 0 0 0 0
272 4 1 1 1 0 0 0 0 0 0 0 0 0
281 5 1 1 0 0 0 1 0 0 0 0 0 0
284 2 0 0 0 0 0 0 0 0 1 1 0 0
287 4 1 1 0 0 0 1 0 0 0 0 0 0
288 2 0 0 0 0 0 0 0 0 1 1 0 0
357 12 1 1 9 0 0 0 0 0 1 0 0 0
fn=_IO_file_open
182 12 1 1 0 0 0 4 0 0 0 0 0 0
184 2 0 0 1 0 0 0 0 0 1 1 0 0
185 4 0 0 0 0 0 1 0 0 0 0 0 0
189 2 0 0 0 0 0 0 0 0 1 0 0 0
191 1 0 0 0 0 0 1 0 0 0 0 0 0
192 6 0 0 1 0 0 1 0 0 0 0 0 0
195 3 1 1 0 0 0 0 0 0 1 1 0 0
205 2 1 1 0 0 0 1 0 0 0 0 0 0
206 1 0 0 0 0 0 0 0 0 0 0 0 0
207 6 0 0 5 0 0 0 0 0 0 0 0 0
fn=_IO_file_read
1131 4 1 1 0 0 0 0 0 0 0 0 0 0
1133 8 0 0 4 0 0 0 0 0 0 0 0 0
1134 8 0 0 4 0 0 0 0 0 4 3 0 0
fn=_IO_file_stat
1147 1 1 1 0 0 0 0 0 0 0 0 0 0
1148 2 0 0 1 0 0 0 0 0 0 0 0 0
fn=_IO_file_underflow@@GLIBC_2.2.5
462 40 2 2 0 0 0 24 0 0 0 0 0 0
466 12 0 0 4 0 0 0 0 0 4 0 0 0
469 8 0 0 0 0 0 0 0 0 4 0 0 0
475 12 0 0 8 0 0 0 0 0 4 0 0 0
478 8 0 0 4 0 0 0 0 0 4 1 0 0
481 3 1 1 1 0 0 0 0 0 1 1 0 0
486 2 0 0 0 0 0 1 0 0 0 0 0 0
490 10 0 0 1 0 0 0 0 0 4 2 0 0
506 8 0 0 0 0 0 4 0 0 0 0 0 0
512 24 1 1 4 0 0 12 0 0 0 0 0 0
517 20 1 1 12 0 0 4 0 0 0 0 4 1
519 8 0 0 0 0 0 0 0 0 4 0 0 0
526 4 0 0 4 0 0 0 0 0 0 0 0 0
535 12 0 0 4 0 0 0 0 0 4 2 0 0
537 8 0 0 8 1 1 0 0 0 0 0 0 0
538 32 0 0 28 0 0 0 0 0 0 0 0 0
fn=_IO_new_file_init_internal
106 6 1 1 0 0 0 2 0 0 0 0 0 0
110 1 1 1 0 0 0 1 0 0 0 0 0 0
111 1 0 0 1 0 0 0 0 0 0 0 0 0
113 1 0 0 0 0 0 1 0 0 0 0 0 0
114 1 0 0 0 0 0 1 0 0 0 0 0 0
115 3 0 0 3 0 0 0 0 0 0 0 0 0
fl=./libio/./libio/genops.c
fn=_IO_cleanup
776 6 1 1 0 0 0 3 0 0 0 0 0 0
777 10 1 1 5 0 0 2 0 0 1 0 0 0
780 13 1 1 4 0 0 0 0 0 4 3 0 0
784 3 0 0 0 0 0 3 0 0 0 0 0 0
785 36 2 2 15 0 0 6 0 0 6 3 0 0
792 7 0 0 0 0 0 0 0 0 3 2 0 0
794 6 1 1 2 0 0 0 0 0 2 2 0 0
814 3 2 2 0 0 0 3 0 0 0 0 0 0
816 29 1 1 6 0 0 6 0 0 8 2 0 0
817 3 1 1 0 0 0 3 0 0 0 0 0 0
821 7 1 1 2 0 0 2 0 0 2 0 0 0
822 2 0 0 0 0 0 1 0 0 0 0 0 0
842 12 1 1 1 0 0 7 0 0 0 0 0 0
843 2 0 0 0 0 0 1 0 0 0 0 0 0
855 12 0 0 9 0 0 0 0 0 1 0 0 0
fn=_IO_default_finish
54 2 0 0 1 0 0 0 0 0 1 0 0 0
601 6 1 1 0 0 0 2 0 0 0 0 0 0
603 3 0 0 1 0 0 0 0 0 1 1 0 0
609 3 1 1 1 0 0 0 0 0 1 0 0 0
612 3 0 0 1 0 0 0 0 0 1 1 0 0
624 3 1 1 3 0 0 0 0 0 0 0 0 0
fn=_IO_doallocbuf
343 8 2 2 0 0 0 4 0 0 0 0 0 0
344 2 0 0 1 0 0 0 0 0 1 1 0 0
346 3 0 0 1 0 0 0 0 0 1 1 0 0
347 5 1 1 2 1 0 1 0 0 1 1 1 1
350 6 0 0 5 0 0 0 0 0 0 0 0 0
fn=_IO_flush_all
686 12 2 2 1 0 0 7 0 0 0 0 0 0
687 3 1 1 0 0 0 0 0 0 0 0 0 0
691 6 0 0 0 0 0 3 0 0 0 0 0 0
692 9 2 2 4 1 0 2 0 0 1 1 0 0
695 12 0 0 4 2 0 0 0 0 4 2 0 0
697 3 1 1 0 0 0 3 0 0 0 0 0 0
698 36 2 2 15 6 1 6 0 0 6 3 0 0
700 21 1 1 9 5 2 0 0 0 6 0 0 0
708 33 1 1 12 0 0 6 0 0 9 0 0 0
709 3 0 0 0 0 0 3 0 0 0 0 0 0
713 7 1 1 2 0 0 2 0 0 2 0 0 0
714 2 0 0 0 0 0 1 0 0 0 0 0 0
718 12 0 0 9 0 0 0 0 0 1 1 0 0
fn=_IO_link_in
87 14 1 1 0 0 0 8 0 0 0 0 0 0
88 10 1 1 4 0 0 2 0 0 2 1 0 0
90 2 0 0 0 0 0 1 0 0 0 0 0 0
92 7 1 1 0 0 0 3 0 0 0 0 0 0
93 9 1 1 3 0 0 2 0 0 1 1 0 0
94 1 0 0 0 0 0 1 0 0 0 0 0 0
95 9 1 1 4 0 0 2 0 0 2 1 0 0
97 2 0 0 1 1 0 1 0 0 0 0 0 0
98 1 1 1 0 0 0 1 0 0 0 0 0 0
100 5 0 0 1 0 0 2 0 0 1 0 0 0
101 1 0 0 0 0 0 1 0 0 0 0 0 0
102 6 0 0 1 0 0 2 0 0 1 0 0 0
103 2 2 2 0 0 0 1 0 0 0 0 0 0
106 19 0 0 14 0 0 0 0 0 2 0 0 0
fn=_IO_no_init
563 495 1 1 0 0 0 225 0 0 0 0 0 0
564 45 0 0 0 0 0 45 0 0 0 0 0 0
565 45 0 0 0 0 0 45 1 1 0 0 0 0
566 90 0 0 0 0 0 0 0 0 45 4 0 0
568 1 0 0 0 0 0 1 0 0 0 0 0 0
572 6 0 0 0 0 0 5 0 0 0 0 0 0
579 1 1 1 0 0 0 1 1 1 0 0 0 0
581 1 0 0 0 0 0 1 0 0 0 0 0 0
586 88 0 0 0 0 0 44 0 0 0 0 0 0
587 45 0 0 0 0 0 45 0 0 0 0 0 0
588 270 0 0 270 0 0 0 0 0 0 0 0 0
fn=_IO_old_init
531 45 1 1 0 0 0 0 0 0 0 0 0 0
532 90 0 0 0 0 0 45 0 0 0 0 0 0
534 270 0 0 45 1 1 45 0 0 0 0 0 0
539 315 0 0 0 0 0 270 1 1 0 0 0 0
544 45 0 0 0 0 0 45 0 0 0 0 0 0
550 90 1 1 0 0 0 45 0 0 0 0 0 0
555 135 0 0 45 0 0 0 0 0 45 4 0 0
556 2 0 0 0 0 0 2 1 1 0 0 0 0
558 45 0 0 45 0 0 0 0 0 0 0 0 0
fn=_IO_setb
329 506 1 1 0 0 0 230 0 0 0 0 0 0
330 186 0 0 92 0 0 0 0 0 47 8 0 0
331 1 0 0 0 0 0 1 0 0 0 0 0 0
332 46 0 0 0 0 0 46 0 0 0 0 0 0
333 46 0 0 0 0 0 46 0 0 0 0 0 0
335 278 0 0 1 0 0 46 0 0 0 0 0 0
338 276 0 0 276 0 0 0 0 0 0 0 0 0
fn=_IO_sputbackc
635 1232 1 1 0 0 0 528 0 0 0 0 0 0
638 528 0 0 352 0 0 0 0 0 176 0 0 0
639 352 0 0 176 0 0 0 0 0 176 3 0 0
641 352 1 1 0 0 0 176 0 0 0 0 0 0
642 176 0 0 0 0 0 0 0 0 0 0 0 0
647 176 0 0 0 0 0 0 0 0 0 0 0 0
648 176 0 0 176 0 0 0 0 0 0 0 0 0
651 880 0 0 704 0 0 0 0 0 0 0 0 0
fn=_IO_switch_to_get_mode
164 24 1 1 0 0 0 12 0 0 0 0 0 0
165 12 1 1 8 0 0 0 0 0 4 2 0 0
168 12 1 1 4 0 0 0 0 0 4 0 0 0
172 8 0 0 4 0 0 4 0 0 0 0 0 0
173 8 0 0 4 0 0 0 0 0 4 3 0 0
176 4 0 0 0 0 0 4 0 0 0 0 0 0
178 8 0 0 0 0 0 8 0 0 0 0 0 0
180 8 0 0 0 0 0 4 0 0 0 0 0 0
181 4 0 0 0 0 0 0 0 0 0 0 0 0
182 16 0 0 16 0 0 0 0 0 0 0 0 0
fn=_IO_un_link
53 2 0 0 0 0 0 0 0 0 0 0 0 0
54 4 0 0 2 0 0 0 0 0 2 1 0 0
82 2 0 0 1 0 0 0 0 0 0 0 0 0
fn=_IO_unsave_markers
937 6 1 1 0 0 0 2 0 0 0 0 0 0
939 2 0 0 1 0 0 0 0 0 1 1 0 0
944 3 1 1 1 0 0 0 0 0 1 1 0 0
946 3 0 0 3 0 0 0 0 0 0 0 0 0
fn=__GI__IO_un_link.part.0
52 10 1 1 1 0 0 5 0 0 0 0 0 0
58 6 1 1 0 0 0 3 0 0 0 0 0 0
59 10 1 1 3 0 0 2 0 0 1 1 0 0
60 1 0 0 0 0 0 1 0 0 0 0 0 0
61 4 1 1 1 0 0 0 0 0 1 1 0 0
63 4 2 2 1 0 0 0 0 0 1 1 0 0
65 2 1 1 0 0 0 0 0 0 1 1 0 0
66 3 1 1 1 0 0 1 0 0 0 0 0 0
74 2 1 1 0 0 0 1 0 0 0 0 0 0
76 2 0 0 0 0 0 0 0 0 1 1 0 0
77 1 0 0 0 0 0 1 0 0 0 0 0 0
78 8 0 0 1 0 0 2 0 0 2 1 0 0
79 2 1 1 0 0 0 1 0 0 0 0 0 0
82 9 0 0 7 0 0 0 0 0 1 0 0 0
fn=__underflow
173 4 0 0 4 0 0 0 0 0 0 0 0 0
269 24 1 1 0 0 0 12 0 0 0 0 0 0
270 19 0 0 4 0 0 1 0 0 7 6 0 0
275 12 0 0 4 0 0 0 0 0 4 3 0 0
278 12 1 1 4 0 0 0 0 0 4 0 0 0
280 8 0 0 0 0 0 0 0 0 4 0 0 0
286 8 0 0 4 0 0 0 0 0 4 4 0 0
291 12 1 1 4 0 0 0 0 0 4 3 0 0
293 16 0 0 8 1 0 0 0 0 0 0 4 1
294 12 0 0 12 0 0 0 0 0 0 0 0 0
fl=./libio/./libio/iofclose.c
fn=fclose@@GLIBC_2.2.5
34 8 2 2 0 0 0 4 0 0 0 0 0 0
48 3 0 0 1 0 0 0 0 0 1 1 0 0
49 1 1 1 0 0 0 1 0 0 0 0 0 0
51 3 0 0 1 0 0 0 0 0 1 1 0 0
52 2 1 1 0 0 0 0 0 0 1 0 0 0
53 3 1 1 0 0 0 1 0 0 0 0 0 0
57 4 0 0 2 0 0 1 0 0 0 0 1 1
58 3 0 0 1 0 0 0 0 0 1 0 0 0
71 2 0 0 1 0 0 0 0 0 1 0 0 0
76 7 0 0 5 0 0 0 0 0 0 0 0 0
fl=./libio/./libio/iofopen.c
fn=fopen@@GLIBC_2.2.5
37 2 0 0 1 0 0 0 0 0 1 1 0 0
65 2 0 0 0 0 0 1 0 0 0 0 0 0
67 3 0 0 0 0 0 0 0 0 1 0 0 0
70 2 0 0 0 0 0 1 1 1 0 0 0 0
72 7 1 1 0 0 0 1 0 0 0 0 0 0
73 2 0 0 0 0 0 1 0 0 0 0 0 0
74 2 0 0 0 0 0 1 0 0 0 0 0 0
75 7 1 1 0 0 0 1 0 0 1 0 0 0
85 9 1 1 0 0 0 5 0 0 0 0 0 0
87 7 1 1 6 0 0 0 0 0 0 0 0 0
fl=./libio/./libio/iogetdelim.c
fn=getdelim
41 660 2 2 0 0 0 396 0 0 0 0 0 0
47 132 0 0 44 0 0 0 0 0 44 3 0 0
48 88 2 2 0 0 0 0 0 0 44 3 0 0
54 176 1 1 88 0 0 0 0 0 88 1 0 0
62 261 1 1 174 0 0 0 0 0 87 1 0 0
64 2 0 0 1 0 0 1 0 0 0 0 0 0
65 4 0 0 1 0 0 2 0 0 0 0 0 0
66 2 0 0 0 0 0 0 0 0 1 1 0 0
74 132 0 0 88 0 0 0 0 0 0 0 0 0
75 88 0 0 0 0 0 0 0 0 44 1 0 0
77 4 1 1 0 0 0 1 0 0 1 0 0 0
82 4 1 1 2 0 0 0 0 0 0 0 0 0
89 235 1 1 47 0 0 47 0 0 0 0 0 0
91 188 0 0 0 0 0 0 0 0 0 0 0 0
92 188 1 1 0 0 0 0 0 0 47 13 0 0
100 94 0 0 0 0 0 0 0 0 0 0 0 0
101 188 1 1 94 0 0 0 0 0 47 14 0 0
105 5 0 0 0 0 0 1 0 0 0 0 0 0
107 96 0 0 94 0 0 1 0 0 0 0 0 0
108 3 0 0 1 0 0 0 0 0 1 0 0 0
114 2 0 0 1 0 0 1 0 0 0 0 0 0
115 2 0 0 1 0 0 1 0 0 0 0 0 0
117 48 1 1 1 0 0 0 0 0 0 0 0 0
118 47 0 0 47 0 0 0 0 0 0 0 0 0
119 3 0 0 0 0 0 0 0 0 0 0 0 0
120 153 0 0 47 0 0 3 0 0 50 9 0 0
122 9 0 0 6 0 0 0 0 0 0 0 0 0
124 132 0 0 88 0 0 44 0 0 0 0 0 0
130 396 0 0 308 0 0 0 0 0 0 0 0 0
fl=./libio/./libio/libioP.h
fn=_IO_cleanup
1025 1 1 1 0 0 0 0 0 0 0 0 0 0
fn=_IO_doallocbuf
1025 3 0 0 0 0 0 0 0 0 0 0 0 0
1026 2 0 0 0 0 0 0 0 0 1 0 0 0
fn=_IO_file_close_it@@GLIBC_2.2.5
1025 3 1 1 0 0 0 0 0 0 0 0 0 0
1026 2 0 0 0 0 0 0 0 0 1 0 0 0
fn=_IO_file_doallocate
1025 3 1 1 0 0 0 0 0 0 0 0 0 0
1026 2 0 0 0 0 0 0 0 0 1 0 0 0
fn=_IO_file_underflow@@GLIBC_2.2.5
1025 16 1 1 0 0 0 0 0 0 0 0 0 0
1026 8 0 0 0 0 0 0 0 0 4 1 0 0
fn=_IO_flush_all
1025 2 0 0 0 0 0 0 0 0 0 0 0 0
fn=__underflow
1025 12 0 0 0 0 0 0 0 0 0 0 0 0
1026 8 0 0 0 0 0 0 0 0 4 0 0 0
fn=fclose@@GLIBC_2.2.5
951 4 0 0 2 0 0 0 0 0 0 0 0 0
952 4 0 0 1 0 0 0 0 0 2 0 0 0
958 2 0 0 0 0 0 1 0 0 0 0 0 0
979 4 0 0 1 0 0 0 0 0 1 0 0 0
980 9 0 0 3 0 0 2 0 0 2 1 0 0
1025 3 0 0 0 0 0 0 0 0 0 0 0 0
1026 2 1 1 0 0 0 0 0 0 1 0 0 0
fn=getdelim
979 176 0 0 44 0 0 0 0 0 44 7 0 0
fl=./libio/./libio/strops.c
fn=_IO_str_init_static_internal
36 440 2 2 0 0 0 220 0 0 0 0 0 0
40 88 0 0 0 0 0 0 0 0 44 0 0 0
41 132 0 0 0 0 0 44 0 0 0 0 0 0
46 220 0 0 0 0 0 44 0 0 0 0 0 0
48 44 0 0 0 0 0 44 0 0 0 0 0 0
49 44 0 0 0 0 0 44 0 0 0 0 0 0
50 44 0 0 0 0 0 44 0 0 0 0 0 0
51 308 1 1 0 0 0 0 0 0 44 5 0 0
53 44 1 1 0 0 0 44 0 0 0 0 0 0
54 44 0 0 0 0 0 44 0 0 0 0 0 0
55 44 0 0 0 0 0 44 0 0 0 0 0 0
64 44 0 0 0 0 0 44 0 0 0 0 0 0
65 264 0 0 264 0 0 0 0 0 0 0 0 0
fl=./libio/./libio/vtables.c
fn=check_stdfiles_vtables
545 1 1 1 0 0 0 0 0 0 0 0 0 0
546 4 0 0 2 2 0 0 0 0 1 1 0 0
547 3 1 1 2 1 0 0 0 0 1 1 0 0
548 3 0 0 2 1 0 0 0 0 1 0 0 0
550 1 0 0 1 0 0 0 0 0 0 0 0 0
fl=./malloc/../string/bits/string_fortified.h
fn=_int_realloc
29 24 0 0 0 0 0 12 0 0 0 0 0 0
fn=calloc
59 3 0 0 0 0 0 0 0 0 0 0 0 0
fn=tcache_init.part.0
59 88 0 0 0 0 0 81 9 9 80 9 0 0
fl=./malloc/../sysdeps/unix/sysv/linux/not-cancel.h
fn=ptmalloc_init.part.0
97 6 0 0 0 0 0 0 0 0 0 0 0 0
fl=./malloc/./malloc/arena.c
fn=_mid_memalign.isra.0
153 2 0 0 0 0 0 0 0 0 1 1 0 0
fn=calloc
153 2 0 0 0 0 0 0 0 0 1 1 0 0
fn=free
153 3156 0 0 0 0 0 0 0 0 1052 11 0 0
fn=malloc
153 1310 0 0 0 0 0 0 0 0 655 17 0 0
264 1 1 1 0 0 0 1 0 0 0 0 0 0
fn=ptmalloc_init.part.0
262 8 1 1 1 0 0 4 0 0 0 0 0 0
267 1 1 1 0 0 0 1 0 0 0 0 0 0
292 2 1 1 1 0 0 0 0 0 1 1 0 0
296 3 1 1 1 1 0 1 0 0 0 0 0 0
300 4 1 1 0 0 0 1 0 0 0 0 0 0
301 4 0 0 0 0 0 1 0 0 0 0 0 0
302 4 1 1 0 0 0 1 0 0 0 0 0 0
303 4 0 0 0 0 0 1 0 0 0 0 0 0
304 4 0 0 0 0 0 1 0 0 0 0 0 0
305 4 0 0 0 0 0 1 0 0 0 0 0 0
306 4 1 1 0 0 0 1 0 0 0 0 0 0
308 4 0 0 0 0 0 1 0 0 0 0 0 0
309 4 0 0 0 0 0 1 0 0 0 0 0 0
310 4 1 1 0 0 0 1 0 0 0 0 0 0
313 4 0 0 0 0 0 1 0 0 0 0 0 0
314 4 0 0 0 0 0 1 0 0 0 0 0 0
316 2 0 0 1 1 1 0 0 0 1 0 0 0
326 8 1 1 6 0 0 0 0 0 1 0 0 0
fn=realloc
153 112 0 0 16 0 0 0 0 0 32 6 0 0
fl=./malloc/./malloc/malloc.c
fn=_int_free
1792 625 0 0 625 2 0 0 0 0 0 0 0 0
1992 753 0 0 251 0 0 0 0 0 251 0 0 0
3163 878 2 1 439 0 0 439 0 0 0 0 0 0
3165 1756 2 1 439 9 0 439 0 0 0 0 0 0
3166 439 0 0 0 0 0 439 0 0 0 0 0 0
3167 878 0 0 0 0 0 439 0 0 0 0 0 0
4495 7448 1 1 0 0 0 4256 1 0 0 0 0 0
4499 3192 0 0 1064 0 0 0 0 0 0 0 0 0
4505 4256 0 0 0 0 0 0 0 0 1064 2 0 0
4506 2128 1 1 0 0 0 0 0 0 1064 0 0 0
4510 5320 0 0 0 0 0 0 0 0 1064 0 0 0
4517 2128 0 0 0 0 0 0 0 0 0 0 0 0
4518 6384 0 0 3192 2 0 0 0 0 2128 10 0 0
4521 1055 0 0 0 0 0 0 0 0 0 0 0 0
4527 3165 0 0 2110 165 1 0 0 0 1055 0 0 0
4547 5275 1 1 2110 3 0 0 0 0 1055 27 0 0
4550 439 0 0 0 0 0 0 0 0 0 0 0 0
4561 1250 0 0 0 0 0 0 0 0 625 136 0 0
4572 1004 1 1 251 48 0 0 0 0 251 0 0 0
4574 753 0 0 251 0 0 0 0 0 251 0 0 0
4593 251 0 0 0 0 0 0 0 0 0 0 0 0
4595 251 0 0 0 0 0 251 0 0 0 0 0 0
4596 251 0 0 0 0 0 0 0 0 0 0 0 0
4600 753 0 0 251 0 0 0 0 0 0 0 0 0
4602 502 0 0 251 0 0 0 0 0 251 2 0 0
4606 502 0 0 0 0 0 0 0 0 251 4 0 0
4608 753 0 0 0 0 0 251 0 0 0 0 0 0
4609 251 0 0 0 0 0 251 0 0 0 0 0 0
4628 1004 0 0 0 0 0 0 0 0 251 1 0 0
4637 748 0 0 374 0 0 0 0 0 374 0 0 0
4640 748 0 0 374 2 0 0 0 0 0 0 0 0
4643 748 0 0 0 0 0 0 0 0 374 0 0 0
4646 748 0 0 0 0 0 0 0 0 0 0 0 0
4658 6010 1 1 4946 0 0 0 0 0 0 0 0 0
fn=_int_free_maybe_consolidate
4770 4136 2 1 376 2 0 2632 0 0 0 0 0 0
4776 752 1 1 0 0 0 0 0 0 376 2 0 0
4778 8 0 0 2 0 0 0 0 0 2 0 0 0
4781 6 1 1 0 0 0 0 0 0 2 2 0 0
4784 10 1 1 6 1 0 0 0 0 2 0 0 0
4785 10 1 1 6 0 0 0 0 0 2 2 0 0
4798 4128 0 0 3378 0 0 0 0 0 374 0 0 0
fn=_int_free_merge_chunk
1992 1125 0 0 375 0 0 0 0 0 375 0 0 0
4665 3000 2 2 0 0 0 2250 1 0 0 0 0 0
4666 375 0 0 0 0 0 0 0 0 0 0 0 0
4670 2250 0 0 375 3 0 0 0 0 375 0 0 0
4673 1500 0 0 375 3 0 0 0 0 750 10 0 0
4675 1125 1 1 375 2 0 0 0 0 0 0 0 0
4678 1125 0 0 375 116 0 0 0 0 375 0 0 0
4681 750 0 0 0 0 0 0 0 0 0 0 0 0
4682 750 2 1 0 0 0 0 0 0 375 0 0 0
4683 750 0 0 375 2 0 0 0 0 375 0 0 0
4689 750 0 0 375 0 0 0 0 0 375 32 0 0
4691 251 0 0 251 0 0 0 0 0 0 0 0 0
4692 251 0 0 0 0 0 0 0 0 0 0 0 0
4693 251 0 0 0 0 0 0 0 0 0 0 0 0
4694 1004 0 0 251 1 0 0 0 0 251 0 0 0
4696 502 0 0 0 0 0 251 0 0 0 0 0 0
4701 1125 0 0 0 0 0 0 0 0 0 0 0 0
4702 2625 0 0 2250 0 0 0 0 0 0 0 0 0
4714 750 1 1 375 0 0 0 0 0 375 1 0 0
4720 748 0 0 374 359 0 0 0 0 374 11 0 0
4721 20 0 0 0 0 0 10 0 0 0 0 0 0
4722 20 0 0 0 0 0 0 0 0 0 0 0 0
4724 364 0 0 364 0 0 0 0 0 0 0 0 0
4732 374 0 0 0 0 0 0 0 0 0 0 0 0
4733 1496 0 0 374 0 0 0 0 0 0 0 0 0
4734 748 0 0 374 2 0 0 0 0 374 0 0 0
4736 374 1 1 0 0 0 374 0 0 0 0 0 0
4738 748 0 0 0 0 0 0 0 0 374 33 0 0
4740 1026 1 1 0 0 0 342 26 0 0 0 0 0
4743 374 0 0 0 0 0 374 0 0 0 0 0 0
4744 374 0 0 0 0 0 374 0 0 0 0 0 0
4746 1122 0 0 0 0 0 374 0 0 0 0 0 0
4747 374 0 0 0 0 0 374 0 0 0 0 0 0
4756 1 0 0 0 0 0 0 0 0 0 0 0 0
4757 3 0 0 0 0 0 1 0 0 0 0 0 0
4758 2 0 0 0 0 0 1 0 0 0 0 0 0
fn=_int_malloc
1326 1340 0 0 0 0 0 0 0 0 670 2 0 0
1345 4020 1 1 0 0 0 0 0 0 670 2 0 0
1794 664 0 0 664 0 0 0 0 0 0 0 0 0
1985 150 0 0 50 0 0 0 0 0 50 32 0 0
2008 16 0 0 4 0 0 0 0 0 4 0 0 0
2017 2 1 1 2 0 0 0 0 0 0 0 0 0
2552 18 1 1 6 4 0 6 1 0 0 0 0 0
2553 3 2 1 0 0 0 3 0 0 0 0 0 0
2564 6 0 0 3 2 0 0 0 0 3 3 0 0
2589 12 0 0 3 0 0 3 0 0 0 0 0 0
2590 6 0 0 0 0 0 3 0 0 0 0 0 0
2599 28 0 0 6 0 0 0 0 0 7 1 0 0
2605 6 0 0 4 0 0 0 0 0 2 0 0 0
2608 9 1 1 0 0 0 0 0 0 3 3 0 0
2669 9 2 1 3 0 0 3 0 0 0 0 0 0
2677 6 2 1 3 0 0 0 0 0 3 0 0 0
2678 9 0 0 3 0 0 3 0 0 0 0 0 0
2691 9 0 0 3 0 0 0 0 0 3 0 0 0
2693 3 0 0 3 0 0 0 0 0 0 0 0 0
2699 15 0 0 3 0 0 3 0 0 0 0 0 0
2707 6 1 1 0 0 0 0 0 0 3 1 0 0
2709 12 2 1 0 0 0 6 0 0 0 0 0 0
2710 9 0 0 3 0 0 0 0 0 3 0 0 0
2711 3 0 0 0 0 0 0 0 0 0 0 0 0
2712 3 0 0 0 0 0 0 0 0 0 0 0 0
2715 6 0 0 0 0 0 0 0 0 3 0 0 0
2744 17 1 1 7 1 1 0 0 0 3 1 0 0
2745 1 0 0 0 0 0 1 0 0 0 0 0 0
2746 6 1 0 0 0 0 3 0 0 0 0 0 0
2752 24 2 1 3 0 0 0 0 0 5 1 0 0
2753 12 0 0 2 0 0 2 0 0 0 0 0 0
2755 4 2 2 2 0 0 0 0 0 2 1 0 0
2782 2 0 0 0 0 0 0 0 0 0 0 0 0
2783 1 1 1 0 0 0 0 0 0 0 0 0 0
2795 3 0 0 0 0 0 0 0 0 1 1 0 0
2814 2 1 1 1 0 0 0 0 0 0 0 0 0
2817 2 0 0 0 0 0 0 0 0 0 0 0 0
2818 6 0 0 1 0 0 0 0 0 0 0 0 0
2820 1 0 0 0 0 0 0 0 0 1 0 0 0
2821 6 1 1 0 0 0 4 0 0 0 0 0 0
2833 5 0 0 3 0 0 0 0 0 1 0 0 0
2873 1 0 0 0 0 0 0 0 0 0 0 0 0
2875 1 0 0 0 0 0 1 0 0 0 0 0 0
2876 5 1 1 0 0 0 1 1 1 0 0 0 0
2877 1 0 0 1 0 0 0 0 0 0 0 0 0
2888 3 0 0 1 0 0 0 0 0 1 1 0 0
2921 9 2 1 6 0 0 0 0 0 3 0 0 0
2922 3 2 1 0 0 0 3 0 0 0 0 0 0
2926 3 0 0 3 0 0 0 0 0 0 0 0 0
2930 15 0 0 6 0 0 0 0 0 3 0 0 0
2932 3 0 0 0 0 0 0 0 0 0 0 0 0
2933 3 0 0 0 0 0 0 0 0 0 0 0 0
2934 3 0 0 0 0 0 3 0 0 0 0 0 0
2935 21 0 0 0 0 0 3 0 0 0 0 0 0
2936 6 2 1 0 0 0 3 3 3 0 0 0 0
2938 3 0 0 0 0 0 0 0 0 0 0 0 0
3163 6 0 0 3 0 0 3 0 0 0 0 0 0
3165 24 1 1 6 0 0 9 0 0 0 0 0 0
3166 6 0 0 3 0 0 3 0 0 0 0 0 0
3167 6 0 0 0 0 0 3 0 0 0 0 0 0
3178 3 0 0 3 0 0 0 0 0 0 0 0 0
3182 6 0 0 0 0 0 0 0 0 3 0 0 0
3186 12 0 0 3 0 0 3 0 0 0 0 0 0
3190 6 0 0 6 0 0 0 0 0 0 0 0 0
3191 6 0 0 0 0 0 3 0 0 0 0 0 0
3199 3 1 1 3 0 0 0 0 0 0 0 0 0
3846 7370 1 1 670 2 0 4690 3 0 0 0 0 0
3882 1 0 0 0 0 0 0 0 0 0 0 0 0
3887 1340 0 0 0 0 0 0 0 0 670 0 0 0
3914 1358 1 1 6 0 0 0 0 0 670 145 0 0
3916 1060 0 0 0 0 0 0 0 0 0 0 0 0
3919 277 1 1 271 0 0 0 0 0 0 0 0 0
3921 542 0 0 0 0 0 0 0 0 271 2 0 0
3930 813 1 1 0 0 0 0 0 0 0 0 0 0
3977 798 2 2 0 0 0 0 0 0 399 15 0 0
3979 2102 0 0 0 0 0 0 0 0 0 0 0 0
3980 1066 1 1 0 0 0 0 0 0 0 0 0 0
3982 1599 0 0 533 4 0 0 0 0 533 12 0 0
3984 2 0 0 2 0 0 0 0 0 0 0 0 0
3985 4 0 0 2 0 0 0 0 0 2 1 0 0
3987 2 0 0 2 0 0 0 0 0 0 0 0 0
3988 2 0 0 0 0 0 2 0 0 0 0 0 0
3989 2 0 0 0 0 0 2 0 0 0 0 0 0
3991 6 0 0 0 0 0 0 0 0 2 2 0 0
3997 4 0 0 0 0 0 0 0 0 0 0 0 0
3998 12 1 1 6 0 0 0 0 0 4 0 0 0
4003 10 1 1 4 0 0 0 0 0 0 0 0 0
4004 4 0 0 0 0 0 0 0 0 2 2 0 0
4020 2 0 0 0 0 0 0 0 0 0 0 0 0
4039 725 0 0 0 0 0 0 0 0 145 13 0 0
4040 411 0 0 137 3 0 0 0 0 137 1 0 0
4041 3 0 0 0 0 0 1 1 0 0 0 0 0
4058 2002 0 0 667 0 0 0 0 0 0 0 0 0
4059 2004 0 0 0 0 0 668 2 0 0 0 0 0
4060 2004 1 1 1336 0 0 0 0 0 668 3 0 0
4069 458 1 1 0 0 0 229 0 0 0 0 0 0
4070 3782 2 2 725 1 0 668 0 0 728 81 0 0
4072 237 0 0 237 0 0 0 0 0 0 0 0 0
4073 474 0 0 237 2 0 0 0 0 0 0 0 0
4074 237 0 0 0 0 0 0 0 0 0 0 0 0
4076 474 0 0 0 0 0 0 0 0 237 0 0 0
4077 711 0 0 237 2 0 0 0 0 237 0 0 0
4079 237 0 0 237 5 0 0 0 0 0 0 0 0
4080 948 1 1 0 0 0 0 0 0 237 0 0 0
4082 948 0 0 237 0 0 0 0 0 237 1 0 0
4084 474 0 0 237 1 0 0 0 0 237 2 0 0
4085 474 0 0 237 0 0 0 0 0 237 0 0 0
4087 474 0 0 0 0 0 0 0 0 237 0 0 0
4098 948 1 1 0 0 0 0 0 0 237 151 0 0
4099 396 1 1 198 0 0 0 0 0 198 13 0 0
4100 370 0 0 0 0 0 0 0 0 185 10 0 0
4101 185 0 0 0 0 0 0 0 0 0 0 0 0
4104 177 1 1 0 0 0 0 0 0 0 0 0 0
4105 177 1 1 0 0 0 0 0 0 0 0 0 0
4106 177 0 0 0 0 0 177 0 0 0 0 0 0
4107 531 0 0 0 0 0 177 0 0 0 0 0 0
4108 531 0 0 0 0 0 177 135 0 0 0 0 0
4109 354 0 0 0 0 0 0 0 0 177 20 0 0
4111 290 0 0 0 0 0 145 32 0 0 0 0 0
4115 1416 0 0 0 0 0 177 0 0 0 0 0 0
4117 531 0 0 0 0 0 177 37 0 0 0 0 0
4118 177 0 0 0 0 0 177 0 0 0 0 0 0
4121 180 0 0 0 0 0 0 0 0 0 0 0 0
4122 531 0 0 0 0 0 177 1 0 0 0 0 0
4123 177 0 0 0 0 0 0 0 0 0 0 0 0
4127 60 0 0 0 0 0 60 0 0 0 0 0 0
4128 60 0 0 0 0 0 60 0 0 0 0 0 0
4132 120 0 0 0 0 0 0 0 0 60 3 0 0
4134 6 0 0 0 0 0 3 0 0 0 0 0 0
4135 9 2 1 0 0 0 0 0 0 3 2 0 0
4140 6 0 0 0 0 0 0 0 0 3 0 0 0
4141 18 0 0 12 0 0 0 0 0 3 2 0 0
4161 124 1 1 0 0 0 0 0 0 57 19 0 0
4163 62 0 0 0 0 0 31 0 0 0 0 0 0
4164 124 0 0 0 0 0 0 0 0 0 0 0 0
4165 31 0 0 31 17 0 0 0 0 0 0 0 0
4169 336 4 4 0 0 0 26 0 0 50 19 0 0
4170 77 1 1 0 0 0 0 0 0 0 0 0 0
4171 26 0 0 26 15 0 0 0 0 0 0 0 0
4174 52 0 0 0 0 0 0 0 0 26 11 0 0
4177 1 0 0 0 0 0 0 0 0 0 0 0 0
4179 4 1 1 2 0 0 0 0 0 1 0 0 0
4180 2 0 0 0 0 0 0 0 0 1 0 0 0
4192 3 0 0 1 0 0 0 0 0 1 1 0 0
4193 2 1 1 0 0 0 0 0 0 1 0 0 0
4199 1 0 0 0 0 0 0 0 0 1 0 0 0
4205 4 0 0 0 0 0 1 0 0 0 0 0 0
4206 1 0 0 1 0 0 0 0 0 0 0 0 0
4207 2 0 0 1 0 0 0 0 0 1 0 0 0
4209 1 0 0 0 0 0 1 0 0 0 0 0 0
4210 3 0 0 1 0 0 1 0 0 0 0 0 0
4212 1 0 0 1 0 0 0 0 0 0 0 0 0
4213 2 0 0 1 0 0 0 0 0 1 1 0 0
4218 100 0 0 0 0 0 25 0 0 0 0 0 0
4221 399 1 1 114 2 0 0 0 0 0 0 0 0
4222 57 0 0 0 0 0 57 0 0 0 0 0 0
4223 57 0 0 0 0 0 57 0 0 0 0 0 0
4224 57 0 0 0 0 0 57 0 0 0 0 0 0
4225 57 0 0 0 0 0 57 0 0 0 0 0 0
4230 114 0 0 114 0 0 0 0 0 0 0 0 0
4231 114 0 0 0 0 0 0 0 0 57 25 0 0
4240 228 2 2 114 0 0 0 0 0 57 9 0 0
4246 98 0 0 0 0 0 0 0 0 49 0 0 0
4248 3 0 0 0 0 0 0 0 0 0 0 0 0
4257 1464 2 2 0 0 0 0 0 0 488 20 0 0
4259 548 0 0 0 0 0 0 0 0 0 0 0 0
4262 411 0 0 137 7 0 0 0 0 137 8 0 0
4263 488 0 0 0 0 0 0 0 0 0 0 0 0
4330 488 0 0 0 0 0 0 0 0 0 0 0 0
4331 976 1 1 0 0 0 0 0 0 0 0 0 0
4332 976 0 0 0 0 0 0 0 0 0 0 0 0
4333 976 0 0 488 0 0 0 0 0 0 0 0 0
4334 2928 0 0 0 0 0 0 0 0 0 0 0 0
4339 2127 0 0 0 0 0 0 0 0 533 48 0 0
4343 4391 3 3 0 0 0 0 0 0 1551 23 0 0
4346 4444 0 0 1111 0 0 0 0 0 1111 48 0 0
4348 172 0 0 0 0 0 0 0 0 0 0 0 0
4349 86 0 0 0 0 0 0 0 0 0 0 0 0
4353 1678 0 0 0 0 0 0 0 0 839 144 0 0
4355 746 0 0 0 0 0 0 0 0 0 0 0 0
4357 1492 0 0 0 0 0 0 0 0 746 3 0 0
4361 93 0 0 93 1 0 0 0 0 0 0 0 0
4364 186 0 0 0 0 0 0 0 0 93 40 0 0
4366 225 0 0 0 0 0 45 0 0 0 0 0 0
4367 45 0 0 0 0 0 0 0 0 0 0 0 0
4368 45 0 0 0 0 0 0 0 0 0 0 0 0
4373 192 1 1 48 1 0 0 0 0 0 0 0 0
4376 96 0 0 0 0 0 0 0 0 48 0 0 0
4378 144 0 0 0 0 0 48 0 0 0 0 0 0
4381 144 0 0 0 0 0 96 1 0 0 0 0 0
4384 192 1 1 96 0 0 0 0 0 48 3 0 0
4386 1 0 0 1 0 0 0 0 0 0 0 0 0
4387 3 1 1 0 0 0 0 0 0 1 1 0 0
4394 47 0 0 0 0 0 0 0 0 0 0 0 0
4399 188 0 0 47 0 0 0 0 0 0 0 0 0
4400 94 0 0 47 0 0 0 0 0 47 3 0 0
4403 47 0 0 0 0 0 47 10 0 0 0 0 0
4404 47 0 0 0 0 0 47 0 0 0 0 0 0
4405 47 0 0 0 0 0 47 0 0 0 0 0 0
4408 94 0 0 0 0 0 0 0 0 47 13 0 0
4409 36 0 0 0 0 0 36 0 0 0 0 0 0
4410 94 1 1 0 0 0 0 0 0 47 6 0 0
4412 40 0 0 0 0 0 20 3 0 0 0 0 0
4415 376 0 0 0 0 0 47 0 0 0 0 0 0
4417 141 0 0 0 0 0 47 3 0 0 0 0 0
4418 47 1 1 0 0 0 47 0 0 0 0 0 0
4421 48 0 0 0 0 0 0 0 0 0 0 0 0
4443 440 1 1 440 0 0 0 0 0 0 0 0 0
4444 880 0 0 440 1 0 0 0 0 0 0 0 0
4446 880 0 0 440 0 0 0 0 0 440 0 0 0
4449 1320 1 1 0 0 0 0 0 0 440 10 0 0
4451 437 0 0 0 0 0 0 0 0 0 0 0 0
4452 874 0 0 0 0 0 0 0 0 0 0 0 0
4453 437 0 0 0 0 0 437 0 0 0 0 0 0
4454 3496 0 0 0 0 0 437 0 0 0 0 0 0
4456 874 0 0 0 0 0 437 379 379 0 0 0 0
4459 874 1 1 0 0 0 0 0 0 0 0 0 0
4460 1320 1 1 0 0 0 440 1 0 0 0 0 0
4461 440 1 1 0 0 0 0 0 0 0 0 0 0
4466 12 0 0 3 0 0 3 0 0 3 3 0 0
4482 3 0 0 0 0 0 0 0 0 0 0 0 0
4487 8040 1 1 6030 0 0 0 0 0 670 0 0 0
fn=_int_memalign
1326 2 0 0 0 0 0 0 0 0 1 0 0 0
1345 7 0 0 0 0 0 0 0 0 0 0 0 0
4714 2 1 1 0 0 0 0 0 0 1 1 0 0
4756 1 0 0 0 0 0 0 0 0 0 0 0 0
4757 3 0 0 0 0 0 1 1 1 0 0 0 0
4758 2 0 0 0 0 0 1 0 0 0 0 0 0
5039 8 2 2 0 0 0 6 0 0 0 0 0 0
5052 2 0 0 0 0 0 0 0 0 1 0 0 0
5072 5 0 0 0 0 0 2 0 0 0 0 0 0
5074 3 1 1 1 0 0 0 0 0 1 0 0 0
5077 1 0 0 0 0 0 0 0 0 0 0 0 0
5079 4 0 0 0 0 0 0 0 0 1 0 0 0
5086 5 0 0 0 0 0 0 0 0 0 0 0 0
5088 4 1 1 0 0 0 0 0 0 1 0 0 0
5093 4 0 0 1 0 0 0 0 0 0 0 0 0
5096 2 0 0 0 0 0 0 0 0 1 0 0 0
5104 10 0 0 0 0 0 2 1 1 0 0 0 0
5106 1 1 1 1 0 0 0 0 0 0 0 0 0
5107 5 0 0 1 0 0 1 0 0 0 0 0 0
5108 2 0 0 0 0 0 1 0 0 0 0 0 0
5109 1 1 1 0 0 0 0 0 0 0 0 0 0
5111 9 0 0 1 0 0 0 0 0 2 0 0 0
5116 3 0 0 1 0 0 0 0 0 1 0 0 0
5118 2 0 0 0 0 0 0 0 0 0 0 0 0
5119 1 0 0 0 0 0 0 0 0 0 0 0 0
5120 2 0 0 1 0 0 0 0 0 0 0 0 0
5121 2 0 0 0 0 0 0 0 0 1 0 0 0
5123 1 0 0 0 0 0 0 0 0 0 0 0 0
5124 2 0 0 0 0 0 0 0 0 1 1 0 0
5125 1 0 0 1 0 0 0 0 0 0 0 0 0
5132 1 0 0 0 0 0 0 0 0 0 0 0 0
5133 3 1 1 0 0 0 1 0 0 0 0 0 0
5137 3 2 2 0 0 0 1 0 0 0 0 0 0
5144 9 0 0 7 0 0 0 0 0 0 0 0 0
fn=_int_realloc
4914 128 4 2 0 0 0 96 0 0 0 0 0 0
4925 64 0 0 16 0 0 0 0 0 16 1 0 0
4926 80 0 0 16 0 0 0 0 0 16 0 0 0
4927 64 0 0 0 0 0 0 0 0 16 0 0 0
4933 32 1 1 0 0 0 0 0 0 16 3 0 0
4935 32 0 0 0 0 0 0 0 0 0 0 0 0
4936 48 0 0 16 0 0 0 0 0 0 0 0 0
4938 64 0 0 0 0 0 0 0 0 16 0 0 0
4941 32 0 0 0 0 0 0 0 0 16 2 0 0
4951 40 1 1 16 1 0 0 0 0 20 4 0 0
4952 4 1 1 0 0 0 0 0 0 0 0 0 0
4953 4 0 0 0 0 0 0 0 0 0 0 0 0
4955 36 1 1 0 0 0 4 0 0 0 0 0 0
4956 8 0 0 0 0 0 4 0 0 0 0 0 0
4957 12 0 0 0 0 0 4 4 4 0 0 0 0
4959 8 0 0 0 0 0 0 0 0 0 0 0 0
4963 24 0 0 12 1 0 0 0 0 0 0 0 0
4964 24 0 0 0 0 0 0 0 0 12 0 0 0
4965 12 1 1 0 0 0 0 0 0 0 0 0 0
4975 60 0 0 0 0 0 24 0 0 0 0 0 0
4976 24 0 0 0 0 0 0 0 0 12 1 0 0
4979 12 0 0 0 0 0 0 0 0 0 0 0 0
4980 12 0 0 12 0 0 0 0 0 0 0 0 0
4985 36 1 1 12 0 0 0 0 0 12 3 0 0
4992 12 0 0 0 0 0 0 0 0 0 0 0 0
4993 84 0 0 12 0 0 0 0 0 0 0 0 0
4997 48 0 0 0 0 0 12 0 0 0 0 0 0
4999 12 0 0 0 0 0 0 0 0 0 0 0 0
5030 144 1 1 112 0 0 0 0 0 0 0 0 0
fn=_mid_memalign.isra.0
1326 2 0 0 0 0 0 0 0 0 1 0 0 0
1345 5 0 0 0 0 0 0 0 0 1 0 0 0
3575 7 1 1 0 0 0 4 0 0 0 0 0 0
3581 2 1 1 0 0 0 0 0 0 1 0 0 0
3585 2 0 0 0 0 0 0 0 0 1 1 0 0
3590 3 2 2 0 0 0 0 0 0 1 0 0 0
3598 3 0 0 0 0 0 0 0 0 1 1 0 0
3615 3 0 0 0 0 0 0 0 0 0 0 0 0
3617 2 1 1 1 0 0 0 0 0 1 1 0 0
3638 2 0 0 1 0 0 0 0 0 1 1 0 0
3640 5 1 1 0 0 0 1 0 0 0 0 0 0
3641 5 1 1 1 0 0 0 0 0 1 1 0 0
3643 2 1 1 0 0 0 0 0 0 0 0 0 0
3662 6 0 0 5 0 0 0 0 0 0 0 0 0
fn=alloc_perturb
1985 1851 1 1 617 0 0 0 0 0 617 0 0 0
1987 617 0 0 617 0 0 0 0 0 0 0 0 0
fn=calloc
3699 9 1 1 0 0 0 6 0 0 0 0 0 0
3709 9 1 1 0 0 0 0 0 0 1 0 0 0
3717 2 0 0 1 0 0 0 0 0 1 0 0 0
3720 3 0 0 2 0 0 0 0 0 1 1 0 0
3722 2 1 1 1 0 0 0 0 0 1 1 0 0
3732 1 1 1 1 0 0 0 0 0 0 0 0 0
3733 3 0 0 1 0 0 0 0 0 0 0 0 0
3754 3 0 0 0 0 0 1 0 0 0 0 0 0
3756 10 2 2 1 0 0 0 0 0 3 1 0 0
3759 3 1 1 1 0 0 0 0 0 1 0 0 0
3784 1 0 0 0 0 0 0 0 0 0 0 0 0
3796 3 1 1 1 0 0 0 0 0 1 0 0 0
3799 5 0 0 0 0 0 0 0 0 0 0 0 0
3807 1 1 1 0 0 0 0 0 0 0 0 0 0
3809 2 0 0 0 0 0 0 0 0 1 0 0 0
3811 2 0 0 0 0 0 0 0 0 1 1 0 0
3837 7 1 1 6 0 0 0 0 0 0 0 0 0
fn=free
3359 7364 2 2 0 0 0 4208 1 0 0 0 0 0
3363 2104 0 0 0 0 0 0 0 0 1052 2 0 0
3371 2104 0 0 2104 6 0 0 0 0 0 0 0 0
3373 1052 0 0 0 0 0 0 0 0 0 0 0 0
3375 3156 0 0 1052 46 0 0 0 0 1052 0 0 0
3392 3156 0 0 2104 4 0 0 0 0 1052 0 0 0
3398 3156 1 1 0 0 0 1052 0 0 0 0 0 0
3401 1052 0 0 0 0 0 1052 0 0 0 0 0 0
3402 6312 0 0 5260 0 0 0 0 0 0 0 0 0
fn=malloc
1326 2102 0 0 0 0 0 0 0 0 1051 1 0 0
1345 5248 1 1 0 0 0 0 0 0 1051 6 0 0
3178 792 0 0 396 4 0 0 0 0 0 0 0 0
3182 792 0 0 0 0 0 0 0 0 396 0 0 0
3186 1584 0 0 396 8 0 396 0 0 0 0 0 0
3190 792 0 0 0 0 0 396 0 0 0 0 0 0
3191 396 0 0 0 0 0 396 0 0 0 0 0 0
3248 4 1 1 2 0 0 1 0 0 1 0 0 0
3294 8408 1 1 0 0 0 4204 1 0 0 0 0 0
3301 2102 0 0 1051 3 1 0 0 0 1051 1 0 0
3311 2088 0 0 0 0 0 0 0 0 0 0 0 0
3313 4204 0 0 2102 4 0 0 0 0 1051 3 0 0
3316 2102 1 1 1051 2 0 0 0 0 1051 13 0 0
3317 4 0 0 1 0 0 0 0 0 1 0 0 0
3318 3150 0 0 1050 6 0 0 0 0 1050 656 0 0
3326 1310 1 1 655 2 0 0 0 0 655 8 0 0
3328 2620 1 1 0 0 0 655 1 0 0 0 0 0
3329 3275 1 1 655 0 0 0 0 0 655 0 0 0
3354 6306 0 0 5255 0 0 0 0 0 0 0 0 0
fn=malloc_consolidate
4811 9 1 1 0 0 0 6 1 0 0 0 0 0
4826 1 0 0 0 0 0 1 0 0 0 0 0 0
4828 2 0 0 0 0 0 1 0 0 0 0 0 0
4839 1 0 0 0 0 0 0 0 0 0 0 0 0
4841 20 0 0 20 0 0 0 0 0 10 0 0 0
4842 20 1 1 0 0 0 0 0 0 10 2 0 0
4845 486 1 1 0 0 0 0 0 0 243 0 0 0
4849 729 1 1 243 101 0 0 0 0 0 0 0 0
4850 972 0 0 0 0 0 0 0 0 243 0 0 0
4855 1215 0 0 243 33 0 0 0 0 0 0 0 0
4858 486 0 0 0 0 0 0 0 0 0 0 0 0
4859 243 0 0 0 0 0 0 0 0 0 0 0 0
4860 729 0 0 243 8 0 0 0 0 0 0 0 0
4862 486 1 1 0 0 0 0 0 0 243 8 0 0
4863 121 0 0 121 0 0 0 0 0 0 0 0 0
4864 121 0 0 0 0 0 0 0 0 0 0 0 0
4865 121 0 0 0 0 0 0 0 0 0 0 0 0
4866 484 0 0 121 1 0 0 0 0 121 0 0 0
4868 1452 0 0 605 0 0 726 0 0 0 0 0 0
4871 486 1 1 243 1 0 0 0 0 243 7 0 0
4874 486 0 0 243 103 0 0 0 0 243 16 0 0
4875 222 0 0 0 0 0 0 0 0 0 0 0 0
4876 1776 0 0 666 0 0 666 1 0 0 0 0 0
4878 42 0 0 0 0 0 21 0 0 0 0 0 0
4880 243 0 0 243 0 0 0 0 0 0 0 0 0
4881 486 0 0 0 0 0 243 0 0 0 0 0 0
4882 486 0 0 243 0 0 243 0 0 0 0 0 0
4884 486 0 0 0 0 0 0 0 0 243 8 0 0
4885 432 0 0 0 0 0 216 0 0 0 0 0 0
4889 729 0 0 0 0 0 243 0 0 0 0 0 0
4891 243 0 0 0 0 0 243 0 0 0 0 0 0
4892 687 1 1 0 0 0 465 0 0 0 0 0 0
4901 727 0 0 0 0 0 0 0 0 243 2 0 0
4904 30 0 0 10 0 0 0 0 0 10 6 0 0
4905 8 0 0 7 0 0 0 0 0 0 0 0 0
fn=posix_memalign
5786 10 2 2 0 0 0 4 0 0 0 0 0 0
5789 2 0 0 1 0 0 0 0 0 1 0 0 0
5794 2 0 0 0 0 0 0 0 0 0 0 0 0
5795 4 0 0 0 0 0 0 0 0 0 0 0 0
5796 4 0 0 0 0 0 0 0 0 1 0 0 0
5801 4 0 0 0 0 0 1 0 0 0 0 0 0
5803 2 0 0 0 0 0 0 0 0 1 0 0 0
5805 1 0 0 0 0 0 1 0 0 0 0 0 0
5806 1 0 0 0 0 0 0 0 0 0 0 0 0
5809 1 1 1 0 0 0 0 0 0 0 0 0 0
5810 6 0 0 5 0 0 0 0 0 0 0 0 0
fn=ptmalloc_init.part.0
1946 385 0 0 0 0 0 0 0 0 127 6 0 0
1949 381 0 0 0 0 0 127 33 32 0 0 0 0
1957 1 0 0 0 0 0 1 0 0 0 0 0 0
1958 1 0 0 0 0 0 1 1 1 0 0 0 0
1960 1 0 0 0 0 0 1 0 0 0 0 0 0
3143 2 0 0 0 0 0 0 0 0 1 1 0 0
fn=realloc
1326 32 0 0 0 0 0 0 0 0 16 0 0 0
1345 96 0 0 0 0 0 0 0 0 0 0 0 0
3407 198 1 1 0 0 0 108 0 0 0 0 0 0
3413 36 1 1 18 0 0 0 0 0 18 0 0 0
3417 36 0 0 0 0 0 0 0 0 18 6 0 0
3424 36 0 0 0 0 0 0 0 0 18 3 0 0
3425 4 0 0 0 0 0 0 0 0 0 0 0 0
3433 16 0 0 0 0 0 0 0 0 0 0 0 0
3441 32 1 1 0 0 0 0 0 0 0 0 0 0
3443 16 0 0 0 0 0 0 0 0 0 0 0 0
3444 32 0 0 0 0 0 0 0 0 16 0 0 0
3456 48 0 0 32 1 0 0 0 0 16 0 0 0
3464 64 0 0 0 0 0 0 0 0 0 0 0 0
3465 32 1 1 0 0 0 0 0 0 16 0 0 0
3475 32 0 0 0 0 0 0 0 0 16 0 0 0
3506 32 0 0 16 0 0 0 0 0 16 2 0 0
3508 112 1 1 0 0 0 32 0 0 0 0 0 0
3509 112 4 2 16 0 0 0 0 0 48 4 0 0
3538 158 0 0 124 0 0 0 0 0 0 0 0 0
5241 48 0 0 16 2 0 0 0 0 16 1 0 0
5242 48 1 1 0 0 0 0 0 0 0 0 0 0
5243 32 0 0 16 0 0 0 0 0 16 5 0 0
5244 16 0 0 0 0 0 0 0 0 0 0 0 0
fn=systrim.constprop.0
2957 12 0 0 0 0 0 8 0 0 0 0 0 0
2966 6 0 0 4 0 0 0 0 0 0 0 0 0
2968 2 1 1 0 0 0 0 0 0 0 0 0 0
2969 4 0 0 0 0 0 0 0 0 2 0 0 0
2970 1 0 0 0 0 0 0 0 0 0 0 0 0
2974 6 0 0 2 0 0 0 0 0 2 0 0 0
2975 2 0 0 0 0 0 0 0 0 0 0 0 0
2978 10 0 0 4 1 0 0 0 0 0 0 0 0
2980 4 0 0 0 0 0 0 0 0 2 1 0 0
2987 3 1 1 0 0 0 1 0 0 0 0 0 0
2988 4 0 0 1 0 0 0 0 0 1 0 0 0
3000 3 0 0 0 0 0 1 0 0 0 0 0 0
3001 2 0 0 0 0 0 1 0 0 0 0 0 0
3003 1 0 0 0 0 0 0 0 0 0 0 0 0
3005 2 0 0 0 0 0 0 0 0 0 0 0 0
3009 2 0 0 0 0 0 0 0 0 1 0 0 0
3012 1 0 0 1 0 0 0 0 0 0 0 0 0
3013 4 0 0 1 0 0 1 0 0 0 0 0 0
3015 2 0 0 0 0 0 0 0 0 0 0 0 0
3020 12 0 0 10 0 0 0 0 0 0 0 0 0
fn=tcache_init.part.0
3242 4 1 1 0 0 0 2 0 0 0 0 0 0
3251 8 1 1 3 0 0 0 0 0 2 0 0 0
3252 3 0 0 0 0 0 1 0 0 0 0 0 0
3253 2 0 0 0 0 0 0 0 0 1 0 0 0
3261 4 0 0 2 0 0 0 0 0 2 0 0 0
3270 2 1 1 1 0 0 1 0 0 0 0 0 0
3274 3 0 0 3 0 0 0 0 0 0 0 0 0
fn=unlink_chunk.isra.0
1608 1304 1 1 0 0 0 652 0 0 0 0 0 0
1610 3260 2 1 1304 1 0 0 0 0 652 0 0 0
1613 1304 0 0 1304 3 0 0 0 0 0 0 0 0
1614 1304 0 0 652 0 0 0 0 0 0 0 0 0
1616 2608 0 0 1304 103 0 0 0 0 1304 0 0 0
1619 652 0 0 0 0 0 652 0 0 0 0 0 0
1620 652 0 0 0 0 0 652 0 0 0 0 0 0
1621 3011 1 1 569 25 0 0 0 0 1221 77 0 0
1623 48 0 0 24 0 0 0 0 0 24 0 0 0
1624 72 0 0 48 0 0 0 0 0 24 0 0 0
1627 48 0 0 24 5 0 0 0 0 24 0 0 0
1641 24 0 0 0 0 0 24 0 0 0 0 0 0
1642 24 0 0 0 0 0 24 0 0 0 0 0 0
1645 1304 0 0 1304 0 0 0 0 0 0 0 0 0
fl=./malloc/./malloc/morecore.c
fn=__glibc_morecore
25 21 4 2 0 0 0 7 0 0 0 0 0 0
26 14 0 0 7 0 0 0 0 0 7 0 0 0
29 7 0 0 0 0 0 7 0 0 0 0 0 0
30 14 0 0 0 0 0 0 0 0 7 0 0 0
34 14 0 0 14 0 0 0 0 0 0 0 0 0
fl=./malloc/./malloc/scratch_buffer_set_array_size.c
fn=__libc_scratch_buffer_set_array_size
30 39 1 1 0 0 0 12 0 0 0 0 0 0
34 3 0 0 0 0 0 0 0 0 0 0 0 0
35 6 0 0 0 0 0 0 0 0 3 2 0 0
45 6 0 0 3 0 0 0 0 0 3 2 0 0
46 3 0 0 0 0 0 0 0 0 0 0 0 0
63 18 1 1 15 0 0 0 0 0 0 0 0 0
fl=./misc/../sysdeps/unix/syscall-template.S
fn=gettid
91 3 1 1 0 0 0 0 0 0 0 0 0 0
93 1 0 0 1 0 0 0 0 0 0 0 0 0
fn=mprotect
117 30 3 3 0 0 0 0 0 0 6 2 0 0
122 6 0 0 6 0 0 0 0 0 0 0 0 0
fn=munmap
117 10 1 1 0 0 0 0 0 0 2 0 0 0
122 2 0 0 2 0 0 0 0 0 0 0 0 0
fl=./misc/../sysdeps/unix/sysv/linux/brk.c
fn=brk
36 5 3 1 0 0 0 0 0 0 0 0 0 0
37 10 0 0 5 0 0 5 0 0 0 0 0 0
38 10 0 0 0 0 0 0 0 0 5 0 0 0
44 5 0 0 0 0 0 0 0 0 0 0 0 0
45 5 0 0 5 0 0 0 0 0 0 0 0 0
fl=./misc/../sysdeps/unix/sysv/linux/brk_call.h
fn=brk
24 10 0 0 0 0 0 0 0 0 0 0 0 0
fl=./misc/../sysdeps/unix/sysv/linux/getpagesize.c
fn=getpagesize
27 2 1 1 0 0 0 0 0 0 0 0 0 0
28 8 0 0 4 0 0 0 0 0 2 0 0 0
30 2 0 0 2 0 0 0 0 0 0 0 0 0
fl=./misc/../sysdeps/unix/sysv/linux/mmap64.c
fn=mmap
47 119 2 2 0 0 0 51 0 0 0 0 0 0
50 34 0 0 0 0 0 0 0 0 17 0 0 0
53 75 2 2 3 0 0 0 0 0 27 12 0 0
58 102 0 0 0 0 0 0 0 0 17 0 0 0
60 68 0 0 68 0 0 0 0 0 0 0 0 0
fl=./misc/../sysdeps/unix/sysv/linux/setvmaname.c
fn=__set_vma_name
33 11 2 2 0 0 0 4 0 0 0 0 0 0
35 7 0 0 3 0 0 0 0 0 2 1 0 0
40 7 0 0 1 0 0 1 1 1 1 1 0 0
47 1 1 1 0 0 0 1 0 0 0 0 0 0
49 6 0 0 5 0 0 0 0 0 0 0 0 0
fl=./misc/./misc/getauxval.c
fn=getauxval
30 4 0 0 0 0 0 0 0 0 2 0 0 0
32 2 0 0 2 0 0 0 0 0 0 0 0 0
35 4 0 0 0 0 0 0 0 0 2 0 0 0
42 184 0 0 48 14 0 0 0 0 46 6 0 0
43 88 0 0 0 0 0 0 0 0 44 8 0 0
56 2 2 1 0 0 0 0 0 0 0 0 0 0
62 4 2 1 2 0 0 2 0 0 0 0 0 0
63 2 0 0 0 0 0 0 0 0 0 0 0 0
64 2 0 0 2 0 0 0 0 0 0 0 0 0
fl=./misc/./misc/init-misc.c
fn=__init_misc
30 5 1 1 0 0 0 3 0 0 0 0 0 0
31 6 0 0 1 0 0 0 0 0 2 0 0 0
33 3 0 0 0 0 0 1 0 0 0 0 0 0
37 5 0 0 1 0 0 1 1 0 0 0 0 0
38 3 1 1 2 0 0 1 0 0 0 0 0 0
40 4 0 0 4 0 0 0 0 0 0 0 0 0
fl=./misc/./misc/sbrk.c
fn=sbrk
37 56 2 1 0 0 0 28 1 0 0 0 0 0
40 14 0 0 14 6 0 0 0 0 0 0 0 0
43 14 0 0 7 3 0 0 0 0 7 7 0 0
58 14 3 1 0 0 0 0 0 0 7 1 0 0
59 4 1 1 0 0 0 1 0 0 1 0 0 0
62 14 0 0 0 0 0 0 0 0 7 3 0 0
63 2 0 0 1 0 0 0 0 0 0 0 0 0
66 16 0 0 0 0 0 0 0 0 8 4 0 0
68 2 0 0 0 0 0 0 0 0 0 0 0 0
74 12 2 1 0 0 0 4 0 0 4 1 0 0
78 49 0 0 35 0 0 0 0 0 0 0 0 0
fl=./nptl/../string/bits/string_fortified.h
fn=pthread_attr_init@@GLIBC_2.2.5
59 5 0 0 0 0 0 4 0 0 0 0 0 0
fn=pthread_attr_setaffinity_np@@GLIBC_2.32
29 4 0 0 0 0 0 1 0 0 0 0 0 0
fn=pthread_getaffinity_np@@GLIBC_2.32
59 2 0 0 0 0 0 1 0 0 0 0 0 0
fn=pthread_getattr_np@@GLIBC_2.32
29 2 0 0 1 0 0 1 0 0 0 0 0 0
fl=./nptl/../sysdeps/unix/sysv/linux/x86/elision-conf.c
fn=__lll_elision_init
92 8 1 1 1 0 0 3 0 0 0 0 0 0
96 5 1 1 0 0 0 1 0 0 0 0 0 0
98 4 0 0 0 0 0 1 0 0 0 0 0 0
100 4 1 1 0 0 0 1 0 0 0 0 0 0
102 4 0 0 0 0 0 1 0 0 0 0 0 0
104 4 0 0 0 0 0 1 0 0 0 0 0 0
107 3 0 0 1 1 1 0 0 0 1 0 0 0
108 1 1 1 0 0 0 1 1 1 0 0 0 0
109 6 0 0 5 0 0 0 0 0 1 0 0 0
fl=./nptl/./nptl/libc-cleanup.c
fn=__libc_cleanup_pop_restore
54 48 2 1 0 0 0 0 0 0 0 0 0 0
55 48 0 0 48 0 0 0 0 0 0 0 0 0
57 96 0 0 48 0 0 48 0 0 0 0 0 0
59 48 0 0 48 0 0 0 0 0 0 0 0 0
60 144 0 0 48 0 0 0 0 0 48 5 0 0
71 48 2 1 48 0 0 0 0 0 0 0 0 0
fn=__libc_cleanup_push_defer
24 48 2 1 0 0 0 0 0 0 0 0 0 0
25 48 0 0 48 0 0 0 0 0 0 0 0 0
27 96 2 1 48 0 0 48 0 0 0 0 0 0
29 96 0 0 48 1 0 0 0 0 0 0 0 0
32 96 0 0 0 0 0 0 0 0 48 0 0 0
46 144 0 0 0 0 0 48 0 0 0 0 0 0
48 48 0 0 0 0 0 48 0 0 0 0 0 0
49 48 0 0 48 0 0 0 0 0 0 0 0 0
fl=./nptl/./nptl/pthread_attr_destroy.c
fn=pthread_attr_destroy
26 6 1 1 0 0 0 2 0 0 0 0 0 0
36 3 0 0 1 0 0 0 0 0 1 0 0 0
38 2 0 0 1 0 0 1 0 0 0 0 0 0
39 2 0 0 1 0 0 1 0 0 0 0 0 0
44 4 0 0 3 0 0 0 0 0 0 0 0 0
fl=./nptl/./nptl/pthread_attr_extension.c
fn=__pthread_attr_extension
25 6 2 2 0 0 0 2 0 0 0 0 0 0
26 2 0 0 1 0 0 0 0 0 1 1 0 0
27 1 0 0 0 0 0 0 0 0 0 0 0 0
28 4 0 0 0 0 0 2 0 0 0 0 0 0
29 2 0 0 0 0 0 0 0 0 1 0 0 0
32 3 0 0 3 0 0 0 0 0 0 0 0 0
fl=./nptl/./nptl/pthread_attr_getstack.c
fn=pthread_attr_getstack@@GLIBC_2.34
24 2 1 1 0 0 0 0 0 0 0 0 0 0
31 4 0 0 2 0 0 1 0 0 0 0 0 0
35 1 0 0 0 0 0 1 0 0 0 0 0 0
38 2 0 0 1 0 0 0 0 0 0 0 0 0
fl=./nptl/./nptl/pthread_attr_init.c
fn=pthread_attr_init@@GLIBC_2.2.5
32 6 1 1 0 0 0 2 0 0 0 0 0 0
46 3 0 0 0 0 0 2 0 0 0 0 0 0
49 4 0 0 3 0 0 0 0 0 0 0 0 0
fl=./nptl/./nptl/pthread_attr_setaffinity.c
fn=pthread_attr_setaffinity_np@@GLIBC_2.32
29 8 1 1 0 0 0 4 0 0 0 0 0 0
34 5 0 0 0 0 0 0 0 0 2 1 0 0
45 1 0 0 0 0 0 1 0 0 0 0 0 0
46 2 0 0 0 0 0 0 0 0 1 0 0 0
49 3 0 0 2 0 0 0 0 0 1 0 0 0
51 4 0 0 1 0 0 1 0 0 0 0 0 0
52 2 1 1 0 0 0 0 0 0 1 0 0 0
55 2 0 0 1 0 0 1 0 0 0 0 0 0
56 1 0 0 0 0 0 1 0 0 0 0 0 0
62 1 0 0 0 0 0 0 0 0 0 0 0 0
63 7 1 1 5 0 0 0 0 0 0 0 0 0
fl=./nptl/./nptl/pthread_getaffinity.c
fn=pthread_getaffinity_np@@GLIBC_2.32
30 5 2 2 0 0 0 1 0 0 0 0 0 0
33 6 0 0 1 0 0 0 0 0 0 0 0 0
35 2 0 0 0 0 0 0 0 0 1 1 0 0
39 4 0 0 0 0 0 0 0 0 0 0 0 0
41 1 0 0 0 0 0 0 0 0 0 0 0 0
42 2 0 0 2 0 0 0 0 0 0 0 0 0
fl=./nptl/./nptl/pthread_getattr_np.c
fn=pthread_getattr_np@@GLIBC_2.32
33 14 2 2 1 0 0 7 0 0 0 0 0 0
37 3 0 0 0 0 0 1 0 0 0 0 0 0
38 2 0 0 0 0 0 0 0 0 1 1 0 0
43 7 1 1 1 1 0 1 0 0 1 0 0 0
49 4 1 1 1 0 0 1 0 0 0 0 0 0
52 1 0 0 1 0 0 0 0 0 0 0 0 0
55 2 0 0 1 0 0 0 0 0 1 0 0 0
59 2 0 0 1 1 0 1 0 0 0 0 0 0
62 3 0 0 1 0 0 0 0 0 1 1 0 0
85 5 1 1 0 0 0 2 0 0 0 0 0 0
86 3 0 0 1 0 0 0 0 0 1 0 0 0
91 7 0 0 1 0 0 2 0 0 1 1 0 0
102 2 0 0 2 1 0 0 0 0 0 0 0 0
103 11 1 1 7 0 0 0 0 0 0 0 0 0
105 1 0 0 0 0 0 0 0 0 0 0 0 0
108 4 1 1 1 0 0 1 0 0 0 0 0 0
112 7 1 1 0 0 0 1 0 0 0 0 0 0
114 1 0 0 0 0 0 1 0 0 0 0 0 0
115 1 0 0 0 0 0 1 0 0 0 0 0 0
117 3 1 1 0 0 0 0 0 0 0 0 0 0
120 96 1 1 43 0 0 5 0 0 44 0 0 0
122 264 1 1 0 0 0 44 0 0 44 4 0 0
127 352 0 0 44 0 0 44 0 0 44 0 0 0
129 176 0 0 132 0 0 0 0 0 0 0 0 0
130 132 0 0 44 0 0 0 0 0 44 1 0 0
133 1 0 0 0 0 0 1 0 0 0 0 0 0
135 4 1 1 1 0 0 0 0 0 0 0 0 0
140 2 0 0 0 0 0 1 0 0 0 0 0 0
141 1 0 0 0 0 0 0 0 0 0 0 0 0
144 2 0 0 0 0 0 0 0 0 0 0 0 0
145 1 0 0 0 0 0 0 0 0 0 0 0 0
158 43 0 0 0 0 0 0 0 0 0 0 0 0
162 7 1 1 3 0 0 3 0 0 0 0 0 0
165 6 1 1 2 0 0 3 0 0 0 0 0 0
169 1 0 0 1 0 0 0 0 0 0 0 0 0
171 2 0 0 0 0 0 0 0 0 1 1 0 0
178 1 1 1 0 0 0 0 0 0 0 0 0 0
180 5 0 0 0 0 0 1 0 0 0 0 0 0
181 2 0 0 0 0 0 0 0 0 1 0 0 0
188 4 0 0 0 0 0 1 0 0 0 0 0 0
191 4 0 0 0 0 0 0 0 0 1 1 0 0
193 7 1 1 1 0 0 0 0 0 1 1 0 0
194 7 1 1 0 0 0 3 0 0 0 0 0 0
198 2 0 0 0 0 0 1 0 0 0 0 0 0
201 6 1 1 5 0 0 0 0 0 2 0 0 0
203 2 0 0 0 0 0 0 0 0 1 1 0 0
207 12 1 0 9 0 0 0 0 0 1 0 0 0
fl=./nptl/./nptl/pthread_mutex_conf.c
fn=__pthread_tunables_init
55 8 1 1 1 0 0 3 0 0 0 0 0 0
56 5 1 1 0 0 0 1 0 0 0 0 0 0
58 4 0 0 0 0 0 1 0 0 0 0 0 0
60 4 1 1 0 0 0 1 0 0 0 0 0 0
62 6 0 0 5 0 0 0 0 0 1 0 0 0
fl=./nptl/./nptl/pthread_mutex_lock.c
fn=pthread_mutex_lock@@GLIBC_2.2.5
44 1 1 1 1 0 0 0 0 0 0 0 0 0
45 7 1 1 2 0 0 0 0 0 3 0 0 0
46 1 0 0 0 0 0 1 0 0 0 0 0 0
77 5 1 1 0 0 0 2 0 0 0 0 0 0
80 3 0 0 1 0 0 0 0 0 0 0 0 0
82 1 0 0 0 0 0 0 0 0 0 0 0 0
84 2 0 0 0 0 0 0 0 0 1 0 0 0
88 2 0 0 0 0 0 0 0 0 1 1 0 0
97 2 1 1 0 0 0 0 0 0 1 0 0 0
108 4 0 0 1 0 0 0 0 0 1 0 0 0
112 1 0 0 1 1 0 0 0 0 0 0 0 0
115 2 0 0 1 0 0 0 0 0 1 1 0 0
124 1 0 0 0 0 0 0 0 0 0 0 0 0
130 3 0 0 1 0 0 0 0 0 1 0 0 0
131 2 0 0 0 0 0 1 0 0 0 0 0 0
179 1 1 1 1 0 0 0 0 0 0 0 0 0
182 1 1 1 0 0 0 1 0 0 0 0 0 0
184 1 0 0 1 0 0 0 0 0 0 0 0 0
187 1 0 0 0 0 0 0 0 0 0 0 0 0
190 3 0 0 3 0 0 0 0 0 0 0 0 0
fl=./nptl/./nptl/pthread_mutex_unlock.c
fn=pthread_mutex_unlock@@GLIBC_2.2.5
39 1 0 0 1 0 0 0 0 0 0 0 0 0
40 4 1 1 1 0 0 0 0 0 2 0 0 0
41 1 0 0 0 0 0 1 0 0 0 0 0 0
51 3 0 0 1 0 0 0 0 0 0 0 0 0
52 2 0 0 0 0 0 0 0 0 1 0 0 0
57 2 0 0 0 0 0 0 0 0 1 1 0 0
62 1 0 0 0 0 0 1 0 0 0 0 0 0
65 1 0 0 1 0 0 0 0 0 0 0 0 0
70 1 0 0 0 0 0 0 0 0 0 0 0 0
72 1 0 0 0 0 0 0 0 0 0 0 0 0
74 2 1 1 0 0 0 0 0 0 1 1 0 0
80 4 0 0 1 0 0 0 0 0 1 1 0 0
84 3 0 0 2 0 0 0 0 0 1 1 0 0
87 2 1 1 1 0 0 0 0 0 1 1 0 0
367 4 1 1 0 0 0 1 0 0 0 0 0 0
369 2 0 0 2 0 0 0 0 0 0 0 0 0
fl=./nptl/./nptl/pthread_self.c
fn=pthread_self
23 1 1 1 0 0 0 0 0 0 0 0 0 0
25 2 0 0 2 0 0 0 0 0 0 0 0 0
fl=./posix/../malloc/dynarray-skeleton.c
fn=__unregister_atfork
243 3 0 0 3 1 1 0 0 0 0 0 0 0
fl=./posix/../sysdeps/posix/sysconf.c
fn=sysconf
60 14 6 6 1 1 1 0 0 0 5 3 1 1
221 3 1 1 0 0 0 1 0 0 0 0 0 0
fl=./posix/../sysdeps/unix/sysv/linux/_exit.c
fn=_Exit
27 2 1 1 1 0 0 0 0 0 0 0 0 0
30 4 0 0 0 0 0 0 0 0 0 0 0 0
fl=./posix/../sysdeps/unix/sysv/linux/x86/../sysconf.c
fn=sysconf
49 10 0 0 0 0 0 0 0 0 5 1 0 0
fl=./posix/../sysdeps/unix/sysv/linux/x86/sysconf.c
fn=sysconf
32 12 1 1 1 0 0 6 0 0 0 0 0 0
33 3 1 1 0 0 0 0 0 0 1 0 0 0
37 10 1 1 8 0 0 0 0 0 1 0 0 0
fl=./posix/./posix/register-atfork.c
fn=__unregister_atfork
71 6 1 1 0 0 0 0 0 0 3 2 0 0
82 18 1 1 0 0 0 6 0 0 0 0 0 0
83 12 0 0 3 1 1 0 0 0 3 2 0 0
109 12 1 1 6 0 0 0 0 0 6 0 0 0
110 9 0 0 9 0 0 0 0 0 0 0 0 0
fl=./resource/../sysdeps/unix/sysv/linux/getrlimit64.c
fn=getrlimit
38 4 1 1 0 0 0 0 0 0 0 0 0 0
39 14 0 0 0 0 0 0 0 0 2 0 0 0
40 2 0 0 2 0 0 0 0 0 0 0 0 0
fl=./setjmp/../sysdeps/x86_64/bsd-_setjmp.S
fn=_setjmp
28 1 1 1 0 0 0 0 0 0 0 0 0 0
30 1 0 0 0 0 0 0 0 0 0 0 0 0
32 1 0 0 0 0 0 0 0 0 0 0 0 0
fl=./setjmp/../sysdeps/x86_64/setjmp.S
fn=__sigsetjmp
31 7 2 2 0 0 0 0 0 0 0 0 0 0
33 7 0 0 0 0 0 7 0 0 0 0 0 0
42 7 0 0 0 0 0 0 0 0 0 0 0 0
43 14 0 0 7 0 0 0 0 0 0 0 0 0
44 7 0 0 0 0 0 7 0 0 0 0 0 0
48 7 0 0 0 0 0 7 1 1 0 0 0 0
49 7 0 0 0 0 0 7 0 0 0 0 0 0
50 7 0 0 0 0 0 7 0 0 0 0 0 0
51 7 0 0 0 0 0 7 0 0 0 0 0 0
52 7 0 0 0 0 0 0 0 0 0 0 0 0
54 14 1 1 7 0 0 0 0 0 0 0 0 0
56 7 0 0 0 0 0 7 0 0 0 0 0 0
57 7 1 1 7 0 0 0 0 0 0 0 0 0
58 7 0 0 0 0 0 0 0 0 0 0 0 0
60 14 0 0 7 0 0 0 0 0 0 0 0 0
62 7 0 0 0 0 0 7 0 0 0 0 0 0
67 1 0 0 1 1 0 0 0 0 0 0 0 0
68 1 0 0 0 0 0 0 0 0 1 0 0 0
70 6 0 0 0 0 0 0 0 0 0 0 0 0
73 6 0 0 0 0 0 0 0 0 0 0 0 0
74 6 0 0 0 0 0 6 1 1 0 0 0 0
81 6 0 0 0 0 0 0 0 0 0 0 0 0
82 6 0 0 6 0 0 0 0 0 0 0 0 0
85 1 1 1 0 0 0 0 0 0 0 0 0 0
fl=./setjmp/./setjmp/sigjmp.c
fn=__sigjmp_save
28 6 0 0 0 0 0 2 0 0 0 0 0 0
29 1 0 0 0 0 0 1 0 0 0 0 0 0
30 2 0 0 0 0 0 0 0 0 1 0 0 0
34 4 0 0 3 0 0 0 0 0 0 0 0 0
fl=./signal/../string/bits/string_fortified.h
fn=__libc_sigaction
29 96 3 3 48 1 0 48 1 0 0 0 0 0
fl=./signal/../sysdeps/posix/signal.c
fn=signal
30 7 2 2 1 0 0 2 0 0 0 0 0 0
34 5 0 0 0 0 0 0 0 0 1 0 0 0
35 2 0 0 0 0 0 0 0 0 1 0 0 0
41 1 0 0 0 0 0 1 0 0 0 0 0 0
44 4 1 1 0 0 0 1 1 1 0 0 0 0
45 6 0 0 0 0 0 1 0 0 1 1 0 0
48 1 0 0 1 0 0 0 0 0 0 0 0 0
49 5 0 0 4 0 0 0 0 0 1 0 0 0
fl=./signal/../sysdeps/unix/syscall-template.S
fn=sigaltstack
120 15 2 1 0 0 0 0 0 0 3 0 0 0
122 3 0 0 3 0 0 0 0 0 0 0 0 0
fl=./signal/../sysdeps/unix/sysv/linux/internal-signals.h
fn=sigaction
53 5 0 0 0 0 0 0 0 0 0 0 0 0
fn=signal
53 1 0 0 0 0 0 0 0 0 0 0 0 0
fl=./signal/../sysdeps/unix/sysv/linux/libc_sigaction.c
fn=__libc_sigaction
43 40 1 1 5 0 0 10 0 0 0 0 0 0
48 10 0 0 0 0 0 0 0 0 5 2 0 0
50 6 0 0 3 0 0 3 0 0 0 0 0 0
53 15 1 1 3 0 0 6 0 0 0 0 0 0
58 51 1 1 0 0 0 0 0 0 7 2 0 0
63 20 0 0 0 0 0 0 0 0 5 2 0 0
65 6 0 0 3 0 0 3 0 0 0 0 0 0
67 6 1 1 3 0 0 3 1 0 0 0 0 0
68 6 0 0 3 0 0 3 0 0 0 0 0 0
71 30 0 0 20 0 0 0 0 0 5 0 0 0
fl=./signal/../sysdeps/unix/sysv/linux/sigsetops.h
fn=signal
96 1 0 0 1 1 0 0 0 0 0 0 0 0
102 2 0 0 0 0 0 0 0 0 0 0 0 0
104 1 0 0 0 0 0 1 0 0 0 0 0 0
fl=./signal/./signal/sigaction.c
fn=sigaction
26 5 1 1 0 0 0 0 0 0 0 0 0 0
27 25 0 0 0 0 0 0 0 0 6 0 0 0
33 5 0 0 0 0 0 0 0 0 0 0 0 0
fl=./stdio-common/../include/scratch_buffer.h
fn=__vfscanf_internal
77 132 0 0 0 0 0 88 1 0 0 0 0 0
78 44 0 0 0 0 0 44 1 0 0 0 0 0
85 176 1 1 88 0 0 0 0 0 44 0 0 0
113 616 0 0 0 0 0 88 0 0 0 0 0 0
fl=./stdio-common/../libio/strfile.h
fn=__isoc23_sscanf
87 44 1 1 0 0 0 44 0 0 0 0 0 0
88 308 1 1 0 0 0 44 0 0 0 0 0 0
89 88 0 0 0 0 0 44 0 0 0 0 0 0
90 220 0 0 0 0 0 44 0 0 0 0 0 0
fl=./stdio-common/../string/bits/string_fortified.h
fn=__vfscanf_internal
59 44 0 0 0 0 0 44 0 0 0 0 0 0
fl=./stdio-common/./stdio-common/getline.c
fn=getline
27 88 1 1 0 0 0 0 0 0 0 0 0 0
28 88 1 1 0 0 0 0 0 0 0 0 0 0
fl=./stdio-common/./stdio-common/isoc23_sscanf.c
fn=__isoc23_sscanf
24 792 2 2 44 0 0 396 0 0 44 4 0 0
30 264 1 1 0 0 0 176 0 0 0 0 0 0
31 220 0 0 0 0 0 44 0 0 0 0 0 0
36 396 1 1 308 0 0 0 0 0 44 0 0 0
fl=./stdio-common/./stdio-common/printf-parse.h
fn=__vfscanf_internal
55 528 1 1 88 0 0 88 0 0 88 0 0 0
fl=./stdio-common/./stdio-common/vfscanf-internal.c
fn=__vfscanf_internal
206 264 1 1 264 0 0 0 0 0 0 0 0 0
214 176 0 0 0 0 0 0 0 0 0 0 0 0
222 352 0 0 0 0 0 88 1 0 0 0 0 0
223 176 0 0 88 0 0 0 0 0 0 0 0 0
231 88 0 0 88 0 0 0 0 0 0 0 0 0
260 3112 1 1 1496 0 0 0 0 0 836 0 0 0
263 2508 0 0 0 0 0 1672 0 0 0 0 0 0
278 572 2 2 0 0 0 396 2 0 0 0 0 0
282 44 0 0 0 0 0 44 0 0 0 0 0 0
283 132 0 0 0 0 0 44 0 0 0 0 0 0
284 44 0 0 0 0 0 0 0 0 0 0 0 0
288 220 0 0 132 0 0 88 1 0 0 0 0 0
289 88 1 1 44 0 0 44 0 0 0 0 0 0
293 44 0 0 0 0 0 44 0 0 0 0 0 0
313 44 0 0 0 0 0 44 0 0 0 0 0 0
325 44 1 1 0 0 0 44 0 0 0 0 0 0
326 44 0 0 0 0 0 44 0 0 0 0 0 0
327 44 0 0 0 0 0 44 0 0 0 0 0 0
328 44 0 0 0 0 0 44 0 0 0 0 0 0
332 44 1 1 0 0 0 44 0 0 0 0 0 0
339 220 1 1 88 0 0 132 1 0 0 0 0 0
345 220 1 1 44 0 0 0 0 0 88 12 0 0
348 176 0 0 88 0 0 0 0 0 88 0 0 0
352 88 0 0 88 0 0 0 0 0 0 0 0 0
359 88 0 0 44 1 0 44 0 0 0 0 0 0
365 44 0 0 44 1 0 0 0 0 0 0 0 0
367 176 0 0 44 1 1 44 0 0 0 0 0 0
372 440 2 2 132 1 0 176 1 0 44 0 0 0
381 704 1 1 352 2 2 0 0 0 176 46 0 0
419 264 0 0 0 0 0 0 0 0 132 0 0 0
443 352 0 0 132 0 0 88 0 0 0 0 0 0
444 264 0 0 0 0 0 0 0 0 132 4 0 0
447 220 1 1 132 0 0 0 0 0 44 0 0 0
454 396 0 0 132 0 0 44 0 0 88 0 0 0
462 132 0 0 44 0 0 0 0 0 44 0 0 0
470 88 0 0 0 0 0 0 0 0 44 0 0 0
483 88 1 1 0 0 0 88 0 0 0 0 0 0
489 440 0 0 88 0 0 0 0 0 88 3 0 0
506 440 2 2 0 0 0 0 0 0 88 4 0 0
530 88 0 0 0 0 0 0 0 0 0 0 0 0
533 968 1 1 88 1 1 88 0 0 88 0 88 1
546 264 1 1 88 0 0 0 0 0 88 0 0 0
554 88 0 0 88 0 0 0 0 0 0 0 0 0
660 176 1 1 0 0 0 0 0 0 88 0 0 0
664 176 1 1 0 0 0 88 0 0 0 0 0 0
665 528 0 0 88 0 0 0 0 0 88 0 0 0
669 176 0 0 176 0 0 0 0 0 0 0 0 0
670 880 1 1 88 0 0 352 0 0 0 0 0 0
676 792 1 1 264 0 0 88 0 0 176 2 0 0
679 528 0 0 176 2 1 0 0 0 88 2 0 0
680 704 1 1 264 0 0 88 0 0 0 0 0 0
681 704 0 0 0 0 0 264 0 0 88 0 0 0
685 1320 2 2 440 1 1 264 0 0 88 0 88 1
1449 616 2 2 264 0 0 88 0 0 88 0 0 0
1454 264 0 0 0 0 0 0 0 0 88 2 0 0
1463 616 2 2 0 0 0 0 0 0 88 2 0 0
1465 224 0 0 0 0 0 0 0 0 0 0 0 0
1469 392 1 1 168 0 0 56 0 0 56 0 0 0
1471 448 0 0 168 1 1 0 0 0 112 0 0 0
1483 112 0 0 0 0 0 0 0 0 56 0 0 0
1493 112 1 1 0 0 0 0 0 0 56 0 0 0
1497 64 1 1 0 0 0 0 0 0 32 2 0 0
1500 264 1 1 0 0 0 0 0 0 88 0 0 0
1741 352 0 0 88 0 0 88 0 0 0 0 0 0
1812 2264 1 1 0 0 0 0 0 0 868 4 0 0
1814 1560 0 0 0 0 0 0 0 0 780 6 0 0
1816 3988 0 0 2340 1 1 0 0 0 780 93 0 0
1821 264 1 1 88 0 0 88 0 0 0 0 0 0
1876 692 0 0 0 0 0 0 0 0 0 0 0 0
1878 2768 0 0 0 0 0 0 0 0 0 0 0 0
1880 6228 1 1 2076 0 0 692 0 0 1384 1 0 0
1883 176 0 0 0 0 0 0 0 0 88 0 0 0
1890 176 1 1 0 0 0 0 0 0 88 0 0 0
1891 176 0 0 0 0 0 0 0 0 88 0 0 0
1919 880 1 1 264 0 0 176 0 0 88 0 0 0
1923 176 0 0 88 0 0 0 0 0 88 2 0 0
1940 264 0 0 0 0 0 0 0 0 88 2 0 0
1941 176 1 1 0 0 0 0 0 0 0 0 0 0
1944 352 1 1 88 0 0 88 0 0 0 0 0 0
1947 264 1 1 176 0 0 0 0 0 88 0 0 0
1950 440 0 0 88 0 0 88 0 0 88 0 0 0
1952 176 0 0 0 0 0 0 0 0 88 2 0 0
1956 88 0 0 0 0 0 0 0 0 0 0 0 0
1969 176 1 1 0 0 0 0 0 0 88 0 0 0
1970 1056 1 1 352 0 0 176 0 0 176 2 0 0
1979 176 0 0 88 0 0 0 0 0 0 0 0 0
3078 176 1 1 0 0 0 0 0 0 0 0 0 0
3083 88 1 1 0 0 0 0 0 0 0 0 0 0
3094 264 1 1 88 0 0 0 0 0 44 2 0 0
3097 88 1 1 0 0 0 0 0 0 0 0 0 0
3104 176 1 1 44 0 0 44 0 0 44 2 0 0
3108 88 0 0 44 0 0 0 0 0 44 0 0 0
3125 88 0 0 44 0 0 0 0 0 44 0 0 0
3131 528 1 1 440 0 0 0 0 0 44 0 0 0
fl=./stdlib/../stdlib/strtol.c
fn=__strtoul_internal
107 88 1 1 0 0 0 0 0 0 0 0 0 0
108 352 0 0 176 0 0 0 0 0 0 0 0 0
fl=./stdlib/../stdlib/strtol_l.c
fn=____strtoul_l_internal
238 1144 1 1 0 0 0 792 1 0 0 0 0 0
252 88 1 1 88 0 0 0 0 0 0 0 0 0
257 88 0 0 0 0 0 0 0 0 0 0 0 0
258 32 0 0 0 0 0 0 0 0 0 0 0 0
264 176 0 0 0 0 0 0 0 0 88 2 0 0
292 88 0 0 0 0 0 0 0 0 0 0 0 0
295 352 0 0 0 0 0 0 0 0 88 0 0 0
304 528 0 0 352 0 0 0 0 0 88 1 0 0
306 176 1 1 0 0 0 0 0 0 88 0 0 0
310 88 0 0 0 0 0 88 0 0 0 0 0 0
311 176 0 0 0 0 0 0 0 0 88 0 0 0
316 176 0 0 0 0 0 0 0 0 88 0 0 0
320 176 1 1 0 0 0 0 0 0 88 4 0 0
322 392 1 1 168 2 1 0 0 0 112 0 0 0
327 112 1 1 56 0 0 0 0 0 56 1 0 0
332 280 2 2 0 0 0 0 0 0 56 2 0 0
335 64 0 0 0 0 0 0 0 0 0 0 0 0
342 64 1 1 0 0 0 0 0 0 32 0 0 0
387 64 0 0 0 0 0 0 0 0 0 0 0 0
390 240 0 0 88 1 1 0 0 0 0 0 0 0
391 376 0 0 88 1 1 88 0 0 0 0 0 0
393 88 0 0 0 0 0 0 0 0 0 0 0 0
394 88 0 0 0 0 0 0 0 0 0 0 0 0
395 144 1 1 0 0 0 0 0 0 0 0 0 0
449 1496 0 0 748 0 0 0 0 0 0 0 0 0
451 3152 0 0 32 0 0 0 0 0 812 88 0 0
453 2244 1 1 0 0 0 0 0 0 748 100 0 0
460 158 0 0 0 0 0 0 0 0 79 0 0 0
477 246 1 1 167 0 0 0 0 0 79 0 0 0
478 246 0 0 79 1 1 0 0 0 0 0 0 0
481 2244 0 0 0 0 0 0 0 0 748 0 0 0
484 2992 1 1 0 0 0 0 0 0 1496 17 0 0
489 924 0 0 0 0 0 0 0 0 0 0 0 0
490 2244 0 0 0 0 0 0 0 0 0 0 0 0
495 176 0 0 0 0 0 0 0 0 88 0 0 0
500 264 0 0 88 0 0 0 0 0 88 0 0 0
501 88 0 0 0 0 0 88 0 0 0 0 0 0
513 176 0 0 0 0 0 0 0 0 88 0 0 0
524 440 1 1 88 0 0 0 0 0 0 0 0 0
546 792 0 0 616 0 0 0 0 0 0 0 0 0
fl=./stdlib/./stdlib/cxa_atexit.c
fn=__cxa_atexit
41 2 1 1 0 0 0 0 0 0 1 0 0 0
43 8 0 0 1 1 0 0 0 0 1 0 0 0
44 2 0 0 0 0 0 1 0 0 0 0 0 0
46 2 0 0 0 0 0 0 0 0 1 0 0 0
52 3 0 0 1 0 0 0 0 0 0 0 0 0
53 1 0 0 0 0 0 1 0 0 0 0 0 0
54 1 0 0 0 0 0 1 0 0 0 0 0 0
55 1 1 1 0 0 0 1 0 0 0 0 0 0
56 1 0 0 0 0 0 1 0 0 0 0 0 0
57 4 0 0 2 0 0 0 0 0 2 0 0 0
58 1 0 0 0 0 0 0 0 0 0 0 0 0
67 7 1 1 0 0 0 5 0 0 0 0 0 0
69 6 0 0 6 0 0 0 0 0 0 0 0 0
fn=__new_exitfn
80 5 1 1 0 0 0 3 0 0 0 0 0 0
81 1 0 0 0 0 0 0 0 0 0 0 0 0
86 2 0 0 1 1 1 0 0 0 1 0 0 0
91 10 0 0 2 1 0 0 0 0 2 1 0 0
93 4 1 1 1 1 0 0 0 0 1 0 0 0
101 1 0 0 0 0 0 1 0 0 0 0 0 0
122 1 0 0 0 0 0 0 0 0 0 0 0 0
123 1 1 1 0 0 0 1 0 0 0 0 0 0
134 1 0 0 0 0 0 0 0 0 0 0 0 0
136 1 1 1 0 0 0 1 0 0 0 0 0 0
137 1 0 0 1 0 0 0 0 0 0 0 0 0
141 5 0 0 4 0 0 0 0 0 0 0 0 0
fl=./stdlib/./stdlib/cxa_finalize.c
fn=__cxa_finalize
30 30 1 1 0 0 0 18 0 0 0 0 0 0
33 21 0 0 3 0 0 0 0 0 6 0 0 0
36 21 2 2 6 0 0 0 0 0 6 0 0 0
40 21 0 0 3 0 0 0 0 0 3 2 0 0
93 21 2 2 6 1 0 0 0 0 6 2 0 0
97 18 0 0 3 1 0 0 0 0 3 2 0 0
105 6 0 0 0 0 0 3 0 0 0 0 0 0
106 12 0 0 6 0 0 0 0 0 6 3 0 0
107 24 0 0 21 0 0 0 0 0 0 0 0 0
fl=./stdlib/./stdlib/cxa_thread_atexit_impl.c
fn=__call_tls_dtors
148 5 1 1 0 0 0 3 1 0 0 0 0 0
149 4 1 1 2 0 0 0 0 0 1 1 0 0
165 4 1 1 4 0 0 0 0 0 0 0 0 0
fl=./stdlib/./stdlib/exit.c
fn=__run_exit_handlers
38 12 1 1 0 0 0 8 0 0 0 0 0 0
40 2 0 0 0 0 0 0 0 0 1 1 0 0
41 2 1 1 0 0 0 1 0 0 0 0 0 0
43 5 1 1 1 1 0 0 0 0 1 0 0 0
54 2 0 0 2 1 0 0 0 0 0 0 0 0
56 2 0 0 0 0 0 0 0 0 1 0 0 0
60 1 0 0 0 0 0 1 1 0 0 0 0 0
64 6 0 0 2 1 0 0 0 0 2 1 0 0
66 2 1 1 0 0 0 1 0 0 0 0 0 0
67 1 0 0 1 0 0 0 0 0 0 0 0 0
69 7 0 0 1 0 0 0 0 0 2 1 0 0
94 2 0 0 0 0 0 0 0 0 0 0 0 0
101 1 0 0 0 0 0 1 0 0 0 0 0 0
102 1 1 1 1 0 0 0 0 0 0 0 0 0
103 1 0 0 1 0 0 0 0 0 0 0 0 0
104 3 0 0 1 0 0 0 0 0 0 0 0 0
107 4 0 0 2 0 0 0 0 0 2 0 0 0
108 3 0 0 0 0 0 1 0 0 0 0 1 1
109 4 1 1 1 0 0 0 0 0 1 1 0 0
113 3 1 1 1 0 0 0 0 0 1 1 0 0
119 3 1 1 2 0 0 1 0 0 0 0 0 0
120 2 0 0 0 0 0 0 0 0 1 1 0 0
126 4 1 1 2 0 0 0 0 0 2 0 0 0
128 2 0 0 1 0 0 0 0 0 1 1 0 0
129 2 0 0 0 0 0 1 0 0 0 0 0 0
131 2 0 0 0 0 0 1 0 0 0 0 0 0
fn=exit
137 3 1 1 0 0 0 1 0 0 0 0 0 0
138 4 0 0 0 0 0 1 0 0 0 0 0 0
fl=./string/../include/rtld-malloc.h
fn=strdup
56 10 0 0 5 0 0 5 0 0 0 0 5 1
fl=./string/../string/strcspn.c
fn=strcspn
32 6 1 1 0 0 0 2 0 0 0 0 0 0
33 3 0 0 1 1 1 0 0 0 1 0 0 0
34 2 0 0 1 0 0 0 0 0 1 0 0 0
39 6 0 0 0 0 0 4 2 2 0 0 0 0
40 4 1 1 0 0 0 4 1 1 0 0 0 0
41 4 0 0 0 0 0 4 1 1 0 0 0 0
42 4 0 0 0 0 0 4 0 0 0 0 0 0
44 1 0 0 0 0 0 0 0 0 0 0 0 0
47 9 1 1 3 0 0 3 0 0 0 0 0 0
48 6 0 0 0 0 0 0 0 0 3 2 0 0
51 4 0 0 2 0 0 0 0 0 1 0 0 0
52 4 0 0 2 0 0 0 0 0 1 0 0 0
53 4 1 1 2 0 0 0 0 0 1 0 0 0
54 4 0 0 2 0 0 0 0 0 1 0 0 0
56 3 0 0 0 0 0 0 0 0 0 0 0 0
61 13 0 0 0 0 0 0 0 0 0 0 0 0
62 26 0 0 26 1 1 0 0 0 0 0 0 0
63 26 1 1 26 0 0 0 0 0 0 0 0 0
64 26 0 0 26 0 0 0 0 0 0 0 0 0
65 13 0 0 13 0 0 0 0 0 0 0 0 0
67 78 0 0 13 0 0 0 0 0 13 10 0 0
69 1 0 0 0 0 0 0 0 0 0 0 0 0
70 4 0 0 0 0 0 0 0 0 1 0 0 0
71 3 0 0 3 0 0 0 0 0 0 0 0 0
fl=./string/../string/strstr.c
fn=__GI_strstr
77 12 1 1 1 0 0 7 0 0 0 0 0 0
82 3 1 1 1 1 1 0 0 0 1 0 0 0
84 5 0 0 0 0 0 1 0 0 0 0 0 0
85 2 0 0 0 0 0 0 0 0 1 1 0 0
86 2 1 1 0 0 0 0 0 0 0 0 0 0
161 12 0 0 9 0 0 0 0 0 1 0 0 0
fl=./string/../sysdeps/x86/cacheinfo.c
fn=__x86_cacheinfo
86 1 1 1 0 0 0 0 0 0 0 0 0 0
fl=./string/../sysdeps/x86/cacheinfo.h
fn=__x86_cacheinfo
59 1 0 0 1 0 0 0 0 0 0 0 0 0
62 3 1 1 1 1 0 0 0 0 1 0 0 0
64 3 0 0 0 0 0 1 0 0 0 0 0 0
65 1 0 0 0 0 0 1 1 1 0 0 0 0
71 3 0 0 1 0 0 0 0 0 1 0 0 0
73 3 1 1 0 0 0 1 0 0 0 0 0 0
74 1 0 0 0 0 0 1 0 0 0 0 0 0
78 2 0 0 1 0 0 1 1 1 0 0 0 0
80 2 0 0 1 0 0 1 0 0 0 0 0 0
81 2 0 0 1 0 0 1 0 0 0 0 0 0
82 2 0 0 1 0 0 1 0 0 0 0 0 0
84 2 1 1 1 1 0 0 0 0 1 1 0 0
86 2 0 0 1 0 0 0 0 0 0 0 0 0
fl=./string/../sysdeps/x86_64/multiarch/../multiarch/memcmp-sse2.S
fn=bcmp
59 1 1 1 0 0 0 0 0 0 0 0 0 0
71 1 0 0 0 0 0 0 0 0 0 0 0 0
72 1 0 0 0 0 0 0 0 0 1 0 0 0
94 1 0 0 0 0 0 0 0 0 0 0 0 0
95 1 0 0 0 0 0 0 0 0 1 1 0 0
140 1 1 1 1 0 0 0 0 0 0 0 0 0
141 1 0 0 1 0 0 0 0 0 0 0 0 0
143 1 0 0 0 0 0 0 0 0 0 0 0 0
144 1 0 0 0 0 0 0 0 0 1 0 0 0
146 1 0 0 1 0 0 0 0 0 0 0 0 0
147 1 0 0 1 0 0 0 0 0 0 0 0 0
149 1 0 0 0 0 0 0 0 0 0 0 0 0
150 1 0 0 0 0 0 0 0 0 1 1 0 0
197 1 0 0 0 0 0 0 0 0 0 0 0 0
198 1 0 0 0 0 0 0 0 0 0 0 0 0
199 1 0 0 0 0 0 0 0 0 0 0 0 0
200 1 0 0 0 0 0 0 0 0 0 0 0 0
201 1 0 0 0 0 0 0 0 0 0 0 0 0
202 1 0 0 1 0 0 0 0 0 0 0 0 0
fl=./string/../sysdeps/x86_64/multiarch/../multiarch/memset-vec-unaligned-erms.S
fn=memset
132 10 1 1 0 0 0 0 0 0 0 0 0 0
133 50 0 0 0 0 0 0 0 0 0 0 0 0
138 10 0 0 0 0 0 0 0 0 0 0 0 0
139 10 0 0 0 0 0 0 0 0 10 6 0 0
142 4 0 0 0 0 0 0 0 0 0 0 0 0
143 4 0 0 0 0 0 0 0 0 4 3 0 0
244 4 1 1 0 0 0 4 2 2 0 0 0 0
245 4 0 0 0 0 0 4 1 1 0 0 0 0
257 4 0 0 0 0 0 0 0 0 0 0 0 0
260 4 0 0 0 0 0 0 0 0 0 0 0 0
261 4 0 0 0 0 0 0 0 0 4 0 0 0
273 4 0 0 0 0 0 4 1 1 0 0 0 0
274 4 0 0 0 0 0 4 2 2 0 0 0 0
287 4 0 0 0 0 0 0 0 0 0 0 0 0
288 4 0 0 0 0 0 0 0 0 0 0 0 0
290 4 0 0 0 0 0 0 0 0 4 2 0 0
293 2 0 0 0 0 0 0 0 0 0 0 0 0
296 4 0 0 0 0 0 0 0 0 0 0 0 0
299 41 0 0 0 0 0 41 34 34 0 0 0 0
300 41 0 0 0 0 0 41 0 0 0 0 0 0
301 41 0 0 0 0 0 41 0 0 0 0 0 0
302 41 0 0 0 0 0 41 6 6 0 0 0 0
303 41 0 0 0 0 0 0 0 0 0 0 0 0
304 41 0 0 0 0 0 0 0 0 0 0 0 0
305 41 0 0 0 0 0 0 0 0 41 15 0 0
308 4 0 0 0 0 0 4 1 1 0 0 0 0
309 4 0 0 0 0 0 4 0 0 0 0 0 0
310 4 0 0 0 0 0 4 0 0 0 0 0 0
311 4 0 0 0 0 0 4 0 0 0 0 0 0
316 4 0 0 4 0 0 0 0 0 0 0 0 0
350 6 1 1 0 0 0 0 0 0 0 0 0 0
352 6 0 0 0 0 0 0 0 0 0 0 0 0
353 6 0 0 0 0 0 0 0 0 6 5 0 0
392 6 2 1 0 0 0 6 1 1 0 0 0 0
393 6 0 0 0 0 0 6 1 1 0 0 0 0
395 6 0 0 6 0 0 0 0 0 0 0 0 0
fl=./string/../sysdeps/x86_64/multiarch/../multiarch/strchr-sse2.S
fn=index
32 20 1 1 0 0 0 0 0 0 0 0 0 0
33 20 0 0 0 0 0 0 0 0 0 0 0 0
34 20 0 0 0 0 0 0 0 0 0 0 0 0
35 20 0 0 0 0 0 0 0 0 0 0 0 0
36 20 1 1 0 0 0 0 0 0 0 0 0 0
37 20 0 0 0 0 0 0 0 0 0 0 0 0
38 20 0 0 0 0 0 0 0 0 0 0 0 0
39 20 0 0 0 0 0 0 0 0 0 0 0 0
40 20 0 0 0 0 0 0 0 0 20 6 0 0
41 14 0 0 14 1 1 0 0 0 0 0 0 0
42 14 0 0 0 0 0 0 0 0 0 0 0 0
43 14 0 0 0 0 0 0 0 0 0 0 0 0
44 14 0 0 0 0 0 0 0 0 0 0 0 0
45 14 0 0 0 0 0 0 0 0 0 0 0 0
46 14 0 0 0 0 0 0 0 0 0 0 0 0
47 14 0 0 0 0 0 0 0 0 0 0 0 0
48 14 0 0 0 0 0 0 0 0 0 0 0 0
49 14 0 0 0 0 0 0 0 0 14 3 0 0
50 11 0 0 0 0 0 0 0 0 0 0 0 0
54 11 0 0 0 0 0 0 0 0 0 0 0 0
55 11 1 1 0 0 0 0 0 0 0 0 0 0
56 11 0 0 11 0 0 0 0 0 0 0 0 0
57 11 0 0 0 0 0 0 0 0 0 0 0 0
59 11 0 0 11 0 0 0 0 0 0 0 0 0
63 3 0 0 3 0 0 0 0 0 0 0 0 0
64 3 0 0 0 0 0 0 0 0 0 0 0 0
65 3 0 0 0 0 0 0 0 0 0 0 0 0
66 3 0 0 0 0 0 0 0 0 0 0 0 0
67 3 0 0 0 0 0 0 0 0 0 0 0 0
68 3 0 0 0 0 0 0 0 0 0 0 0 0
69 3 0 0 3 1 1 0 0 0 0 0 0 0
70 3 0 0 0 0 0 0 0 0 0 0 0 0
71 3 0 0 0 0 0 0 0 0 0 0 0 0
72 3 0 0 0 0 0 0 0 0 0 0 0 0
73 3 0 0 0 0 0 0 0 0 0 0 0 0
74 3 0 0 0 0 0 0 0 0 0 0 0 0
75 3 0 0 0 0 0 0 0 0 0 0 0 0
76 3 0 0 3 0 0 0 0 0 0 0 0 0
77 3 0 0 0 0 0 0 0 0 0 0 0 0
78 3 0 0 0 0 0 0 0 0 0 0 0 0
79 3 0 0 0 0 0 0 0 0 0 0 0 0
80 3 0 0 0 0 0 0 0 0 0 0 0 0
81 3 0 0 0 0 0 0 0 0 0 0 0 0
82 3 0 0 0 0 0 0 0 0 0 0 0 0
83 3 0 0 0 0 0 0 0 0 0 0 0 0
84 3 0 0 0 0 0 0 0 0 0 0 0 0
85 3 0 0 0 0 0 0 0 0 0 0 0 0
86 9 1 1 0 0 0 0 0 0 3 3 0 0
91 3 1 1 0 0 0 0 0 0 0 0 0 0
92 3 0 0 0 0 0 0 0 0 0 0 0 0
95 3 0 0 0 0 0 0 0 0 0 0 0 0
96 3 0 0 3 1 1 0 0 0 0 0 0 0
97 3 0 0 3 0 0 0 0 0 0 0 0 0
98 3 0 0 3 0 0 0 0 0 0 0 0 0
99 3 0 0 0 0 0 0 0 0 0 0 0 0
100 3 0 0 3 0 0 0 0 0 0 0 0 0
101 3 0 0 0 0 0 0 0 0 0 0 0 0
102 3 0 0 0 0 0 0 0 0 0 0 0 0
103 3 0 0 3 0 0 0 0 0 0 0 0 0
104 3 0 0 0 0 0 0 0 0 0 0 0 0
105 3 0 0 3 0 0 0 0 0 0 0 0 0
106 3 0 0 3 0 0 0 0 0 0 0 0 0
107 3 1 1 0 0 0 0 0 0 0 0 0 0
108 3 0 0 3 0 0 0 0 0 0 0 0 0
109 3 0 0 0 0 0 0 0 0 0 0 0 0
110 3 0 0 0 0 0 0 0 0 0 0 0 0
111 3 0 0 0 0 0 0 0 0 0 0 0 0
112 3 0 0 0 0 0 0 0 0 0 0 0 0
114 3 0 0 0 0 0 0 0 0 0 0 0 0
115 3 0 0 0 0 0 0 0 0 3 0 0 0
117 3 0 0 3 0 0 0 0 0 0 0 0 0
118 3 0 0 0 0 0 0 0 0 0 0 0 0
119 3 0 0 0 0 0 0 0 0 0 0 0 0
120 3 0 0 0 0 0 0 0 0 0 0 0 0
121 3 0 0 0 0 0 0 0 0 0 0 0 0
122 3 0 0 0 0 0 0 0 0 0 0 0 0
123 3 0 0 0 0 0 0 0 0 0 0 0 0
124 3 0 0 0 0 0 0 0 0 0 0 0 0
126 3 0 0 0 0 0 0 0 0 0 0 0 0
127 3 0 0 0 0 0 0 0 0 0 0 0 0
128 3 0 0 0 0 0 0 0 0 0 0 0 0
129 3 0 0 0 0 0 0 0 0 0 0 0 0
130 3 0 0 0 0 0 0 0 0 0 0 0 0
131 3 0 0 0 0 0 0 0 0 0 0 0 0
132 3 0 0 0 0 0 0 0 0 0 0 0 0
133 3 0 0 0 0 0 0 0 0 0 0 0 0
134 3 0 0 0 0 0 0 0 0 0 0 0 0
135 3 0 0 0 0 0 0 0 0 0 0 0 0
138 9 1 1 0 0 0 0 0 0 0 0 0 0
142 9 0 0 0 0 0 0 0 0 0 0 0 0
143 9 0 0 0 0 0 0 0 0 0 0 0 0
144 9 0 0 9 0 0 0 0 0 0 0 0 0
145 9 0 0 0 0 0 0 0 0 0 0 0 0
147 9 0 0 9 0 0 0 0 0 0 0 0 0
151 6 1 1 0 0 0 0 0 0 0 0 0 0
152 6 0 0 0 0 0 0 0 0 0 0 0 0
153 6 0 0 0 0 0 0 0 0 0 0 0 0
154 6 0 0 0 0 0 0 0 0 0 0 0 0
155 6 0 0 6 1 1 0 0 0 0 0 0 0
156 6 0 0 0 0 0 0 0 0 0 0 0 0
157 6 0 0 0 0 0 0 0 0 0 0 0 0
158 6 0 0 0 0 0 0 0 0 0 0 0 0
159 6 0 0 0 0 0 0 0 0 0 0 0 0
160 6 0 0 0 0 0 0 0 0 0 0 0 0
161 6 0 0 6 0 0 0 0 0 0 0 0 0
162 6 0 0 0 0 0 0 0 0 0 0 0 0
163 6 0 0 0 0 0 0 0 0 0 0 0 0
164 6 0 0 0 0 0 0 0 0 0 0 0 0
165 6 0 0 0 0 0 0 0 0 0 0 0 0
166 6 1 1 0 0 0 0 0 0 0 0 0 0
167 6 0 0 6 0 0 0 0 0 0 0 0 0
168 6 0 0 0 0 0 0 0 0 0 0 0 0
169 6 0 0 0 0 0 0 0 0 0 0 0 0
170 6 0 0 0 0 0 0 0 0 0 0 0 0
171 6 0 0 0 0 0 0 0 0 0 0 0 0
172 6 0 0 0 0 0 0 0 0 0 0 0 0
173 6 0 0 0 0 0 0 0 0 0 0 0 0
174 6 0 0 6 0 0 0 0 0 0 0 0 0
175 6 0 0 0 0 0 0 0 0 0 0 0 0
176 6 0 0 0 0 0 0 0 0 0 0 0 0
177 6 0 0 0 0 0 0 0 0 0 0 0 0
178 6 0 0 0 0 0 0 0 0 0 0 0 0
179 6 0 0 0 0 0 0 0 0 0 0 0 0
180 6 0 0 0 0 0 0 0 0 0 0 0 0
181 6 0 0 0 0 0 0 0 0 0 0 0 0
182 6 0 0 0 0 0 0 0 0 0 0 0 0
183 6 0 0 0 0 0 0 0 0 0 0 0 0
184 6 0 0 0 0 0 0 0 0 0 0 0 0
185 6 0 0 0 0 0 0 0 0 0 0 0 0
186 6 0 0 0 0 0 0 0 0 0 0 0 0
187 6 0 0 0 0 0 0 0 0 0 0 0 0
188 6 0 0 0 0 0 0 0 0 6 3 0 0
189 3 0 0 0 0 0 0 0 0 0 0 0 0
fl=./string/../sysdeps/x86_64/multiarch/../multiarch/strcmp-sse2.S
fn=strcmp
98 391 1 1 0 0 0 0 0 0 0 0 0 0
131 391 0 0 0 0 0 0 0 0 0 0 0 0
132 391 0 0 0 0 0 0 0 0 0 0 0 0
134 391 0 0 0 0 0 0 0 0 0 0 0 0
135 391 0 0 0 0 0 0 0 0 0 0 0 0
156 391 0 0 0 0 0 0 0 0 0 0 0 0
157 391 0 0 0 0 0 0 0 0 352 58 0 0
158 335 0 0 0 0 0 0 0 0 0 0 0 0
159 335 0 0 0 0 0 0 0 0 335 48 0 0
160 278 0 0 278 53 42 0 0 0 0 0 0 0
161 278 1 1 278 9 6 0 0 0 0 0 0 0
162 278 0 0 278 0 0 0 0 0 0 0 0 0
163 278 0 0 278 0 0 0 0 0 0 0 0 0
180 278 0 0 0 0 0 0 0 0 0 0 0 0
181 278 0 0 0 0 0 0 0 0 0 0 0 0
182 278 0 0 0 0 0 0 0 0 0 0 0 0
183 278 0 0 0 0 0 0 0 0 0 0 0 0
184 278 0 0 0 0 0 0 0 0 0 0 0 0
185 278 0 0 0 0 0 0 0 0 0 0 0 0
186 278 0 0 0 0 0 0 0 0 278 75 0 0
191 25 0 0 0 0 0 0 0 0 0 0 0 0
192 75 0 0 0 0 0 0 0 0 0 0 0 0
201 138 1 1 0 0 0 0 0 0 0 0 0 0
202 138 0 0 0 0 0 0 0 0 0 0 0 0
203 138 0 0 0 0 0 0 0 0 0 0 0 0
204 138 0 0 0 0 0 0 0 0 0 0 0 0
205 138 0 0 0 0 0 0 0 0 0 0 0 0
206 138 0 0 0 0 0 0 0 0 0 0 0 0
207 138 0 0 0 0 0 0 0 0 0 0 0 0
208 138 0 0 0 0 0 0 0 0 138 13 0 0
209 129 0 0 0 0 0 0 0 0 129 56 0 0
210 71 0 0 0 0 0 0 0 0 0 0 0 0
211 71 0 0 0 0 0 0 0 0 0 0 0 0
212 71 0 0 0 0 0 0 0 0 0 0 0 0
214 129 0 0 0 0 0 0 0 0 0 0 0 0
215 129 0 0 0 0 0 0 0 0 0 0 0 0
216 129 0 0 0 0 0 0 0 0 0 0 0 0
217 129 0 0 129 3 2 0 0 0 0 0 0 0
218 129 0 0 0 0 0 0 0 0 0 0 0 0
219 129 0 0 0 0 0 0 0 0 0 0 129 101
229 9 1 1 9 1 0 0 0 0 0 0 0 0
230 9 0 0 0 0 0 0 0 0 0 0 0 0
231 9 0 0 0 0 0 0 0 0 0 0 0 0
233 9 0 0 9 0 0 0 0 0 0 0 0 0
239 9 0 0 0 0 0 0 0 0 0 0 0 0
240 9 0 0 0 0 0 0 0 0 0 0 0 0
241 9 0 0 0 0 0 0 0 0 0 0 0 0
242 9 0 0 0 0 0 0 0 0 0 0 0 0
243 9 0 0 0 0 0 0 0 0 0 0 0 0
248 9 0 0 0 0 0 0 0 0 9 7 0 0
250 2 0 0 0 0 0 0 0 0 0 0 0 0
251 2 0 0 0 0 0 0 0 0 0 0 0 0
252 4 0 0 0 0 0 0 0 0 0 0 0 0
260 2 2 1 2 1 1 0 0 0 0 0 0 0
261 2 0 0 2 2 1 0 0 0 0 0 0 0
264 2 0 0 0 0 0 0 0 0 0 0 0 0
265 2 0 0 0 0 0 0 0 0 0 0 0 0
266 2 0 0 0 0 0 0 0 0 0 0 0 0
267 2 0 0 0 0 0 0 0 0 0 0 0 0
268 2 0 0 0 0 0 0 0 0 0 0 0 0
269 2 0 0 0 0 0 0 0 0 2 2 0 0
300 8 1 1 0 0 0 0 0 0 0 0 0 0
301 8 0 0 8 0 0 0 0 0 0 0 0 0
302 8 0 0 8 1 1 0 0 0 0 0 0 0
303 8 0 0 0 0 0 0 0 0 0 0 0 0
304 8 0 0 0 0 0 0 0 0 0 0 0 0
306 8 0 0 0 0 0 0 0 0 0 0 0 0
307 8 0 0 0 0 0 0 0 0 0 0 0 0
308 8 1 1 0 0 0 0 0 0 0 0 0 0
309 8 0 0 0 0 0 0 0 0 0 0 0 0
310 8 0 0 0 0 0 0 0 0 0 0 0 0
311 8 0 0 0 0 0 0 0 0 0 0 0 0
312 8 0 0 0 0 0 0 0 0 8 1 0 0
313 8 0 0 8 0 0 0 0 0 0 0 0 0
316 8 0 0 0 0 0 0 0 0 0 0 0 0
317 8 0 0 0 0 0 0 0 0 0 0 0 0
318 8 0 0 0 0 0 0 0 0 0 0 0 0
324 8 0 0 0 0 0 0 0 0 0 0 0 0
325 8 0 0 0 0 0 0 0 0 0 0 0 0
326 16 0 0 0 0 0 0 0 0 0 0 0 0
330 8 1 1 0 0 0 0 0 0 0 0 0 0
331 8 0 0 0 0 0 0 0 0 8 0 0 0
334 8 0 0 8 1 1 0 0 0 0 0 0 0
335 8 0 0 8 0 0 0 0 0 0 0 0 0
336 8 0 0 0 0 0 0 0 0 0 0 0 0
338 8 0 0 0 0 0 0 0 0 0 0 0 0
339 8 0 0 0 0 0 0 0 0 0 0 0 0
340 8 0 0 0 0 0 0 0 0 0 0 0 0
344 8 0 0 0 0 0 0 0 0 0 0 0 0
345 8 0 0 0 0 0 0 0 0 0 0 0 0
346 8 0 0 0 0 0 0 0 0 0 0 0 0
347 8 0 0 0 0 0 0 0 0 0 0 0 0
348 8 0 0 0 0 0 0 0 0 0 0 0 0
349 8 1 1 0 0 0 0 0 0 8 1 0 0
424 1 1 1 0 0 0 0 0 0 0 0 0 0
425 1 0 0 1 0 0 0 0 0 0 0 0 0
426 1 0 0 1 1 1 0 0 0 0 0 0 0
427 1 0 0 0 0 0 0 0 0 0 0 0 0
428 1 0 0 0 0 0 0 0 0 0 0 0 0
430 1 0 0 0 0 0 0 0 0 0 0 0 0
431 1 0 0 0 0 0 0 0 0 0 0 0 0
432 1 1 1 0 0 0 0 0 0 0 0 0 0
433 1 0 0 0 0 0 0 0 0 0 0 0 0
434 1 0 0 0 0 0 0 0 0 0 0 0 0
435 1 0 0 0 0 0 0 0 0 0 0 0 0
436 1 0 0 0 0 0 0 0 0 1 0 0 0
437 1 0 0 1 0 0 0 0 0 0 0 0 0
440 1 0 0 0 0 0 0 0 0 0 0 0 0
441 1 0 0 0 0 0 0 0 0 0 0 0 0
442 1 0 0 0 0 0 0 0 0 0 0 0 0
448 1 0 0 0 0 0 0 0 0 0 0 0 0
449 1 0 0 0 0 0 0 0 0 0 0 0 0
450 2 0 0 0 0 0 0 0 0 0 0 0 0
454 1 1 1 0 0 0 0 0 0 0 0 0 0
455 1 0 0 0 0 0 0 0 0 1 0 0 0
458 1 0 0 1 1 0 0 0 0 0 0 0 0
459 1 0 0 1 1 1 0 0 0 0 0 0 0
460 1 0 0 0 0 0 0 0 0 0 0 0 0
462 1 0 0 0 0 0 0 0 0 0 0 0 0
463 1 0 0 0 0 0 0 0 0 0 0 0 0
464 1 0 0 0 0 0 0 0 0 0 0 0 0
468 1 0 0 0 0 0 0 0 0 0 0 0 0
469 1 0 0 0 0 0 0 0 0 0 0 0 0
470 1 0 0 0 0 0 0 0 0 0 0 0 0
471 1 0 0 0 0 0 0 0 0 0 0 0 0
472 1 0 0 0 0 0 0 0 0 0 0 0 0
473 1 1 1 0 0 0 0 0 0 1 0 0 0
542 9 1 1 0 0 0 0 0 0 0 0 0 0
543 9 0 0 9 0 0 0 0 0 0 0 0 0
544 9 0 0 9 1 1 0 0 0 0 0 0 0
545 9 0 0 0 0 0 0 0 0 0 0 0 0
546 9 0 0 0 0 0 0 0 0 0 0 0 0
548 9 0 0 0 0 0 0 0 0 0 0 0 0
549 9 0 0 0 0 0 0 0 0 0 0 0 0
550 9 1 1 0 0 0 0 0 0 0 0 0 0
551 9 0 0 0 0 0 0 0 0 0 0 0 0
552 9 0 0 0 0 0 0 0 0 0 0 0 0
553 9 0 0 0 0 0 0 0 0 0 0 0 0
554 9 0 0 0 0 0 0 0 0 9 5 0 0
555 2 0 0 2 0 0 0 0 0 0 0 0 0
559 2 0 0 0 0 0 0 0 0 0 0 0 0
560 2 0 0 0 0 0 0 0 0 0 0 0 0
561 2 0 0 0 0 0 0 0 0 0 0 0 0
567 2 0 0 0 0 0 0 0 0 0 0 0 0
568 2 0 0 0 0 0 0 0 0 0 0 0 0
569 4 0 0 0 0 0 0 0 0 0 0 0 0
573 2 1 1 0 0 0 0 0 0 0 0 0 0
574 2 0 0 0 0 0 0 0 0 2 0 0 0
577 2 0 0 2 1 1 0 0 0 0 0 0 0
578 2 0 0 2 0 0 0 0 0 0 0 0 0
579 2 0 0 0 0 0 0 0 0 0 0 0 0
581 2 0 0 0 0 0 0 0 0 0 0 0 0
582 2 0 0 0 0 0 0 0 0 0 0 0 0
583 2 0 0 0 0 0 0 0 0 0 0 0 0
587 2 0 0 0 0 0 0 0 0 0 0 0 0
588 2 0 0 0 0 0 0 0 0 0 0 0 0
589 2 0 0 0 0 0 0 0 0 0 0 0 0
590 2 0 0 0 0 0 0 0 0 0 0 0 0
591 2 0 0 0 0 0 0 0 0 0 0 0 0
592 2 1 1 0 0 0 0 0 0 2 0 0 0
661 4 1 1 0 0 0 0 0 0 0 0 0 0
662 4 0 0 4 0 0 0 0 0 0 0 0 0
663 4 0 0 4 1 0 0 0 0 0 0 0 0
664 4 0 0 0 0 0 0 0 0 0 0 0 0
665 4 0 0 0 0 0 0 0 0 0 0 0 0
667 4 0 0 0 0 0 0 0 0 0 0 0 0
668 4 0 0 0 0 0 0 0 0 0 0 0 0
669 4 1 1 0 0 0 0 0 0 0 0 0 0
670 4 0 0 0 0 0 0 0 0 0 0 0 0
671 4 0 0 0 0 0 0 0 0 0 0 0 0
672 4 0 0 0 0 0 0 0 0 0 0 0 0
673 4 0 0 0 0 0 0 0 0 4 2 0 0
674 1 0 0 1 0 0 0 0 0 0 0 0 0
678 1 0 0 0 0 0 0 0 0 0 0 0 0
679 1 0 0 0 0 0 0 0 0 0 0 0 0
680 1 0 0 0 0 0 0 0 0 0 0 0 0
686 1 0 0 0 0 0 0 0 0 0 0 0 0
687 1 0 0 0 0 0 0 0 0 0 0 0 0
688 2 0 0 0 0 0 0 0 0 0 0 0 0
692 1 1 1 0 0 0 0 0 0 0 0 0 0
693 1 0 0 0 0 0 0 0 0 1 0 0 0
696 1 0 0 1 0 0 0 0 0 0 0 0 0
697 1 0 0 1 1 1 0 0 0 0 0 0 0
698 1 0 0 0 0 0 0 0 0 0 0 0 0
700 1 0 0 0 0 0 0 0 0 0 0 0 0
701 1 0 0 0 0 0 0 0 0 0 0 0 0
702 1 0 0 0 0 0 0 0 0 0 0 0 0
706 1 0 0 0 0 0 0 0 0 0 0 0 0
707 1 0 0 0 0 0 0 0 0 0 0 0 0
708 1 0 0 0 0 0 0 0 0 0 0 0 0
709 1 0 0 0 0 0 0 0 0 0 0 0 0
710 1 0 0 0 0 0 0 0 0 0 0 0 0
711 1 1 1 0 0 0 0 0 0 1 0 0 0
780 5 1 1 0 0 0 0 0 0 0 0 0 0
781 5 0 0 5 0 0 0 0 0 0 0 0 0
782 5 0 0 5 1 1 0 0 0 0 0 0 0
783 5 0 0 0 0 0 0 0 0 0 0 0 0
784 5 0 0 0 0 0 0 0 0 0 0 0 0
786 5 0 0 0 0 0 0 0 0 0 0 0 0
787 5 0 0 0 0 0 0 0 0 0 0 0 0
788 5 1 1 0 0 0 0 0 0 0 0 0 0
789 5 0 0 0 0 0 0 0 0 0 0 0 0
790 5 0 0 0 0 0 0 0 0 0 0 0 0
791 5 0 0 0 0 0 0 0 0 0 0 0 0
792 5 0 0 0 0 0 0 0 0 5 3 0 0
793 3 0 0 3 0 0 0 0 0 0 0 0 0
797 3 0 0 0 0 0 0 0 0 0 0 0 0
798 3 0 0 0 0 0 0 0 0 0 0 0 0
799 3 0 0 0 0 0 0 0 0 0 0 0 0
805 3 0 0 0 0 0 0 0 0 0 0 0 0
806 3 0 0 0 0 0 0 0 0 0 0 0 0
807 6 0 0 0 0 0 0 0 0 0 0 0 0
811 3 1 1 0 0 0 0 0 0 0 0 0 0
812 3 0 0 0 0 0 0 0 0 3 0 0 0
815 3 0 0 3 0 0 0 0 0 0 0 0 0
816 3 0 0 3 0 0 0 0 0 0 0 0 0
817 3 0 0 0 0 0 0 0 0 0 0 0 0
819 3 0 0 0 0 0 0 0 0 0 0 0 0
820 3 0 0 0 0 0 0 0 0 0 0 0 0
821 3 0 0 0 0 0 0 0 0 0 0 0 0
825 3 0 0 0 0 0 0 0 0 0 0 0 0
826 3 0 0 0 0 0 0 0 0 0 0 0 0
827 3 0 0 0 0 0 0 0 0 0 0 0 0
828 3 0 0 0 0 0 0 0 0 0 0 0 0
829 3 0 0 0 0 0 0 0 0 0 0 0 0
830 3 1 1 0 0 0 0 0 0 3 2 0 0
837 1 0 0 0 0 0 0 0 0 0 0 0 0
838 1 0 0 0 0 0 0 0 0 0 0 0 0
840 1 0 0 0 0 0 0 0 0 0 0 0 0
841 1 0 0 0 0 0 0 0 0 1 0 0 0
843 1 0 0 1 1 1 0 0 0 0 0 0 0
844 1 0 0 1 0 0 0 0 0 0 0 0 0
845 1 0 0 0 0 0 0 0 0 0 0 0 0
847 1 0 0 0 0 0 0 0 0 0 0 0 0
848 1 0 0 0 0 0 0 0 0 0 0 0 0
849 1 0 0 0 0 0 0 0 0 0 0 0 0
853 1 0 0 0 0 0 0 0 0 0 0 0 0
854 1 0 0 0 0 0 0 0 0 0 0 0 0
855 1 0 0 0 0 0 0 0 0 0 0 0 0
856 1 0 0 0 0 0 0 0 0 0 0 0 0
857 1 1 1 0 0 0 0 0 0 0 0 0 0
858 1 0 0 0 0 0 0 0 0 1 1 0 0
899 6 1 1 0 0 0 0 0 0 0 0 0 0
900 6 0 0 6 1 1 0 0 0 0 0 0 0
901 6 0 0 6 3 3 0 0 0 0 0 0 0
902 6 0 0 0 0 0 0 0 0 0 0 0 0
903 6 0 0 0 0 0 0 0 0 0 0 0 0
905 6 0 0 0 0 0 0 0 0 0 0 0 0
906 6 0 0 0 0 0 0 0 0 0 0 0 0
907 6 1 1 0 0 0 0 0 0 0 0 0 0
908 6 0 0 0 0 0 0 0 0 0 0 0 0
909 6 0 0 0 0 0 0 0 0 0 0 0 0
910 6 0 0 0 0 0 0 0 0 0 0 0 0
911 6 0 0 0 0 0 0 0 0 6 2 0 0
912 4 0 0 4 0 0 0 0 0 0 0 0 0
916 4 0 0 0 0 0 0 0 0 0 0 0 0
917 4 0 0 0 0 0 0 0 0 0 0 0 0
918 4 0 0 0 0 0 0 0 0 0 0 0 0
924 4 0 0 0 0 0 0 0 0 0 0 0 0
925 4 0 0 0 0 0 0 0 0 0 0 0 0
926 8 0 0 0 0 0 0 0 0 0 0 0 0
930 4 1 1 0 0 0 0 0 0 0 0 0 0
931 4 0 0 0 0 0 0 0 0 4 0 0 0
934 4 0 0 4 3 2 0 0 0 0 0 0 0
935 4 0 0 4 0 0 0 0 0 0 0 0 0
936 4 0 0 0 0 0 0 0 0 0 0 0 0
938 4 0 0 0 0 0 0 0 0 0 0 0 0
939 4 0 0 0 0 0 0 0 0 0 0 0 0
940 4 0 0 0 0 0 0 0 0 0 0 0 0
944 4 0 0 0 0 0 0 0 0 0 0 0 0
945 4 0 0 0 0 0 0 0 0 0 0 0 0
946 4 0 0 0 0 0 0 0 0 0 0 0 0
947 4 0 0 0 0 0 0 0 0 0 0 0 0
948 4 0 0 0 0 0 0 0 0 0 0 0 0
949 4 1 1 0 0 0 0 0 0 4 2 0 0
956 1 0 0 0 0 0 0 0 0 0 0 0 0
957 1 0 0 0 0 0 0 0 0 0 0 0 0
959 1 0 0 0 0 0 0 0 0 0 0 0 0
960 1 0 0 0 0 0 0 0 0 1 0 0 0
962 1 0 0 1 0 0 0 0 0 0 0 0 0
963 1 0 0 1 0 0 0 0 0 0 0 0 0
964 1 0 0 0 0 0 0 0 0 0 0 0 0
966 1 0 0 0 0 0 0 0 0 0 0 0 0
967 1 0 0 0 0 0 0 0 0 0 0 0 0
968 1 0 0 0 0 0 0 0 0 0 0 0 0
972 1 0 0 0 0 0 0 0 0 0 0 0 0
973 1 0 0 0 0 0 0 0 0 0 0 0 0
974 1 0 0 0 0 0 0 0 0 0 0 0 0
975 1 0 0 0 0 0 0 0 0 0 0 0 0
976 1 1 1 0 0 0 0 0 0 0 0 0 0
977 1 0 0 0 0 0 0 0 0 1 1 0 0
1018 4 1 1 0 0 0 0 0 0 0 0 0 0
1019 4 0 0 4 1 0 0 0 0 0 0 0 0
1020 4 0 0 4 3 2 0 0 0 0 0 0 0
1021 4 0 0 0 0 0 0 0 0 0 0 0 0
1022 4 0 0 0 0 0 0 0 0 0 0 0 0
1024 4 0 0 0 0 0 0 0 0 0 0 0 0
1025 4 0 0 0 0 0 0 0 0 0 0 0 0
1026 4 1 1 0 0 0 0 0 0 0 0 0 0
1027 4 0 0 0 0 0 0 0 0 0 0 0 0
1028 4 0 0 0 0 0 0 0 0 0 0 0 0
1029 4 0 0 0 0 0 0 0 0 0 0 0 0
1030 4 0 0 0 0 0 0 0 0 4 2 0 0
1031 3 0 0 3 0 0 0 0 0 0 0 0 0
1035 3 0 0 0 0 0 0 0 0 0 0 0 0
1036 3 0 0 0 0 0 0 0 0 0 0 0 0
1037 3 0 0 0 0 0 0 0 0 0 0 0 0
1043 3 0 0 0 0 0 0 0 0 0 0 0 0
1044 3 0 0 0 0 0 0 0 0 0 0 0 0
1045 6 0 0 0 0 0 0 0 0 0 0 0 0
1049 3 1 1 0 0 0 0 0 0 0 0 0 0
1050 3 0 0 0 0 0 0 0 0 3 0 0 0
1053 3 0 0 3 2 2 0 0 0 0 0 0 0
1054 3 0 0 3 0 0 0 0 0 0 0 0 0
1055 3 0 0 0 0 0 0 0 0 0 0 0 0
1057 3 0 0 0 0 0 0 0 0 0 0 0 0
1058 3 0 0 0 0 0 0 0 0 0 0 0 0
1059 3 0 0 0 0 0 0 0 0 0 0 0 0
1063 3 0 0 0 0 0 0 0 0 0 0 0 0
1064 3 0 0 0 0 0 0 0 0 0 0 0 0
1065 3 0 0 0 0 0 0 0 0 0 0 0 0
1066 3 0 0 0 0 0 0 0 0 0 0 0 0
1067 3 0 0 0 0 0 0 0 0 0 0 0 0
1068 3 1 1 0 0 0 0 0 0 3 1 0 0
1137 4 1 1 0 0 0 0 0 0 0 0 0 0
1138 4 0 0 4 1 1 0 0 0 0 0 0 0
1139 4 0 0 4 0 0 0 0 0 0 0 0 0
1140 4 0 0 0 0 0 0 0 0 0 0 0 0
1141 4 0 0 0 0 0 0 0 0 0 0 0 0
1143 4 0 0 0 0 0 0 0 0 0 0 0 0
1144 4 0 0 0 0 0 0 0 0 0 0 0 0
1145 4 1 1 0 0 0 0 0 0 0 0 0 0
1146 4 0 0 0 0 0 0 0 0 0 0 0 0
1147 4 0 0 0 0 0 0 0 0 0 0 0 0
1148 4 0 0 0 0 0 0 0 0 0 0 0 0
1149 4 0 0 0 0 0 0 0 0 4 2 0 0
1150 1 0 0 1 0 0 0 0 0 0 0 0 0
1154 1 0 0 0 0 0 0 0 0 0 0 0 0
1155 1 0 0 0 0 0 0 0 0 0 0 0 0
1156 1 0 0 0 0 0 0 0 0 0 0 0 0
1162 1 0 0 0 0 0 0 0 0 0 0 0 0
1163 1 0 0 0 0 0 0 0 0 0 0 0 0
1164 2 0 0 0 0 0 0 0 0 0 0 0 0
1168 1 1 1 0 0 0 0 0 0 0 0 0 0
1169 1 0 0 0 0 0 0 0 0 1 0 0 0
1172 1 0 0 1 0 0 0 0 0 0 0 0 0
1173 1 0 0 1 0 0 0 0 0 0 0 0 0
1174 1 0 0 0 0 0 0 0 0 0 0 0 0
1176 1 0 0 0 0 0 0 0 0 0 0 0 0
1177 1 0 0 0 0 0 0 0 0 0 0 0 0
1178 1 0 0 0 0 0 0 0 0 0 0 0 0
1182 1 0 0 0 0 0 0 0 0 0 0 0 0
1183 1 0 0 0 0 0 0 0 0 0 0 0 0
1184 1 0 0 0 0 0 0 0 0 0 0 0 0
1185 1 0 0 0 0 0 0 0 0 0 0 0 0
1186 1 0 0 0 0 0 0 0 0 0 0 0 0
1187 1 1 1 0 0 0 0 0 0 1 1 0 0
1194 1 0 0 0 0 0 0 0 0 0 0 0 0
1195 1 0 0 0 0 0 0 0 0 0 0 0 0
1197 1 0 0 0 0 0 0 0 0 0 0 0 0
1198 1 0 0 0 0 0 0 0 0 1 0 0 0
1200 1 0 0 1 0 0 0 0 0 0 0 0 0
1201 1 0 0 1 0 0 0 0 0 0 0 0 0
1202 1 0 0 0 0 0 0 0 0 0 0 0 0
1204 1 0 0 0 0 0 0 0 0 0 0 0 0
1205 1 0 0 0 0 0 0 0 0 0 0 0 0
1206 1 0 0 0 0 0 0 0 0 0 0 0 0
1210 1 0 0 0 0 0 0 0 0 0 0 0 0
1211 1 0 0 0 0 0 0 0 0 0 0 0 0
1212 1 0 0 0 0 0 0 0 0 0 0 0 0
1213 1 0 0 0 0 0 0 0 0 0 0 0 0
1214 1 1 1 0 0 0 0 0 0 0 0 0 0
1215 1 0 0 0 0 0 0 0 0 1 1 0 0
1256 7 1 1 0 0 0 0 0 0 0 0 0 0
1257 7 0 0 7 1 1 0 0 0 0 0 0 0
1258 7 0 0 7 1 1 0 0 0 0 0 0 0
1259 7 0 0 0 0 0 0 0 0 0 0 0 0
1260 7 0 0 0 0 0 0 0 0 0 0 0 0
1262 7 0 0 0 0 0 0 0 0 0 0 0 0
1263 7 0 0 0 0 0 0 0 0 0 0 0 0
1264 7 1 1 0 0 0 0 0 0 0 0 0 0
1265 7 0 0 0 0 0 0 0 0 0 0 0 0
1266 7 0 0 0 0 0 0 0 0 0 0 0 0
1267 7 0 0 0 0 0 0 0 0 0 0 0 0
1268 7 0 0 0 0 0 0 0 0 7 2 0 0
1269 2 0 0 2 0 0 0 0 0 0 0 0 0
1273 2 0 0 0 0 0 0 0 0 0 0 0 0
1274 2 0 0 0 0 0 0 0 0 0 0 0 0
1275 2 0 0 0 0 0 0 0 0 0 0 0 0
1281 2 0 0 0 0 0 0 0 0 0 0 0 0
1282 2 0 0 0 0 0 0 0 0 0 0 0 0
1283 4 0 0 0 0 0 0 0 0 0 0 0 0
1287 2 1 1 0 0 0 0 0 0 0 0 0 0
1288 2 0 0 0 0 0 0 0 0 2 0 0 0
1291 2 0 0 2 1 1 0 0 0 0 0 0 0
1292 2 0 0 2 1 1 0 0 0 0 0 0 0
1293 2 0 0 0 0 0 0 0 0 0 0 0 0
1295 2 0 0 0 0 0 0 0 0 0 0 0 0
1296 2 0 0 0 0 0 0 0 0 0 0 0 0
1297 2 0 0 0 0 0 0 0 0 0 0 0 0
1301 2 0 0 0 0 0 0 0 0 0 0 0 0
1302 2 0 0 0 0 0 0 0 0 0 0 0 0
1303 2 0 0 0 0 0 0 0 0 0 0 0 0
1304 2 0 0 0 0 0 0 0 0 0 0 0 0
1305 2 0 0 0 0 0 0 0 0 0 0 0 0
1306 2 2 1 0 0 0 0 0 0 2 1 0 0
1375 2 1 1 0 0 0 0 0 0 0 0 0 0
1376 2 0 0 2 1 1 0 0 0 0 0 0 0
1377 2 0 0 2 0 0 0 0 0 0 0 0 0
1378 2 0 0 0 0 0 0 0 0 0 0 0 0
1379 2 0 0 0 0 0 0 0 0 0 0 0 0
1381 2 0 0 0 0 0 0 0 0 0 0 0 0
1382 2 0 0 0 0 0 0 0 0 0 0 0 0
1383 2 1 1 0 0 0 0 0 0 0 0 0 0
1384 2 0 0 0 0 0 0 0 0 0 0 0 0
1385 2 0 0 0 0 0 0 0 0 0 0 0 0
1386 2 0 0 0 0 0 0 0 0 0 0 0 0
1387 2 0 0 0 0 0 0 0 0 2 0 0 0
1388 2 0 0 2 0 0 0 0 0 0 0 0 0
1392 2 0 0 0 0 0 0 0 0 0 0 0 0
1393 2 0 0 0 0 0 0 0 0 0 0 0 0
1394 2 0 0 0 0 0 0 0 0 0 0 0 0
1400 2 0 0 0 0 0 0 0 0 0 0 0 0
1401 2 0 0 0 0 0 0 0 0 0 0 0 0
1402 4 0 0 0 0 0 0 0 0 0 0 0 0
1406 2 1 1 0 0 0 0 0 0 0 0 0 0
1407 2 0 0 0 0 0 0 0 0 2 0 0 0
1410 2 0 0 2 0 0 0 0 0 0 0 0 0
1411 2 0 0 2 0 0 0 0 0 0 0 0 0
1412 2 0 0 0 0 0 0 0 0 0 0 0 0
1414 2 0 0 0 0 0 0 0 0 0 0 0 0
1415 2 0 0 0 0 0 0 0 0 0 0 0 0
1416 2 0 0 0 0 0 0 0 0 0 0 0 0
1420 2 0 0 0 0 0 0 0 0 0 0 0 0
1421 2 0 0 0 0 0 0 0 0 0 0 0 0
1422 2 0 0 0 0 0 0 0 0 0 0 0 0
1423 2 0 0 0 0 0 0 0 0 0 0 0 0
1424 2 0 0 0 0 0 0 0 0 0 0 0 0
1425 2 1 1 0 0 0 0 0 0 2 1 0 0
1494 24 1 1 0 0 0 0 0 0 0 0 0 0
1495 24 0 0 24 0 0 0 0 0 0 0 0 0
1496 24 0 0 24 3 3 0 0 0 0 0 0 0
1497 24 0 0 0 0 0 0 0 0 0 0 0 0
1498 24 0 0 0 0 0 0 0 0 0 0 0 0
1500 24 0 0 0 0 0 0 0 0 0 0 0 0
1501 24 0 0 0 0 0 0 0 0 0 0 0 0
1502 24 1 1 0 0 0 0 0 0 0 0 0 0
1503 24 0 0 0 0 0 0 0 0 0 0 0 0
1504 24 0 0 0 0 0 0 0 0 0 0 0 0
1505 24 0 0 0 0 0 0 0 0 0 0 0 0
1506 24 0 0 0 0 0 0 0 0 24 13 0 0
1507 9 0 0 9 0 0 0 0 0 0 0 0 0
1511 9 0 0 0 0 0 0 0 0 0 0 0 0
1512 9 0 0 0 0 0 0 0 0 0 0 0 0
1513 9 0 0 0 0 0 0 0 0 0 0 0 0
1519 9 0 0 0 0 0 0 0 0 0 0 0 0
1520 9 0 0 0 0 0 0 0 0 0 0 0 0
1521 18 0 0 0 0 0 0 0 0 0 0 0 0
1525 9 1 1 0 0 0 0 0 0 0 0 0 0
1526 9 0 0 0 0 0 0 0 0 9 0 0 0
1529 9 0 0 9 2 2 0 0 0 0 0 0 0
1530 9 0 0 9 0 0 0 0 0 0 0 0 0
1531 9 0 0 0 0 0 0 0 0 0 0 0 0
1533 9 0 0 0 0 0 0 0 0 0 0 0 0
1534 9 0 0 0 0 0 0 0 0 0 0 0 0
1535 9 0 0 0 0 0 0 0 0 0 0 0 0
1539 9 0 0 0 0 0 0 0 0 0 0 0 0
1540 9 0 0 0 0 0 0 0 0 0 0 0 0
1541 9 0 0 0 0 0 0 0 0 0 0 0 0
1542 9 0 0 0 0 0 0 0 0 0 0 0 0
1543 9 0 0 0 0 0 0 0 0 0 0 0 0
1544 9 1 1 0 0 0 0 0 0 9 5 0 0
1613 8 1 1 0 0 0 0 0 0 0 0 0 0
1614 8 0 0 8 2 1 0 0 0 0 0 0 0
1615 8 0 0 8 1 1 0 0 0 0 0 0 0
1616 8 0 0 0 0 0 0 0 0 0 0 0 0
1617 8 0 0 0 0 0 0 0 0 0 0 0 0
1619 8 0 0 0 0 0 0 0 0 0 0 0 0
1620 8 0 0 0 0 0 0 0 0 0 0 0 0
1621 8 1 1 0 0 0 0 0 0 0 0 0 0
1622 8 0 0 0 0 0 0 0 0 0 0 0 0
1623 8 0 0 0 0 0 0 0 0 0 0 0 0
1624 8 0 0 0 0 0 0 0 0 0 0 0 0
1625 8 0 0 0 0 0 0 0 0 8 4 0 0
1626 5 0 0 5 0 0 0 0 0 0 0 0 0
1630 5 0 0 0 0 0 0 0 0 0 0 0 0
1631 5 0 0 0 0 0 0 0 0 0 0 0 0
1632 5 0 0 0 0 0 0 0 0 0 0 0 0
1638 5 0 0 0 0 0 0 0 0 0 0 0 0
1639 5 0 0 0 0 0 0 0 0 0 0 0 0
1640 10 0 0 0 0 0 0 0 0 0 0 0 0
1644 5 1 1 0 0 0 0 0 0 0 0 0 0
1645 5 0 0 0 0 0 0 0 0 5 0 0 0
1648 5 0 0 5 1 1 0 0 0 0 0 0 0
1649 5 0 0 5 1 1 0 0 0 0 0 0 0
1650 5 0 0 0 0 0 0 0 0 0 0 0 0
1652 5 0 0 0 0 0 0 0 0 0 0 0 0
1653 5 0 0 0 0 0 0 0 0 0 0 0 0
1654 5 0 0 0 0 0 0 0 0 0 0 0 0
1658 5 0 0 0 0 0 0 0 0 0 0 0 0
1659 5 0 0 0 0 0 0 0 0 0 0 0 0
1660 5 0 0 0 0 0 0 0 0 0 0 0 0
1661 5 0 0 0 0 0 0 0 0 0 0 0 0
1662 5 0 0 0 0 0 0 0 0 0 0 0 0
1663 5 1 1 0 0 0 0 0 0 5 2 0 0
1670 1 0 0 0 0 0 0 0 0 0 0 0 0
1671 1 0 0 0 0 0 0 0 0 0 0 0 0
1673 1 0 0 0 0 0 0 0 0 0 0 0 0
1674 1 0 0 0 0 0 0 0 0 1 0 0 0
1676 1 0 0 1 0 0 0 0 0 0 0 0 0
1677 1 0 0 1 1 1 0 0 0 0 0 0 0
1678 1 0 0 0 0 0 0 0 0 0 0 0 0
1680 1 0 0 0 0 0 0 0 0 0 0 0 0
1681 1 0 0 0 0 0 0 0 0 0 0 0 0
1682 1 0 0 0 0 0 0 0 0 0 0 0 0
1686 1 0 0 0 0 0 0 0 0 0 0 0 0
1687 1 0 0 0 0 0 0 0 0 0 0 0 0
1688 1 0 0 0 0 0 0 0 0 0 0 0 0
1689 1 0 0 0 0 0 0 0 0 0 0 0 0
1690 1 1 1 0 0 0 0 0 0 0 0 0 0
1691 1 0 0 0 0 0 0 0 0 1 1 0 0
1732 26 1 1 0 0 0 0 0 0 0 0 0 0
1733 26 0 0 26 4 3 0 0 0 0 0 0 0
1734 26 0 0 26 5 4 0 0 0 0 0 0 0
1735 26 0 0 0 0 0 0 0 0 0 0 0 0
1736 26 0 0 0 0 0 0 0 0 0 0 0 0
1738 26 0 0 0 0 0 0 0 0 0 0 0 0
1739 26 0 0 0 0 0 0 0 0 0 0 0 0
1740 26 1 1 0 0 0 0 0 0 0 0 0 0
1741 26 0 0 0 0 0 0 0 0 0 0 0 0
1742 26 0 0 0 0 0 0 0 0 0 0 0 0
1743 26 0 0 0 0 0 0 0 0 0 0 0 0
1744 26 0 0 0 0 0 0 0 0 26 11 0 0
1745 11 0 0 11 0 0 0 0 0 0 0 0 0
1749 11 0 0 0 0 0 0 0 0 0 0 0 0
1750 11 0 0 0 0 0 0 0 0 0 0 0 0
1751 11 0 0 0 0 0 0 0 0 0 0 0 0
1757 11 0 0 0 0 0 0 0 0 0 0 0 0
1758 11 0 0 0 0 0 0 0 0 0 0 0 0
1759 22 0 0 0 0 0 0 0 0 0 0 0 0
1763 11 1 1 0 0 0 0 0 0 0 0 0 0
1764 11 0 0 0 0 0 0 0 0 11 0 0 0
1767 11 0 0 11 2 2 0 0 0 0 0 0 0
1768 11 0 0 11 2 2 0 0 0 0 0 0 0
1769 11 0 0 0 0 0 0 0 0 0 0 0 0
1771 11 0 0 0 0 0 0 0 0 0 0 0 0
1772 11 0 0 0 0 0 0 0 0 0 0 0 0
1773 11 0 0 0 0 0 0 0 0 0 0 0 0
1777 11 0 0 0 0 0 0 0 0 0 0 0 0
1778 11 0 0 0 0 0 0 0 0 0 0 0 0
1779 11 0 0 0 0 0 0 0 0 0 0 0 0
1780 11 0 0 0 0 0 0 0 0 0 0 0 0
1781 11 0 0 0 0 0 0 0 0 0 0 0 0
1782 11 1 1 0 0 0 0 0 0 11 4 0 0
1789 1 0 0 0 0 0 0 0 0 0 0 0 0
1790 1 0 0 0 0 0 0 0 0 0 0 0 0
1792 1 0 0 0 0 0 0 0 0 0 0 0 0
1793 1 0 0 0 0 0 0 0 0 1 0 0 0
1795 1 0 0 1 0 0 0 0 0 0 0 0 0
1796 1 0 0 1 0 0 0 0 0 0 0 0 0
1797 1 0 0 0 0 0 0 0 0 0 0 0 0
1799 1 0 0 0 0 0 0 0 0 0 0 0 0
1800 1 0 0 0 0 0 0 0 0 0 0 0 0
1801 1 0 0 0 0 0 0 0 0 0 0 0 0
1805 1 0 0 0 0 0 0 0 0 0 0 0 0
1806 1 0 0 0 0 0 0 0 0 0 0 0 0
1807 1 0 0 0 0 0 0 0 0 0 0 0 0
1808 1 0 0 0 0 0 0 0 0 0 0 0 0
1809 1 1 1 0 0 0 0 0 0 0 0 0 0
1810 1 0 0 0 0 0 0 0 0 1 1 0 0
1851 8 1 1 0 0 0 0 0 0 0 0 0 0
1852 8 0 0 8 2 2 0 0 0 0 0 0 0
1853 8 0 0 8 0 0 0 0 0 0 0 0 0
1854 8 0 0 0 0 0 0 0 0 0 0 0 0
1855 8 0 0 0 0 0 0 0 0 0 0 0 0
1857 8 0 0 0 0 0 0 0 0 0 0 0 0
1858 8 0 0 0 0 0 0 0 0 0 0 0 0
1859 8 1 1 0 0 0 0 0 0 0 0 0 0
1860 8 0 0 0 0 0 0 0 0 0 0 0 0
1861 8 0 0 0 0 0 0 0 0 0 0 0 0
1862 8 0 0 0 0 0 0 0 0 0 0 0 0
1863 8 0 0 0 0 0 0 0 0 8 3 0 0
1864 6 0 0 6 0 0 0 0 0 0 0 0 0
1868 6 0 0 0 0 0 0 0 0 0 0 0 0
1869 6 0 0 0 0 0 0 0 0 0 0 0 0
1870 6 0 0 0 0 0 0 0 0 0 0 0 0
1876 6 0 0 0 0 0 0 0 0 0 0 0 0
1877 6 0 0 0 0 0 0 0 0 0 0 0 0
1878 12 0 0 0 0 0 0 0 0 0 0 0 0
1882 6 1 1 0 0 0 0 0 0 0 0 0 0
1883 6 0 0 0 0 0 0 0 0 6 0 0 0
1886 6 0 0 6 0 0 0 0 0 0 0 0 0
1887 6 0 0 6 0 0 0 0 0 0 0 0 0
1888 6 0 0 0 0 0 0 0 0 0 0 0 0
1890 6 0 0 0 0 0 0 0 0 0 0 0 0
1891 6 0 0 0 0 0 0 0 0 0 0 0 0
1892 6 0 0 0 0 0 0 0 0 0 0 0 0
1896 6 0 0 0 0 0 0 0 0 0 0 0 0
1897 6 0 0 0 0 0 0 0 0 0 0 0 0
1898 6 0 0 0 0 0 0 0 0 0 0 0 0
1899 6 0 0 0 0 0 0 0 0 0 0 0 0
1900 6 0 0 0 0 0 0 0 0 0 0 0 0
1901 6 1 1 0 0 0 0 0 0 6 3 0 0
1970 13 1 1 0 0 0 0 0 0 0 0 0 0
1971 13 0 0 13 2 0 0 0 0 0 0 0 0
1972 13 0 0 13 2 2 0 0 0 0 0 0 0
1973 13 0 0 0 0 0 0 0 0 0 0 0 0
1974 13 0 0 0 0 0 0 0 0 0 0 0 0
1976 13 0 0 0 0 0 0 0 0 0 0 0 0
1977 13 0 0 0 0 0 0 0 0 0 0 0 0
1978 13 1 1 0 0 0 0 0 0 0 0 0 0
1979 13 0 0 0 0 0 0 0 0 0 0 0 0
1980 13 0 0 0 0 0 0 0 0 0 0 0 0
1981 13 0 0 0 0 0 0 0 0 0 0 0 0
1982 13 0 0 0 0 0 0 0 0 13 5 0 0
1984 7 0 0 7 0 0 0 0 0 0 0 0 0
1988 7 0 0 0 0 0 0 0 0 0 0 0 0
1989 7 0 0 0 0 0 0 0 0 0 0 0 0
1990 7 0 0 0 0 0 0 0 0 0 0 0 0
1996 7 0 0 0 0 0 0 0 0 0 0 0 0
1997 7 0 0 0 0 0 0 0 0 0 0 0 0
1999 14 0 0 0 0 0 0 0 0 0 0 0 0
2003 7 1 1 0 0 0 0 0 0 0 0 0 0
2004 7 0 0 0 0 0 0 0 0 7 0 0 0
2007 7 0 0 7 1 1 0 0 0 0 0 0 0
2008 7 0 0 7 3 1 0 0 0 0 0 0 0
2009 7 0 0 0 0 0 0 0 0 0 0 0 0
2011 7 0 0 0 0 0 0 0 0 0 0 0 0
2012 7 0 0 0 0 0 0 0 0 0 0 0 0
2013 7 0 0 0 0 0 0 0 0 0 0 0 0
2017 7 0 0 0 0 0 0 0 0 0 0 0 0
2018 7 0 0 0 0 0 0 0 0 0 0 0 0
2019 7 0 0 0 0 0 0 0 0 0 0 0 0
2020 7 0 0 0 0 0 0 0 0 0 0 0 0
2021 7 0 0 0 0 0 0 0 0 0 0 0 0
2022 7 1 1 0 0 0 0 0 0 7 1 0 0
2093 67 0 0 0 0 0 0 0 0 0 0 0 0
2095 138 1 1 0 0 0 0 0 0 0 0 0 0
2096 138 0 0 0 0 0 0 0 0 0 0 0 0
2097 138 0 0 0 0 0 0 0 0 0 0 0 0
2098 138 0 0 0 0 0 0 0 0 138 28 0 0
2099 142 0 0 0 0 0 0 0 0 0 0 0 0
2104 391 1 1 0 0 0 0 0 0 0 0 0 0
2110 391 0 0 391 0 0 0 0 0 0 0 0 0
2111 391 0 0 391 0 0 0 0 0 0 0 0 0
2119 391 0 0 0 0 0 0 0 0 0 0 0 0
2120 391 0 0 391 0 0 0 0 0 0 0 0 0
fn=strncmp
98 1 0 0 0 0 0 0 0 0 0 0 0 0
125 1 0 0 0 0 0 0 0 0 0 0 0 0
126 1 0 0 0 0 0 0 0 0 1 0 0 0
127 1 0 0 0 0 0 0 0 0 0 0 0 0
128 1 0 0 0 0 0 0 0 0 1 0 0 0
129 1 0 0 0 0 0 0 0 0 0 0 0 0
131 1 0 0 0 0 0 0 0 0 0 0 0 0
132 1 0 0 0 0 0 0 0 0 0 0 0 0
134 1 1 1 0 0 0 0 0 0 0 0 0 0
135 1 0 0 0 0 0 0 0 0 0 0 0 0
156 1 0 0 0 0 0 0 0 0 0 0 0 0
157 1 0 0 0 0 0 0 0 0 0 0 0 0
158 1 0 0 0 0 0 0 0 0 0 0 0 0
159 1 0 0 0 0 0 0 0 0 1 0 0 0
160 1 0 0 1 0 0 0 0 0 0 0 0 0
161 1 0 0 1 1 1 0 0 0 0 0 0 0
162 1 0 0 1 0 0 0 0 0 0 0 0 0
163 1 0 0 1 0 0 0 0 0 0 0 0 0
180 1 0 0 0 0 0 0 0 0 0 0 0 0
181 1 0 0 0 0 0 0 0 0 0 0 0 0
182 1 0 0 0 0 0 0 0 0 0 0 0 0
183 1 0 0 0 0 0 0 0 0 0 0 0 0
184 1 0 0 0 0 0 0 0 0 0 0 0 0
185 1 0 0 0 0 0 0 0 0 0 0 0 0
186 1 1 1 0 0 0 0 0 0 1 1 0 0
2104 1 1 1 0 0 0 0 0 0 0 0 0 0
2107 1 0 0 0 0 0 0 0 0 0 0 0 0
2108 1 0 0 0 0 0 0 0 0 1 0 0 0
2110 1 0 0 1 0 0 0 0 0 0 0 0 0
2111 1 0 0 1 0 0 0 0 0 0 0 0 0
2119 1 0 0 0 0 0 0 0 0 0 0 0 0
2120 1 0 0 1 0 0 0 0 0 0 0 0 0
fl=./string/../sysdeps/x86_64/multiarch/../multiarch/strlen-sse2.S
fn=strlen
57 22 1 1 0 0 0 0 0 0 0 0 0 0
101 22 0 0 0 0 0 0 0 0 0 0 0 0
102 22 0 0 0 0 0 0 0 0 0 0 0 0
103 22 0 0 0 0 0 0 0 0 0 0 0 0
104 22 0 0 0 0 0 0 0 0 0 0 0 0
105 22 0 0 0 0 0 0 0 0 0 0 0 0
106 22 0 0 0 0 0 0 0 0 0 0 0 0
107 22 0 0 0 0 0 0 0 0 0 0 0 0
109 22 0 0 0 0 0 0 0 0 0 0 0 0
111 22 0 0 0 0 0 0 0 0 22 6 0 0
142 16 0 0 16 2 2 0 0 0 0 0 0 0
143 16 0 0 0 0 0 0 0 0 0 0 0 0
144 16 0 0 0 0 0 0 0 0 0 0 0 0
145 16 0 0 0 0 0 0 0 0 0 0 0 0
146 16 0 0 0 0 0 0 0 0 16 9 0 0
147 5 0 0 0 0 0 0 0 0 0 0 0 0
149 5 0 0 5 0 0 0 0 0 0 0 0 0
153 11 1 1 0 0 0 0 0 0 0 0 0 0
154 11 0 0 11 0 0 0 0 0 0 0 0 0
155 11 0 0 11 0 0 0 0 0 0 0 0 0
156 11 0 0 11 1 1 0 0 0 0 0 0 0
157 11 0 0 0 0 0 0 0 0 0 0 0 0
158 11 0 0 0 0 0 0 0 0 0 0 0 0
159 11 0 0 0 0 0 0 0 0 0 0 0 0
160 11 0 0 0 0 0 0 0 0 0 0 0 0
161 11 0 0 0 0 0 0 0 0 0 0 0 0
162 11 0 0 0 0 0 0 0 0 0 0 0 0
163 11 0 0 0 0 0 0 0 0 0 0 0 0
164 11 0 0 0 0 0 0 0 0 0 0 0 0
169 88 1 1 11 0 0 0 0 0 11 0 0 0
173 6 0 0 0 0 0 0 0 0 0 0 0 0
174 84 1 1 24 0 0 0 0 0 0 0 0 0
175 42 0 0 3 0 0 0 0 0 6 3 0 0
190 3 0 0 0 0 0 0 0 0 0 0 0 0
191 3 0 0 0 0 0 0 0 0 0 0 0 0
192 6 0 0 0 0 0 0 0 0 0 0 0 0
243 3 1 1 3 0 0 0 0 0 0 0 0 0
244 3 0 0 3 0 0 0 0 0 0 0 0 0
245 3 0 0 3 0 0 0 0 0 0 0 0 0
246 3 0 0 3 0 0 0 0 0 0 0 0 0
247 3 0 0 0 0 0 0 0 0 0 0 0 0
248 3 0 0 0 0 0 0 0 0 0 0 0 0
249 3 0 0 0 0 0 0 0 0 0 0 0 0
250 3 0 0 0 0 0 0 0 0 3 3 0 0
266 3 1 1 0 0 0 0 0 0 0 0 0 0
268 3 0 0 0 0 0 0 0 0 0 0 0 0
269 42 1 1 12 0 0 0 0 0 0 0 0 0
271 3 0 0 0 0 0 0 0 0 0 0 0 0
272 3 0 0 0 0 0 0 0 0 0 0 0 0
273 3 0 0 0 0 0 0 0 0 0 0 0 0
275 3 0 0 3 0 0 0 0 0 0 0 0 0
fl=./string/../sysdeps/x86_64/multiarch/ifunc-avx2.h
fn=memrchr
38 4 0 0 0 0 0 0 0 0 1 1 0 0
40 3 0 0 2 0 0 0 0 0 0 0 0 0
41 2 0 0 1 0 0 0 0 0 1 1 0 0
42 3 1 1 1 0 0 0 0 0 1 0 0 0
45 2 0 0 0 0 0 0 0 0 0 0 0 0
46 2 0 0 0 0 0 0 0 0 1 1 0 0
49 3 0 0 0 0 0 0 0 0 1 0 0 0
52 6 0 0 0 0 0 0 0 0 0 0 0 0
fn=rindex
38 4 0 0 0 0 0 0 0 0 1 1 0 0
40 3 0 0 2 0 0 0 0 0 0 0 0 0
41 2 1 1 1 0 0 0 0 0 1 0 0 0
42 3 0 0 1 0 0 0 0 0 1 0 0 0
45 2 0 0 0 0 0 0 0 0 0 0 0 0
46 2 0 0 0 0 0 0 0 0 1 1 0 0
49 3 0 0 0 0 0 0 0 0 1 0 0 0
52 6 1 1 0 0 0 0 0 0 0 0 0 0
fn=strchrnul
38 4 0 0 0 0 0 0 0 0 1 1 0 0
40 3 0 0 2 0 0 0 0 0 0 0 0 0
41 2 1 1 1 0 0 0 0 0 1 0 0 0
42 3 0 0 1 0 0 0 0 0 1 0 0 0
45 2 0 0 0 0 0 0 0 0 0 0 0 0
46 2 0 0 0 0 0 0 0 0 1 0 0 0
49 3 0 0 0 0 0 0 0 0 1 0 0 0
52 6 0 0 0 0 0 0 0 0 0 0 0 0
fn=strlen
38 8 0 0 0 0 0 0 0 0 2 2 0 0
40 6 0 0 4 0 0 0 0 0 0 0 0 0
41 4 0 0 2 0 0 0 0 0 2 0 0 0
42 6 1 1 2 0 0 0 0 0 2 0 0 0
45 4 0 0 0 0 0 0 0 0 0 0 0 0
46 4 0 0 0 0 0 0 0 0 2 2 0 0
49 6 0 0 0 0 0 0 0 0 2 0 0 0
52 12 0 0 0 0 0 0 0 0 0 0 0 0
fn=strnlen
38 8 0 0 0 0 0 0 0 0 2 2 0 0
40 6 0 0 4 1 0 0 0 0 0 0 0 0
41 4 1 1 2 0 0 0 0 0 2 0 0 0
42 6 0 0 2 0 0 0 0 0 2 0 0 0
45 4 0 0 0 0 0 0 0 0 0 0 0 0
46 4 0 0 0 0 0 0 0 0 2 2 0 0
49 6 0 0 0 0 0 0 0 0 2 0 0 0
52 12 1 1 0 0 0 0 0 0 0 0 0 0
fl=./string/../sysdeps/x86_64/multiarch/ifunc-evex.h
fn=memchr
37 4 0 0 0 0 0 0 0 0 1 1 0 0
38 3 1 1 2 0 0 0 0 0 0 0 0 0
39 3 0 0 1 0 0 0 0 0 1 0 0 0
42 2 0 0 0 0 0 0 0 0 0 0 0 0
43 2 0 0 0 0 0 0 0 0 1 0 0 0
45 2 0 0 0 0 0 0 0 0 0 0 0 0
51 3 0 0 0 0 0 0 0 0 1 0 0 0
54 4 0 0 0 0 0 0 0 0 0 0 0 0
fl=./string/../sysdeps/x86_64/multiarch/ifunc-memcmp.h
fn=bcmp
34 10 1 1 4 0 0 0 0 0 2 0 0 0
35 4 0 0 2 1 0 0 0 0 2 0 0 0
36 4 0 0 0 0 0 0 0 0 2 0 0 0
37 6 0 0 2 0 0 0 0 0 2 0 0 0
40 4 0 0 0 0 0 0 0 0 0 0 0 0
41 4 0 0 0 0 0 0 0 0 2 2 0 0
44 6 0 0 0 0 0 0 0 0 2 0 0 0
47 8 0 0 0 0 0 0 0 0 0 0 0 0
fl=./string/../sysdeps/x86_64/multiarch/ifunc-memmove.h
fn=memcpy@@GLIBC_2.14
56 4 0 0 0 0 0 0 0 0 2 0 0 0
57 6 0 0 4 2 0 0 0 0 0 0 0 0
60 6 1 1 2 0 0 0 0 0 0 0 0 0
61 4 1 1 0 0 0 0 0 0 2 2 0 0
74 4 0 0 0 0 0 0 0 0 2 0 0 0
77 4 0 0 0 0 0 0 0 0 2 0 0 0
85 4 0 0 0 0 0 0 0 0 2 2 0 0
93 4 0 0 0 0 0 0 0 0 2 2 0 0
96 10 1 1 2 0 0 0 0 0 0 0 0 0
fn=memmove
56 4 0 0 0 0 0 0 0 0 2 0 0 0
57 6 0 0 4 0 0 0 0 0 0 0 0 0
60 6 0 0 2 0 0 0 0 0 0 0 0 0
61 4 1 1 0 0 0 0 0 0 2 2 0 0
74 4 0 0 0 0 0 0 0 0 2 0 0 0
77 4 0 0 0 0 0 0 0 0 2 0 0 0
85 4 0 0 0 0 0 0 0 0 2 2 0 0
93 4 1 1 0 0 0 0 0 0 2 2 0 0
96 10 2 2 2 0 0 0 0 0 0 0 0 0
fn=mempcpy
56 2 0 0 0 0 0 0 0 0 1 0 0 0
57 3 0 0 2 0 0 0 0 0 0 0 0 0
60 3 1 1 1 0 0 0 0 0 0 0 0 0
61 2 1 1 0 0 0 0 0 0 1 1 0 0
74 2 0 0 0 0 0 0 0 0 1 0 0 0
77 2 0 0 0 0 0 0 0 0 1 0 0 0
85 2 0 0 0 0 0 0 0 0 1 1 0 0
93 2 0 0 0 0 0 0 0 0 1 1 0 0
96 5 1 1 1 0 0 0 0 0 0 0 0 0
fl=./string/../sysdeps/x86_64/multiarch/ifunc-memset.h
fn=memset
54 10 0 0 4 0 0 0 0 0 2 0 0 0
57 6 0 0 2 0 0 0 0 0 0 0 0 0
58 4 1 1 0 0 0 0 0 0 2 2 0 0
64 4 1 1 0 0 0 0 0 0 0 0 0 0
73 4 0 0 0 0 0 0 0 0 2 0 0 0
75 4 0 0 0 0 0 0 0 0 2 0 0 0
85 4 0 0 0 0 0 0 0 0 2 0 0 0
93 4 0 0 0 0 0 0 0 0 2 0 0 0
96 10 0 0 2 0 0 0 0 0 0 0 0 0
fl=./string/../sysdeps/x86_64/multiarch/ifunc-sse4_2.h
fn=strcspn
36 5 0 0 2 0 0 0 0 0 0 0 0 0
fn=strpbrk
36 5 1 1 2 1 0 0 0 0 0 0 0 0
fn=strspn
36 5 1 1 2 0 0 0 0 0 0 0 0 0
fl=./string/../sysdeps/x86_64/multiarch/ifunc-strcasecmp.h
fn=strcasecmp
36 4 0 0 0 0 0 0 0 0 1 1 0 0
37 2 0 0 2 0 0 0 0 0 0 0 0 0
38 3 1 1 1 0 0 0 0 0 1 0 0 0
41 2 0 0 0 0 0 0 0 0 0 0 0 0
42 2 0 0 0 0 0 0 0 0 1 1 0 0
45 3 0 0 0 0 0 0 0 0 1 0 0 0
48 5 1 1 0 0 0 0 0 0 1 0 0 0
fn=strcasecmp_l
36 4 0 0 0 0 0 0 0 0 1 1 0 0
37 2 1 1 2 0 0 0 0 0 0 0 0 0
38 3 1 1 1 0 0 0 0 0 1 0 0 0
41 2 0 0 0 0 0 0 0 0 0 0 0 0
42 2 0 0 0 0 0 0 0 0 1 1 0 0
45 3 0 0 0 0 0 0 0 0 1 0 0 0
48 5 0 0 0 0 0 0 0 0 1 0 0 0
fn=strncasecmp
36 4 0 0 0 0 0 0 0 0 1 1 0 0
37 2 0 0 2 0 0 0 0 0 0 0 0 0
38 3 1 1 1 0 0 0 0 0 1 0 0 0
41 2 0 0 0 0 0 0 0 0 0 0 0 0
42 2 0 0 0 0 0 0 0 0 1 1 0 0
45 3 0 0 0 0 0 0 0 0 1 0 0 0
48 5 0 0 0 0 0 0 0 0 1 0 0 0
fn=strncasecmp_l
36 4 0 0 0 0 0 0 0 0 1 1 0 0
37 2 1 1 2 0 0 0 0 0 0 0 0 0
38 3 1 1 1 0 0 0 0 0 1 0 0 0
41 2 0 0 0 0 0 0 0 0 0 0 0 0
42 2 0 0 0 0 0 0 0 0 1 1 0 0
45 3 0 0 0 0 0 0 0 0 1 0 0 0
48 5 0 0 0 0 0 0 0 0 1 0 0 0
fl=./string/../sysdeps/x86_64/multiarch/ifunc-strcpy.h
fn=stpcpy
38 4 0 0 2 0 0 0 0 0 0 0 0 0
39 3 0 0 1 0 0 0 0 0 1 0 0 0
42 2 0 0 0 0 0 0 0 0 0 0 0 0
43 2 0 0 0 0 0 0 0 0 1 1 0 0
46 3 0 0 0 0 0 0 0 0 1 0 0 0
49 3 0 0 0 0 0 0 0 0 1 1 0 0
fn=strcat
38 4 0 0 2 0 0 0 0 0 0 0 0 0
39 3 1 1 1 0 0 0 0 0 1 0 0 0
42 2 0 0 0 0 0 0 0 0 0 0 0 0
43 2 0 0 0 0 0 0 0 0 1 1 0 0
46 3 0 0 0 0 0 0 0 0 1 0 0 0
49 3 0 0 0 0 0 0 0 0 1 1 0 0
fn=strcpy
38 4 0 0 2 0 0 0 0 0 0 0 0 0
39 3 1 1 1 0 0 0 0 0 1 0 0 0
42 2 0 0 0 0 0 0 0 0 0 0 0 0
43 2 0 0 0 0 0 0 0 0 1 1 0 0
46 3 0 0 0 0 0 0 0 0 1 0 0 0
49 3 0 0 0 0 0 0 0 0 1 1 0 0
fl=./string/../sysdeps/x86_64/multiarch/ifunc-strncpy.h
fn=stpncpy
35 5 1 1 2 0 0 0 0 0 1 0 0 0
36 3 0 0 1 0 0 0 0 0 1 0 0 0
39 2 0 0 0 0 0 0 0 0 0 0 0 0
40 2 0 0 0 0 0 0 0 0 1 1 0 0
43 3 0 0 0 0 0 0 0 0 1 0 0 0
46 4 0 0 0 0 0 0 0 0 0 0 0 0
fn=strncpy
35 5 0 0 2 0 0 0 0 0 1 0 0 0
36 3 0 0 1 0 0 0 0 0 1 1 0 0
39 2 0 0 0 0 0 0 0 0 0 0 0 0
40 2 0 0 0 0 0 0 0 0 1 1 0 0
43 3 0 0 0 0 0 0 0 0 1 0 0 0
46 4 0 0 0 0 0 0 0 0 0 0 0 0
fl=./string/../sysdeps/x86_64/multiarch/memchr-avx2.S
fn=__memchr_avx2
61 47 1 1 0 0 0 0 0 0 0 0 0 0
68 47 0 0 0 0 0 0 0 0 0 0 0 0
70 47 0 0 0 0 0 0 0 0 47 0 0 0
73 47 0 0 0 0 0 0 0 0 0 0 0 0
74 47 0 0 0 0 0 0 0 0 0 0 0 0
76 47 0 0 0 0 0 0 0 0 0 0 0 0
77 47 0 0 0 0 0 0 0 0 0 0 0 0
78 47 0 0 0 0 0 0 0 0 0 0 0 0
79 47 0 0 0 0 0 0 0 0 47 0 0 0
82 47 0 0 47 4 4 0 0 0 0 0 0 0
83 47 0 0 0 0 0 0 0 0 0 0 0 0
86 47 0 0 0 0 0 0 0 0 0 0 0 0
87 47 0 0 0 0 0 0 0 0 47 2 0 0
89 45 0 0 0 0 0 0 0 0 0 0 0 0
90 45 0 0 0 0 0 0 0 0 45 4 0 0
101 2 0 0 0 0 0 0 0 0 0 0 0 0
106 2 0 0 0 0 0 0 0 0 0 0 0 0
113 2 0 0 0 0 0 0 0 0 0 0 0 0
114 2 0 0 0 0 0 0 0 0 2 2 0 0
121 8 0 0 0 0 0 0 0 0 0 0 0 0
122 8 0 0 0 0 0 0 0 0 0 0 0 0
123 8 0 0 0 0 0 0 0 0 0 0 0 0
124 16 0 0 8 0 0 0 0 0 0 0 0 0
128 2 0 0 0 0 0 0 0 0 0 0 0 0
129 2 0 0 2 0 0 0 0 0 0 0 0 0
133 7 0 0 0 0 0 0 0 0 0 0 0 0
134 7 0 0 0 0 0 0 0 0 0 0 0 0
135 7 0 0 0 0 0 0 0 0 0 0 0 0
136 14 0 0 7 0 0 0 0 0 0 0 0 0
140 13 1 1 0 0 0 0 0 0 0 0 0 0
141 13 0 0 0 0 0 0 0 0 0 0 0 0
142 13 0 0 0 0 0 0 0 0 0 0 0 0
143 26 0 0 13 0 0 0 0 0 0 0 0 0
148 12 0 0 0 0 0 0 0 0 0 0 0 0
149 12 0 0 0 0 0 0 0 0 0 0 0 0
150 12 0 0 0 0 0 0 0 0 0 0 0 0
151 24 0 0 12 0 0 0 0 0 0 0 0 0
161 45 1 1 0 0 0 0 0 0 0 0 0 0
162 45 0 0 0 0 0 0 0 0 0 0 0 0
163 45 0 0 0 0 0 0 0 0 0 0 0 0
165 45 0 0 0 0 0 0 0 0 0 0 0 0
175 45 0 0 45 1 1 0 0 0 0 0 0 0
176 45 0 0 0 0 0 0 0 0 0 0 0 0
179 45 0 0 0 0 0 0 0 0 0 0 0 0
180 45 0 0 0 0 0 0 0 0 45 5 0 0
182 40 0 0 0 0 0 0 0 0 0 0 0 0
183 40 0 0 0 0 0 0 0 0 40 14 0 0
185 32 0 0 32 4 4 0 0 0 0 0 0 0
186 32 0 0 0 0 0 0 0 0 0 0 0 0
187 32 0 0 0 0 0 0 0 0 0 0 0 0
188 32 1 1 0 0 0 0 0 0 32 7 0 0
190 25 0 0 25 4 4 0 0 0 0 0 0 0
191 25 0 0 0 0 0 0 0 0 0 0 0 0
192 25 0 0 0 0 0 0 0 0 0 0 0 0
193 25 0 0 0 0 0 0 0 0 25 10 0 0
195 12 0 0 12 2 2 0 0 0 0 0 0 0
196 12 0 0 0 0 0 0 0 0 0 0 0 0
197 12 0 0 0 0 0 0 0 0 0 0 0 0
198 12 0 0 0 0 0 0 0 0 12 2 0 0
257 5 1 1 0 0 0 0 0 0 0 0 0 0
258 5 0 0 0 0 0 0 0 0 5 1 0 0
261 4 0 0 0 0 0 0 0 0 0 0 0 0
262 4 0 0 0 0 0 0 0 0 4 2 0 0
266 1 0 0 0 0 0 0 0 0 0 0 0 0
267 1 0 0 0 0 0 0 0 0 1 1 0 0
278 2 0 0 1 0 0 0 0 0 0 0 0 0
310 1 1 1 0 0 0 0 0 0 0 0 0 0
312 1 0 0 0 0 0 0 0 0 0 0 0 0
314 1 0 0 0 0 0 0 0 0 0 0 0 0
315 1 0 0 0 0 0 0 0 0 1 0 0 0
316 1 0 0 0 0 0 0 0 0 0 0 0 0
317 1 0 0 0 0 0 0 0 0 0 0 0 0
318 2 0 0 1 0 0 0 0 0 0 0 0 0
338 1 1 1 0 0 0 0 0 0 0 0 0 0
342 1 0 0 0 0 0 0 0 0 0 0 0 0
344 1 0 0 0 0 0 0 0 0 0 0 0 0
345 2 0 0 1 0 0 0 0 0 0 0 0 0
366 3 1 1 3 0 0 0 0 0 0 0 0 0
367 3 0 0 0 0 0 0 0 0 0 0 0 0
368 3 0 0 0 0 0 0 0 0 0 0 0 0
369 3 0 0 0 0 0 0 0 0 3 1 0 0
371 2 0 0 2 0 0 0 0 0 0 0 0 0
372 2 0 0 0 0 0 0 0 0 0 0 0 0
375 2 0 0 0 0 0 0 0 0 0 0 0 0
376 2 0 0 0 0 0 0 0 0 0 0 0 0
379 2 0 0 0 0 0 0 0 0 0 0 0 0
380 2 0 0 0 0 0 0 0 0 2 1 0 0
384 1 0 0 0 0 0 0 0 0 0 0 0 0
385 1 0 0 0 0 0 0 0 0 1 0 0 0
387 1 0 0 1 0 0 0 0 0 0 0 0 0
388 1 0 0 0 0 0 0 0 0 0 0 0 0
390 1 0 0 0 0 0 0 0 0 0 0 0 0
391 1 0 0 0 0 0 0 0 0 0 0 0 0
392 1 0 0 0 0 0 0 0 0 1 0 0 0
393 1 0 0 0 0 0 0 0 0 0 0 0 0
394 1 1 1 0 0 0 0 0 0 0 0 0 0
395 1 0 0 0 0 0 0 0 0 0 0 0 0
397 2 0 0 1 0 0 0 0 0 0 0 0 0
401 1 0 0 0 0 0 0 0 0 0 0 0 0
402 1 0 0 0 0 0 0 0 0 0 0 0 0
403 1 0 0 0 0 0 0 0 0 0 0 0 0
404 2 0 0 1 0 0 0 0 0 0 0 0 0
fl=./string/../sysdeps/x86_64/multiarch/memchr.c
fn=memchr
29 2 1 1 1 0 0 0 0 0 0 0 0 0
fl=./string/../sysdeps/x86_64/multiarch/memcmp-avx2-movbe.S
fn=__memcmp_avx2_movbe
73 1 1 1 0 0 0 0 0 0 0 0 0 0
80 1 0 0 0 0 0 0 0 0 0 0 0 0
81 1 0 0 0 0 0 0 0 0 1 1 0 0
401 1 1 1 0 0 0 0 0 0 0 0 0 0
402 1 0 0 0 0 0 0 0 0 1 0 0 0
407 1 0 0 0 0 0 0 0 0 0 0 0 0
408 1 0 0 0 0 0 0 0 0 0 0 0 0
409 1 0 0 0 0 0 0 0 0 0 0 0 0
410 1 0 0 0 0 0 0 0 0 0 0 0 0
411 1 0 0 0 0 0 0 0 0 1 1 0 0
429 1 1 1 0 0 0 0 0 0 0 0 0 0
430 1 0 0 0 0 0 0 0 0 1 0 0 0
432 1 0 0 0 0 0 0 0 0 0 0 0 0
433 1 0 0 0 0 0 0 0 0 1 1 0 0
476 1 1 1 1 0 0 0 0 0 0 0 0 0
477 1 0 0 1 1 1 0 0 0 0 0 0 0
478 1 0 0 0 0 0 0 0 0 0 0 0 0
479 1 0 0 0 0 0 0 0 0 1 0 0 0
480 1 0 0 1 0 0 0 0 0 0 0 0 0
481 1 0 0 1 0 0 0 0 0 0 0 0 0
482 1 0 0 0 0 0 0 0 0 0 0 0 0
484 1 1 1 0 0 0 0 0 0 1 0 0 0
486 1 0 0 1 0 0 0 0 0 0 0 0 0
fl=./string/../sysdeps/x86_64/multiarch/memcmp.c
fn=bcmp
29 8 2 2 2 0 0 0 0 0 0 0 0 0
fl=./string/../sysdeps/x86_64/multiarch/memcmpeq.c
fn=memcpy@@GLIBC_2.14
29 2 1 1 0 0 0 0 0 0 0 0 0 0
fl=./string/../sysdeps/x86_64/multiarch/memmove-vec-unaligned-erms.S
fn=__memcpy_avx_unaligned_erms
255 1357 1 1 0 0 0 0 0 0 0 0 0 0
256 1357 0 0 0 0 0 0 0 0 0 0 0 0
262 1357 0 0 0 0 0 0 0 0 0 0 0 0
263 1357 0 0 0 0 0 0 0 0 1357 26 0 0
265 190 0 0 190 128 0 0 0 0 0 0 0 0
266 190 0 0 0 0 0 0 0 0 0 0 0 0
267 190 0 0 0 0 0 0 0 0 190 19 0 0
270 20 0 0 20 0 0 0 0 0 0 0 0 0
271 20 0 0 0 0 0 20 0 0 0 0 0 0
272 20 0 0 0 0 0 20 0 0 0 0 0 0
275 40 0 0 20 0 0 0 0 0 0 0 0 0
305 1167 0 0 0 0 0 0 0 0 0 0 0 0
306 1167 0 0 0 0 0 0 0 0 1167 5 0 0
308 1163 0 0 0 0 0 0 0 0 0 0 0 0
309 1163 0 0 0 0 0 0 0 0 1163 12 0 0
311 1072 0 0 0 0 0 0 0 0 0 0 0 0
315 1072 0 0 0 0 0 0 0 0 1072 9 0 0
316 386 0 0 0 0 0 0 0 0 0 0 0 0
317 386 0 0 0 0 0 0 0 0 386 2 0 0
318 384 0 0 384 0 0 0 0 0 0 0 0 0
319 384 0 0 0 0 0 0 0 0 384 5 0 0
320 357 0 0 357 0 0 0 0 0 0 0 0 0
321 357 0 0 0 0 0 357 0 0 0 0 0 0
323 384 0 0 0 0 0 384 0 0 0 0 0 0
325 386 0 0 386 0 0 0 0 0 0 0 0 0
331 686 0 0 686 0 0 0 0 0 0 0 0 0
332 686 0 0 686 0 0 0 0 0 0 0 0 0
333 686 0 0 0 0 0 686 0 0 0 0 0 0
334 686 0 0 0 0 0 686 0 0 0 0 0 0
335 686 0 0 686 0 0 0 0 0 0 0 0 0
342 4 2 1 4 0 0 0 0 0 0 0 0 0
343 4 0 0 4 0 0 0 0 0 0 0 0 0
344 4 0 0 0 0 0 4 0 0 0 0 0 0
345 4 0 0 0 0 0 4 0 0 0 0 0 0
347 4 0 0 4 0 0 0 0 0 0 0 0 0
364 91 0 0 91 0 0 0 0 0 0 0 0 0
365 91 0 0 91 0 0 0 0 0 0 0 0 0
366 91 0 0 0 0 0 91 0 0 0 0 0 0
367 91 0 0 0 0 0 91 0 0 0 0 0 0
368 91 0 0 91 0 0 0 0 0 0 0 0 0
375 30 1 1 30 0 0 0 0 0 0 0 0 0
376 30 0 0 30 0 0 0 0 0 0 0 0 0
377 30 0 0 0 0 0 30 1 1 0 0 0 0
378 30 0 0 0 0 0 30 1 1 0 0 0 0
379 30 0 0 0 0 0 30 1 1 0 0 0 0
380 30 0 0 0 0 0 30 0 0 0 0 0 0
381 60 0 0 30 0 0 0 0 0 0 0 0 0
386 170 2 1 170 6 0 0 0 0 0 0 0 0
387 170 0 0 0 0 0 0 0 0 170 0 0 0
392 170 0 0 0 0 0 0 0 0 0 0 0 0
393 170 0 0 0 0 0 0 0 0 170 6 0 0
395 160 0 0 160 0 0 0 0 0 0 0 0 0
396 160 0 0 0 0 0 0 0 0 0 0 0 0
397 160 0 0 0 0 0 0 0 0 160 5 0 0
399 130 0 0 130 128 0 0 0 0 0 0 0 0
400 130 0 0 130 0 0 0 0 0 0 0 0 0
401 130 0 0 130 128 0 0 0 0 0 0 0 0
402 130 0 0 130 0 0 0 0 0 0 0 0 0
403 130 0 0 130 128 0 0 0 0 0 0 0 0
404 130 0 0 130 0 0 0 0 0 0 0 0 0
405 130 0 0 0 0 0 130 3 0 0 0 0 0
406 130 0 0 0 0 0 130 55 0 0 0 0 0
407 130 0 0 0 0 0 130 63 0 0 0 0 0
408 130 0 0 0 0 0 130 54 0 0 0 0 0
409 130 0 0 0 0 0 130 61 0 0 0 0 0
410 130 0 0 0 0 0 130 58 0 0 0 0 0
411 130 0 0 0 0 0 130 31 0 0 0 0 0
412 130 0 0 0 0 0 130 0 0 0 0 0 0
413 260 0 0 130 0 0 0 0 0 0 0 0 0
417 10 1 1 0 0 0 0 0 0 0 0 0 0
418 10 0 0 0 0 0 0 0 0 0 0 0 0
422 10 0 0 0 0 0 0 0 0 0 0 0 0
424 10 1 1 0 0 0 0 0 0 10 0 0 0
428 10 0 0 10 5 0 0 0 0 0 0 0 0
429 10 0 0 0 0 0 0 0 0 10 2 0 0
440 10 0 0 0 0 0 0 0 0 0 0 0 0
443 10 0 0 0 0 0 0 0 0 0 0 0 0
445 10 0 0 0 0 0 0 0 0 0 0 0 0
447 10 0 0 0 0 0 0 0 0 0 0 0 0
451 10 0 0 0 0 0 0 0 0 0 0 0 0
452 10 0 0 0 0 0 0 0 0 10 0 0 0
461 10 0 0 10 0 0 0 0 0 0 0 0 0
462 10 0 0 10 0 0 0 0 0 0 0 0 0
464 10 0 0 0 0 0 0 0 0 0 0 0 0
466 10 0 0 0 0 0 0 0 0 0 0 0 0
467 10 1 1 10 0 0 0 0 0 0 0 0 0
468 10 0 0 10 0 0 0 0 0 0 0 0 0
471 10 0 0 0 0 0 0 0 0 0 0 0 0
473 10 0 0 0 0 0 0 0 0 0 0 0 0
475 10 0 0 0 0 0 0 0 0 0 0 0 0
477 20 0 0 0 0 0 0 0 0 0 0 0 0
483 126 0 0 126 15 0 0 0 0 0 0 0 0
484 126 0 0 126 0 0 0 0 0 0 0 0 0
485 126 0 0 126 20 0 0 0 0 0 0 0 0
486 126 0 0 126 0 0 0 0 0 0 0 0 0
487 126 0 0 0 0 0 0 0 0 0 0 0 0
488 126 0 0 0 0 0 126 63 56 0 0 0 0
489 126 0 0 0 0 0 126 65 61 0 0 0 0
490 126 1 1 0 0 0 126 61 54 0 0 0 0
491 126 0 0 0 0 0 126 65 61 0 0 0 0
492 126 0 0 0 0 0 0 0 0 0 0 0 0
493 126 0 0 0 0 0 0 0 0 0 0 0 0
494 126 0 0 0 0 0 0 0 0 126 25 0 0
496 10 0 0 0 0 0 10 9 6 0 0 0 0
497 10 0 0 0 0 0 10 2 1 0 0 0 0
498 10 0 0 0 0 0 10 0 0 0 0 0 0
499 10 0 0 0 0 0 10 0 0 0 0 0 0
501 10 0 0 0 0 0 10 0 0 0 0 0 0
505 20 0 0 10 0 0 0 0 0 0 0 0 0
fn=memcpy
210 22 2 1 0 0 0 0 0 0 0 0 0 0
211 22 0 0 0 0 0 0 0 0 0 0 0 0
217 52 0 0 0 0 0 0 0 0 0 0 0 0
218 52 0 0 0 0 0 0 0 0 52 21 0 0
220 28 0 0 28 2 0 0 0 0 0 0 0 0
221 28 0 0 0 0 0 0 0 0 0 0 0 0
222 28 0 0 0 0 0 0 0 0 28 13 0 0
224 16 0 0 16 0 0 0 0 0 0 0 0 0
225 16 0 0 0 0 0 16 4 4 0 0 0 0
226 16 1 0 0 0 0 16 1 1 0 0 0 0
228 16 0 0 16 0 0 0 0 0 0 0 0 0
308 24 1 1 0 0 0 0 0 0 0 0 0 0
309 24 0 0 0 0 0 0 0 0 24 13 0 0
311 6 0 0 0 0 0 0 0 0 0 0 0 0
315 6 0 0 0 0 0 0 0 0 6 0 0 0
316 6 0 0 0 0 0 0 0 0 0 0 0 0
317 6 0 0 0 0 0 0 0 0 6 5 0 0
318 1 0 0 1 1 1 0 0 0 0 0 0 0
319 1 0 0 0 0 0 0 0 0 1 1 0 0
323 1 0 0 0 0 0 1 1 1 0 0 0 0
325 6 0 0 6 0 0 0 0 0 0 0 0 0
364 18 1 1 18 0 0 0 0 0 0 0 0 0
365 18 0 0 18 0 0 0 0 0 0 0 0 0
366 18 0 0 0 0 0 18 4 4 0 0 0 0
367 18 0 0 0 0 0 18 0 0 0 0 0 0
368 18 0 0 18 0 0 0 0 0 0 0 0 0
375 12 0 0 12 0 0 0 0 0 0 0 0 0
376 12 0 0 12 0 0 0 0 0 0 0 0 0
377 12 0 0 0 0 0 12 2 2 0 0 0 0
378 12 0 0 0 0 0 12 2 2 0 0 0 0
379 12 0 0 0 0 0 12 4 4 0 0 0 0
380 12 0 0 0 0 0 12 0 0 0 0 0 0
381 12 0 0 12 0 0 0 0 0 0 0 0 0
392 12 1 0 0 0 0 0 0 0 0 0 0 0
393 12 0 0 0 0 0 0 0 0 12 1 0 0
395 12 0 0 12 0 0 0 0 0 0 0 0 0
396 12 2 1 0 0 0 0 0 0 0 0 0 0
397 12 0 0 0 0 0 0 0 0 12 10 0 0
fn=mempcpy
197 30 0 0 0 0 0 0 0 0 0 0 0 0
198 30 0 0 0 0 0 0 0 0 0 0 0 0
199 30 0 0 0 0 0 0 0 0 0 0 0 0
200 30 0 0 0 0 0 0 0 0 0 0 0 0
fl=./string/../sysdeps/x86_64/multiarch/memmove.c
fn=memmove
29 2 1 1 0 0 0 0 0 0 0 0 0 0
fl=./string/../sysdeps/x86_64/multiarch/mempcpy.c
fn=mempcpy
33 1 0 0 0 0 0 0 0 0 0 0 0 0
fl=./string/../sysdeps/x86_64/multiarch/memrchr.c
fn=memrchr
29 3 1 1 1 0 0 0 0 0 0 0 0 0
fl=./string/../sysdeps/x86_64/multiarch/memset-vec-unaligned-erms.S
fn=__memset_avx2_unaligned_erms
158 3 2 1 0 0 0 0 0 0 0 0 0 0
159 6 0 0 0 0 0 0 0 0 0 0 0 0
164 3 0 0 0 0 0 0 0 0 0 0 0 0
165 3 0 0 0 0 0 0 0 0 3 1 0 0
166 2 0 0 0 0 0 0 0 0 0 0 0 0
167 2 0 0 0 0 0 0 0 0 0 0 0 0
168 2 0 0 0 0 0 0 0 0 2 2 0 0
237 2 2 1 2 1 0 0 0 0 0 0 0 0
238 2 0 0 0 0 0 0 0 0 2 1 0 0
244 1 0 0 0 0 0 1 1 1 0 0 0 0
245 1 0 0 0 0 0 1 0 0 0 0 0 0
257 1 0 0 0 0 0 0 0 0 0 0 0 0
260 1 0 0 0 0 0 0 0 0 0 0 0 0
261 1 0 0 0 0 0 0 0 0 1 0 0 0
273 1 0 0 0 0 0 1 1 1 0 0 0 0
274 1 0 0 0 0 0 1 0 0 0 0 0 0
287 1 0 0 0 0 0 0 0 0 0 0 0 0
288 1 0 0 0 0 0 0 0 0 0 0 0 0
290 1 0 0 0 0 0 0 0 0 1 1 0 0
308 1 1 1 0 0 0 1 0 0 0 0 0 0
309 1 0 0 0 0 0 1 0 0 0 0 0 0
310 1 0 0 0 0 0 1 0 0 0 0 0 0
311 1 0 0 0 0 0 1 0 0 0 0 0 0
314 2 0 0 1 0 0 0 0 0 0 0 0 0
325 1 1 0 0 0 0 0 0 0 0 0 0 0
326 1 0 0 0 0 0 0 0 0 0 0 0 0
327 1 0 0 0 0 0 0 0 0 0 0 0 0
328 65537 0 0 0 0 0 65536 1024 1024 65537 5 0 0
329 1 0 0 0 0 0 0 0 0 0 0 0 0
330 2 0 0 1 1 0 0 0 0 0 0 0 0
337 1 1 1 0 0 0 0 0 0 0 0 0 0
346 1 0 0 0 0 0 0 0 0 0 0 0 0
347 1 0 0 0 0 0 0 0 0 1 1 0 0
378 1 1 1 0 0 0 1 0 0 0 0 0 0
379 1 0 0 0 0 0 1 0 0 0 0 0 0
380 1 0 0 1 0 0 0 0 0 0 0 0 0
fl=./string/../sysdeps/x86_64/multiarch/memset.c
fn=memset
29 2 1 1 0 0 0 0 0 0 0 0 0 0
fl=./string/../sysdeps/x86_64/multiarch/stpcpy.c
fn=stpcpy
33 3 1 1 1 0 0 0 0 0 0 0 0 0
fl=./string/../sysdeps/x86_64/multiarch/stpncpy.c
fn=stpncpy
31 3 2 2 1 0 0 0 0 0 0 0 0 0
fl=./string/../sysdeps/x86_64/multiarch/strcasecmp.c
fn=strcasecmp
31 3 0 0 1 0 0 0 0 0 0 0 0 0
fl=./string/../sysdeps/x86_64/multiarch/strcasecmp_l.c
fn=strcasecmp_l
31 3 0 0 1 0 0 0 0 0 0 0 0 0
fl=./string/../sysdeps/x86_64/multiarch/strcat.c
fn=strcat
29 3 1 1 1 0 0 0 0 0 0 0 0 0
fl=./string/../sysdeps/x86_64/multiarch/strchr-avx2.S
fn=__strchr_avx2
53 1 1 1 0 0 0 0 0 0 0 0 0 0
55 1 0 0 0 0 0 0 0 0 0 0 0 0
56 1 0 0 0 0 0 0 0 0 0 0 0 0
57 1 0 0 0 0 0 0 0 0 0 0 0 0
58 1 0 0 0 0 0 0 0 0 0 0 0 0
59 1 0 0 0 0 0 0 0 0 0 0 0 0
62 1 0 0 0 0 0 0 0 0 0 0 0 0
63 1 1 1 0 0 0 0 0 0 1 0 0 0
67 1 0 0 1 1 1 0 0 0 0 0 0 0
68 1 0 0 0 0 0 0 0 0 0 0 0 0
69 1 0 0 0 0 0 0 0 0 0 0 0 0
70 1 0 0 0 0 0 0 0 0 0 0 0 0
71 1 0 0 0 0 0 0 0 0 0 0 0 0
72 1 0 0 0 0 0 0 0 0 0 0 0 0
73 1 0 0 0 0 0 0 0 0 1 0 0 0
74 1 0 0 0 0 0 0 0 0 0 0 0 0
77 1 0 0 1 0 0 0 0 0 0 0 0 0
85 1 0 0 0 0 0 0 0 0 1 1 0 0
93 1 0 0 0 0 0 0 0 0 0 0 0 0
94 2 0 0 1 0 0 0 0 0 0 0 0 0
fl=./string/../sysdeps/x86_64/multiarch/strchr.c
fn=index
42 4 0 0 0 0 0 0 0 0 0 0 0 0
43 2 0 0 2 0 0 0 0 0 0 0 0 0
44 3 1 1 1 0 0 0 0 0 1 0 0 0
47 2 0 0 0 0 0 0 0 0 0 0 0 0
48 2 1 1 0 0 0 0 0 0 1 1 0 0
51 3 0 0 0 0 0 0 0 0 1 0 0 0
54 3 0 0 0 0 0 0 0 0 1 0 0 0
65 3 1 1 1 0 0 0 0 0 0 0 0 0
fl=./string/../sysdeps/x86_64/multiarch/strchrnul.c
fn=strchrnul
31 3 0 0 1 0 0 0 0 0 0 0 0 0
fl=./string/../sysdeps/x86_64/multiarch/strcmp.c
fn=strcmp
47 4 1 1 0 0 0 0 0 0 0 0 0 0
48 2 0 0 2 0 0 0 0 0 0 0 0 0
49 3 0 0 1 0 0 0 0 0 1 0 0 0
52 2 0 0 0 0 0 0 0 0 0 0 0 0
53 2 0 0 0 0 0 0 0 0 1 0 0 0
56 3 0 0 0 0 0 0 0 0 1 0 0 0
59 3 0 0 0 0 0 0 0 0 1 0 0 0
79 3 2 2 1 0 0 0 0 0 0 0 0 0
fl=./string/../sysdeps/x86_64/multiarch/strcpy.c
fn=strcpy
29 3 1 1 1 0 0 0 0 0 0 0 0 0
fl=./string/../sysdeps/x86_64/multiarch/strcspn.c
fn=strcspn
29 2 1 1 1 0 0 0 0 0 0 0 0 0
fl=./string/../sysdeps/x86_64/multiarch/strlen-avx2.S
fn=__strlen_avx2
52 52 1 1 0 0 0 0 0 0 0 0 0 0
65 52 0 0 0 0 0 0 0 0 0 0 0 0
66 52 0 0 0 0 0 0 0 0 0 0 0 0
67 52 0 0 0 0 0 0 0 0 0 0 0 0
70 52 0 0 0 0 0 0 0 0 0 0 0 0
72 52 0 0 0 0 0 0 0 0 0 0 0 0
73 52 0 0 0 0 0 0 0 0 52 0 0 0
76 52 0 0 52 2 1 0 0 0 0 0 0 0
77 52 0 0 0 0 0 0 0 0 0 0 0 0
85 52 0 0 0 0 0 0 0 0 0 0 0 0
86 52 0 0 0 0 0 0 0 0 52 3 0 0
87 7 0 0 0 0 0 0 0 0 0 0 0 0
92 14 0 0 7 0 0 0 0 0 0 0 0 0
118 16 0 0 0 0 0 0 0 0 0 0 0 0
131 16 0 0 0 0 0 0 0 0 0 0 0 0
132 16 0 0 0 0 0 0 0 0 0 0 0 0
133 16 0 0 0 0 0 0 0 0 0 0 0 0
139 32 0 0 16 0 0 0 0 0 0 0 0 0
168 9 1 1 0 0 0 0 0 0 0 0 0 0
181 9 0 0 0 0 0 0 0 0 0 0 0 0
182 9 0 0 0 0 0 0 0 0 0 0 0 0
183 9 0 0 0 0 0 0 0 0 0 0 0 0
189 18 0 0 9 0 0 0 0 0 0 0 0 0
193 20 0 0 0 0 0 0 0 0 0 0 0 0
206 20 0 0 0 0 0 0 0 0 0 0 0 0
207 20 0 0 0 0 0 0 0 0 0 0 0 0
208 20 0 0 0 0 0 0 0 0 0 0 0 0
214 40 0 0 20 0 0 0 0 0 0 0 0 0
221 45 1 1 0 0 0 0 0 0 0 0 0 0
236 45 0 0 45 1 0 0 0 0 0 0 0 0
242 45 0 0 0 0 0 0 0 0 0 0 0 0
243 45 0 0 0 0 0 0 0 0 0 0 0 0
244 45 0 0 0 0 0 0 0 0 45 9 0 0
246 29 0 0 29 0 0 0 0 0 0 0 0 0
247 29 0 0 0 0 0 0 0 0 0 0 0 0
248 29 0 0 0 0 0 0 0 0 0 0 0 0
249 29 0 0 0 0 0 0 0 0 29 0 0 0
251 29 0 0 29 0 0 0 0 0 0 0 0 0
252 29 0 0 0 0 0 0 0 0 0 0 0 0
253 29 0 0 0 0 0 0 0 0 0 0 0 0
254 29 0 0 0 0 0 0 0 0 29 8 0 0
256 20 0 0 20 0 0 0 0 0 0 0 0 0
257 20 0 0 0 0 0 0 0 0 0 0 0 0
258 20 0 0 0 0 0 0 0 0 0 0 0 0
259 20 0 0 0 0 0 0 0 0 20 2 0 0
fl=./string/../sysdeps/x86_64/multiarch/strlen.c
fn=strlen
29 6 1 1 2 0 0 0 0 0 0 0 0 0
fl=./string/../sysdeps/x86_64/multiarch/strncase.c
fn=strncasecmp
31 3 1 1 1 0 0 0 0 0 0 0 0 0
fl=./string/../sysdeps/x86_64/multiarch/strncase_l.c
fn=strncasecmp_l
31 3 1 1 1 0 0 0 0 0 0 0 0 0
fl=./string/../sysdeps/x86_64/multiarch/strncmp.c
fn=strncmp
43 4 0 0 0 0 0 0 0 0 1 1 0 0
44 2 1 1 2 0 0 0 0 0 0 0 0 0
45 3 1 1 1 0 0 0 0 0 1 0 0 0
48 2 0 0 0 0 0 0 0 0 0 0 0 0
49 2 0 0 0 0 0 0 0 0 1 1 0 0
52 3 0 0 0 0 0 0 0 0 1 0 0 0
55 5 0 0 0 0 0 0 0 0 1 0 0 0
67 3 1 1 1 0 0 0 0 0 0 0 0 0
fl=./string/../sysdeps/x86_64/multiarch/strncpy.c
fn=strncpy
29 3 2 2 1 0 0 0 0 0 0 0 0 0
fl=./string/../sysdeps/x86_64/multiarch/strnlen.c
fn=strnlen
31 6 1 1 2 0 0 0 0 0 0 0 0 0
fl=./string/../sysdeps/x86_64/multiarch/strpbrk.c
fn=strpbrk
29 2 0 0 1 0 0 0 0 0 0 0 0 0
fl=./string/../sysdeps/x86_64/multiarch/strrchr-avx2.S
fn=__strrchr_avx2
53 1 1 1 0 0 0 0 0 0 0 0 0 0
54 1 0 0 0 0 0 0 0 0 0 0 0 0
55 1 0 0 0 0 0 0 0 0 0 0 0 0
57 1 0 0 0 0 0 0 0 0 0 0 0 0
58 1 1 1 0 0 0 0 0 0 0 0 0 0
62 1 0 0 0 0 0 0 0 0 0 0 0 0
63 1 0 0 0 0 0 0 0 0 0 0 0 0
64 1 0 0 0 0 0 0 0 0 1 0 0 0
67 1 0 0 1 1 0 0 0 0 0 0 0 0
69 1 0 0 0 0 0 0 0 0 0 0 0 0
70 1 0 0 0 0 0 0 0 0 0 0 0 0
71 1 0 0 0 0 0 0 0 0 0 0 0 0
72 1 0 0 0 0 0 0 0 0 1 0 0 0
75 1 0 0 0 0 0 0 0 0 0 0 0 0
76 1 0 0 0 0 0 0 0 0 0 0 0 0
78 1 0 0 0 0 0 0 0 0 0 0 0 0
79 1 0 0 0 0 0 0 0 0 0 0 0 0
80 1 0 0 0 0 0 0 0 0 1 0 0 0
81 1 0 0 0 0 0 0 0 0 0 0 0 0
82 1 0 0 0 0 0 0 0 0 0 0 0 0
91 2 0 0 1 0 0 0 0 0 0 0 0 0
fl=./string/../sysdeps/x86_64/multiarch/strrchr.c
fn=rindex
28 3 0 0 1 0 0 0 0 0 0 0 0 0
fl=./string/../sysdeps/x86_64/multiarch/strspn.c
fn=strspn
29 2 1 1 1 0 0 0 0 0 0 0 0 0
fl=./string/./string/strdup.c
fn=strdup
40 30 1 1 0 0 0 15 0 0 0 0 0 0
41 10 0 0 0 0 0 5 0 0 0 0 0 0
44 10 1 1 0 0 0 0 0 0 5 0 0 0
47 20 0 0 0 0 0 0 0 0 0 0 0 0
48 15 0 0 15 0 0 0 0 0 0 0 0 0
fl=./time/../sysdeps/unix/sysv/linux/clock_gettime.c
fn=clock_gettime@@GLIBC_2.17
30 2 1 1 0 0 0 0 0 0 0 0 0 0
38 4 0 0 4 2 0 0 0 0 0 0 0 0
40 4 0 0 0 0 0 0 0 0 2 1 0 0
44 4 0 0 2 0 0 0 0 0 0 0 0 0
68 4 0 0 0 0 0 0 0 0 0 0 0 0
69 4 1 1 0 0 0 0 0 0 2 0 0 0
fl=./wcsmbs/../sysdeps/x86_64/multiarch/ifunc-avx2.h
fn=wcschr
38 8 1 1 0 0 0 0 0 0 2 2 0 0
40 6 0 0 4 0 0 0 0 0 0 0 0 0
41 4 0 0 2 0 0 0 0 0 2 0 0 0
42 6 0 0 2 0 0 0 0 0 2 0 0 0
45 4 0 0 0 0 0 0 0 0 0 0 0 0
46 4 0 0 0 0 0 0 0 0 2 2 0 0
49 6 0 0 0 0 0 0 0 0 2 0 0 0
52 12 1 1 0 0 0 0 0 0 0 0 0 0
fn=wcscmp
38 4 0 0 0 0 0 0 0 0 1 1 0 0
40 3 0 0 2 0 0 0 0 0 0 0 0 0
41 2 1 1 1 0 0 0 0 0 1 0 0 0
42 3 0 0 1 0 0 0 0 0 1 0 0 0
45 2 0 0 0 0 0 0 0 0 0 0 0 0
46 2 0 0 0 0 0 0 0 0 1 1 0 0
49 3 0 0 0 0 0 0 0 0 1 0 0 0
52 6 1 1 0 0 0 0 0 0 0 0 0 0
fl=./wcsmbs/../sysdeps/x86_64/multiarch/ifunc-evex.h
fn=wmemchr
37 8 0 0 0 0 0 0 0 0 2 2 0 0
38 6 1 1 4 0 0 0 0 0 0 0 0 0
39 6 0 0 2 0 0 0 0 0 2 0 0 0
42 4 0 0 0 0 0 0 0 0 0 0 0 0
43 4 1 1 0 0 0 0 0 0 2 2 0 0
45 4 0 0 0 0 0 0 0 0 0 0 0 0
51 6 0 0 0 0 0 0 0 0 2 0 0 0
54 8 0 0 0 0 0 0 0 0 0 0 0 0
fl=./wcsmbs/../sysdeps/x86_64/multiarch/ifunc-memcmp.h
fn=wmemcmp
34 5 1 1 2 0 0 0 0 0 1 0 0 0
35 2 0 0 1 0 0 0 0 0 1 0 0 0
36 2 0 0 0 0 0 0 0 0 1 0 0 0
37 3 0 0 1 0 0 0 0 0 1 0 0 0
40 2 0 0 0 0 0 0 0 0 0 0 0 0
41 2 0 0 0 0 0 0 0 0 1 1 0 0
44 3 0 0 0 0 0 0 0 0 1 0 0 0
47 4 0 0 0 0 0 0 0 0 0 0 0 0
fl=./wcsmbs/../sysdeps/x86_64/multiarch/ifunc-wcs.h
fn=wcpncpy
39 4 1 1 0 0 0 0 0 0 1 1 0 0
40 3 0 0 2 0 0 0 0 0 0 0 0 0
41 3 0 0 1 0 0 0 0 0 1 0 0 0
44 2 0 0 0 0 0 0 0 0 0 0 0 0
45 3 0 0 0 0 0 0 0 0 1 0 0 0
48 4 0 0 0 0 0 0 0 0 0 0 0 0
fn=wcscat
39 4 0 0 0 0 0 0 0 0 1 1 0 0
40 3 0 0 2 0 0 0 0 0 0 0 0 0
41 3 0 0 1 0 0 0 0 0 1 0 0 0
44 2 0 0 0 0 0 0 0 0 0 0 0 0
45 3 0 0 0 0 0 0 0 0 1 1 0 0
48 4 0 0 0 0 0 0 0 0 0 0 0 0
fn=wcsncpy
39 4 0 0 0 0 0 0 0 0 1 1 0 0
40 3 0 0 2 0 0 0 0 0 0 0 0 0
41 3 0 0 1 0 0 0 0 0 1 0 0 0
44 2 0 0 0 0 0 0 0 0 0 0 0 0
45 3 0 0 0 0 0 0 0 0 1 1 0 0
48 4 0 0 0 0 0 0 0 0 0 0 0 0
fl=./wcsmbs/../sysdeps/x86_64/multiarch/ifunc-wcslen.h
fn=wcslen
40 4 0 0 0 0 0 0 0 0 1 1 0 0
41 2 0 0 2 0 0 0 0 0 0 0 0 0
42 3 1 1 1 0 0 0 0 0 1 0 0 0
45 2 0 0 0 0 0 0 0 0 0 0 0 0
46 2 0 0 0 0 0 0 0 0 1 1 0 0
49 3 0 0 0 0 0 0 0 0 1 0 0 0
52 3 0 0 0 0 0 0 0 0 1 0 0 0
fn=wcsnlen
40 4 0 0 0 0 0 0 0 0 1 1 0 0
41 2 1 1 2 0 0 0 0 0 0 0 0 0
42 3 0 0 1 0 0 0 0 0 1 0 0 0
45 2 1 1 0 0 0 0 0 0 0 0 0 0
46 2 0 0 0 0 0 0 0 0 1 1 0 0
49 3 0 0 0 0 0 0 0 0 1 0 0 0
52 3 0 0 0 0 0 0 0 0 1 0 0 0
fl=./wcsmbs/../sysdeps/x86_64/multiarch/ifunc-wmemset.h
fn=wmemset
36 10 0 0 4 0 0 0 0 0 2 0 0 0
37 6 1 1 2 0 0 0 0 0 2 2 0 0
fl=./wcsmbs/../sysdeps/x86_64/multiarch/wcpcpy.c
fn=wcpncpy
31 1 1 1 0 0 0 0 0 0 0 0 0 0
fl=./wcsmbs/../sysdeps/x86_64/multiarch/wcpncpy.c
fn=wcpncpy
31 1 0 0 1 0 0 0 0 0 0 0 0 0
fl=./wcsmbs/../sysdeps/x86_64/multiarch/wcscat.c
fn=wcscat
31 2 1 1 1 0 0 0 0 0 0 0 0 0
fn=wcschr
31 2 1 1 0 0 0 0 0 0 0 0 0 0
fl=./wcsmbs/../sysdeps/x86_64/multiarch/wcschr.c
fn=wcschr
31 4 0 0 2 0 0 0 0 0 0 0 0 0
fl=./wcsmbs/../sysdeps/x86_64/multiarch/wcscmp.c
fn=wcscmp
30 3 1 1 1 0 0 0 0 0 0 0 0 0
fl=./wcsmbs/../sysdeps/x86_64/multiarch/wcscpy.c
fn=wcscpy
42 4 0 0 0 0 0 0 0 0 1 1 0 0
43 2 1 1 2 0 0 0 0 0 0 0 0 0
44 3 0 0 1 0 0 0 0 0 1 0 0 0
46 2 1 1 0 0 0 0 0 0 0 0 0 0
47 3 0 0 0 0 0 0 0 0 1 1 0 0
50 3 0 0 0 0 0 0 0 0 1 0 0 0
60 2 1 1 1 0 0 0 0 0 0 0 0 0
fl=./wcsmbs/../sysdeps/x86_64/multiarch/wcslen.c
fn=wcslen
29 3 2 2 1 0 0 0 0 0 0 0 0 0
fl=./wcsmbs/../sysdeps/x86_64/multiarch/wcsncpy.c
fn=wcsncpy
31 2 1 1 1 0 0 0 0 0 0 0 0 0
fl=./wcsmbs/../sysdeps/x86_64/multiarch/wcsnlen.c
fn=wcsnlen
30 3 1 1 1 0 0 0 0 0 0 0 0 0
fl=./wcsmbs/../sysdeps/x86_64/multiarch/wmemchr.c
fn=wmemchr
31 4 1 1 2 0 0 0 0 0 0 0 0 0
fl=./wcsmbs/../sysdeps/x86_64/multiarch/wmemcmp.c
fn=wmemcmp
29 4 1 1 1 0 0 0 0 0 0 0 0 0
fl=./wcsmbs/../sysdeps/x86_64/multiarch/wmemset.c
fn=wmemset
31 4 1 1 2 0 0 0 0 0 0 0 0 0
fl=???
fn=(below main)
0 12 1 1 2 0 0 3 0 0 0 0 1 1
fn=<&str as core::fmt::Display>::fmt
0 5 1 1 3 1 0 0 0 0 0 0 1 1
fn=<alloc::collections::btree::node::Handle<alloc::collections::btree::node::NodeRef<alloc::collections::btree::node::marker::Mut, usize, std::sys::pal::unix::stack_overflow::thread_info::ThreadInfo, alloc::collections::btree::node::marker::Leaf>, alloc::collections::btree::node::marker::KV>>::remove_leaf_kv::<<alloc::collections::btree::map::entry::OccupiedEntry<usize, std::sys::pal::unix::stack_overflow::thread_info::ThreadInfo>>::remove_kv::{closure#0}, alloc::alloc::Global>
0 86 9 9 32 2 0 30 0 0 3 3 2 2
fn=<alloc::raw_vec::RawVec<(&str, u128)>>::grow_one
0 24 2 2 7 0 0 5 0 0 1 0 0 0
fn=<alloc::raw_vec::RawVec<engramdb::fused::FusedNode>>::grow_one
0 144 2 2 42 0 0 30 0 0 6 0 0 0
fn=<alloc::raw_vec::RawVecInner<_>>::reserve::do_reserve_and_handle::<alloc::alloc::Global>
0 300 4 4 70 0 0 50 0 0 15 0 0 0
fn=<alloc::raw_vec::RawVecInner>::finish_grow
0 711 11 9 124 0 0 164 0 0 65 27 17 3
fn=<alloc::string::String as core::clone::Clone>::clone
0 62 2 2 20 0 0 20 0 0 4 0 4 2
fn=<alloc::string::String as core::fmt::Write>::write_str
0 21504 2 2 7680 0 0 5376 0 0 1536 0 768 1
fn=<alloc::vec::Vec<alloc::boxed::Box<[i8]>> as alloc::vec::spec_from_iter_nested::SpecFromIterNested<alloc::boxed::Box<[i8]>, core::iter::adapters::map::Map<core::ops::range::Range<usize>, phase2_bench::cache_layout::{closure#2}>>>::from_iter
0 5562 8 8 1549 1 0 1165 31 0 644 4 385 4
fn=<blake3::ChunkState>::update
0 11904 4 4 3456 0 0 2304 1 0 768 10 384 1
fn=<blake3::Output>::root_hash
0 10752 3 3 4224 1 1 2304 0 0 0 0 768 2
fn=<core::ffi::c_str::CStr>::from_bytes_with_nul
0 93 5 5 13 0 0 4 0 0 19 7 0 0
fn=<core::fmt::Formatter>::pad
0 25 3 3 10 0 0 6 0 0 1 1 1 1
fn=<core::fmt::Formatter>::pad_integral
0 22116 4 4 5044 0 0 3492 0 0 1164 1 388 2
fn=<core::fmt::Formatter>::pad_integral::write_prefix
0 8148 3 2 2328 0 0 1940 0 0 776 16 0 0
fn=<crc32fast::Hasher>::internal_new_specialized
0 104 6 6 26 2 0 14 1 0 22 8 0 0
fn=<engramdb::fused::FusedBlockBuilder>::finish
0 1199152 55 55 192669 6175 1 84715 1233 310 157574 771 33029 13
fn=<engramdb::fused::FusedBlockBuilder>::push
0 469516 9 9 68742 2135 0 2310 203 197 131968 279 6 1
fn=<engramdb::fused::FusedBlockView>::node
0 19238400 12 12 3591168 333 0 2693376 5 0 2949888 8 0 0
fn=<engramdb::fused::FusedBlockView>::parse
0 2034 11 11 285 5 0 664 4 0 271 129 129 2
fn=<engramdb::fused::FusedNode>::new::<alloc::string::String>
0 239360 8 8 36608 0 0 3200 0 0 66176 138 128 1
fn=<engramdb::fused::QuantizedVector>::from_f32
0 13624 16 16 2209 30 4 1187 12 0 1238 42 515 6
fn=<engramdb::io::AlignedPage as core::ops::drop::Drop>::drop
0 12 1 1 4 0 0 0 0 0 2 1 1 1
fn=<std::fs::DirBuilder>::_create
0 199 20 20 35 3 2 61 2 0 21 6 11 11
fn=<std::fs::File as std::io::Write>::write_all
0 40 4 4 10 1 0 8 0 0 5 1 1 1
fn=<std::fs::File as std::io::Write>::write_fmt
0 18 2 2 4 1 0 4 0 0 2 2 1 1
fn=<std::io::default_write_fmt::Adapter<std::fs::File> as core::fmt::Write>::write_str
0 430 5 5 110 0 0 90 0 0 50 3 10 1
fn=<std::path::Components as core::cmp::PartialEq>::eq
0 146 10 10 56 2 0 50 3 0 10 8 4 2
fn=<std::path::Components as core::iter::traits::double_ended::DoubleEndedIterator>::next_back
0 546 9 9 132 0 0 90 5 0 64 12 0 0
fn=<std::path::Components>::as_path
0 240 8 8 68 1 0 64 0 0 28 7 0 0
fn=<std::path::Components>::parse_next_component_back
0 1971 4 4 252 0 0 50 1 0 454 23 0 0
fn=<std::sync::once::Once>::call_once::<std::rt::cleanup::{closure#0}>::{closure#0}
0 131 14 14 34 7 0 26 3 0 18 3 5 5
fn=<std::sync::once::Once>::call_once_force::<<std::sync::once_lock::OnceLock<std::sync::reentrant_lock::ReentrantLock<core::cell::RefCell<std::io::buffered::linewriter::LineWriter<std::io::stdio::StdoutRaw>>>>>::initialize<<std::sync::once_lock::OnceLock<std::sync::reentrant_lock::ReentrantLock<core::cell::RefCell<std::io::buffered::linewriter::LineWriter<std::io::stdio::StdoutRaw>>>>>::get_or_init<std::io::stdio::cleanup::{closure#0}>::{closure#0}, !>::{closure#0}>::{closure#0}
0 14 2 2 4 0 0 7 1 1 1 0 0 0
fn=<std::sync::once_lock::OnceLock<std::sync::reentrant_lock::ReentrantLock<core::cell::RefCell<std::io::buffered::linewriter::LineWriter<std::io::stdio::StdoutRaw>>>>>::initialize::<<std::sync::once_lock::OnceLock<std::sync::reentrant_lock::ReentrantLock<core::cell::RefCell<std::io::buffered::linewriter::LineWriter<std::io::stdio::StdoutRaw>>>>>::get_or_init<std::io::stdio::cleanup::{closure#0}>::{closure#0}, !>
0 23 2 2 5 0 0 7 1 0 1 1 1 1
fn=<std::sys::fs::unix::DirBuilder>::mkdir
0 161 8 8 32 4 0 10 1 0 41 7 3 3
fn=<std::sys::fs::unix::File>::open_c
0 62 6 6 19 1 0 11 0 0 6 1 1 1
fn=<std::sys::pal::unix::time::Timespec>::now
0 32 2 2 12 1 0 6 0 0 4 0 2 1
fn=<std::sys::pal::unix::time::Timespec>::sub_timespec
0 37 3 3 7 0 0 5 0 0 2 1 0 0
fn=<std::sys::sync::once::futex::Once>::call
0 96 7 7 33 3 1 22 1 0 9 4 3 3
fn=<std::time::Instant>::elapsed
0 26 2 2 8 0 0 8 0 0 0 0 0 0
fn=<u128 as core::fmt::Display>::fmt
0 89 7 7 15 1 0 10 0 0 7 4 1 1
fn=<u64 as core::fmt::Display>::fmt
0 9675 4 2 2322 1 0 1935 0 0 0 0 387 1
fn=<u64>::_fmt_inner
0 14196 9 7 2801 8 4 2414 0 0 1167 15 0 0
fn=???
0 179899 52 39 4081 19 1 793 1 1 2710 16 193 16
fn=__cpu_indicator_init
0 367 40 40 48 2 1 14 0 0 101 26 0 0
fn=__rustc::__rust_alloc
0 1143 2 1 127 0 0 0 0 0 127 0 127 1
fn=__rustc::__rust_alloc_zeroed
0 34 3 3 6 2 0 6 0 0 2 1 2 2
fn=alloc::fmt::format::format_inner
0 35712 6 6 4992 1 1 4608 1 0 4608 29 768 2
fn=blake3::hash_all_at_once::<blake3::join::SerialJoin>
0 28050 11 11 9986 3 1 10754 4 0 1539 9 386 3
fn=blake3::platform::avx2_detected::has_avx2::init_get::init_inner
0 39 1 1 4 0 0 5 0 0 1 0 0 0
fn=blake3::platform::avx512_detected::has_avx512::init_get::init_inner
0 45 2 2 4 0 0 6 0 0 1 0 0 0
fn=core::core_arch::x86::xsave::_xgetbv
0 20 2 2 4 0 0 0 0 0 0 0 0 0
fn=core::fmt::write
0 29051 11 6 6188 3 1 5799 0 0 3882 268 778 6
fn=core::ptr::drop_glue::<alloc::vec::Vec<alloc::boxed::Box<[i8]>>>
0 1046 3 3 266 32 0 133 0 0 258 4 129 2
fn=core::ptr::drop_glue::<alloc::vec::into_iter::IntoIter<engramdb::fused::FusedNode>>
0 23 3 3 9 1 0 5 0 0 2 1 1 1
fn=core::str::converts::from_utf8
0 660 4 4 112 0 0 48 1 1 172 34 0 0
fn=crc32fast::hash
0 54 3 3 12 0 0 8 1 0 6 3 2 1
fn=crc32fast::specialized::pclmulqdq::calculate
0 59404 12 12 8194 1927 1 0 0 0 2052 20 0 0
fn=engramdb::fused::dot_i8
0 768000 2 2 256000 2 0 0 0 0 256000 0 0 0
fn=engramdb::fused::dot_i8_avx2
0 14862964 8 8 4356386 439 0 128129 0 0 1153161 16 0 0
fn=engramdb::fused::region
0 124 3 3 40 0 0 44 1 0 4 3 0 0
fn=main
0 11 2 1 3 0 0 3 0 0 0 0 1 1
fn=phase2_bench::generated_node
0 265216 19 19 5888 10 9 14976 1867 1867 9856 289 1024 6
fn=phase2_bench::generated_vector
0 1922 8 8 18 9 0 75 17 0 70 7 1 1
fn=phase2_bench::main
0 8 2 1 2 0 0 2 0 0 1 0 0 0
fn=phase2_bench::output_writer
0 76 7 6 16 3 0 27 1 0 7 2 5 5
fn=phase2_bench::run
0 2704357 78 77 1030918 212 1 643892 223 205 257995 1044 256163 27
fn=phase2_bench::usize_option
0 141 8 8 24 0 0 12 0 0 27 12 4 4
fn=roundf
0 660480 2 1 99072 2 0 0 0 0 33024 1 0 0
fn=std::env::args_os
0 307 7 7 77 1 0 81 4 2 45 9 25 4
fn=std::rt::lang_start::<()>::{closure#0}
0 6 2 1 3 0 0 2 0 0 0 0 0 0
fn=std::rt::lang_start_internal
0 215 19 19 44 8 3 59 6 1 25 9 15 15
fn=std::sys::args::unix::imp::ARGV_INIT_ARRAY::init_wrapper
0 4 2 2 1 0 0 2 1 1 0 0 0 0
fn=std::sys::backtrace::__rust_begin_short_backtrace::<fn(), ()>
0 4 2 1 2 1 0 2 0 0 0 0 1 1
fn=std::sys::fs::metadata
0 155 7 7 28 0 0 8 0 0 40 9 2 2
fn=std::sys::fs::unix::try_statx
0 114 10 10 29 1 0 45 4 0 4 1 1 1
fn=std::sys::io::error::unix::decode_error_kind
0 18 2 2 4 1 1 0 0 0 2 0 2 1
fn=std::sys::pal::unix::stack_overflow::imp::make_handler
0 58 6 6 14 0 0 14 0 0 5 1 5 5
fn=std::sys::pal::unix::stack_overflow::thread_info::set_current_info
0 108 12 12 31 3 0 31 1 1 14 6 4 4
fn=std_detect::detect::cache::detect_and_initialize
0 313 21 21 16 0 0 18 0 0 11 4 0 0
summary: 41606358 2364 2262 9869088 15536 1846 3760946 6601 4894 5219627 10861 297255 428
