product,query,latency_us,results,nodes,dimensions,hops,minimum_cosine
engramdb,0,10.211,1,2000,128,3,0.8
engramdb,1,5.770,0,2000,128,3,0.8
engramdb,2,5.667,1,2000,128,3,0.8
engramdb,3,5.126,1,2000,128,3,0.8
engramdb,4,4.041,0,2000,128,3,0.8
engramdb,5,4.212,0,2000,128,3,0.8
engramdb,6,8.304,1,2000,128,3,0.8
engramdb,7,4.047,0,2000,128,3,0.8
engramdb,8,3.831,1,2000,128,3,0.8
engramdb,9,3.866,1,2000,128,3,0.8
engramdb,10,3.972,0,2000,128,3,0.8
engramdb,11,3.178,1,2000,128,3,0.8
engramdb,12,3.413,1,2000,128,3,0.8
engramdb,13,3.525,0,2000,128,3,0.8
engramdb,14,3.235,1,2000,128,3,0.8
engramdb,15,3.258,0,2000,128,3,0.8
engramdb,16,3.718,1,2000,128,3,0.8
engramdb,17,4.329,1,2000,128,3,0.8
engramdb,18,9.443,1,2000,128,3,0.8
engramdb,19,4.778,0,2000,128,3,0.8
engramdb,20,4.035,0,2000,128,3,0.8
engramdb,21,4.070,0,2000,128,3,0.8
engramdb,22,4.573,1,2000,128,3,0.8
engramdb,23,8.275,1,2000,128,3,0.8
engramdb,24,4.872,1,2000,128,3,0.8
engramdb,25,3.867,0,2000,128,3,0.8
engramdb,26,3.600,0,2000,128,3,0.8
engramdb,27,3.749,1,2000,128,3,0.8
engramdb,28,8.615,1,2000,128,3,0.8
engramdb,29,6.720,1,2000,128,3,0.8
engramdb,30,3.594,1,2000,128,3,0.8
engramdb,31,3.915,0,2000,128,3,0.8
engramdb,32,8.440,0,2000,128,3,0.8
engramdb,33,3.705,1,2000,128,3,0.8
engramdb,34,3.685,1,2000,128,3,0.8
engramdb,35,3.165,1,2000,128,3,0.8
engramdb,36,3.546,0,2000,128,3,0.8
engramdb,37,3.237,1,2000,128,3,0.8
engramdb,38,3.616,0,2000,128,3,0.8
engramdb,39,3.460,1,2000,128,3,0.8
engramdb,40,3.417,1,2000,128,3,0.8
engramdb,41,2.965,0,2000,128,3,0.8
engramdb,42,3.481,0,2000,128,3,0.8
engramdb,43,3.260,1,2000,128,3,0.8
engramdb,44,3.041,0,2000,128,3,0.8
engramdb,45,3.262,1,2000,128,3,0.8
engramdb,46,3.439,1,2000,128,3,0.8
engramdb,47,3.221,0,2000,128,3,0.8
engramdb,48,4.009,1,2000,128,3,0.8
engramdb,49,3.251,1,2000,128,3,0.8
engramdb,50,3.377,0,2000,128,3,0.8
engramdb,51,3.461,1,2000,128,3,0.8
engramdb,52,2.954,0,2000,128,3,0.8
engramdb,53,2.748,1,2000,128,3,0.8
engramdb,54,3.442,1,2000,128,3,0.8
engramdb,55,3.564,1,2000,128,3,0.8
engramdb,56,3.060,0,2000,128,3,0.8
engramdb,57,3.252,0,2000,128,3,0.8
engramdb,58,2.785,1,2000,128,3,0.8
engramdb,59,3.094,1,2000,128,3,0.8
engramdb,60,2.638,1,2000,128,3,0.8
engramdb,61,3.044,1,2000,128,3,0.8
engramdb,62,3.342,0,2000,128,3,0.8
engramdb,63,3.467,0,2000,128,3,0.8
engramdb,64,3.245,1,2000,128,3,0.8
engramdb,65,3.335,1,2000,128,3,0.8
engramdb,66,2.800,1,2000,128,3,0.8
engramdb,67,2.884,1,2000,128,3,0.8
engramdb,68,2.589,0,2000,128,3,0.8
engramdb,69,3.094,0,2000,128,3,0.8
engramdb,70,3.353,1,2000,128,3,0.8
engramdb,71,3.351,1,2000,128,3,0.8
engramdb,72,3.328,1,2000,128,3,0.8
engramdb,73,3.151,0,2000,128,3,0.8
engramdb,74,2.672,1,2000,128,3,0.8
engramdb,75,3.251,0,2000,128,3,0.8
engramdb,76,3.092,1,2000,128,3,0.8
engramdb,77,2.735,1,2000,128,3,0.8
engramdb,78,2.493,0,2000,128,3,0.8
engramdb,79,2.726,1,2000,128,3,0.8
engramdb,80,2.487,1,2000,128,3,0.8
engramdb,81,2.756,0,2000,128,3,0.8
engramdb,82,2.372,1,2000,128,3,0.8
engramdb,83,2.255,0,2000,128,3,0.8
engramdb,84,2.539,0,2000,128,3,0.8
engramdb,85,2.385,1,2000,128,3,0.8
engramdb,86,2.737,1,2000,128,3,0.8
engramdb,87,2.410,0,2000,128,3,0.8
engramdb,88,2.707,1,2000,128,3,0.8
engramdb,89,2.584,0,2000,128,3,0.8
engramdb,90,2.407,1,2000,128,3,0.8
engramdb,91,2.525,1,2000,128,3,0.8
engramdb,92,2.524,1,2000,128,3,0.8
engramdb,93,2.458,0,2000,128,3,0.8
engramdb,94,2.591,0,2000,128,3,0.8
engramdb,95,2.520,1,2000,128,3,0.8
engramdb,96,2.335,1,2000,128,3,0.8
engramdb,97,2.413,1,2000,128,3,0.8
engramdb,98,2.173,1,2000,128,3,0.8
engramdb,99,2.511,0,2000,128,3,0.8
engramdb,100,2.931,1,2000,128,3,0.8
engramdb,101,2.831,1,2000,128,3,0.8
engramdb,102,2.503,1,2000,128,3,0.8
engramdb,103,2.525,1,2000,128,3,0.8
engramdb,104,2.281,0,2000,128,3,0.8
engramdb,105,2.320,0,2000,128,3,0.8
engramdb,106,2.603,0,2000,128,3,0.8
engramdb,107,2.811,1,2000,128,3,0.8
engramdb,108,2.415,1,2000,128,3,0.8
engramdb,109,2.558,1,2000,128,3,0.8
engramdb,110,2.872,0,2000,128,3,0.8
engramdb,111,2.600,1,2000,128,3,0.8
engramdb,112,2.497,0,2000,128,3,0.8
engramdb,113,2.367,1,2000,128,3,0.8
engramdb,114,2.381,1,2000,128,3,0.8
engramdb,115,2.381,0,2000,128,3,0.8
engramdb,116,2.444,1,2000,128,3,0.8
engramdb,117,2.633,1,2000,128,3,0.8
engramdb,118,2.467,0,2000,128,3,0.8
engramdb,119,2.376,1,2000,128,3,0.8
engramdb,120,2.808,0,2000,128,3,0.8
engramdb,121,2.296,0,2000,128,3,0.8
engramdb,122,2.469,1,2000,128,3,0.8
engramdb,123,2.528,1,2000,128,3,0.8
engramdb,124,3.602,0,2000,128,3,0.8
engramdb,125,2.874,0,2000,128,3,0.8
engramdb,126,3.164,0,2000,128,3,0.8
engramdb,127,3.464,1,2000,128,3,0.8
engramdb,128,3.014,1,2000,128,3,0.8
engramdb,129,2.748,1,2000,128,3,0.8
engramdb,130,2.966,0,2000,128,3,0.8
engramdb,131,2.724,0,2000,128,3,0.8
engramdb,132,2.648,1,2000,128,3,0.8
engramdb,133,3.068,1,2000,128,3,0.8
engramdb,134,2.887,1,2000,128,3,0.8
engramdb,135,2.885,1,2000,128,3,0.8
engramdb,136,2.775,0,2000,128,3,0.8
engramdb,137,2.924,0,2000,128,3,0.8
engramdb,138,3.123,1,2000,128,3,0.8
engramdb,139,2.920,1,2000,128,3,0.8
engramdb,140,3.301,1,2000,128,3,0.8
engramdb,141,2.916,0,2000,128,3,0.8
engramdb,142,2.826,0,2000,128,3,0.8
engramdb,143,2.868,0,2000,128,3,0.8
engramdb,144,2.964,1,2000,128,3,0.8
engramdb,145,3.206,1,2000,128,3,0.8
engramdb,146,3.008,1,2000,128,3,0.8
engramdb,147,3.059,0,2000,128,3,0.8
engramdb,148,2.772,1,2000,128,3,0.8
engramdb,149,2.902,0,2000,128,3,0.8
engramdb,150,3.275,1,2000,128,3,0.8
engramdb,151,3.335,1,2000,128,3,0.8
engramdb,152,2.888,0,2000,128,3,0.8
engramdb,153,2.961,1,2000,128,3,0.8
engramdb,154,2.944,1,2000,128,3,0.8
engramdb,155,2.944,0,2000,128,3,0.8
engramdb,156,3.247,1,2000,128,3,0.8
engramdb,157,2.960,0,2000,128,3,0.8
engramdb,158,2.885,1,2000,128,3,0.8
engramdb,159,2.760,1,2000,128,3,0.8
engramdb,160,3.174,1,2000,128,3,0.8
engramdb,161,3.019,0,2000,128,3,0.8
engramdb,162,2.850,0,2000,128,3,0.8
engramdb,163,2.863,0,2000,128,3,0.8
engramdb,164,2.763,1,2000,128,3,0.8
engramdb,165,2.595,1,2000,128,3,0.8
engramdb,166,2.576,1,2000,128,3,0.8
engramdb,167,2.350,0,2000,128,3,0.8
engramdb,168,2.359,0,2000,128,3,0.8
engramdb,169,2.416,1,2000,128,3,0.8
engramdb,170,2.649,1,2000,128,3,0.8
engramdb,171,2.358,1,2000,128,3,0.8
engramdb,172,2.350,1,2000,128,3,0.8
engramdb,173,2.864,0,2000,128,3,0.8
engramdb,174,2.458,0,2000,128,3,0.8
engramdb,175,2.516,1,2000,128,3,0.8
engramdb,176,3.797,1,2000,128,3,0.8
engramdb,177,2.298,1,2000,128,3,0.8
engramdb,178,5.710,0,2000,128,3,0.8
engramdb,179,2.794,1,2000,128,3,0.8
engramdb,180,3.428,0,2000,128,3,0.8
engramdb,181,7.650,1,2000,128,3,0.8
engramdb,182,3.408,1,2000,128,3,0.8
engramdb,183,2.805,0,2000,128,3,0.8
engramdb,184,6.043,0,2000,128,3,0.8
engramdb,185,3.543,1,2000,128,3,0.8
engramdb,186,6.066,0,2000,128,3,0.8
engramdb,187,7.055,1,2000,128,3,0.8
engramdb,188,5.605,1,2000,128,3,0.8
engramdb,189,7.191,0,2000,128,3,0.8
engramdb,190,5.737,1,2000,128,3,0.8
engramdb,191,3.981,1,2000,128,3,0.8
engramdb,192,3.016,0,2000,128,3,0.8
engramdb,193,6.002,1,2000,128,3,0.8
engramdb,194,3.399,0,2000,128,3,0.8
engramdb,195,3.215,1,2000,128,3,0.8
engramdb,196,5.925,1,2000,128,3,0.8
engramdb,197,3.542,1,2000,128,3,0.8
engramdb,198,3.023,0,2000,128,3,0.8
engramdb,199,3.421,0,2000,128,3,0.8
engramdb,200,6.858,1,2000,128,3,0.8
engramdb,201,3.562,1,2000,128,3,0.8
engramdb,202,5.239,1,2000,128,3,0.8
engramdb,203,2.805,1,2000,128,3,0.8
engramdb,204,2.807,0,2000,128,3,0.8
engramdb,205,3.358,0,2000,128,3,0.8
engramdb,206,3.414,1,2000,128,3,0.8
engramdb,207,7.293,1,2000,128,3,0.8
engramdb,208,2.911,1,2000,128,3,0.8
engramdb,209,2.654,1,2000,128,3,0.8
engramdb,210,3.381,0,2000,128,3,0.8
engramdb,211,3.262,0,2000,128,3,0.8
engramdb,212,3.811,1,2000,128,3,0.8
engramdb,213,2.499,1,2000,128,3,0.8
engramdb,214,3.380,1,2000,128,3,0.8
engramdb,215,3.107,0,2000,128,3,0.8
engramdb,216,3.116,1,2000,128,3,0.8
engramdb,217,2.989,0,2000,128,3,0.8
engramdb,218,3.495,1,2000,128,3,0.8
engramdb,219,2.794,1,2000,128,3,0.8
engramdb,220,3.547,0,2000,128,3,0.8
engramdb,221,2.779,0,2000,128,3,0.8
engramdb,222,3.166,1,2000,128,3,0.8
engramdb,223,5.289,0,2000,128,3,0.8
engramdb,224,2.876,1,2000,128,3,0.8
engramdb,225,3.223,0,2000,128,3,0.8
engramdb,226,2.580,0,2000,128,3,0.8
engramdb,227,3.058,1,2000,128,3,0.8
engramdb,228,2.566,1,2000,128,3,0.8
engramdb,229,3.818,0,2000,128,3,0.8
engramdb,230,2.872,1,2000,128,3,0.8
engramdb,231,5.916,0,2000,128,3,0.8
engramdb,232,3.644,1,2000,128,3,0.8
engramdb,233,2.827,1,2000,128,3,0.8
engramdb,234,3.119,1,2000,128,3,0.8
engramdb,235,2.509,0,2000,128,3,0.8
engramdb,236,2.515,0,2000,128,3,0.8
engramdb,237,3.031,1,2000,128,3,0.8
engramdb,238,5.539,1,2000,128,3,0.8
engramdb,239,7.749,1,2000,128,3,0.8
engramdb,240,2.997,1,2000,128,3,0.8
engramdb,241,6.824,0,2000,128,3,0.8
engramdb,242,5.815,0,2000,128,3,0.8
engramdb,243,7.270,1,2000,128,3,0.8
engramdb,244,2.583,1,2000,128,3,0.8
engramdb,245,6.992,1,2000,128,3,0.8
engramdb,246,2.515,1,2000,128,3,0.8
engramdb,247,2.593,0,2000,128,3,0.8
engramdb,248,3.435,0,2000,128,3,0.8
engramdb,249,2.672,1,2000,128,3,0.8
engramdb,250,3.210,1,2000,128,3,0.8
engramdb,251,2.407,1,2000,128,3,0.8
engramdb,252,6.235,0,2000,128,3,0.8
engramdb,253,3.049,1,2000,128,3,0.8
engramdb,254,2.374,0,2000,128,3,0.8
engramdb,255,7.066,1,2000,128,3,0.8
engramdb,256,2.768,1,2000,128,3,0.8
engramdb,257,2.800,0,2000,128,3,0.8
engramdb,258,2.905,1,2000,128,3,0.8
engramdb,259,2.405,1,2000,128,3,0.8
engramdb,260,3.076,0,2000,128,3,0.8
engramdb,261,2.538,1,2000,128,3,0.8
engramdb,262,2.942,0,2000,128,3,0.8
engramdb,263,2.463,0,2000,128,3,0.8
engramdb,264,2.924,1,2000,128,3,0.8
engramdb,265,2.460,1,2000,128,3,0.8
engramdb,266,2.920,0,2000,128,3,0.8
engramdb,267,2.666,1,2000,128,3,0.8
engramdb,268,3.128,0,2000,128,3,0.8
engramdb,269,2.819,1,2000,128,3,0.8
engramdb,270,2.862,1,2000,128,3,0.8
engramdb,271,2.824,1,2000,128,3,0.8
engramdb,272,3.036,0,2000,128,3,0.8
engramdb,273,2.508,0,2000,128,3,0.8
engramdb,274,2.932,1,2000,128,3,0.8
engramdb,275,2.381,1,2000,128,3,0.8
engramdb,276,3.126,1,2000,128,3,0.8
engramdb,277,2.784,1,2000,128,3,0.8
engramdb,278,3.149,0,2000,128,3,0.8
engramdb,279,2.650,0,2000,128,3,0.8
engramdb,280,2.990,1,2000,128,3,0.8
engramdb,281,2.478,1,2000,128,3,0.8
engramdb,282,3.106,1,2000,128,3,0.8
engramdb,283,2.410,0,2000,128,3,0.8
engramdb,284,2.935,0,2000,128,3,0.8
engramdb,285,2.430,0,2000,128,3,0.8
engramdb,286,3.020,1,2000,128,3,0.8
engramdb,287,2.483,1,2000,128,3,0.8
engramdb,288,3.067,1,2000,128,3,0.8
engramdb,289,7.111,0,2000,128,3,0.8
engramdb,290,2.672,1,2000,128,3,0.8
engramdb,291,2.440,0,2000,128,3,0.8
engramdb,292,2.985,1,2000,128,3,0.8
engramdb,293,7.093,1,2000,128,3,0.8
engramdb,294,5.406,0,2000,128,3,0.8
engramdb,295,7.076,1,2000,128,3,0.8
engramdb,296,5.411,1,2000,128,3,0.8
engramdb,297,3.421,0,2000,128,3,0.8
engramdb,298,2.518,1,2000,128,3,0.8
engramdb,299,3.159,0,2000,128,3,0.8
engramdb,300,5.030,1,2000,128,3,0.8
engramdb,301,2.997,1,2000,128,3,0.8
engramdb,302,2.450,1,2000,128,3,0.8
engramdb,303,7.015,0,2000,128,3,0.8
engramdb,304,2.677,0,2000,128,3,0.8
engramdb,305,3.066,0,2000,128,3,0.8
engramdb,306,5.134,1,2000,128,3,0.8
engramdb,307,2.400,1,2000,128,3,0.8
engramdb,308,2.944,1,2000,128,3,0.8
engramdb,309,2.361,0,2000,128,3,0.8
engramdb,310,3.156,0,2000,128,3,0.8
engramdb,311,2.496,1,2000,128,3,0.8
engramdb,312,2.997,1,2000,128,3,0.8
engramdb,313,2.459,1,2000,128,3,0.8
engramdb,314,3.023,1,2000,128,3,0.8
engramdb,315,2.442,0,2000,128,3,0.8
engramdb,316,2.909,0,2000,128,3,0.8
engramdb,317,2.772,1,2000,128,3,0.8
engramdb,318,2.863,1,2000,128,3,0.8
engramdb,319,5.101,1,2000,128,3,0.8
engramdb,320,2.655,0,2000,128,3,0.8
engramdb,321,2.967,0,2000,128,3,0.8
engramdb,322,2.540,0,2000,128,3,0.8
engramdb,323,2.925,1,2000,128,3,0.8
engramdb,324,2.445,1,2000,128,3,0.8
engramdb,325,7.110,0,2000,128,3,0.8
engramdb,326,5.234,0,2000,128,3,0.8
engramdb,327,6.861,1,2000,128,3,0.8
engramdb,328,2.597,0,2000,128,3,0.8
engramdb,329,2.380,1,2000,128,3,0.8
engramdb,330,3.025,1,2000,128,3,0.8
engramdb,331,2.665,0,2000,128,3,0.8
engramdb,332,2.286,1,2000,128,3,0.8
engramdb,333,2.185,1,2000,128,3,0.8
engramdb,334,2.200,0,2000,128,3,0.8
engramdb,335,2.862,1,2000,128,3,0.8
engramdb,336,2.365,0,2000,128,3,0.8
engramdb,337,2.844,1,2000,128,3,0.8
engramdb,338,2.342,1,2000,128,3,0.8
engramdb,339,3.027,1,2000,128,3,0.8
engramdb,340,2.453,0,2000,128,3,0.8
engramdb,341,2.827,0,2000,128,3,0.8
engramdb,342,2.384,0,2000,128,3,0.8
engramdb,343,2.824,1,2000,128,3,0.8
engramdb,344,2.386,1,2000,128,3,0.8
engramdb,345,2.226,1,2000,128,3,0.8
engramdb,346,2.902,0,2000,128,3,0.8
engramdb,347,2.230,0,2000,128,3,0.8
engramdb,348,2.274,1,2000,128,3,0.8
engramdb,349,2.795,1,2000,128,3,0.8
engramdb,350,2.371,1,2000,128,3,0.8
engramdb,351,2.255,1,2000,128,3,0.8
engramdb,352,2.954,0,2000,128,3,0.8
engramdb,353,3.095,0,2000,128,3,0.8
engramdb,354,2.974,1,2000,128,3,0.8
engramdb,355,2.309,1,2000,128,3,0.8
engramdb,356,2.325,1,2000,128,3,0.8
engramdb,357,2.329,0,2000,128,3,0.8
engramdb,358,2.905,1,2000,128,3,0.8
engramdb,359,2.498,0,2000,128,3,0.8
engramdb,360,3.000,1,2000,128,3,0.8
engramdb,361,2.384,1,2000,128,3,0.8
engramdb,362,2.837,0,2000,128,3,0.8
engramdb,363,2.274,0,2000,128,3,0.8
engramdb,364,2.845,1,2000,128,3,0.8
engramdb,365,2.245,0,2000,128,3,0.8
engramdb,366,2.843,1,2000,128,3,0.8
engramdb,367,2.367,1,2000,128,3,0.8
engramdb,368,3.008,0,2000,128,3,0.8
engramdb,369,2.414,1,2000,128,3,0.8
engramdb,370,3.061,1,2000,128,3,0.8
engramdb,371,6.747,0,2000,128,3,0.8
engramdb,372,2.697,1,2000,128,3,0.8
engramdb,373,2.277,0,2000,128,3,0.8
engramdb,374,2.354,1,2000,128,3,0.8
engramdb,375,2.477,1,2000,128,3,0.8
engramdb,376,2.220,1,2000,128,3,0.8
engramdb,377,2.250,0,2000,128,3,0.8
engramdb,378,2.419,0,2000,128,3,0.8
engramdb,379,2.223,1,2000,128,3,0.8
engramdb,380,2.197,1,2000,128,3,0.8
engramdb,381,2.241,1,2000,128,3,0.8
engramdb,382,2.206,1,2000,128,3,0.8
engramdb,383,2.189,0,2000,128,3,0.8
engramdb,384,2.908,0,2000,128,3,0.8
engramdb,385,2.330,1,2000,128,3,0.8
engramdb,386,2.904,1,2000,128,3,0.8
engramdb,387,2.273,1,2000,128,3,0.8
engramdb,388,2.304,1,2000,128,3,0.8
engramdb,389,2.285,0,2000,128,3,0.8
engramdb,390,2.883,0,2000,128,3,0.8
engramdb,391,2.808,1,2000,128,3,0.8
engramdb,392,2.910,1,2000,128,3,0.8
engramdb,393,2.226,1,2000,128,3,0.8
engramdb,394,2.818,0,2000,128,3,0.8
engramdb,395,2.285,1,2000,128,3,0.8
engramdb,396,2.797,0,2000,128,3,0.8
engramdb,397,4.838,1,2000,128,3,0.8
engramdb,398,2.591,1,2000,128,3,0.8
engramdb,399,2.862,0,2000,128,3,0.8
engramdb,400,2.538,1,2000,128,3,0.8
engramdb,401,2.333,1,2000,128,3,0.8
engramdb,402,2.909,0,2000,128,3,0.8
engramdb,403,2.313,1,2000,128,3,0.8
engramdb,404,2.869,0,2000,128,3,0.8
engramdb,405,2.280,0,2000,128,3,0.8
engramdb,406,6.867,1,2000,128,3,0.8
engramdb,407,2.443,1,2000,128,3,0.8
engramdb,408,2.347,0,2000,128,3,0.8
engramdb,409,2.910,1,2000,128,3,0.8
engramdb,410,2.487,0,2000,128,3,0.8
engramdb,411,2.792,1,2000,128,3,0.8
engramdb,412,2.399,1,2000,128,3,0.8
engramdb,413,2.802,1,2000,128,3,0.8
engramdb,414,2.373,0,2000,128,3,0.8
engramdb,415,2.770,0,2000,128,3,0.8
engramdb,416,2.353,1,2000,128,3,0.8
engramdb,417,2.967,1,2000,128,3,0.8
engramdb,418,2.449,1,2000,128,3,0.8
engramdb,419,2.838,1,2000,128,3,0.8
engramdb,420,2.369,0,2000,128,3,0.8
engramdb,421,2.851,0,2000,128,3,0.8
engramdb,422,2.558,1,2000,128,3,0.8
engramdb,423,2.769,1,2000,128,3,0.8
engramdb,424,2.358,1,2000,128,3,0.8
engramdb,425,2.839,0,2000,128,3,0.8
engramdb,426,5.093,0,2000,128,3,0.8
engramdb,427,2.812,0,2000,128,3,0.8
engramdb,428,5.069,1,2000,128,3,0.8
engramdb,429,2.864,1,2000,128,3,0.8
engramdb,430,2.643,1,2000,128,3,0.8
engramdb,431,6.719,0,2000,128,3,0.8
engramdb,432,2.563,1,2000,128,3,0.8
engramdb,433,2.345,0,2000,128,3,0.8
engramdb,434,2.848,1,2000,128,3,0.8
engramdb,435,2.560,1,2000,128,3,0.8
engramdb,436,2.890,0,2000,128,3,0.8
engramdb,437,2.305,1,2000,128,3,0.8
engramdb,438,2.988,1,2000,128,3,0.8
engramdb,439,2.330,0,2000,128,3,0.8
engramdb,440,2.954,1,2000,128,3,0.8
engramdb,441,2.237,0,2000,128,3,0.8
engramdb,442,3.360,0,2000,128,3,0.8
engramdb,443,2.764,1,2000,128,3,0.8
engramdb,444,3.158,1,2000,128,3,0.8
engramdb,445,2.762,0,2000,128,3,0.8
engramdb,446,3.118,1,2000,128,3,0.8
engramdb,447,2.717,0,2000,128,3,0.8
engramdb,448,3.174,1,2000,128,3,0.8
engramdb,449,2.733,1,2000,128,3,0.8
engramdb,450,3.159,1,2000,128,3,0.8
engramdb,451,2.329,0,2000,128,3,0.8
engramdb,452,2.868,0,2000,128,3,0.8
engramdb,453,2.372,1,2000,128,3,0.8
engramdb,454,2.868,1,2000,128,3,0.8
engramdb,455,2.242,1,2000,128,3,0.8
engramdb,456,2.895,1,2000,128,3,0.8
engramdb,457,2.281,0,2000,128,3,0.8
engramdb,458,2.916,0,2000,128,3,0.8
engramdb,459,2.357,1,2000,128,3,0.8
engramdb,460,2.253,1,2000,128,3,0.8
engramdb,461,2.816,1,2000,128,3,0.8
engramdb,462,4.978,0,2000,128,3,0.8
engramdb,463,6.746,0,2000,128,3,0.8
engramdb,464,2.465,0,2000,128,3,0.8
engramdb,465,2.875,1,2000,128,3,0.8
engramdb,466,2.367,1,2000,128,3,0.8
engramdb,467,2.261,1,2000,128,3,0.8
engramdb,468,2.117,0,2000,128,3,0.8
engramdb,469,2.165,1,2000,128,3,0.8
engramdb,470,2.337,0,2000,128,3,0.8
engramdb,471,2.156,1,2000,128,3,0.8
engramdb,472,2.212,1,2000,128,3,0.8
engramdb,473,2.251,0,2000,128,3,0.8
engramdb,474,2.442,1,2000,128,3,0.8
engramdb,475,2.092,1,2000,128,3,0.8
engramdb,476,2.284,0,2000,128,3,0.8
engramdb,477,2.173,1,2000,128,3,0.8
engramdb,478,2.884,0,2000,128,3,0.8
engramdb,479,2.295,1,2000,128,3,0.8
engramdb,480,2.306,1,2000,128,3,0.8
engramdb,481,2.160,1,2000,128,3,0.8
engramdb,482,2.254,0,2000,128,3,0.8
engramdb,483,2.124,0,2000,128,3,0.8
engramdb,484,2.303,0,2000,128,3,0.8
engramdb,485,2.135,1,2000,128,3,0.8
engramdb,486,2.144,1,2000,128,3,0.8
engramdb,487,2.111,1,2000,128,3,0.8
engramdb,488,2.169,0,2000,128,3,0.8
engramdb,489,2.106,0,2000,128,3,0.8
engramdb,490,2.164,1,2000,128,3,0.8
engramdb,491,2.276,1,2000,128,3,0.8
engramdb,492,2.355,1,2000,128,3,0.8
engramdb,493,2.161,1,2000,128,3,0.8
engramdb,494,2.357,0,2000,128,3,0.8
engramdb,495,2.180,0,2000,128,3,0.8
engramdb,496,2.531,1,2000,128,3,0.8
engramdb,497,2.107,1,2000,128,3,0.8
engramdb,498,2.110,1,2000,128,3,0.8
engramdb,499,2.087,0,2000,128,3,0.8
engramdb,500,2.241,1,2000,128,3,0.8
engramdb,501,2.802,0,2000,128,3,0.8
engramdb,502,2.345,1,2000,128,3,0.8
engramdb,503,2.281,1,2000,128,3,0.8
engramdb,504,2.150,0,2000,128,3,0.8
engramdb,505,2.298,0,2000,128,3,0.8
engramdb,506,2.255,1,2000,128,3,0.8
engramdb,507,2.106,0,2000,128,3,0.8
engramdb,508,2.279,1,2000,128,3,0.8
engramdb,509,2.130,1,2000,128,3,0.8
engramdb,510,2.285,0,2000,128,3,0.8
engramdb,511,2.144,1,2000,128,3,0.8
engramdb,512,2.223,1,2000,128,3,0.8
engramdb,513,2.813,0,2000,128,3,0.8
engramdb,514,2.478,1,2000,128,3,0.8
engramdb,515,2.295,0,2000,128,3,0.8
engramdb,516,2.204,1,2000,128,3,0.8
engramdb,517,2.113,1,2000,128,3,0.8
engramdb,518,2.296,1,2000,128,3,0.8
engramdb,519,2.182,0,2000,128,3,0.8
engramdb,520,2.272,0,2000,128,3,0.8
engramdb,521,2.177,0,2000,128,3,0.8
engramdb,522,2.247,1,2000,128,3,0.8
engramdb,523,2.187,1,2000,128,3,0.8
engramdb,524,2.453,1,2000,128,3,0.8
engramdb,525,2.169,0,2000,128,3,0.8
engramdb,526,2.189,0,2000,128,3,0.8
engramdb,527,2.097,1,2000,128,3,0.8
engramdb,528,2.097,1,2000,128,3,0.8
engramdb,529,2.082,1,2000,128,3,0.8
engramdb,530,2.184,1,2000,128,3,0.8
engramdb,531,2.194,0,2000,128,3,0.8
engramdb,532,2.982,0,2000,128,3,0.8
engramdb,533,2.336,1,2000,128,3,0.8
engramdb,534,2.284,1,2000,128,3,0.8
engramdb,535,2.186,1,2000,128,3,0.8
engramdb,536,2.343,0,2000,128,3,0.8
engramdb,537,2.167,1,2000,128,3,0.8
engramdb,538,2.927,0,2000,128,3,0.8
engramdb,539,2.181,1,2000,128,3,0.8
engramdb,540,2.213,1,2000,128,3,0.8
engramdb,541,2.226,0,2000,128,3,0.8
engramdb,542,2.235,0,2000,128,3,0.8
engramdb,543,2.101,1,2000,128,3,0.8
engramdb,544,2.309,0,2000,128,3,0.8
engramdb,545,2.191,1,2000,128,3,0.8
engramdb,546,2.247,1,2000,128,3,0.8
engramdb,547,2.134,0,2000,128,3,0.8
engramdb,548,2.253,1,2000,128,3,0.8
engramdb,549,2.080,1,2000,128,3,0.8
engramdb,550,2.268,0,2000,128,3,0.8
engramdb,551,2.167,1,2000,128,3,0.8
engramdb,552,2.258,0,2000,128,3,0.8
engramdb,553,2.207,1,2000,128,3,0.8
engramdb,554,2.265,1,2000,128,3,0.8
engramdb,555,2.168,1,2000,128,3,0.8
engramdb,556,2.126,0,2000,128,3,0.8
engramdb,557,2.188,0,2000,128,3,0.8
engramdb,558,2.309,1,2000,128,3,0.8
engramdb,559,2.143,1,2000,128,3,0.8
engramdb,560,2.114,1,2000,128,3,0.8
engramdb,561,2.204,1,2000,128,3,0.8
engramdb,562,2.112,0,2000,128,3,0.8
engramdb,563,2.140,0,2000,128,3,0.8
engramdb,564,2.189,1,2000,128,3,0.8
engramdb,565,2.075,1,2000,128,3,0.8
engramdb,566,6.989,1,2000,128,3,0.8
engramdb,567,2.567,1,2000,128,3,0.8
engramdb,568,2.374,0,2000,128,3,0.8
engramdb,569,2.176,0,2000,128,3,0.8
engramdb,570,2.262,1,2000,128,3,0.8
engramdb,571,2.428,1,2000,128,3,0.8
engramdb,572,2.232,1,2000,128,3,0.8
engramdb,573,2.250,0,2000,128,3,0.8
engramdb,574,2.289,1,2000,128,3,0.8
engramdb,575,2.110,0,2000,128,3,0.8
engramdb,576,2.444,1,2000,128,3,0.8
engramdb,577,2.207,1,2000,128,3,0.8
engramdb,578,2.327,0,2000,128,3,0.8
engramdb,579,2.091,1,2000,128,3,0.8
engramdb,580,2.233,1,2000,128,3,0.8
engramdb,581,2.251,0,2000,128,3,0.8
engramdb,582,2.130,1,2000,128,3,0.8
engramdb,583,2.133,0,2000,128,3,0.8
engramdb,584,2.082,0,2000,128,3,0.8
engramdb,585,2.141,1,2000,128,3,0.8
engramdb,586,2.838,1,2000,128,3,0.8
engramdb,587,2.244,0,2000,128,3,0.8
engramdb,588,2.311,1,2000,128,3,0.8
engramdb,589,2.219,0,2000,128,3,0.8
engramdb,590,2.349,1,2000,128,3,0.8
engramdb,591,2.217,1,2000,128,3,0.8
engramdb,592,2.129,1,2000,128,3,0.8
engramdb,593,2.165,0,2000,128,3,0.8
engramdb,594,2.232,0,2000,128,3,0.8
engramdb,595,2.169,1,2000,128,3,0.8
engramdb,596,2.230,1,2000,128,3,0.8
engramdb,597,2.153,1,2000,128,3,0.8
engramdb,598,2.300,1,2000,128,3,0.8
engramdb,599,2.094,0,2000,128,3,0.8
engramdb,600,2.380,1,2000,128,3,0.8
engramdb,601,2.135,1,2000,128,3,0.8
engramdb,602,2.070,1,2000,128,3,0.8
engramdb,603,2.158,1,2000,128,3,0.8
engramdb,604,2.336,0,2000,128,3,0.8
engramdb,605,2.154,0,2000,128,3,0.8
engramdb,606,2.266,0,2000,128,3,0.8
engramdb,607,2.203,1,2000,128,3,0.8
engramdb,608,4.707,1,2000,128,3,0.8
engramdb,609,2.868,1,2000,128,3,0.8
engramdb,610,2.631,0,2000,128,3,0.8
engramdb,611,2.274,1,2000,128,3,0.8
engramdb,612,2.136,0,2000,128,3,0.8
engramdb,613,2.740,1,2000,128,3,0.8
engramdb,614,2.334,1,2000,128,3,0.8
engramdb,615,2.292,0,2000,128,3,0.8
engramdb,616,2.237,1,2000,128,3,0.8
engramdb,617,2.140,1,2000,128,3,0.8
engramdb,618,2.222,0,2000,128,3,0.8
engramdb,619,2.076,1,2000,128,3,0.8
engramdb,620,2.095,0,2000,128,3,0.8
engramdb,621,2.108,0,2000,128,3,0.8
engramdb,622,2.231,1,2000,128,3,0.8
engramdb,623,4.754,1,2000,128,3,0.8
engramdb,624,2.619,0,2000,128,3,0.8
engramdb,625,2.213,0,2000,128,3,0.8
engramdb,626,2.376,0,2000,128,3,0.8
engramdb,627,2.272,1,2000,128,3,0.8
engramdb,628,2.332,1,2000,128,3,0.8
engramdb,629,2.237,1,2000,128,3,0.8
engramdb,630,2.321,0,2000,128,3,0.8
engramdb,631,2.263,0,2000,128,3,0.8
engramdb,632,2.245,1,2000,128,3,0.8
engramdb,633,2.164,1,2000,128,3,0.8
engramdb,634,2.127,1,2000,128,3,0.8
engramdb,635,2.402,1,2000,128,3,0.8
engramdb,636,2.211,0,2000,128,3,0.8
engramdb,637,2.178,0,2000,128,3,0.8
engramdb,638,2.297,1,2000,128,3,0.8
engramdb,639,2.142,1,2000,128,3,0.8
engramdb,640,2.429,1,2000,128,3,0.8
engramdb,641,2.303,0,2000,128,3,0.8
engramdb,642,2.322,0,2000,128,3,0.8
engramdb,643,2.160,0,2000,128,3,0.8
engramdb,644,2.362,1,2000,128,3,0.8
engramdb,645,2.165,1,2000,128,3,0.8
engramdb,646,2.288,1,2000,128,3,0.8
engramdb,647,2.255,0,2000,128,3,0.8
engramdb,648,2.223,1,2000,128,3,0.8
engramdb,649,2.113,0,2000,128,3,0.8
engramdb,650,2.946,1,2000,128,3,0.8
engramdb,651,2.382,1,2000,128,3,0.8
engramdb,652,2.388,0,2000,128,3,0.8
engramdb,653,2.282,1,2000,128,3,0.8
engramdb,654,2.279,1,2000,128,3,0.8
engramdb,655,2.154,0,2000,128,3,0.8
engramdb,656,2.503,1,2000,128,3,0.8
engramdb,657,2.148,0,2000,128,3,0.8
engramdb,658,2.175,1,2000,128,3,0.8
engramdb,659,2.068,1,2000,128,3,0.8
engramdb,660,2.338,1,2000,128,3,0.8
engramdb,661,2.121,0,2000,128,3,0.8
engramdb,662,2.249,0,2000,128,3,0.8
engramdb,663,2.167,0,2000,128,3,0.8
engramdb,664,2.256,1,2000,128,3,0.8
engramdb,665,2.302,1,2000,128,3,0.8
engramdb,666,2.196,1,2000,128,3,0.8
engramdb,667,2.225,0,2000,128,3,0.8
engramdb,668,2.095,0,2000,128,3,0.8
engramdb,669,2.078,1,2000,128,3,0.8
engramdb,670,2.202,1,2000,128,3,0.8
engramdb,671,2.063,1,2000,128,3,0.8
engramdb,672,2.077,1,2000,128,3,0.8
engramdb,673,2.259,0,2000,128,3,0.8
engramdb,674,2.147,0,2000,128,3,0.8
engramdb,675,2.242,1,2000,128,3,0.8
engramdb,676,2.113,1,2000,128,3,0.8
engramdb,677,2.047,1,2000,128,3,0.8
engramdb,678,2.895,0,2000,128,3,0.8
engramdb,679,2.209,1,2000,128,3,0.8
engramdb,680,2.375,0,2000,128,3,0.8
engramdb,681,2.216,1,2000,128,3,0.8
engramdb,682,2.247,1,2000,128,3,0.8
engramdb,683,2.177,0,2000,128,3,0.8
engramdb,684,2.326,0,2000,128,3,0.8
engramdb,685,2.124,1,2000,128,3,0.8
engramdb,686,2.149,0,2000,128,3,0.8
engramdb,687,2.320,1,2000,128,3,0.8
engramdb,688,2.194,1,2000,128,3,0.8
engramdb,689,2.130,0,2000,128,3,0.8
engramdb,690,2.169,1,2000,128,3,0.8
engramdb,691,2.121,1,2000,128,3,0.8
engramdb,692,2.253,0,2000,128,3,0.8
engramdb,693,2.251,1,2000,128,3,0.8
engramdb,694,2.320,0,2000,128,3,0.8
engramdb,695,2.109,1,2000,128,3,0.8
engramdb,696,2.208,1,2000,128,3,0.8
engramdb,697,2.073,1,2000,128,3,0.8
engramdb,698,2.225,0,2000,128,3,0.8
engramdb,699,2.224,0,2000,128,3,0.8
engramdb,700,2.781,1,2000,128,3,0.8
engramdb,701,2.183,1,2000,128,3,0.8
engramdb,702,2.341,1,2000,128,3,0.8
engramdb,703,2.174,1,2000,128,3,0.8
engramdb,704,2.222,0,2000,128,3,0.8
engramdb,705,2.263,0,2000,128,3,0.8
engramdb,706,2.240,1,2000,128,3,0.8
engramdb,707,2.240,1,2000,128,3,0.8
engramdb,708,2.446,1,2000,128,3,0.8
engramdb,709,2.201,1,2000,128,3,0.8
engramdb,710,2.328,0,2000,128,3,0.8
engramdb,711,2.139,0,2000,128,3,0.8
engramdb,712,2.230,1,2000,128,3,0.8
engramdb,713,2.103,1,2000,128,3,0.8
engramdb,714,2.294,1,2000,128,3,0.8
engramdb,715,2.183,0,2000,128,3,0.8
engramdb,716,2.240,1,2000,128,3,0.8
engramdb,717,2.220,0,2000,128,3,0.8
engramdb,718,2.631,1,2000,128,3,0.8
engramdb,719,2.328,1,2000,128,3,0.8
engramdb,720,2.150,0,2000,128,3,0.8
engramdb,721,2.256,0,2000,128,3,0.8
engramdb,722,2.150,1,2000,128,3,0.8
engramdb,723,2.140,0,2000,128,3,0.8
engramdb,724,2.230,1,2000,128,3,0.8
engramdb,725,2.120,0,2000,128,3,0.8
engramdb,726,2.100,0,2000,128,3,0.8
engramdb,727,2.144,1,2000,128,3,0.8
engramdb,728,2.135,1,2000,128,3,0.8
engramdb,729,2.127,0,2000,128,3,0.8
engramdb,730,2.071,1,2000,128,3,0.8
engramdb,731,2.126,0,2000,128,3,0.8
engramdb,732,2.246,1,2000,128,3,0.8
engramdb,733,2.124,1,2000,128,3,0.8
engramdb,734,2.208,1,2000,128,3,0.8
engramdb,735,2.050,0,2000,128,3,0.8
engramdb,736,2.112,0,2000,128,3,0.8
engramdb,737,2.165,1,2000,128,3,0.8
engramdb,738,2.147,1,2000,128,3,0.8
engramdb,739,2.902,1,2000,128,3,0.8
engramdb,740,2.348,1,2000,128,3,0.8
engramdb,741,2.248,0,2000,128,3,0.8
engramdb,742,2.172,0,2000,128,3,0.8
engramdb,743,2.125,1,2000,128,3,0.8
engramdb,744,2.183,1,2000,128,3,0.8
engramdb,745,2.170,1,2000,128,3,0.8
engramdb,746,2.302,1,2000,128,3,0.8
engramdb,747,2.169,0,2000,128,3,0.8
engramdb,748,2.199,0,2000,128,3,0.8
engramdb,749,2.935,1,2000,128,3,0.8
engramdb,750,2.278,1,2000,128,3,0.8
engramdb,751,2.221,1,2000,128,3,0.8
engramdb,752,2.149,0,2000,128,3,0.8
engramdb,753,2.207,1,2000,128,3,0.8
engramdb,754,2.226,0,2000,128,3,0.8
engramdb,755,2.243,1,2000,128,3,0.8
engramdb,756,2.251,1,2000,128,3,0.8
engramdb,757,2.170,0,2000,128,3,0.8
engramdb,758,2.171,1,2000,128,3,0.8
engramdb,759,2.087,1,2000,128,3,0.8
engramdb,760,2.279,0,2000,128,3,0.8
engramdb,761,2.198,1,2000,128,3,0.8
engramdb,762,2.271,0,2000,128,3,0.8
engramdb,763,2.141,0,2000,128,3,0.8
engramdb,764,2.920,1,2000,128,3,0.8
engramdb,765,2.342,1,2000,128,3,0.8
engramdb,766,2.577,0,2000,128,3,0.8
engramdb,767,2.190,1,2000,128,3,0.8
engramdb,768,2.231,0,2000,128,3,0.8
engramdb,769,2.145,1,2000,128,3,0.8
engramdb,770,2.288,1,2000,128,3,0.8
engramdb,771,2.119,1,2000,128,3,0.8
engramdb,772,2.144,0,2000,128,3,0.8
engramdb,773,2.302,0,2000,128,3,0.8
engramdb,774,2.063,1,2000,128,3,0.8
engramdb,775,2.225,1,2000,128,3,0.8
engramdb,776,2.128,1,2000,128,3,0.8
engramdb,777,2.162,1,2000,128,3,0.8
engramdb,778,2.298,0,2000,128,3,0.8
engramdb,779,2.129,0,2000,128,3,0.8
engramdb,780,2.131,1,2000,128,3,0.8
engramdb,781,2.128,1,2000,128,3,0.8
engramdb,782,2.069,1,2000,128,3,0.8
engramdb,783,2.135,0,2000,128,3,0.8
engramdb,784,2.185,0,2000,128,3,0.8
engramdb,785,2.210,0,2000,128,3,0.8
engramdb,786,2.254,1,2000,128,3,0.8
engramdb,787,2.059,1,2000,128,3,0.8
engramdb,788,2.284,1,2000,128,3,0.8
engramdb,789,2.125,0,2000,128,3,0.8
engramdb,790,2.114,1,2000,128,3,0.8
engramdb,791,2.042,0,2000,128,3,0.8
engramdb,792,2.419,1,2000,128,3,0.8
engramdb,793,2.781,1,2000,128,3,0.8
engramdb,794,3.112,0,2000,128,3,0.8
engramdb,795,2.728,1,2000,128,3,0.8
engramdb,796,3.135,1,2000,128,3,0.8
engramdb,797,5.403,0,2000,128,3,0.8
engramdb,798,7.248,1,2000,128,3,0.8
engramdb,799,2.929,0,2000,128,3,0.8
engramdb,800,2.679,1,2000,128,3,0.8
engramdb,801,2.652,1,2000,128,3,0.8
engramdb,802,2.508,1,2000,128,3,0.8
engramdb,803,2.561,0,2000,128,3,0.8
engramdb,804,2.624,0,2000,128,3,0.8
engramdb,805,2.705,0,2000,128,3,0.8
engramdb,806,2.622,1,2000,128,3,0.8
engramdb,807,2.545,1,2000,128,3,0.8
engramdb,808,2.500,1,2000,128,3,0.8
engramdb,809,2.453,0,2000,128,3,0.8
engramdb,810,2.562,0,2000,128,3,0.8
engramdb,811,2.496,1,2000,128,3,0.8
engramdb,812,3.133,1,2000,128,3,0.8
engramdb,813,2.596,1,2000,128,3,0.8
engramdb,814,2.756,1,2000,128,3,0.8
engramdb,815,2.672,0,2000,128,3,0.8
engramdb,816,2.530,0,2000,128,3,0.8
engramdb,817,2.556,1,2000,128,3,0.8
engramdb,818,2.697,1,2000,128,3,0.8
engramdb,819,2.565,1,2000,128,3,0.8
engramdb,820,3.061,0,2000,128,3,0.8
engramdb,821,2.677,0,2000,128,3,0.8
engramdb,822,2.875,0,2000,128,3,0.8
engramdb,823,2.537,1,2000,128,3,0.8
engramdb,824,2.675,1,2000,128,3,0.8
engramdb,825,2.581,0,2000,128,3,0.8
engramdb,826,2.577,0,2000,128,3,0.8
engramdb,827,2.548,1,2000,128,3,0.8
engramdb,828,2.538,0,2000,128,3,0.8
engramdb,829,2.505,1,2000,128,3,0.8
engramdb,830,2.553,1,2000,128,3,0.8
engramdb,831,2.525,0,2000,128,3,0.8
engramdb,832,5.236,1,2000,128,3,0.8
engramdb,833,2.536,1,2000,128,3,0.8
engramdb,834,3.094,0,2000,128,3,0.8
engramdb,835,2.559,1,2000,128,3,0.8
engramdb,836,5.291,0,2000,128,3,0.8
engramdb,837,2.638,1,2000,128,3,0.8
engramdb,838,3.059,1,2000,128,3,0.8
engramdb,839,2.688,1,2000,128,3,0.8
engramdb,840,2.768,0,2000,128,3,0.8
engramdb,841,2.591,0,2000,128,3,0.8
engramdb,842,2.687,0,2000,128,3,0.8
engramdb,843,2.614,1,2000,128,3,0.8
engramdb,844,2.630,1,2000,128,3,0.8
engramdb,845,2.568,1,2000,128,3,0.8
engramdb,846,2.702,0,2000,128,3,0.8
engramdb,847,2.569,0,2000,128,3,0.8
engramdb,848,2.653,1,2000,128,3,0.8
engramdb,849,2.566,1,2000,128,3,0.8
engramdb,850,2.606,1,2000,128,3,0.8
engramdb,851,2.628,1,2000,128,3,0.8
engramdb,852,2.789,0,2000,128,3,0.8
engramdb,853,3.162,0,2000,128,3,0.8
engramdb,854,2.818,1,2000,128,3,0.8
engramdb,855,2.576,1,2000,128,3,0.8
engramdb,856,2.544,1,2000,128,3,0.8
engramdb,857,2.704,0,2000,128,3,0.8
engramdb,858,2.674,1,2000,128,3,0.8
engramdb,859,2.563,0,2000,128,3,0.8
engramdb,860,2.725,1,2000,128,3,0.8
engramdb,861,2.521,1,2000,128,3,0.8
engramdb,862,2.672,0,2000,128,3,0.8
engramdb,863,2.502,0,2000,128,3,0.8
engramdb,864,2.519,1,2000,128,3,0.8
engramdb,865,2.571,0,2000,128,3,0.8
engramdb,866,2.548,1,2000,128,3,0.8
engramdb,867,2.548,1,2000,128,3,0.8
engramdb,868,2.622,0,2000,128,3,0.8
engramdb,869,2.509,1,2000,128,3,0.8
engramdb,870,4.778,1,2000,128,3,0.8
engramdb,871,7.335,0,2000,128,3,0.8
engramdb,872,2.833,1,2000,128,3,0.8
engramdb,873,2.701,0,2000,128,3,0.8
engramdb,874,2.740,1,2000,128,3,0.8
engramdb,875,2.698,1,2000,128,3,0.8
engramdb,876,2.670,1,2000,128,3,0.8
engramdb,877,2.565,0,2000,128,3,0.8
engramdb,878,2.544,0,2000,128,3,0.8
engramdb,879,2.547,1,2000,128,3,0.8
engramdb,880,2.751,1,2000,128,3,0.8
engramdb,881,2.497,1,2000,128,3,0.8
engramdb,882,2.585,1,2000,128,3,0.8
engramdb,883,2.574,0,2000,128,3,0.8
engramdb,884,2.594,0,2000,128,3,0.8
engramdb,885,2.540,1,2000,128,3,0.8
engramdb,886,2.550,1,2000,128,3,0.8
engramdb,887,2.116,1,2000,128,3,0.8
engramdb,888,2.155,1,2000,128,3,0.8
engramdb,889,2.170,0,2000,128,3,0.8
engramdb,890,2.206,0,2000,128,3,0.8
engramdb,891,2.110,1,2000,128,3,0.8
engramdb,892,2.075,1,2000,128,3,0.8
engramdb,893,2.122,1,2000,128,3,0.8
engramdb,894,2.301,0,2000,128,3,0.8
engramdb,895,2.138,1,2000,128,3,0.8
engramdb,896,2.059,0,2000,128,3,0.8
engramdb,897,2.145,1,2000,128,3,0.8
engramdb,898,2.151,1,2000,128,3,0.8
engramdb,899,2.685,0,2000,128,3,0.8
engramdb,900,2.839,1,2000,128,3,0.8
engramdb,901,2.152,1,2000,128,3,0.8
engramdb,902,2.157,0,2000,128,3,0.8
engramdb,903,2.095,1,2000,128,3,0.8
engramdb,904,2.341,0,2000,128,3,0.8
engramdb,905,2.054,0,2000,128,3,0.8
engramdb,906,2.461,1,2000,128,3,0.8
engramdb,907,2.075,1,2000,128,3,0.8
engramdb,908,2.138,0,2000,128,3,0.8
engramdb,909,2.121,1,2000,128,3,0.8
engramdb,910,2.130,0,2000,128,3,0.8
engramdb,911,2.589,1,2000,128,3,0.8
engramdb,912,2.225,1,2000,128,3,0.8
engramdb,913,2.032,1,2000,128,3,0.8
engramdb,914,2.208,0,2000,128,3,0.8
engramdb,915,2.094,0,2000,128,3,0.8
engramdb,916,3.220,1,2000,128,3,0.8
engramdb,917,2.366,1,2000,128,3,0.8
engramdb,918,2.393,1,2000,128,3,0.8
engramdb,919,2.184,1,2000,128,3,0.8
engramdb,920,2.304,0,2000,128,3,0.8
engramdb,921,2.106,0,2000,128,3,0.8
engramdb,922,2.284,1,2000,128,3,0.8
engramdb,923,2.164,1,2000,128,3,0.8
engramdb,924,2.154,1,2000,128,3,0.8
engramdb,925,2.693,0,2000,128,3,0.8
engramdb,926,2.350,0,2000,128,3,0.8
engramdb,927,3.277,0,2000,128,3,0.8
engramdb,928,2.730,1,2000,128,3,0.8
engramdb,929,2.375,1,2000,128,3,0.8
engramdb,930,5.540,1,2000,128,3,0.8
engramdb,931,2.286,0,2000,128,3,0.8
engramdb,932,3.344,1,2000,128,3,0.8
engramdb,933,2.697,0,2000,128,3,0.8
engramdb,934,6.169,1,2000,128,3,0.8
engramdb,935,2.253,1,2000,128,3,0.8
engramdb,936,2.862,0,2000,128,3,0.8
engramdb,937,6.845,1,2000,128,3,0.8
engramdb,938,2.951,1,2000,128,3,0.8
engramdb,939,3.205,0,2000,128,3,0.8
engramdb,940,2.835,1,2000,128,3,0.8
engramdb,941,3.070,0,2000,128,3,0.8
engramdb,942,7.223,0,2000,128,3,0.8
engramdb,943,2.818,1,2000,128,3,0.8
engramdb,944,3.098,1,2000,128,3,0.8
engramdb,945,6.737,0,2000,128,3,0.8
engramdb,946,5.145,1,2000,128,3,0.8
engramdb,947,3.174,0,2000,128,3,0.8
engramdb,948,2.965,1,2000,128,3,0.8
engramdb,949,3.063,1,2000,128,3,0.8
engramdb,950,3.117,1,2000,128,3,0.8
engramdb,951,3.105,0,2000,128,3,0.8
engramdb,952,2.863,0,2000,128,3,0.8
engramdb,953,5.010,1,2000,128,3,0.8
engramdb,954,5.308,1,2000,128,3,0.8
engramdb,955,2.849,1,2000,128,3,0.8
engramdb,956,5.016,1,2000,128,3,0.8
engramdb,957,6.548,0,2000,128,3,0.8
engramdb,958,4.918,0,2000,128,3,0.8
engramdb,959,6.818,1,2000,128,3,0.8
engramdb,960,4.871,1,2000,128,3,0.8
engramdb,961,2.222,1,2000,128,3,0.8
engramdb,962,5.508,0,2000,128,3,0.8
engramdb,963,7.223,0,2000,128,3,0.8
engramdb,964,5.155,0,2000,128,3,0.8
engramdb,965,2.276,1,2000,128,3,0.8
engramdb,966,2.302,1,2000,128,3,0.8
engramdb,967,2.233,1,2000,128,3,0.8
engramdb,968,2.205,0,2000,128,3,0.8
engramdb,969,2.180,1,2000,128,3,0.8
engramdb,970,2.154,0,2000,128,3,0.8
engramdb,971,2.221,1,2000,128,3,0.8
engramdb,972,2.282,1,2000,128,3,0.8
engramdb,973,2.148,0,2000,128,3,0.8
engramdb,974,2.128,1,2000,128,3,0.8
engramdb,975,2.087,1,2000,128,3,0.8
engramdb,976,2.122,0,2000,128,3,0.8
engramdb,977,2.751,1,2000,128,3,0.8
engramdb,978,2.794,0,2000,128,3,0.8
engramdb,979,2.799,1,2000,128,3,0.8
engramdb,980,6.970,1,2000,128,3,0.8
engramdb,981,2.792,1,2000,128,3,0.8
engramdb,982,2.874,0,2000,128,3,0.8
engramdb,983,2.314,0,2000,128,3,0.8
engramdb,984,2.371,0,2000,128,3,0.8
engramdb,985,2.156,1,2000,128,3,0.8
engramdb,986,2.194,1,2000,128,3,0.8
engramdb,987,2.214,1,2000,128,3,0.8
engramdb,988,2.290,0,2000,128,3,0.8
engramdb,989,2.123,0,2000,128,3,0.8
engramdb,990,2.280,1,2000,128,3,0.8
engramdb,991,2.079,1,2000,128,3,0.8
engramdb,992,2.076,1,2000,128,3,0.8
engramdb,993,2.133,1,2000,128,3,0.8
engramdb,994,2.183,0,2000,128,3,0.8
engramdb,995,2.216,0,2000,128,3,0.8
engramdb,996,2.373,1,2000,128,3,0.8
engramdb,997,2.126,1,2000,128,3,0.8
engramdb,998,2.249,1,2000,128,3,0.8
engramdb,999,2.166,0,2000,128,3,0.8
engramdb,1000,2.154,1,2000,128,3,0.8
engramdb,1001,2.227,0,2000,128,3,0.8
engramdb,1002,2.110,1,2000,128,3,0.8
engramdb,1003,2.126,1,2000,128,3,0.8
engramdb,1004,2.265,0,2000,128,3,0.8
engramdb,1005,2.131,0,2000,128,3,0.8
engramdb,1006,2.215,1,2000,128,3,0.8
engramdb,1007,2.077,0,2000,128,3,0.8
engramdb,1008,2.155,1,2000,128,3,0.8
engramdb,1009,2.114,1,2000,128,3,0.8
engramdb,1010,2.172,0,2000,128,3,0.8
engramdb,1011,2.099,1,2000,128,3,0.8
engramdb,1012,2.197,1,2000,128,3,0.8
engramdb,1013,2.057,0,2000,128,3,0.8
engramdb,1014,2.215,1,2000,128,3,0.8
engramdb,1015,2.140,0,2000,128,3,0.8
engramdb,1016,2.103,1,2000,128,3,0.8
engramdb,1017,2.115,1,2000,128,3,0.8
engramdb,1018,2.115,1,2000,128,3,0.8
engramdb,1019,2.068,0,2000,128,3,0.8
engramdb,1020,2.165,0,2000,128,3,0.8
engramdb,1021,2.039,0,2000,128,3,0.8
engramdb,1022,2.041,1,2000,128,3,0.8
engramdb,1023,2.132,1,2000,128,3,0.8
engramdb,1024,2.107,1,2000,128,3,0.8
engramdb,1025,2.133,0,2000,128,3,0.8
engramdb,1026,2.081,0,2000,128,3,0.8
engramdb,1027,2.125,1,2000,128,3,0.8
engramdb,1028,2.206,1,2000,128,3,0.8
engramdb,1029,2.123,1,2000,128,3,0.8
engramdb,1030,2.174,1,2000,128,3,0.8
engramdb,1031,2.063,0,2000,128,3,0.8
engramdb,1032,2.123,0,2000,128,3,0.8
engramdb,1033,2.068,1,2000,128,3,0.8
engramdb,1034,2.168,1,2000,128,3,0.8
engramdb,1035,2.062,1,2000,128,3,0.8
engramdb,1036,2.136,0,2000,128,3,0.8
engramdb,1037,2.078,1,2000,128,3,0.8
engramdb,1038,1.994,0,2000,128,3,0.8
engramdb,1039,2.280,1,2000,128,3,0.8
engramdb,1040,2.161,1,2000,128,3,0.8
engramdb,1041,2.099,0,2000,128,3,0.8
engramdb,1042,2.225,0,2000,128,3,0.8
engramdb,1043,2.108,1,2000,128,3,0.8
engramdb,1044,2.059,0,2000,128,3,0.8
engramdb,1045,2.027,1,2000,128,3,0.8
engramdb,1046,2.204,1,2000,128,3,0.8
engramdb,1047,2.081,0,2000,128,3,0.8
engramdb,1048,2.165,1,2000,128,3,0.8
engramdb,1049,2.059,1,2000,128,3,0.8
engramdb,1050,2.078,0,2000,128,3,0.8
engramdb,1051,2.100,1,2000,128,3,0.8
engramdb,1052,2.259,0,2000,128,3,0.8
engramdb,1053,2.135,1,2000,128,3,0.8
engramdb,1054,2.173,1,2000,128,3,0.8
engramdb,1055,2.064,1,2000,128,3,0.8
engramdb,1056,2.190,0,2000,128,3,0.8
engramdb,1057,2.045,0,2000,128,3,0.8
engramdb,1058,2.201,1,2000,128,3,0.8
engramdb,1059,2.047,1,2000,128,3,0.8
engramdb,1060,2.027,1,2000,128,3,0.8
engramdb,1061,2.035,1,2000,128,3,0.8
engramdb,1062,2.156,0,2000,128,3,0.8
engramdb,1063,2.050,0,2000,128,3,0.8
engramdb,1064,2.160,1,2000,128,3,0.8
engramdb,1065,2.095,1,2000,128,3,0.8
engramdb,1066,2.096,1,2000,128,3,0.8
engramdb,1067,2.049,1,2000,128,3,0.8
engramdb,1068,2.221,0,2000,128,3,0.8
engramdb,1069,2.048,0,2000,128,3,0.8
engramdb,1070,2.086,1,2000,128,3,0.8
engramdb,1071,2.201,1,2000,128,3,0.8
engramdb,1072,2.146,1,2000,128,3,0.8
engramdb,1073,2.073,0,2000,128,3,0.8
engramdb,1074,2.142,1,2000,128,3,0.8
engramdb,1075,2.110,0,2000,128,3,0.8
engramdb,1076,2.052,1,2000,128,3,0.8
engramdb,1077,2.022,1,2000,128,3,0.8
engramdb,1078,2.150,0,2000,128,3,0.8
engramdb,1079,2.128,1,2000,128,3,0.8
engramdb,1080,2.073,1,2000,128,3,0.8
engramdb,1081,2.026,0,2000,128,3,0.8
engramdb,1082,2.151,1,2000,128,3,0.8
engramdb,1083,2.104,0,2000,128,3,0.8
engramdb,1084,2.145,0,2000,128,3,0.8
engramdb,1085,2.079,1,2000,128,3,0.8
engramdb,1086,2.250,1,2000,128,3,0.8
engramdb,1087,2.128,0,2000,128,3,0.8
engramdb,1088,2.156,1,2000,128,3,0.8
engramdb,1089,2.132,0,2000,128,3,0.8
engramdb,1090,2.037,1,2000,128,3,0.8
engramdb,1091,2.087,1,2000,128,3,0.8
engramdb,1092,2.114,1,2000,128,3,0.8
engramdb,1093,2.047,0,2000,128,3,0.8
engramdb,1094,2.279,0,2000,128,3,0.8
engramdb,1095,2.080,1,2000,128,3,0.8
engramdb,1096,2.320,1,2000,128,3,0.8
engramdb,1097,2.124,1,2000,128,3,0.8
engramdb,1098,2.152,1,2000,128,3,0.8
engramdb,1099,2.004,0,2000,128,3,0.8
engramdb,1100,2.040,1,2000,128,3,0.8
engramdb,1101,2.137,1,2000,128,3,0.8
engramdb,1102,2.287,1,2000,128,3,0.8
engramdb,1103,2.249,1,2000,128,3,0.8
engramdb,1104,2.158,0,2000,128,3,0.8
engramdb,1105,2.095,0,2000,128,3,0.8
engramdb,1106,2.068,0,2000,128,3,0.8
engramdb,1107,2.070,1,2000,128,3,0.8
engramdb,1108,2.070,1,2000,128,3,0.8
engramdb,1109,2.082,1,2000,128,3,0.8
engramdb,1110,2.117,0,2000,128,3,0.8
engramdb,1111,2.078,1,2000,128,3,0.8
engramdb,1112,2.074,0,2000,128,3,0.8
engramdb,1113,2.085,1,2000,128,3,0.8
engramdb,1114,2.148,1,2000,128,3,0.8
engramdb,1115,2.030,0,2000,128,3,0.8
engramdb,1116,2.193,1,2000,128,3,0.8
engramdb,1117,2.085,1,2000,128,3,0.8
engramdb,1118,2.128,0,2000,128,3,0.8
engramdb,1119,2.008,1,2000,128,3,0.8
engramdb,1120,2.020,0,2000,128,3,0.8
engramdb,1121,2.154,0,2000,128,3,0.8
engramdb,1122,2.185,1,2000,128,3,0.8
engramdb,1123,2.078,1,2000,128,3,0.8
engramdb,1124,2.212,0,2000,128,3,0.8
engramdb,1125,2.078,0,2000,128,3,0.8
engramdb,1126,2.043,0,2000,128,3,0.8
engramdb,1127,2.032,1,2000,128,3,0.8
engramdb,1128,2.112,1,2000,128,3,0.8
engramdb,1129,2.030,1,2000,128,3,0.8
engramdb,1130,2.043,0,2000,128,3,0.8
engramdb,1131,2.036,0,2000,128,3,0.8
engramdb,1132,2.129,1,2000,128,3,0.8
engramdb,1133,2.090,1,2000,128,3,0.8
engramdb,1134,2.050,1,2000,128,3,0.8
engramdb,1135,2.168,1,2000,128,3,0.8
engramdb,1136,2.176,0,2000,128,3,0.8
engramdb,1137,2.095,0,2000,128,3,0.8
engramdb,1138,2.092,1,2000,128,3,0.8
engramdb,1139,2.173,1,2000,128,3,0.8
engramdb,1140,2.053,1,2000,128,3,0.8
engramdb,1141,2.039,0,2000,128,3,0.8
engramdb,1142,2.084,0,2000,128,3,0.8
engramdb,1143,2.014,0,2000,128,3,0.8
engramdb,1144,2.185,1,2000,128,3,0.8
engramdb,1145,2.095,1,2000,128,3,0.8
engramdb,1146,2.160,1,2000,128,3,0.8
engramdb,1147,2.099,0,2000,128,3,0.8
engramdb,1148,2.178,1,2000,128,3,0.8
engramdb,1149,2.115,0,2000,128,3,0.8
engramdb,1150,2.148,1,2000,128,3,0.8
engramdb,1151,2.139,1,2000,128,3,0.8
engramdb,1152,2.143,0,2000,128,3,0.8
engramdb,1153,2.069,1,2000,128,3,0.8
engramdb,1154,2.179,1,2000,128,3,0.8
engramdb,1155,2.100,0,2000,128,3,0.8
engramdb,1156,2.139,1,2000,128,3,0.8
engramdb,1157,2.080,0,2000,128,3,0.8
engramdb,1158,2.060,1,2000,128,3,0.8
engramdb,1159,2.112,1,2000,128,3,0.8
engramdb,1160,2.210,1,2000,128,3,0.8
engramdb,1161,2.163,0,2000,128,3,0.8
engramdb,1162,2.078,0,2000,128,3,0.8
engramdb,1163,2.190,0,2000,128,3,0.8
engramdb,1164,2.167,1,2000,128,3,0.8
engramdb,1165,2.168,1,2000,128,3,0.8
engramdb,1166,2.070,1,2000,128,3,0.8
engramdb,1167,2.088,0,2000,128,3,0.8
engramdb,1168,1.993,0,2000,128,3,0.8
engramdb,1169,2.158,1,2000,128,3,0.8
engramdb,1170,2.103,1,2000,128,3,0.8
engramdb,1171,2.026,1,2000,128,3,0.8
engramdb,1172,2.098,1,2000,128,3,0.8
engramdb,1173,2.108,0,2000,128,3,0.8
engramdb,1174,2.111,0,2000,128,3,0.8
engramdb,1175,2.049,1,2000,128,3,0.8
engramdb,1176,2.162,1,2000,128,3,0.8
engramdb,1177,2.133,1,2000,128,3,0.8
engramdb,1178,2.152,0,2000,128,3,0.8
engramdb,1179,2.065,1,2000,128,3,0.8
engramdb,1180,2.142,0,2000,128,3,0.8
engramdb,1181,2.080,1,2000,128,3,0.8
engramdb,1182,2.190,1,2000,128,3,0.8
engramdb,1183,2.078,0,2000,128,3,0.8
engramdb,1184,2.068,0,2000,128,3,0.8
engramdb,1185,2.816,1,2000,128,3,0.8
engramdb,1186,2.053,0,2000,128,3,0.8
engramdb,1187,2.619,1,2000,128,3,0.8
engramdb,1188,2.177,1,2000,128,3,0.8
engramdb,1189,2.530,0,2000,128,3,0.8
engramdb,1190,2.172,1,2000,128,3,0.8
engramdb,1191,2.687,1,2000,128,3,0.8
engramdb,1192,2.159,0,2000,128,3,0.8
engramdb,1193,2.071,1,2000,128,3,0.8
engramdb,1194,2.523,0,2000,128,3,0.8
engramdb,1195,2.135,1,2000,128,3,0.8
engramdb,1196,2.084,1,2000,128,3,0.8
engramdb,1197,2.129,1,2000,128,3,0.8
engramdb,1198,2.817,0,2000,128,3,0.8
engramdb,1199,2.143,0,2000,128,3,0.8
engramdb,1200,2.605,1,2000,128,3,0.8
engramdb,1201,2.224,1,2000,128,3,0.8
engramdb,1202,2.061,1,2000,128,3,0.8
engramdb,1203,2.204,1,2000,128,3,0.8
engramdb,1204,2.055,0,2000,128,3,0.8
engramdb,1205,2.074,0,2000,128,3,0.8
engramdb,1206,2.099,1,2000,128,3,0.8
engramdb,1207,2.134,1,2000,128,3,0.8
engramdb,1208,2.130,1,2000,128,3,0.8
engramdb,1209,2.062,1,2000,128,3,0.8
engramdb,1210,2.094,0,2000,128,3,0.8
engramdb,1211,2.101,0,2000,128,3,0.8
engramdb,1212,2.107,1,2000,128,3,0.8
engramdb,1213,2.008,1,2000,128,3,0.8
engramdb,1214,2.068,1,2000,128,3,0.8
engramdb,1215,2.089,0,2000,128,3,0.8
engramdb,1216,2.072,1,2000,128,3,0.8
engramdb,1217,2.057,0,2000,128,3,0.8
engramdb,1218,2.100,1,2000,128,3,0.8
engramdb,1219,2.053,1,2000,128,3,0.8
engramdb,1220,2.130,0,2000,128,3,0.8
engramdb,1221,2.080,0,2000,128,3,0.8
engramdb,1222,2.082,1,2000,128,3,0.8
engramdb,1223,1.998,0,2000,128,3,0.8
engramdb,1224,2.073,1,2000,128,3,0.8
engramdb,1225,2.065,0,2000,128,3,0.8
engramdb,1226,2.126,0,2000,128,3,0.8
engramdb,1227,2.147,1,2000,128,3,0.8
engramdb,1228,2.120,1,2000,128,3,0.8
engramdb,1229,2.156,0,2000,128,3,0.8
engramdb,1230,2.068,1,2000,128,3,0.8
engramdb,1231,2.113,0,2000,128,3,0.8
engramdb,1232,2.188,1,2000,128,3,0.8
engramdb,1233,2.082,1,2000,128,3,0.8
engramdb,1234,2.219,1,2000,128,3,0.8
engramdb,1235,2.096,0,2000,128,3,0.8
engramdb,1236,2.128,0,2000,128,3,0.8
engramdb,1237,2.086,1,2000,128,3,0.8
engramdb,1238,2.036,1,2000,128,3,0.8
engramdb,1239,2.061,1,2000,128,3,0.8
engramdb,1240,2.260,1,2000,128,3,0.8
engramdb,1241,2.047,0,2000,128,3,0.8
engramdb,1242,2.101,0,2000,128,3,0.8
engramdb,1243,2.092,1,2000,128,3,0.8
engramdb,1244,2.180,1,2000,128,3,0.8
engramdb,1245,2.025,1,2000,128,3,0.8
engramdb,1246,2.760,1,2000,128,3,0.8
engramdb,1247,2.196,0,2000,128,3,0.8
engramdb,1248,2.117,0,2000,128,3,0.8
engramdb,1249,2.057,1,2000,128,3,0.8
engramdb,1250,2.044,1,2000,128,3,0.8
engramdb,1251,2.069,1,2000,128,3,0.8
engramdb,1252,2.087,0,2000,128,3,0.8
engramdb,1253,2.072,1,2000,128,3,0.8
engramdb,1254,2.652,0,2000,128,3,0.8
engramdb,1255,2.121,1,2000,128,3,0.8
engramdb,1256,2.027,1,2000,128,3,0.8
engramdb,1257,2.121,0,2000,128,3,0.8
engramdb,1258,2.023,1,2000,128,3,0.8
engramdb,1259,2.191,1,2000,128,3,0.8
engramdb,1260,2.014,0,2000,128,3,0.8
engramdb,1261,2.108,1,2000,128,3,0.8
engramdb,1262,1.983,0,2000,128,3,0.8
engramdb,1263,2.069,0,2000,128,3,0.8
engramdb,1264,2.153,1,2000,128,3,0.8
engramdb,1265,2.099,1,2000,128,3,0.8
engramdb,1266,2.092,0,2000,128,3,0.8
engramdb,1267,2.083,1,2000,128,3,0.8
engramdb,1268,2.153,0,2000,128,3,0.8
engramdb,1269,2.062,1,2000,128,3,0.8
engramdb,1270,2.044,1,2000,128,3,0.8
engramdb,1271,2.147,1,2000,128,3,0.8
engramdb,1272,3.068,0,2000,128,3,0.8
engramdb,1273,2.224,0,2000,128,3,0.8
engramdb,1274,2.333,1,2000,128,3,0.8
engramdb,1275,2.274,1,2000,128,3,0.8
engramdb,1276,2.218,1,2000,128,3,0.8
engramdb,1277,2.152,1,2000,128,3,0.8
engramdb,1278,2.120,0,2000,128,3,0.8
engramdb,1279,2.069,0,2000,128,3,0.8
engramdb,1280,2.220,1,2000,128,3,0.8
engramdb,1281,2.113,1,2000,128,3,0.8
engramdb,1282,2.199,1,2000,128,3,0.8
engramdb,1283,2.122,0,2000,128,3,0.8
engramdb,1284,2.294,0,2000,128,3,0.8
engramdb,1285,2.141,0,2000,128,3,0.8
engramdb,1286,2.087,1,2000,128,3,0.8
engramdb,1287,2.223,1,2000,128,3,0.8
engramdb,1288,2.145,1,2000,128,3,0.8
engramdb,1289,2.300,0,2000,128,3,0.8
engramdb,1290,2.982,1,2000,128,3,0.8
engramdb,1291,2.238,0,2000,128,3,0.8
engramdb,1292,2.402,1,2000,128,3,0.8
engramdb,1293,2.212,1,2000,128,3,0.8
engramdb,1294,2.213,0,2000,128,3,0.8
engramdb,1295,2.200,1,2000,128,3,0.8
engramdb,1296,2.102,1,2000,128,3,0.8
engramdb,1297,2.101,0,2000,128,3,0.8
engramdb,1298,2.175,1,2000,128,3,0.8
engramdb,1299,2.140,0,2000,128,3,0.8
engramdb,1300,2.107,1,2000,128,3,0.8
engramdb,1301,2.073,1,2000,128,3,0.8
engramdb,1302,2.167,1,2000,128,3,0.8
engramdb,1303,2.167,0,2000,128,3,0.8
engramdb,1304,2.211,0,2000,128,3,0.8
engramdb,1305,2.183,0,2000,128,3,0.8
engramdb,1306,2.170,1,2000,128,3,0.8
engramdb,1307,2.183,1,2000,128,3,0.8
engramdb,1308,2.249,1,2000,128,3,0.8
engramdb,1309,2.872,0,2000,128,3,0.8
engramdb,1310,2.199,0,2000,128,3,0.8
engramdb,1311,2.245,1,2000,128,3,0.8
engramdb,1312,2.310,1,2000,128,3,0.8
engramdb,1313,2.142,1,2000,128,3,0.8
engramdb,1314,2.154,1,2000,128,3,0.8
engramdb,1315,2.232,0,2000,128,3,0.8
engramdb,1316,2.245,0,2000,128,3,0.8
engramdb,1317,2.212,1,2000,128,3,0.8
engramdb,1318,2.093,1,2000,128,3,0.8
engramdb,1319,2.100,1,2000,128,3,0.8
engramdb,1320,2.164,0,2000,128,3,0.8
engramdb,1321,2.127,0,2000,128,3,0.8
engramdb,1322,2.177,0,2000,128,3,0.8
engramdb,1323,2.154,1,2000,128,3,0.8
engramdb,1324,2.141,1,2000,128,3,0.8
engramdb,1325,2.165,0,2000,128,3,0.8
engramdb,1326,4.715,0,2000,128,3,0.8
engramdb,1327,2.353,1,2000,128,3,0.8
engramdb,1328,2.162,0,2000,128,3,0.8
engramdb,1329,2.183,1,2000,128,3,0.8
engramdb,1330,2.169,1,2000,128,3,0.8
engramdb,1331,2.121,0,2000,128,3,0.8
engramdb,1332,2.253,1,2000,128,3,0.8
engramdb,1333,2.103,1,2000,128,3,0.8
engramdb,1334,2.318,0,2000,128,3,0.8
engramdb,1335,2.213,1,2000,128,3,0.8
engramdb,1336,2.395,0,2000,128,3,0.8
engramdb,1337,2.077,1,2000,128,3,0.8
engramdb,1338,2.290,1,2000,128,3,0.8
engramdb,1339,2.116,1,2000,128,3,0.8
engramdb,1340,2.110,0,2000,128,3,0.8
engramdb,1341,2.185,0,2000,128,3,0.8
engramdb,1342,2.183,0,2000,128,3,0.8
engramdb,1343,2.213,1,2000,128,3,0.8
engramdb,1344,2.853,1,2000,128,3,0.8
engramdb,1345,2.295,1,2000,128,3,0.8
engramdb,1346,2.350,0,2000,128,3,0.8
engramdb,1347,2.186,0,2000,128,3,0.8
engramdb,1348,2.561,1,2000,128,3,0.8
engramdb,1349,2.221,1,2000,128,3,0.8
engramdb,1350,2.271,1,2000,128,3,0.8
engramdb,1351,2.198,1,2000,128,3,0.8
engramdb,1352,2.108,0,2000,128,3,0.8
engramdb,1353,2.075,0,2000,128,3,0.8
engramdb,1354,2.103,1,2000,128,3,0.8
engramdb,1355,2.056,1,2000,128,3,0.8
engramdb,1356,2.340,1,2000,128,3,0.8
engramdb,1357,2.213,0,2000,128,3,0.8
engramdb,1358,2.118,1,2000,128,3,0.8
engramdb,1359,2.134,0,2000,128,3,0.8
engramdb,1360,2.320,1,2000,128,3,0.8
engramdb,1361,2.120,1,2000,128,3,0.8
engramdb,1362,2.137,0,2000,128,3,0.8
engramdb,1363,2.114,0,2000,128,3,0.8
engramdb,1364,2.184,1,2000,128,3,0.8
engramdb,1365,2.061,0,2000,128,3,0.8
engramdb,1366,2.287,1,2000,128,3,0.8
engramdb,1367,2.163,1,2000,128,3,0.8
engramdb,1368,2.212,0,2000,128,3,0.8
engramdb,1369,2.038,1,2000,128,3,0.8
engramdb,1370,2.075,1,2000,128,3,0.8
engramdb,1371,2.071,0,2000,128,3,0.8
engramdb,1372,2.182,1,2000,128,3,0.8
engramdb,1373,2.058,0,2000,128,3,0.8
engramdb,1374,2.119,1,2000,128,3,0.8
engramdb,1375,2.115,1,2000,128,3,0.8
engramdb,1376,2.137,1,2000,128,3,0.8
engramdb,1377,2.823,0,2000,128,3,0.8
engramdb,1378,4.850,0,2000,128,3,0.8
engramdb,1379,2.828,1,2000,128,3,0.8
engramdb,1380,2.457,1,2000,128,3,0.8
engramdb,1381,2.819,1,2000,128,3,0.8
engramdb,1382,2.368,1,2000,128,3,0.8
engramdb,1383,5.374,0,2000,128,3,0.8
engramdb,1384,4.980,0,2000,128,3,0.8
engramdb,1385,2.380,1,2000,128,3,0.8
engramdb,1386,2.818,1,2000,128,3,0.8
engramdb,1387,3.362,1,2000,128,3,0.8
engramdb,1388,2.857,1,2000,128,3,0.8
engramdb,1389,6.827,0,2000,128,3,0.8
engramdb,1390,2.548,0,2000,128,3,0.8
engramdb,1391,2.865,1,2000,128,3,0.8
engramdb,1392,3.235,1,2000,128,3,0.8
engramdb,1393,2.657,1,2000,128,3,0.8
engramdb,1394,3.260,0,2000,128,3,0.8
engramdb,1395,2.646,1,2000,128,3,0.8
engramdb,1396,3.168,0,2000,128,3,0.8
engramdb,1397,2.777,1,2000,128,3,0.8
engramdb,1398,2.920,1,2000,128,3,0.8
engramdb,1399,2.475,0,2000,128,3,0.8
engramdb,1400,2.940,1,2000,128,3,0.8
engramdb,1401,2.382,1,2000,128,3,0.8
engramdb,1402,2.794,0,2000,128,3,0.8
engramdb,1403,2.312,1,2000,128,3,0.8
engramdb,1404,2.770,0,2000,128,3,0.8
engramdb,1405,2.323,0,2000,128,3,0.8
engramdb,1406,2.980,1,2000,128,3,0.8
engramdb,1407,2.292,1,2000,128,3,0.8
engramdb,1408,2.830,0,2000,128,3,0.8
engramdb,1409,2.282,1,2000,128,3,0.8
engramdb,1410,2.835,0,2000,128,3,0.8
engramdb,1411,2.255,1,2000,128,3,0.8
engramdb,1412,2.255,1,2000,128,3,0.8
engramdb,1413,2.191,1,2000,128,3,0.8
engramdb,1414,2.168,0,2000,128,3,0.8
engramdb,1415,6.885,0,2000,128,3,0.8
engramdb,1416,2.577,1,2000,128,3,0.8
engramdb,1417,2.189,1,2000,128,3,0.8
engramdb,1418,3.052,1,2000,128,3,0.8
engramdb,1419,2.312,1,2000,128,3,0.8
engramdb,1420,2.871,0,2000,128,3,0.8
engramdb,1421,2.366,0,2000,128,3,0.8
engramdb,1422,2.878,1,2000,128,3,0.8
engramdb,1423,2.339,1,2000,128,3,0.8
engramdb,1424,2.892,1,2000,128,3,0.8
engramdb,1425,2.420,0,2000,128,3,0.8
engramdb,1426,2.822,0,2000,128,3,0.8
engramdb,1427,2.302,0,2000,128,3,0.8
engramdb,1428,2.914,1,2000,128,3,0.8
engramdb,1429,2.332,1,2000,128,3,0.8
engramdb,1430,2.926,1,2000,128,3,0.8
engramdb,1431,2.298,0,2000,128,3,0.8
engramdb,1432,6.739,1,2000,128,3,0.8
engramdb,1433,5.128,0,2000,128,3,0.8
engramdb,1434,2.453,1,2000,128,3,0.8
engramdb,1435,2.800,1,2000,128,3,0.8
engramdb,1436,6.463,0,2000,128,3,0.8
engramdb,1437,2.836,1,2000,128,3,0.8
engramdb,1438,2.332,1,2000,128,3,0.8
engramdb,1439,2.790,0,2000,128,3,0.8
engramdb,1440,2.415,1,2000,128,3,0.8
engramdb,1441,2.273,0,2000,128,3,0.8
engramdb,1442,2.832,0,2000,128,3,0.8
engramdb,1443,2.285,1,2000,128,3,0.8
engramdb,1444,2.823,1,2000,128,3,0.8
engramdb,1445,2.456,0,2000,128,3,0.8
engramdb,1446,6.915,1,2000,128,3,0.8
engramdb,1447,5.098,0,2000,128,3,0.8
engramdb,1448,2.368,1,2000,128,3,0.8
engramdb,1449,2.450,1,2000,128,3,0.8
engramdb,1450,2.181,1,2000,128,3,0.8
engramdb,1451,2.829,0,2000,128,3,0.8
engramdb,1452,2.225,0,2000,128,3,0.8
engramdb,1453,4.873,1,2000,128,3,0.8
engramdb,1454,2.630,1,2000,128,3,0.8
engramdb,1455,2.895,1,2000,128,3,0.8
engramdb,1456,2.422,1,2000,128,3,0.8
engramdb,1457,2.791,0,2000,128,3,0.8
engramdb,1458,7.100,0,2000,128,3,0.8
engramdb,1459,4.979,1,2000,128,3,0.8
engramdb,1460,2.280,1,2000,128,3,0.8
engramdb,1461,5.597,1,2000,128,3,0.8
engramdb,1462,6.794,0,2000,128,3,0.8
engramdb,1463,2.524,0,2000,128,3,0.8
engramdb,1464,2.878,0,2000,128,3,0.8
engramdb,1465,2.408,1,2000,128,3,0.8
engramdb,1466,2.867,1,2000,128,3,0.8
engramdb,1467,2.207,1,2000,128,3,0.8
engramdb,1468,2.871,0,2000,128,3,0.8
engramdb,1469,2.879,1,2000,128,3,0.8
engramdb,1470,2.194,0,2000,128,3,0.8
engramdb,1471,2.938,1,2000,128,3,0.8
engramdb,1472,6.930,1,2000,128,3,0.8
engramdb,1473,2.275,0,2000,128,3,0.8
engramdb,1474,2.875,1,2000,128,3,0.8
engramdb,1475,4.562,1,2000,128,3,0.8
engramdb,1476,2.430,0,2000,128,3,0.8
engramdb,1477,3.301,1,2000,128,3,0.8
engramdb,1478,7.241,0,2000,128,3,0.8
engramdb,1479,3.021,1,2000,128,3,0.8
engramdb,1480,3.097,1,2000,128,3,0.8
engramdb,1481,2.873,1,2000,128,3,0.8
engramdb,1482,2.332,0,2000,128,3,0.8
engramdb,1483,2.220,0,2000,128,3,0.8
engramdb,1484,2.220,0,2000,128,3,0.8
engramdb,1485,3.223,1,2000,128,3,0.8
engramdb,1486,2.713,1,2000,128,3,0.8
engramdb,1487,3.103,1,2000,128,3,0.8
engramdb,1488,2.824,0,2000,128,3,0.8
engramdb,1489,4.776,0,2000,128,3,0.8
engramdb,1490,2.412,1,2000,128,3,0.8
engramdb,1491,2.705,1,2000,128,3,0.8
engramdb,1492,3.165,1,2000,128,3,0.8
engramdb,1493,2.413,1,2000,128,3,0.8
engramdb,1494,3.212,0,2000,128,3,0.8
engramdb,1495,2.659,0,2000,128,3,0.8
engramdb,1496,3.146,1,2000,128,3,0.8
engramdb,1497,2.745,1,2000,128,3,0.8
engramdb,1498,3.101,1,2000,128,3,0.8
engramdb,1499,2.905,0,2000,128,3,0.8
engramdb,1500,3.178,1,2000,128,3,0.8
engramdb,1501,5.066,0,2000,128,3,0.8
engramdb,1502,6.603,1,2000,128,3,0.8
engramdb,1503,2.625,1,2000,128,3,0.8
engramdb,1504,2.349,0,2000,128,3,0.8
engramdb,1505,2.828,0,2000,128,3,0.8
engramdb,1506,2.228,1,2000,128,3,0.8
engramdb,1507,3.181,0,2000,128,3,0.8
engramdb,1508,2.403,1,2000,128,3,0.8
engramdb,1509,3.194,1,2000,128,3,0.8
engramdb,1510,2.393,0,2000,128,3,0.8
engramdb,1511,3.220,1,2000,128,3,0.8
engramdb,1512,2.423,1,2000,128,3,0.8
engramdb,1513,2.223,0,2000,128,3,0.8
engramdb,1514,3.370,1,2000,128,3,0.8
engramdb,1515,2.386,0,2000,128,3,0.8
engramdb,1516,7.124,1,2000,128,3,0.8
engramdb,1517,4.934,1,2000,128,3,0.8
engramdb,1518,2.357,1,2000,128,3,0.8
engramdb,1519,2.799,0,2000,128,3,0.8
engramdb,1520,2.246,0,2000,128,3,0.8
engramdb,1521,2.400,0,2000,128,3,0.8
engramdb,1522,2.211,1,2000,128,3,0.8
engramdb,1523,2.817,1,2000,128,3,0.8
engramdb,1524,4.922,1,2000,128,3,0.8
engramdb,1525,6.723,0,2000,128,3,0.8
engramdb,1526,5.270,0,2000,128,3,0.8
engramdb,1527,2.799,1,2000,128,3,0.8
engramdb,1528,2.415,1,2000,128,3,0.8
engramdb,1529,6.959,1,2000,128,3,0.8
engramdb,1530,5.140,1,2000,128,3,0.8
engramdb,1531,6.711,0,2000,128,3,0.8
engramdb,1532,2.633,0,2000,128,3,0.8
engramdb,1533,2.332,1,2000,128,3,0.8
engramdb,1534,2.767,1,2000,128,3,0.8
engramdb,1535,4.562,1,2000,128,3,0.8
engramdb,1536,2.446,0,2000,128,3,0.8
engramdb,1537,2.805,1,2000,128,3,0.8
engramdb,1538,2.237,0,2000,128,3,0.8
engramdb,1539,2.862,1,2000,128,3,0.8
engramdb,1540,2.820,1,2000,128,3,0.8
engramdb,1541,2.202,0,2000,128,3,0.8
engramdb,1542,2.822,0,2000,128,3,0.8
engramdb,1543,2.362,1,2000,128,3,0.8
engramdb,1544,2.795,0,2000,128,3,0.8
engramdb,1545,2.269,1,2000,128,3,0.8
engramdb,1546,5.390,1,2000,128,3,0.8
engramdb,1547,2.919,0,2000,128,3,0.8
engramdb,1548,2.660,1,2000,128,3,0.8
engramdb,1549,5.515,1,2000,128,3,0.8
engramdb,1550,4.588,0,2000,128,3,0.8
engramdb,1551,2.347,1,2000,128,3,0.8
engramdb,1552,2.883,0,2000,128,3,0.8
engramdb,1553,6.479,1,2000,128,3,0.8
engramdb,1554,2.683,1,2000,128,3,0.8
engramdb,1555,2.302,1,2000,128,3,0.8
engramdb,1556,2.852,0,2000,128,3,0.8
engramdb,1557,2.303,0,2000,128,3,0.8
engramdb,1558,2.467,1,2000,128,3,0.8
engramdb,1559,2.187,1,2000,128,3,0.8
engramdb,1560,2.448,1,2000,128,3,0.8
engramdb,1561,2.209,1,2000,128,3,0.8
engramdb,1562,2.772,0,2000,128,3,0.8
engramdb,1563,2.259,0,2000,128,3,0.8
engramdb,1564,2.909,1,2000,128,3,0.8
engramdb,1565,2.356,1,2000,128,3,0.8
engramdb,1566,2.869,1,2000,128,3,0.8
engramdb,1567,2.333,1,2000,128,3,0.8
engramdb,1568,2.851,0,2000,128,3,0.8
engramdb,1569,2.398,0,2000,128,3,0.8
engramdb,1570,2.345,1,2000,128,3,0.8
engramdb,1571,2.249,1,2000,128,3,0.8
engramdb,1572,2.140,1,2000,128,3,0.8
engramdb,1573,2.223,0,2000,128,3,0.8
engramdb,1574,2.259,1,2000,128,3,0.8
engramdb,1575,2.126,0,2000,128,3,0.8
engramdb,1576,2.137,1,2000,128,3,0.8
engramdb,1577,5.425,1,2000,128,3,0.8
engramdb,1578,3.002,0,2000,128,3,0.8
engramdb,1579,2.244,1,2000,128,3,0.8
engramdb,1580,3.191,1,2000,128,3,0.8
engramdb,1581,2.293,0,2000,128,3,0.8
engramdb,1582,2.975,1,2000,128,3,0.8
engramdb,1583,7.006,0,2000,128,3,0.8
engramdb,1584,2.471,0,2000,128,3,0.8
engramdb,1585,2.317,1,2000,128,3,0.8
engramdb,1586,2.851,1,2000,128,3,0.8
engramdb,1587,2.309,0,2000,128,3,0.8
engramdb,1588,2.885,1,2000,128,3,0.8
engramdb,1589,2.443,0,2000,128,3,0.8
engramdb,1590,2.899,1,2000,128,3,0.8
engramdb,1591,2.350,1,2000,128,3,0.8
engramdb,1592,2.869,1,2000,128,3,0.8
engramdb,1593,2.306,0,2000,128,3,0.8
engramdb,1594,6.895,0,2000,128,3,0.8
engramdb,1595,2.380,1,2000,128,3,0.8
engramdb,1596,2.860,1,2000,128,3,0.8
engramdb,1597,2.189,1,2000,128,3,0.8
engramdb,1598,6.975,1,2000,128,3,0.8
engramdb,1599,2.270,0,2000,128,3,0.8
engramdb,1600,2.863,1,2000,128,3,0.8
engramdb,1601,2.256,1,2000,128,3,0.8
engramdb,1602,2.893,1,2000,128,3,0.8
engramdb,1603,4.893,1,2000,128,3,0.8
engramdb,1604,2.562,0,2000,128,3,0.8
engramdb,1605,2.315,0,2000,128,3,0.8
engramdb,1606,5.390,0,2000,128,3,0.8
engramdb,1607,2.911,1,2000,128,3,0.8
engramdb,1608,2.409,1,2000,128,3,0.8
engramdb,1609,2.894,1,2000,128,3,0.8
engramdb,1610,2.433,0,2000,128,3,0.8
engramdb,1611,2.981,1,2000,128,3,0.8
engramdb,1612,2.405,0,2000,128,3,0.8
engramdb,1613,2.928,1,2000,128,3,0.8
engramdb,1614,2.266,1,2000,128,3,0.8
engramdb,1615,2.855,0,2000,128,3,0.8
engramdb,1616,6.854,1,2000,128,3,0.8
engramdb,1617,2.524,1,2000,128,3,0.8
engramdb,1618,6.461,0,2000,128,3,0.8
engramdb,1619,5.223,1,2000,128,3,0.8
engramdb,1620,2.855,0,2000,128,3,0.8
engramdb,1621,2.364,0,2000,128,3,0.8
engramdb,1622,2.514,1,2000,128,3,0.8
engramdb,1623,2.233,1,2000,128,3,0.8
engramdb,1624,2.238,0,2000,128,3,0.8
engramdb,1625,2.176,0,2000,128,3,0.8
engramdb,1626,2.233,0,2000,128,3,0.8
engramdb,1627,2.123,1,2000,128,3,0.8
engramdb,1628,2.394,1,2000,128,3,0.8
engramdb,1629,2.886,1,2000,128,3,0.8
engramdb,1630,2.313,0,2000,128,3,0.8
engramdb,1631,2.930,0,2000,128,3,0.8
engramdb,1632,6.793,1,2000,128,3,0.8
engramdb,1633,5.140,1,2000,128,3,0.8
engramdb,1634,2.825,1,2000,128,3,0.8
engramdb,1635,2.287,1,2000,128,3,0.8
engramdb,1636,3.109,0,2000,128,3,0.8
engramdb,1637,2.150,0,2000,128,3,0.8
engramdb,1638,2.907,1,2000,128,3,0.8
engramdb,1639,2.406,1,2000,128,3,0.8
engramdb,1640,2.845,1,2000,128,3,0.8
engramdb,1641,2.366,0,2000,128,3,0.8
engramdb,1642,2.895,0,2000,128,3,0.8
engramdb,1643,6.986,0,2000,128,3,0.8
engramdb,1644,2.648,1,2000,128,3,0.8
engramdb,1645,2.402,1,2000,128,3,0.8
engramdb,1646,3.080,1,2000,128,3,0.8
engramdb,1647,2.273,0,2000,128,3,0.8
engramdb,1648,2.924,1,2000,128,3,0.8
engramdb,1649,2.273,0,2000,128,3,0.8
engramdb,1650,2.894,1,2000,128,3,0.8
engramdb,1651,2.297,1,2000,128,3,0.8
engramdb,1652,5.296,0,2000,128,3,0.8
engramdb,1653,2.864,1,2000,128,3,0.8
engramdb,1654,2.300,1,2000,128,3,0.8
engramdb,1655,2.824,0,2000,128,3,0.8
engramdb,1656,2.286,1,2000,128,3,0.8
engramdb,1657,2.775,0,2000,128,3,0.8
engramdb,1658,2.337,1,2000,128,3,0.8
engramdb,1659,2.842,1,2000,128,3,0.8
engramdb,1660,2.268,1,2000,128,3,0.8
engramdb,1661,5.425,0,2000,128,3,0.8
engramdb,1662,7.002,0,2000,128,3,0.8
engramdb,1663,4.975,0,2000,128,3,0.8
engramdb,1664,2.869,1,2000,128,3,0.8
engramdb,1665,2.252,1,2000,128,3,0.8
engramdb,1666,2.890,1,2000,128,3,0.8
engramdb,1667,2.304,0,2000,128,3,0.8
engramdb,1668,2.225,0,2000,128,3,0.8
engramdb,1669,2.858,1,2000,128,3,0.8
engramdb,1670,2.482,1,2000,128,3,0.8
engramdb,1671,2.850,1,2000,128,3,0.8
engramdb,1672,2.420,1,2000,128,3,0.8
engramdb,1673,5.468,0,2000,128,3,0.8
engramdb,1674,4.591,0,2000,128,3,0.8
engramdb,1675,2.512,1,2000,128,3,0.8
engramdb,1676,2.926,1,2000,128,3,0.8
engramdb,1677,2.309,1,2000,128,3,0.8
engramdb,1678,2.826,0,2000,128,3,0.8
engramdb,1679,2.305,1,2000,128,3,0.8
engramdb,1680,5.515,0,2000,128,3,0.8
engramdb,1681,6.968,1,2000,128,3,0.8
engramdb,1682,2.604,1,2000,128,3,0.8
engramdb,1683,4.918,0,2000,128,3,0.8
engramdb,1684,2.700,0,2000,128,3,0.8
engramdb,1685,2.346,1,2000,128,3,0.8
engramdb,1686,5.662,0,2000,128,3,0.8
engramdb,1687,7.065,1,2000,128,3,0.8
engramdb,1688,5.035,1,2000,128,3,0.8
engramdb,1689,2.892,0,2000,128,3,0.8
engramdb,1690,5.234,1,2000,128,3,0.8
engramdb,1691,2.213,1,2000,128,3,0.8
engramdb,1692,2.910,0,2000,128,3,0.8
engramdb,1693,2.270,1,2000,128,3,0.8
engramdb,1694,2.860,0,2000,128,3,0.8
engramdb,1695,2.577,1,2000,128,3,0.8
engramdb,1696,4.326,1,2000,128,3,0.8
engramdb,1697,2.431,1,2000,128,3,0.8
engramdb,1698,2.810,0,2000,128,3,0.8
engramdb,1699,2.278,0,2000,128,3,0.8
engramdb,1700,2.795,1,2000,128,3,0.8
engramdb,1701,2.310,1,2000,128,3,0.8
engramdb,1702,2.795,1,2000,128,3,0.8
engramdb,1703,2.259,1,2000,128,3,0.8
engramdb,1704,2.818,0,2000,128,3,0.8
engramdb,1705,2.284,0,2000,128,3,0.8
engramdb,1706,2.875,1,2000,128,3,0.8
engramdb,1707,6.787,1,2000,128,3,0.8
engramdb,1708,5.106,1,2000,128,3,0.8
engramdb,1709,2.277,1,2000,128,3,0.8
engramdb,1710,2.850,0,2000,128,3,0.8
engramdb,1711,2.799,0,2000,128,3,0.8
engramdb,1712,2.326,1,2000,128,3,0.8
engramdb,1713,2.895,1,2000,128,3,0.8
engramdb,1714,2.277,1,2000,128,3,0.8
engramdb,1715,2.939,0,2000,128,3,0.8
engramdb,1716,2.219,1,2000,128,3,0.8
engramdb,1717,2.821,0,2000,128,3,0.8
engramdb,1718,2.337,1,2000,128,3,0.8
engramdb,1719,5.428,1,2000,128,3,0.8
engramdb,1720,4.864,0,2000,128,3,0.8
engramdb,1721,5.301,0,2000,128,3,0.8
engramdb,1722,2.904,1,2000,128,3,0.8
engramdb,1723,2.347,0,2000,128,3,0.8
engramdb,1724,2.825,1,2000,128,3,0.8
engramdb,1725,2.295,0,2000,128,3,0.8
engramdb,1726,2.864,0,2000,128,3,0.8
engramdb,1727,4.821,1,2000,128,3,0.8
engramdb,1728,2.753,1,2000,128,3,0.8
engramdb,1729,3.462,0,2000,128,3,0.8
engramdb,1730,2.722,1,2000,128,3,0.8
engramdb,1731,3.136,0,2000,128,3,0.8
engramdb,1732,6.892,1,2000,128,3,0.8
engramdb,1733,5.366,1,2000,128,3,0.8
engramdb,1734,2.428,1,2000,128,3,0.8
engramdb,1735,5.383,0,2000,128,3,0.8
engramdb,1736,6.985,0,2000,128,3,0.8
engramdb,1737,2.802,1,2000,128,3,0.8
engramdb,1738,2.910,1,2000,128,3,0.8
engramdb,1739,2.471,1,2000,128,3,0.8
engramdb,1740,2.978,1,2000,128,3,0.8
engramdb,1741,2.238,0,2000,128,3,0.8
engramdb,1742,2.892,0,2000,128,3,0.8
engramdb,1743,2.384,1,2000,128,3,0.8
engramdb,1744,2.854,1,2000,128,3,0.8
engramdb,1745,2.364,1,2000,128,3,0.8
engramdb,1746,2.815,1,2000,128,3,0.8
engramdb,1747,2.342,0,2000,128,3,0.8
engramdb,1748,2.845,0,2000,128,3,0.8
engramdb,1749,2.341,1,2000,128,3,0.8
engramdb,1750,2.851,1,2000,128,3,0.8
engramdb,1751,2.309,1,2000,128,3,0.8
engramdb,1752,2.828,0,2000,128,3,0.8
engramdb,1753,2.165,1,2000,128,3,0.8
engramdb,1754,2.810,0,2000,128,3,0.8
engramdb,1755,2.859,1,2000,128,3,0.8
engramdb,1756,2.372,1,2000,128,3,0.8
engramdb,1757,2.788,0,2000,128,3,0.8
engramdb,1758,2.497,1,2000,128,3,0.8
engramdb,1759,2.915,1,2000,128,3,0.8
engramdb,1760,4.862,0,2000,128,3,0.8
engramdb,1761,5.307,1,2000,128,3,0.8
engramdb,1762,6.906,0,2000,128,3,0.8
engramdb,1763,5.141,0,2000,128,3,0.8
engramdb,1764,2.917,1,2000,128,3,0.8
engramdb,1765,2.284,1,2000,128,3,0.8
engramdb,1766,2.899,0,2000,128,3,0.8
engramdb,1767,2.368,1,2000,128,3,0.8
engramdb,1768,5.432,0,2000,128,3,0.8
engramdb,1769,4.511,1,2000,128,3,0.8
engramdb,1770,2.333,1,2000,128,3,0.8
engramdb,1771,2.861,1,2000,128,3,0.8
engramdb,1772,2.290,0,2000,128,3,0.8
engramdb,1773,2.821,0,2000,128,3,0.8
engramdb,1774,2.300,1,2000,128,3,0.8
engramdb,1775,5.467,1,2000,128,3,0.8
engramdb,1776,7.041,1,2000,128,3,0.8
engramdb,1777,2.717,1,2000,128,3,0.8
engramdb,1778,2.847,0,2000,128,3,0.8
engramdb,1779,2.359,0,2000,128,3,0.8
engramdb,1780,2.877,1,2000,128,3,0.8
engramdb,1781,2.400,1,2000,128,3,0.8
engramdb,1782,2.850,1,2000,128,3,0.8
engramdb,1783,2.316,0,2000,128,3,0.8
engramdb,1784,6.717,0,2000,128,3,0.8
engramdb,1785,2.573,0,2000,128,3,0.8
engramdb,1786,2.271,1,2000,128,3,0.8
engramdb,1787,2.854,1,2000,128,3,0.8
engramdb,1788,2.167,1,2000,128,3,0.8
engramdb,1789,2.860,0,2000,128,3,0.8
engramdb,1790,2.328,1,2000,128,3,0.8
engramdb,1791,2.795,0,2000,128,3,0.8
engramdb,1792,4.741,1,2000,128,3,0.8
engramdb,1793,5.205,1,2000,128,3,0.8
engramdb,1794,6.938,0,2000,128,3,0.8
engramdb,1795,4.885,1,2000,128,3,0.8
engramdb,1796,2.387,1,2000,128,3,0.8
engramdb,1797,2.889,0,2000,128,3,0.8
engramdb,1798,3.374,1,2000,128,3,0.8
engramdb,1799,2.800,0,2000,128,3,0.8
engramdb,1800,5.530,1,2000,128,3,0.8
engramdb,1801,3.077,1,2000,128,3,0.8
engramdb,1802,2.882,1,2000,128,3,0.8
engramdb,1803,3.101,0,2000,128,3,0.8
engramdb,1804,3.112,0,2000,128,3,0.8
engramdb,1805,2.796,0,2000,128,3,0.8
engramdb,1806,3.113,1,2000,128,3,0.8
engramdb,1807,2.268,1,2000,128,3,0.8
engramdb,1808,2.277,1,2000,128,3,0.8
engramdb,1809,3.140,0,2000,128,3,0.8
engramdb,1810,2.642,0,2000,128,3,0.8
engramdb,1811,2.888,1,2000,128,3,0.8
engramdb,1812,2.673,1,2000,128,3,0.8
engramdb,1813,5.613,1,2000,128,3,0.8
engramdb,1814,3.202,1,2000,128,3,0.8
engramdb,1815,2.775,0,2000,128,3,0.8
engramdb,1816,3.089,0,2000,128,3,0.8
engramdb,1817,2.790,1,2000,128,3,0.8
engramdb,1818,2.674,1,2000,128,3,0.8
engramdb,1819,2.313,1,2000,128,3,0.8
engramdb,1820,2.721,0,2000,128,3,0.8
engramdb,1821,2.825,0,2000,128,3,0.8
engramdb,1822,2.883,0,2000,128,3,0.8
engramdb,1823,2.634,1,2000,128,3,0.8
engramdb,1824,3.148,1,2000,128,3,0.8
engramdb,1825,2.618,0,2000,128,3,0.8
engramdb,1826,3.088,0,2000,128,3,0.8
engramdb,1827,5.051,1,2000,128,3,0.8
engramdb,1828,3.249,0,2000,128,3,0.8
engramdb,1829,2.811,1,2000,128,3,0.8
engramdb,1830,6.852,1,2000,128,3,0.8
engramdb,1831,2.534,0,2000,128,3,0.8
engramdb,1832,2.652,1,2000,128,3,0.8
engramdb,1833,3.125,1,2000,128,3,0.8
engramdb,1834,2.670,0,2000,128,3,0.8
engramdb,1835,3.203,1,2000,128,3,0.8
engramdb,1836,2.556,0,2000,128,3,0.8
engramdb,1837,3.132,1,2000,128,3,0.8
engramdb,1838,2.631,1,2000,128,3,0.8
engramdb,1839,3.188,1,2000,128,3,0.8
engramdb,1840,2.995,0,2000,128,3,0.8
engramdb,1841,2.728,0,2000,128,3,0.8
engramdb,1842,3.081,0,2000,128,3,0.8
engramdb,1843,2.997,1,2000,128,3,0.8
engramdb,1844,3.067,1,2000,128,3,0.8
engramdb,1845,2.838,1,2000,128,3,0.8
engramdb,1846,3.103,0,2000,128,3,0.8
engramdb,1847,2.652,0,2000,128,3,0.8
engramdb,1848,3.085,1,2000,128,3,0.8
engramdb,1849,6.725,1,2000,128,3,0.8
engramdb,1850,5.140,1,2000,128,3,0.8
engramdb,1851,3.108,1,2000,128,3,0.8
engramdb,1852,2.397,0,2000,128,3,0.8
engramdb,1853,2.820,0,2000,128,3,0.8
engramdb,1854,2.260,1,2000,128,3,0.8
engramdb,1855,2.815,1,2000,128,3,0.8
engramdb,1856,4.910,1,2000,128,3,0.8
engramdb,1857,2.662,0,2000,128,3,0.8
engramdb,1858,2.275,1,2000,128,3,0.8
engramdb,1859,2.866,0,2000,128,3,0.8
engramdb,1860,2.370,1,2000,128,3,0.8
engramdb,1861,5.341,1,2000,128,3,0.8
engramdb,1862,2.801,0,2000,128,3,0.8
engramdb,1863,4.805,0,2000,128,3,0.8
engramdb,1864,6.862,1,2000,128,3,0.8
engramdb,1865,2.384,0,2000,128,3,0.8
engramdb,1866,6.795,1,2000,128,3,0.8
engramdb,1867,2.540,1,2000,128,3,0.8
engramdb,1868,4.987,0,2000,128,3,0.8
engramdb,1869,5.300,1,2000,128,3,0.8
engramdb,1870,2.877,1,2000,128,3,0.8
engramdb,1871,2.233,0,2000,128,3,0.8
engramdb,1872,2.840,1,2000,128,3,0.8
engramdb,1873,2.390,0,2000,128,3,0.8
engramdb,1874,2.897,1,2000,128,3,0.8
engramdb,1875,2.720,1,2000,128,3,0.8
engramdb,1876,6.954,1,2000,128,3,0.8
engramdb,1877,5.010,0,2000,128,3,0.8
engramdb,1878,4.669,0,2000,128,3,0.8
engramdb,1879,4.804,1,2000,128,3,0.8
engramdb,1880,2.275,1,2000,128,3,0.8
engramdb,1881,5.364,1,2000,128,3,0.8
engramdb,1882,2.819,1,2000,128,3,0.8
engramdb,1883,2.307,0,2000,128,3,0.8
engramdb,1884,2.854,0,2000,128,3,0.8
engramdb,1885,6.647,1,2000,128,3,0.8
engramdb,1886,5.251,1,2000,128,3,0.8
engramdb,1887,3.432,1,2000,128,3,0.8
engramdb,1888,2.425,1,2000,128,3,0.8
engramdb,1889,2.894,0,2000,128,3,0.8
engramdb,1890,2.316,0,2000,128,3,0.8
engramdb,1891,2.850,1,2000,128,3,0.8
engramdb,1892,2.284,1,2000,128,3,0.8
engramdb,1893,13.106,1,2000,128,3,0.8
engramdb,1894,2.525,0,2000,128,3,0.8
engramdb,1895,2.946,1,2000,128,3,0.8
engramdb,1896,6.810,0,2000,128,3,0.8
engramdb,1897,5.168,1,2000,128,3,0.8
engramdb,1898,2.236,1,2000,128,3,0.8
engramdb,1899,5.436,0,2000,128,3,0.8
engramdb,1900,3.031,1,2000,128,3,0.8
engramdb,1901,2.290,1,2000,128,3,0.8
engramdb,1902,2.868,0,2000,128,3,0.8
engramdb,1903,2.320,1,2000,128,3,0.8
engramdb,1904,2.807,0,2000,128,3,0.8
engramdb,1905,2.268,0,2000,128,3,0.8
engramdb,1906,2.933,1,2000,128,3,0.8
engramdb,1907,2.220,1,2000,128,3,0.8
engramdb,1908,2.838,0,2000,128,3,0.8
engramdb,1909,2.295,1,2000,128,3,0.8
engramdb,1910,2.864,0,2000,128,3,0.8
engramdb,1911,6.917,1,2000,128,3,0.8
engramdb,1912,4.936,1,2000,128,3,0.8
engramdb,1913,4.788,1,2000,128,3,0.8
engramdb,1914,2.750,0,2000,128,3,0.8
engramdb,1915,6.825,0,2000,128,3,0.8
engramdb,1916,5.094,1,2000,128,3,0.8
engramdb,1917,2.560,1,2000,128,3,0.8
engramdb,1918,4.491,1,2000,128,3,0.8
engramdb,1919,2.161,1,2000,128,3,0.8
engramdb,1920,4.539,0,2000,128,3,0.8
engramdb,1921,2.141,0,2000,128,3,0.8
engramdb,1922,2.278,1,2000,128,3,0.8
engramdb,1923,2.100,1,2000,128,3,0.8
engramdb,1924,2.188,1,2000,128,3,0.8
engramdb,1925,2.243,0,2000,128,3,0.8
engramdb,1926,2.142,0,2000,128,3,0.8
engramdb,1927,2.140,0,2000,128,3,0.8
engramdb,1928,2.148,1,2000,128,3,0.8
engramdb,1929,2.173,1,2000,128,3,0.8
engramdb,1930,2.138,1,2000,128,3,0.8
engramdb,1931,2.192,0,2000,128,3,0.8
engramdb,1932,2.147,1,2000,128,3,0.8
engramdb,1933,2.144,0,2000,128,3,0.8
engramdb,1934,2.175,1,2000,128,3,0.8
engramdb,1935,2.182,1,2000,128,3,0.8
engramdb,1936,2.194,0,2000,128,3,0.8
engramdb,1937,4.135,1,2000,128,3,0.8
engramdb,1938,2.107,1,2000,128,3,0.8
engramdb,1939,2.098,0,2000,128,3,0.8
engramdb,1940,2.934,1,2000,128,3,0.8
engramdb,1941,2.861,0,2000,128,3,0.8
engramdb,1942,2.293,0,2000,128,3,0.8
engramdb,1943,6.850,1,2000,128,3,0.8
engramdb,1944,4.862,1,2000,128,3,0.8
engramdb,1945,6.818,0,2000,128,3,0.8
engramdb,1946,4.892,1,2000,128,3,0.8
engramdb,1947,2.207,0,2000,128,3,0.8
engramdb,1948,2.877,1,2000,128,3,0.8
engramdb,1949,2.303,1,2000,128,3,0.8
engramdb,1950,2.880,1,2000,128,3,0.8
engramdb,1951,2.868,0,2000,128,3,0.8
engramdb,1952,4.882,0,2000,128,3,0.8
engramdb,1953,7.049,1,2000,128,3,0.8
engramdb,1954,2.364,1,2000,128,3,0.8
engramdb,1955,2.142,1,2000,128,3,0.8
engramdb,1956,2.844,1,2000,128,3,0.8
engramdb,1957,2.472,0,2000,128,3,0.8
engramdb,1958,5.352,0,2000,128,3,0.8
engramdb,1959,2.276,1,2000,128,3,0.8
engramdb,1960,2.840,1,2000,128,3,0.8
engramdb,1961,2.329,1,2000,128,3,0.8
engramdb,1962,2.826,0,2000,128,3,0.8
engramdb,1963,6.841,0,2000,128,3,0.8
engramdb,1964,2.722,0,2000,128,3,0.8
engramdb,1965,2.227,1,2000,128,3,0.8
engramdb,1966,2.791,1,2000,128,3,0.8
engramdb,1967,2.503,1,2000,128,3,0.8
engramdb,1968,2.896,0,2000,128,3,0.8
engramdb,1969,6.437,1,2000,128,3,0.8
engramdb,1970,2.683,0,2000,128,3,0.8
engramdb,1971,2.225,1,2000,128,3,0.8
engramdb,1972,2.918,1,2000,128,3,0.8
engramdb,1973,2.252,0,2000,128,3,0.8
engramdb,1974,5.508,1,2000,128,3,0.8
engramdb,1975,2.268,1,2000,128,3,0.8
engramdb,1976,2.898,0,2000,128,3,0.8
engramdb,1977,6.555,1,2000,128,3,0.8
engramdb,1978,2.532,0,2000,128,3,0.8
engramdb,1979,2.191,1,2000,128,3,0.8
engramdb,1980,2.312,1,2000,128,3,0.8
engramdb,1981,2.145,1,2000,128,3,0.8
engramdb,1982,2.847,0,2000,128,3,0.8
engramdb,1983,2.307,0,2000,128,3,0.8
engramdb,1984,5.335,0,2000,128,3,0.8
engramdb,1985,2.871,1,2000,128,3,0.8
engramdb,1986,2.352,1,2000,128,3,0.8
engramdb,1987,2.886,1,2000,128,3,0.8
engramdb,1988,2.458,0,2000,128,3,0.8
engramdb,1989,2.929,0,2000,128,3,0.8
engramdb,1990,6.659,1,2000,128,3,0.8
engramdb,1991,2.512,1,2000,128,3,0.8
engramdb,1992,2.261,1,2000,128,3,0.8
engramdb,1993,3.415,1,2000,128,3,0.8
engramdb,1994,2.360,0,2000,128,3,0.8
engramdb,1995,2.810,0,2000,128,3,0.8
engramdb,1996,2.322,1,2000,128,3,0.8
engramdb,1997,2.840,1,2000,128,3,0.8
engramdb,1998,6.798,1,2000,128,3,0.8
engramdb,1999,2.336,0,2000,128,3,0.8
engramdb,2000,6.822,1,2000,128,3,0.8
engramdb,2001,2.524,0,2000,128,3,0.8
engramdb,2002,2.987,1,2000,128,3,0.8
engramdb,2003,4.585,1,2000,128,3,0.8
engramdb,2004,2.427,0,2000,128,3,0.8
engramdb,2005,2.999,0,2000,128,3,0.8
engramdb,2006,6.638,1,2000,128,3,0.8
engramdb,2007,5.002,0,2000,128,3,0.8
engramdb,2008,2.797,1,2000,128,3,0.8
engramdb,2009,2.316,1,2000,128,3,0.8
engramdb,2010,2.830,0,2000,128,3,0.8
engramdb,2011,2.263,1,2000,128,3,0.8
engramdb,2012,2.188,1,2000,128,3,0.8
engramdb,2013,2.229,0,2000,128,3,0.8
engramdb,2014,2.174,1,2000,128,3,0.8
engramdb,2015,2.223,0,2000,128,3,0.8
engramdb,2016,2.146,1,2000,128,3,0.8
engramdb,2017,2.083,1,2000,128,3,0.8
engramdb,2018,2.158,1,2000,128,3,0.8
engramdb,2019,2.151,0,2000,128,3,0.8
engramdb,2020,2.110,0,2000,128,3,0.8
engramdb,2021,2.163,0,2000,128,3,0.8
engramdb,2022,2.122,1,2000,128,3,0.8
engramdb,2023,2.169,1,2000,128,3,0.8
engramdb,2024,2.112,1,2000,128,3,0.8
engramdb,2025,2.149,0,2000,128,3,0.8
engramdb,2026,2.081,0,2000,128,3,0.8
engramdb,2027,2.140,1,2000,128,3,0.8
engramdb,2028,2.956,1,2000,128,3,0.8
engramdb,2029,2.219,1,2000,128,3,0.8
engramdb,2030,2.154,1,2000,128,3,0.8
engramdb,2031,2.215,0,2000,128,3,0.8
engramdb,2032,2.117,0,2000,128,3,0.8
engramdb,2033,2.189,1,2000,128,3,0.8
engramdb,2034,2.156,1,2000,128,3,0.8
engramdb,2035,2.392,1,2000,128,3,0.8
engramdb,2036,2.930,0,2000,128,3,0.8
engramdb,2037,2.318,1,2000,128,3,0.8
engramdb,2038,5.881,0,2000,128,3,0.8
engramdb,2039,3.141,1,2000,128,3,0.8
engramdb,2040,2.707,1,2000,128,3,0.8
engramdb,2041,5.593,0,2000,128,3,0.8
engramdb,2042,7.151,0,2000,128,3,0.8
engramdb,2043,3.007,1,2000,128,3,0.8
engramdb,2044,2.243,0,2000,128,3,0.8
engramdb,2045,5.428,1,2000,128,3,0.8
engramdb,2046,6.664,1,2000,128,3,0.8
engramdb,2047,3.172,0,2000,128,3,0.8
engramdb,2048,3.091,1,2000,128,3,0.8
engramdb,2049,2.812,1,2000,128,3,0.8
engramdb,2050,3.206,0,2000,128,3,0.8
engramdb,2051,3.232,1,2000,128,3,0.8
engramdb,2052,2.707,0,2000,128,3,0.8
engramdb,2053,5.698,1,2000,128,3,0.8
engramdb,2054,3.122,1,2000,128,3,0.8
engramdb,2055,2.702,1,2000,128,3,0.8
engramdb,2056,3.142,0,2000,128,3,0.8
engramdb,2057,2.813,0,2000,128,3,0.8
engramdb,2058,5.468,1,2000,128,3,0.8
engramdb,2059,3.099,1,2000,128,3,0.8
engramdb,2060,2.897,1,2000,128,3,0.8
engramdb,2061,3.112,1,2000,128,3,0.8
engramdb,2062,2.727,0,2000,128,3,0.8
engramdb,2063,5.537,0,2000,128,3,0.8
engramdb,2064,3.210,1,2000,128,3,0.8
engramdb,2065,2.745,1,2000,128,3,0.8
engramdb,2066,5.657,1,2000,128,3,0.8
engramdb,2067,3.105,1,2000,128,3,0.8
engramdb,2068,2.728,0,2000,128,3,0.8
engramdb,2069,5.441,0,2000,128,3,0.8
engramdb,2070,3.170,1,2000,128,3,0.8
engramdb,2071,2.666,1,2000,128,3,0.8
engramdb,2072,3.124,1,2000,128,3,0.8
engramdb,2073,3.057,0,2000,128,3,0.8
engramdb,2074,2.839,1,2000,128,3,0.8
engramdb,2075,3.069,0,2000,128,3,0.8
engramdb,2076,7.083,1,2000,128,3,0.8
engramdb,2077,5.623,1,2000,128,3,0.8
engramdb,2078,3.082,0,2000,128,3,0.8
engramdb,2079,2.488,1,2000,128,3,0.8
engramdb,2080,2.829,1,2000,128,3,0.8
engramdb,2081,2.244,0,2000,128,3,0.8
engramdb,2082,2.130,1,2000,128,3,0.8
engramdb,2083,6.868,0,2000,128,3,0.8
engramdb,2084,2.585,0,2000,128,3,0.8
engramdb,2085,2.888,1,2000,128,3,0.8
engramdb,2086,6.663,1,2000,128,3,0.8
engramdb,2087,2.559,0,2000,128,3,0.8
engramdb,2088,3.131,1,2000,128,3,0.8
engramdb,2089,2.360,0,2000,128,3,0.8
engramdb,2090,2.809,1,2000,128,3,0.8
engramdb,2091,6.764,1,2000,128,3,0.8
engramdb,2092,5.221,1,2000,128,3,0.8
engramdb,2093,2.834,0,2000,128,3,0.8
engramdb,2094,2.245,0,2000,128,3,0.8
engramdb,2095,2.879,1,2000,128,3,0.8
engramdb,2096,5.133,1,2000,128,3,0.8
engramdb,2097,4.918,1,2000,128,3,0.8
engramdb,2098,4.631,1,2000,128,3,0.8
engramdb,2099,2.741,0,2000,128,3,0.8
engramdb,2100,6.716,1,2000,128,3,0.8
engramdb,2101,2.385,1,2000,128,3,0.8
engramdb,2102,2.830,1,2000,128,3,0.8
engramdb,2103,4.716,1,2000,128,3,0.8
engramdb,2104,5.446,0,2000,128,3,0.8
engramdb,2105,2.850,0,2000,128,3,0.8
engramdb,2106,2.252,0,2000,128,3,0.8
engramdb,2107,2.975,1,2000,128,3,0.8
engramdb,2108,6.755,1,2000,128,3,0.8
engramdb,2109,4.941,1,2000,128,3,0.8
engramdb,2110,2.851,0,2000,128,3,0.8
engramdb,2111,2.375,1,2000,128,3,0.8
engramdb,2112,5.364,0,2000,128,3,0.8
engramdb,2113,2.753,1,2000,128,3,0.8
engramdb,2114,2.290,1,2000,128,3,0.8
engramdb,2115,2.811,0,2000,128,3,0.8
engramdb,2116,3.402,1,2000,128,3,0.8
engramdb,2117,2.249,1,2000,128,3,0.8
engramdb,2118,2.779,0,2000,128,3,0.8
engramdb,2119,2.319,1,2000,128,3,0.8
engramdb,2120,5.482,0,2000,128,3,0.8
engramdb,2121,2.762,0,2000,128,3,0.8
engramdb,2122,4.942,1,2000,128,3,0.8
engramdb,2123,2.896,1,2000,128,3,0.8
engramdb,2124,4.996,0,2000,128,3,0.8
engramdb,2125,2.815,0,2000,128,3,0.8
engramdb,2126,2.278,0,2000,128,3,0.8
engramdb,2127,2.835,1,2000,128,3,0.8
engramdb,2128,2.264,1,2000,128,3,0.8
engramdb,2129,2.774,1,2000,128,3,0.8
engramdb,2130,2.358,0,2000,128,3,0.8
engramdb,2131,5.497,0,2000,128,3,0.8
engramdb,2132,2.931,1,2000,128,3,0.8
engramdb,2133,2.330,1,2000,128,3,0.8
engramdb,2134,2.824,1,2000,128,3,0.8
engramdb,2135,2.308,1,2000,128,3,0.8
engramdb,2136,2.844,0,2000,128,3,0.8
engramdb,2137,4.868,0,2000,128,3,0.8
engramdb,2138,5.315,1,2000,128,3,0.8
engramdb,2139,2.987,1,2000,128,3,0.8
engramdb,2140,2.360,1,2000,128,3,0.8
engramdb,2141,2.340,0,2000,128,3,0.8
engramdb,2142,2.333,0,2000,128,3,0.8
engramdb,2143,2.193,0,2000,128,3,0.8
engramdb,2144,2.163,1,2000,128,3,0.8
engramdb,2145,2.150,1,2000,128,3,0.8
engramdb,2146,2.121,1,2000,128,3,0.8
engramdb,2147,2.140,0,2000,128,3,0.8
engramdb,2148,2.205,1,2000,128,3,0.8
engramdb,2149,2.125,0,2000,128,3,0.8
engramdb,2150,2.179,1,2000,128,3,0.8
engramdb,2151,2.156,1,2000,128,3,0.8
engramdb,2152,2.098,0,2000,128,3,0.8
engramdb,2153,2.069,1,2000,128,3,0.8
engramdb,2154,2.230,1,2000,128,3,0.8
engramdb,2155,2.107,0,2000,128,3,0.8
engramdb,2156,2.175,1,2000,128,3,0.8
engramdb,2157,2.148,0,2000,128,3,0.8
engramdb,2158,2.895,1,2000,128,3,0.8
engramdb,2159,6.902,1,2000,128,3,0.8
engramdb,2160,5.044,1,2000,128,3,0.8
engramdb,2161,6.666,0,2000,128,3,0.8
engramdb,2162,2.619,0,2000,128,3,0.8
engramdb,2163,6.779,0,2000,128,3,0.8
engramdb,2164,2.414,1,2000,128,3,0.8
engramdb,2165,2.807,1,2000,128,3,0.8
engramdb,2166,2.306,1,2000,128,3,0.8
engramdb,2167,2.842,0,2000,128,3,0.8
engramdb,2168,2.253,0,2000,128,3,0.8
engramdb,2169,2.893,1,2000,128,3,0.8
engramdb,2170,2.294,1,2000,128,3,0.8
engramdb,2171,2.832,1,2000,128,3,0.8
engramdb,2172,2.300,1,2000,128,3,0.8
engramdb,2173,2.822,0,2000,128,3,0.8
engramdb,2174,2.267,0,2000,128,3,0.8
engramdb,2175,2.891,1,2000,128,3,0.8
engramdb,2176,2.346,1,2000,128,3,0.8
engramdb,2177,2.802,1,2000,128,3,0.8
engramdb,2178,6.679,0,2000,128,3,0.8
engramdb,2179,5.410,1,2000,128,3,0.8
engramdb,2180,2.808,0,2000,128,3,0.8
engramdb,2181,2.280,1,2000,128,3,0.8
engramdb,2182,2.954,1,2000,128,3,0.8
engramdb,2183,2.282,0,2000,128,3,0.8
engramdb,2184,4.249,0,2000,128,3,0.8
engramdb,2185,2.290,1,2000,128,3,0.8
engramdb,2186,2.176,0,2000,128,3,0.8
engramdb,2187,2.213,1,2000,128,3,0.8
engramdb,2188,2.216,1,2000,128,3,0.8
engramdb,2189,2.208,0,2000,128,3,0.8
engramdb,2190,3.000,1,2000,128,3,0.8
engramdb,2191,2.276,1,2000,128,3,0.8
engramdb,2192,2.738,0,2000,128,3,0.8
engramdb,2193,2.277,1,2000,128,3,0.8
engramdb,2194,2.848,0,2000,128,3,0.8
engramdb,2195,4.688,1,2000,128,3,0.8
engramdb,2196,2.759,1,2000,128,3,0.8
engramdb,2197,6.577,1,2000,128,3,0.8
engramdb,2198,2.326,0,2000,128,3,0.8
engramdb,2199,2.320,0,2000,128,3,0.8
engramdb,2200,2.800,1,2000,128,3,0.8
engramdb,2201,2.326,1,2000,128,3,0.8
engramdb,2202,2.882,1,2000,128,3,0.8
engramdb,2203,2.262,1,2000,128,3,0.8
engramdb,2204,2.782,0,2000,128,3,0.8
engramdb,2205,2.390,0,2000,128,3,0.8
engramdb,2206,2.890,1,2000,128,3,0.8
engramdb,2207,2.318,1,2000,128,3,0.8
engramdb,2208,2.924,1,2000,128,3,0.8
engramdb,2209,2.268,1,2000,128,3,0.8
engramdb,2210,2.856,0,2000,128,3,0.8
engramdb,2211,6.716,0,2000,128,3,0.8
engramdb,2212,4.854,1,2000,128,3,0.8
engramdb,2213,2.788,1,2000,128,3,0.8
engramdb,2214,2.286,1,2000,128,3,0.8
engramdb,2215,2.857,0,2000,128,3,0.8
engramdb,2216,4.777,1,2000,128,3,0.8
engramdb,2217,5.802,0,2000,128,3,0.8
engramdb,2218,2.897,1,2000,128,3,0.8
engramdb,2219,2.218,1,2000,128,3,0.8
engramdb,2220,2.966,0,2000,128,3,0.8
engramdb,2221,6.722,0,2000,128,3,0.8
engramdb,2222,2.370,1,2000,128,3,0.8
engramdb,2223,2.806,0,2000,128,3,0.8
engramdb,2224,2.414,1,2000,128,3,0.8
engramdb,2225,2.932,0,2000,128,3,0.8
engramdb,2226,2.297,0,2000,128,3,0.8
engramdb,2227,4.187,1,2000,128,3,0.8
engramdb,2228,2.211,1,2000,128,3,0.8
engramdb,2229,2.188,0,2000,128,3,0.8
engramdb,2230,4.170,1,2000,128,3,0.8
engramdb,2231,2.237,0,2000,128,3,0.8
engramdb,2232,2.224,1,2000,128,3,0.8
engramdb,2233,2.896,1,2000,128,3,0.8
engramdb,2234,2.408,1,2000,128,3,0.8
engramdb,2235,5.288,0,2000,128,3,0.8
engramdb,2236,2.793,0,2000,128,3,0.8
engramdb,2237,2.313,1,2000,128,3,0.8
engramdb,2238,2.893,1,2000,128,3,0.8
engramdb,2239,2.257,1,2000,128,3,0.8
engramdb,2240,6.582,1,2000,128,3,0.8
engramdb,2241,5.163,0,2000,128,3,0.8
engramdb,2242,2.831,0,2000,128,3,0.8
engramdb,2243,2.378,1,2000,128,3,0.8
engramdb,2244,5.405,1,2000,128,3,0.8
engramdb,2245,3.114,1,2000,128,3,0.8
engramdb,2246,2.385,1,2000,128,3,0.8
engramdb,2247,3.042,0,2000,128,3,0.8
engramdb,2248,2.290,0,2000,128,3,0.8
engramdb,2249,2.825,1,2000,128,3,0.8
engramdb,2250,2.874,1,2000,128,3,0.8
engramdb,2251,2.338,1,2000,128,3,0.8
engramdb,2252,2.900,0,2000,128,3,0.8
engramdb,2253,2.364,1,2000,128,3,0.8
engramdb,2254,5.437,0,2000,128,3,0.8
engramdb,2255,6.579,1,2000,128,3,0.8
engramdb,2256,2.546,1,2000,128,3,0.8
engramdb,2257,2.864,0,2000,128,3,0.8
engramdb,2258,4.833,1,2000,128,3,0.8
engramdb,2259,2.847,1,2000,128,3,0.8
engramdb,2260,2.338,0,2000,128,3,0.8
engramdb,2261,2.903,1,2000,128,3,0.8
engramdb,2262,2.294,0,2000,128,3,0.8
engramdb,2263,2.789,0,2000,128,3,0.8
engramdb,2264,2.427,1,2000,128,3,0.8
engramdb,2265,5.434,1,2000,128,3,0.8
engramdb,2266,2.829,0,2000,128,3,0.8
engramdb,2267,2.344,1,2000,128,3,0.8
engramdb,2268,2.790,0,2000,128,3,0.8
engramdb,2269,6.709,1,2000,128,3,0.8
engramdb,2270,5.018,1,2000,128,3,0.8
engramdb,2271,2.788,1,2000,128,3,0.8
engramdb,2272,2.307,0,2000,128,3,0.8
engramdb,2273,2.954,0,2000,128,3,0.8
engramdb,2274,2.854,1,2000,128,3,0.8
engramdb,2275,2.305,1,2000,128,3,0.8
engramdb,2276,2.905,1,2000,128,3,0.8
engramdb,2277,2.301,1,2000,128,3,0.8
engramdb,2278,6.742,0,2000,128,3,0.8
engramdb,2279,4.969,0,2000,128,3,0.8
engramdb,2280,2.850,1,2000,128,3,0.8
engramdb,2281,2.304,1,2000,128,3,0.8
engramdb,2282,2.869,1,2000,128,3,0.8
engramdb,2283,2.831,0,2000,128,3,0.8
engramdb,2284,2.373,0,2000,128,3,0.8
engramdb,2285,2.804,0,2000,128,3,0.8
engramdb,2286,6.649,1,2000,128,3,0.8
engramdb,2287,2.644,1,2000,128,3,0.8
engramdb,2288,2.925,1,2000,128,3,0.8
engramdb,2289,2.317,0,2000,128,3,0.8
engramdb,2290,5.319,1,2000,128,3,0.8
engramdb,2291,2.841,0,2000,128,3,0.8
engramdb,2292,2.332,1,2000,128,3,0.8
engramdb,2293,2.834,1,2000,128,3,0.8
engramdb,2294,6.616,0,2000,128,3,0.8
engramdb,2295,5.061,1,2000,128,3,0.8
engramdb,2296,6.563,1,2000,128,3,0.8
engramdb,2297,5.084,0,2000,128,3,0.8
engramdb,2298,2.849,1,2000,128,3,0.8
engramdb,2299,2.243,0,2000,128,3,0.8
engramdb,2300,5.488,1,2000,128,3,0.8
engramdb,2301,2.904,1,2000,128,3,0.8
engramdb,2302,2.199,1,2000,128,3,0.8
engramdb,2303,2.896,0,2000,128,3,0.8
engramdb,2304,2.349,0,2000,128,3,0.8
engramdb,2305,5.339,0,2000,128,3,0.8
engramdb,2306,2.826,1,2000,128,3,0.8
engramdb,2307,2.324,1,2000,128,3,0.8
engramdb,2308,2.199,1,2000,128,3,0.8
engramdb,2309,2.321,0,2000,128,3,0.8
engramdb,2310,2.189,0,2000,128,3,0.8
engramdb,2311,2.110,1,2000,128,3,0.8
engramdb,2312,2.182,1,2000,128,3,0.8
engramdb,2313,2.129,1,2000,128,3,0.8
engramdb,2314,2.168,1,2000,128,3,0.8
engramdb,2315,2.087,0,2000,128,3,0.8
engramdb,2316,2.147,0,2000,128,3,0.8
engramdb,2317,2.094,1,2000,128,3,0.8
engramdb,2318,2.065,1,2000,128,3,0.8
engramdb,2319,2.194,1,2000,128,3,0.8
engramdb,2320,2.200,0,2000,128,3,0.8
engramdb,2321,2.167,0,2000,128,3,0.8
engramdb,2322,2.174,0,2000,128,3,0.8
engramdb,2323,2.945,1,2000,128,3,0.8
engramdb,2324,2.763,1,2000,128,3,0.8
engramdb,2325,2.781,0,2000,128,3,0.8
engramdb,2326,2.295,0,2000,128,3,0.8
engramdb,2327,6.932,1,2000,128,3,0.8
engramdb,2328,5.020,0,2000,128,3,0.8
engramdb,2329,2.892,1,2000,128,3,0.8
engramdb,2330,2.291,1,2000,128,3,0.8
engramdb,2331,2.854,0,2000,128,3,0.8
engramdb,2332,2.269,1,2000,128,3,0.8
engramdb,2333,2.829,1,2000,128,3,0.8
engramdb,2334,2.235,0,2000,128,3,0.8
engramdb,2335,6.692,1,2000,128,3,0.8
engramdb,2336,5.134,0,2000,128,3,0.8
engramdb,2337,2.793,1,2000,128,3,0.8
engramdb,2338,2.295,1,2000,128,3,0.8
engramdb,2339,2.762,1,2000,128,3,0.8
engramdb,2340,2.333,0,2000,128,3,0.8
engramdb,2341,5.408,0,2000,128,3,0.8
engramdb,2342,2.758,0,2000,128,3,0.8
engramdb,2343,3.023,1,2000,128,3,0.8
engramdb,2344,3.068,1,2000,128,3,0.8
engramdb,2345,2.758,1,2000,128,3,0.8
engramdb,2346,3.212,0,2000,128,3,0.8
engramdb,2347,7.057,0,2000,128,3,0.8
engramdb,2348,2.874,1,2000,128,3,0.8
engramdb,2349,2.631,1,2000,128,3,0.8
engramdb,2350,3.101,1,2000,128,3,0.8
engramdb,2351,6.791,1,2000,128,3,0.8
engramdb,2352,2.697,0,2000,128,3,0.8
engramdb,2353,3.123,0,2000,128,3,0.8
engramdb,2354,2.633,1,2000,128,3,0.8
engramdb,2355,5.522,1,2000,128,3,0.8
engramdb,2356,3.075,1,2000,128,3,0.8
engramdb,2357,2.747,0,2000,128,3,0.8
engramdb,2358,3.172,1,2000,128,3,0.8
engramdb,2359,2.712,0,2000,128,3,0.8
engramdb,2360,3.133,1,2000,128,3,0.8
engramdb,2361,2.578,1,2000,128,3,0.8
engramdb,2362,5.516,0,2000,128,3,0.8
engramdb,2363,3.045,0,2000,128,3,0.8
engramdb,2364,2.756,1,2000,128,3,0.8
engramdb,2365,5.873,0,2000,128,3,0.8
engramdb,2366,3.102,1,2000,128,3,0.8
engramdb,2367,2.552,1,2000,128,3,0.8
engramdb,2368,3.213,0,2000,128,3,0.8
engramdb,2369,6.789,1,2000,128,3,0.8
engramdb,2370,4.935,1,2000,128,3,0.8
engramdb,2371,3.204,0,2000,128,3,0.8
engramdb,2372,2.667,1,2000,128,3,0.8
engramdb,2373,3.068,0,2000,128,3,0.8
engramdb,2374,6.859,1,2000,128,3,0.8
engramdb,2375,2.932,1,2000,128,3,0.8
engramdb,2376,3.125,1,2000,128,3,0.8
engramdb,2377,2.861,0,2000,128,3,0.8
engramdb,2378,2.912,0,2000,128,3,0.8
engramdb,2379,7.064,1,2000,128,3,0.8
engramdb,2380,2.821,1,2000,128,3,0.8
engramdb,2381,2.705,1,2000,128,3,0.8
engramdb,2382,3.111,1,2000,128,3,0.8
engramdb,2383,6.859,0,2000,128,3,0.8
engramdb,2384,3.128,0,2000,128,3,0.8
engramdb,2385,3.176,1,2000,128,3,0.8
engramdb,2386,3.092,1,2000,128,3,0.8
engramdb,2387,3.112,1,2000,128,3,0.8
engramdb,2388,3.210,1,2000,128,3,0.8
engramdb,2389,3.117,0,2000,128,3,0.8
engramdb,2390,2.374,0,2000,128,3,0.8
engramdb,2391,2.928,1,2000,128,3,0.8
engramdb,2392,2.580,1,2000,128,3,0.8
engramdb,2393,2.708,1,2000,128,3,0.8
engramdb,2394,2.728,0,2000,128,3,0.8
engramdb,2395,4.614,1,2000,128,3,0.8
engramdb,2396,5.430,0,2000,128,3,0.8
engramdb,2397,6.870,1,2000,128,3,0.8
engramdb,2398,2.903,1,2000,128,3,0.8
engramdb,2399,3.133,0,2000,128,3,0.8
engramdb,2400,5.315,1,2000,128,3,0.8
engramdb,2401,3.129,1,2000,128,3,0.8
engramdb,2402,2.657,0,2000,128,3,0.8
engramdb,2403,3.075,1,2000,128,3,0.8
engramdb,2404,6.785,0,2000,128,3,0.8
engramdb,2405,2.796,0,2000,128,3,0.8
engramdb,2406,3.091,1,2000,128,3,0.8
engramdb,2407,2.680,1,2000,128,3,0.8
engramdb,2408,3.149,0,2000,128,3,0.8
engramdb,2409,7.122,1,2000,128,3,0.8
engramdb,2410,2.689,0,2000,128,3,0.8
engramdb,2411,3.069,1,2000,128,3,0.8
engramdb,2412,6.809,1,2000,128,3,0.8
engramdb,2413,2.972,1,2000,128,3,0.8
engramdb,2414,3.046,0,2000,128,3,0.8
engramdb,2415,2.672,0,2000,128,3,0.8
engramdb,2416,3.073,1,2000,128,3,0.8
engramdb,2417,2.740,1,2000,128,3,0.8
engramdb,2418,6.692,1,2000,128,3,0.8
engramdb,2419,2.489,1,2000,128,3,0.8
engramdb,2420,2.264,0,2000,128,3,0.8
engramdb,2421,2.820,0,2000,128,3,0.8
engramdb,2422,6.637,1,2000,128,3,0.8
engramdb,2423,2.413,1,2000,128,3,0.8
engramdb,2424,2.850,1,2000,128,3,0.8
engramdb,2425,2.278,0,2000,128,3,0.8
engramdb,2426,2.879,0,2000,128,3,0.8
engramdb,2427,2.284,0,2000,128,3,0.8
engramdb,2428,5.508,1,2000,128,3,0.8
engramdb,2429,6.759,1,2000,128,3,0.8
engramdb,2430,4.821,1,2000,128,3,0.8
engramdb,2431,2.856,0,2000,128,3,0.8
engramdb,2432,2.297,1,2000,128,3,0.8
engramdb,2433,2.270,0,2000,128,3,0.8
engramdb,2434,2.903,1,2000,128,3,0.8
engramdb,2435,4.791,1,2000,128,3,0.8
engramdb,2436,5.312,0,2000,128,3,0.8
engramdb,2437,6.844,1,2000,128,3,0.8
engramdb,2438,2.400,1,2000,128,3,0.8
engramdb,2439,2.884,0,2000,128,3,0.8
engramdb,2440,2.327,1,2000,128,3,0.8
engramdb,2441,2.854,0,2000,128,3,0.8
engramdb,2442,6.937,0,2000,128,3,0.8
engramdb,2443,5.118,1,2000,128,3,0.8
engramdb,2444,4.696,1,2000,128,3,0.8
engramdb,2445,2.365,0,2000,128,3,0.8
engramdb,2446,2.820,1,2000,128,3,0.8
engramdb,2447,2.351,0,2000,128,3,0.8
engramdb,2448,2.941,1,2000,128,3,0.8
engramdb,2449,6.888,1,2000,128,3,0.8
engramdb,2450,4.750,1,2000,128,3,0.8
engramdb,2451,6.744,0,2000,128,3,0.8
engramdb,2452,2.443,0,2000,128,3,0.8
engramdb,2453,2.880,1,2000,128,3,0.8
engramdb,2454,4.815,1,2000,128,3,0.8
engramdb,2455,6.835,1,2000,128,3,0.8
engramdb,2456,2.316,1,2000,128,3,0.8
engramdb,2457,2.855,0,2000,128,3,0.8
engramdb,2458,4.932,0,2000,128,3,0.8
engramdb,2459,2.859,1,2000,128,3,0.8
engramdb,2460,4.804,1,2000,128,3,0.8
engramdb,2461,2.835,1,2000,128,3,0.8
engramdb,2462,2.491,0,2000,128,3,0.8
engramdb,2463,2.861,0,2000,128,3,0.8
engramdb,2464,6.969,0,2000,128,3,0.8
engramdb,2465,2.512,1,2000,128,3,0.8
engramdb,2466,2.902,1,2000,128,3,0.8
engramdb,2467,2.263,1,2000,128,3,0.8
engramdb,2468,2.795,0,2000,128,3,0.8
engramdb,2469,6.719,1,2000,128,3,0.8
engramdb,2470,5.037,0,2000,128,3,0.8
engramdb,2471,2.839,1,2000,128,3,0.8
engramdb,2472,4.791,1,2000,128,3,0.8
engramdb,2473,6.501,0,2000,128,3,0.8
engramdb,2474,2.632,1,2000,128,3,0.8
engramdb,2475,2.823,1,2000,128,3,0.8
engramdb,2476,2.447,0,2000,128,3,0.8
engramdb,2477,2.902,1,2000,128,3,0.8
engramdb,2478,2.233,0,2000,128,3,0.8
engramdb,2479,2.789,1,2000,128,3,0.8
engramdb,2480,2.252,1,2000,128,3,0.8
engramdb,2481,2.775,1,2000,128,3,0.8
engramdb,2482,6.778,0,2000,128,3,0.8
engramdb,2483,2.454,0,2000,128,3,0.8
engramdb,2484,6.576,0,2000,128,3,0.8
engramdb,2485,5.092,1,2000,128,3,0.8
engramdb,2486,4.593,1,2000,128,3,0.8
engramdb,2487,2.463,1,2000,128,3,0.8
engramdb,2488,6.557,0,2000,128,3,0.8
engramdb,2489,5.101,0,2000,128,3,0.8
engramdb,2490,2.877,1,2000,128,3,0.8
engramdb,2491,2.365,1,2000,128,3,0.8
engramdb,2492,2.750,1,2000,128,3,0.8
engramdb,2493,2.408,1,2000,128,3,0.8
engramdb,2494,2.828,0,2000,128,3,0.8
engramdb,2495,2.874,0,2000,128,3,0.8
engramdb,2496,4.193,1,2000,128,3,0.8
engramdb,2497,4.433,1,2000,128,3,0.8
engramdb,2498,6.967,1,2000,128,3,0.8
engramdb,2499,4.980,0,2000,128,3,0.8
engramdb,2500,3.015,1,2000,128,3,0.8
engramdb,2501,2.310,0,2000,128,3,0.8
engramdb,2502,2.923,1,2000,128,3,0.8
engramdb,2503,2.322,1,2000,128,3,0.8
engramdb,2504,5.387,0,2000,128,3,0.8
engramdb,2505,2.787,0,2000,128,3,0.8
engramdb,2506,4.955,1,2000,128,3,0.8
engramdb,2507,2.986,0,2000,128,3,0.8
engramdb,2508,2.428,1,2000,128,3,0.8
engramdb,2509,2.994,1,2000,128,3,0.8
engramdb,2510,2.377,0,2000,128,3,0.8
engramdb,2511,2.843,1,2000,128,3,0.8
engramdb,2512,2.365,1,2000,128,3,0.8
engramdb,2513,2.255,0,2000,128,3,0.8
engramdb,2514,3.394,1,2000,128,3,0.8
engramdb,2515,2.447,0,2000,128,3,0.8
engramdb,2516,5.494,1,2000,128,3,0.8
engramdb,2517,6.799,1,2000,128,3,0.8
engramdb,2518,2.419,1,2000,128,3,0.8
engramdb,2519,2.846,0,2000,128,3,0.8
engramdb,2520,4.977,0,2000,128,3,0.8
engramdb,2521,2.960,0,2000,128,3,0.8
engramdb,2522,2.319,1,2000,128,3,0.8
engramdb,2523,2.867,1,2000,128,3,0.8
engramdb,2524,2.303,1,2000,128,3,0.8
engramdb,2525,5.390,0,2000,128,3,0.8
engramdb,2526,3.003,0,2000,128,3,0.8
engramdb,2527,2.335,1,2000,128,3,0.8
engramdb,2528,2.798,1,2000,128,3,0.8
engramdb,2529,5.141,1,2000,128,3,0.8
engramdb,2530,2.771,1,2000,128,3,0.8
engramdb,2531,2.300,0,2000,128,3,0.8
engramdb,2532,3.128,0,2000,128,3,0.8
engramdb,2533,2.395,1,2000,128,3,0.8
engramdb,2534,2.784,1,2000,128,3,0.8
engramdb,2535,2.322,1,2000,128,3,0.8
engramdb,2536,3.089,0,2000,128,3,0.8
engramdb,2537,6.850,1,2000,128,3,0.8
engramdb,2538,5.235,0,2000,128,3,0.8
engramdb,2539,4.911,1,2000,128,3,0.8
engramdb,2540,2.801,1,2000,128,3,0.8
engramdb,2541,2.873,0,2000,128,3,0.8
engramdb,2542,2.403,0,2000,128,3,0.8
engramdb,2543,2.905,1,2000,128,3,0.8
engramdb,2544,2.433,0,2000,128,3,0.8
engramdb,2545,3.128,1,2000,128,3,0.8
engramdb,2546,2.318,1,2000,128,3,0.8
engramdb,2547,2.872,0,2000,128,3,0.8
engramdb,2548,2.360,1,2000,128,3,0.8
engramdb,2549,5.493,1,2000,128,3,0.8
engramdb,2550,2.771,0,2000,128,3,0.8
engramdb,2551,5.027,1,2000,128,3,0.8
engramdb,2552,2.961,0,2000,128,3,0.8
engramdb,2553,2.402,1,2000,128,3,0.8
engramdb,2554,2.901,1,2000,128,3,0.8
engramdb,2555,2.353,1,2000,128,3,0.8
engramdb,2556,2.910,0,2000,128,3,0.8
engramdb,2557,2.821,0,2000,128,3,0.8
engramdb,2558,2.373,1,2000,128,3,0.8
engramdb,2559,2.946,1,2000,128,3,0.8
engramdb,2560,2.233,1,2000,128,3,0.8
engramdb,2561,2.990,1,2000,128,3,0.8
engramdb,2562,6.858,0,2000,128,3,0.8
engramdb,2563,2.468,0,2000,128,3,0.8
engramdb,2564,2.844,1,2000,128,3,0.8
engramdb,2565,2.316,1,2000,128,3,0.8
engramdb,2566,2.914,1,2000,128,3,0.8
engramdb,2567,2.413,1,2000,128,3,0.8
engramdb,2568,5.503,0,2000,128,3,0.8
engramdb,2569,2.890,0,2000,128,3,0.8
engramdb,2570,2.474,1,2000,128,3,0.8
engramdb,2571,2.803,1,2000,128,3,0.8
engramdb,2572,7.020,1,2000,128,3,0.8
engramdb,2573,2.664,0,2000,128,3,0.8
engramdb,2574,2.855,1,2000,128,3,0.8
engramdb,2575,6.970,0,2000,128,3,0.8
engramdb,2576,2.635,1,2000,128,3,0.8
engramdb,2577,2.967,1,2000,128,3,0.8
engramdb,2578,3.492,0,2000,128,3,0.8
engramdb,2579,2.418,1,2000,128,3,0.8
engramdb,2580,2.363,1,2000,128,3,0.8
engramdb,2581,2.277,0,2000,128,3,0.8
engramdb,2582,2.232,1,2000,128,3,0.8
engramdb,2583,2.208,0,2000,128,3,0.8
engramdb,2584,2.221,0,2000,128,3,0.8
engramdb,2585,2.254,1,2000,128,3,0.8
engramdb,2586,2.312,1,2000,128,3,0.8
engramdb,2587,2.229,0,2000,128,3,0.8
engramdb,2588,2.243,1,2000,128,3,0.8
engramdb,2589,2.190,0,2000,128,3,0.8
engramdb,2590,2.198,1,2000,128,3,0.8
engramdb,2591,2.140,1,2000,128,3,0.8
engramdb,2592,2.294,1,2000,128,3,0.8
engramdb,2593,2.320,0,2000,128,3,0.8
engramdb,2594,2.127,0,2000,128,3,0.8
engramdb,2595,2.131,1,2000,128,3,0.8
engramdb,2596,2.209,1,2000,128,3,0.8
engramdb,2597,2.204,1,2000,128,3,0.8
engramdb,2598,2.359,1,2000,128,3,0.8
engramdb,2599,2.235,0,2000,128,3,0.8
engramdb,2600,2.487,1,2000,128,3,0.8
engramdb,2601,2.116,1,2000,128,3,0.8
engramdb,2602,2.254,1,2000,128,3,0.8
engramdb,2603,2.147,1,2000,128,3,0.8
engramdb,2604,2.149,0,2000,128,3,0.8
engramdb,2605,2.122,0,2000,128,3,0.8
engramdb,2606,2.120,0,2000,128,3,0.8
engramdb,2607,2.182,1,2000,128,3,0.8
engramdb,2608,2.200,1,2000,128,3,0.8
engramdb,2609,2.102,1,2000,128,3,0.8
engramdb,2610,2.105,0,2000,128,3,0.8
engramdb,2611,2.149,1,2000,128,3,0.8
engramdb,2612,2.105,0,2000,128,3,0.8
engramdb,2613,2.183,1,2000,128,3,0.8
engramdb,2614,2.894,1,2000,128,3,0.8
engramdb,2615,2.321,0,2000,128,3,0.8
engramdb,2616,2.542,1,2000,128,3,0.8
engramdb,2617,2.123,1,2000,128,3,0.8
engramdb,2618,2.165,0,2000,128,3,0.8
engramdb,2619,2.245,1,2000,128,3,0.8
engramdb,2620,2.198,0,2000,128,3,0.8
engramdb,2621,2.447,0,2000,128,3,0.8
engramdb,2622,2.093,1,2000,128,3,0.8
engramdb,2623,2.153,1,2000,128,3,0.8
engramdb,2624,2.179,0,2000,128,3,0.8
engramdb,2625,2.193,0,2000,128,3,0.8
engramdb,2626,2.114,0,2000,128,3,0.8
engramdb,2627,2.143,1,2000,128,3,0.8
engramdb,2628,2.064,1,2000,128,3,0.8
engramdb,2629,2.115,1,2000,128,3,0.8
engramdb,2630,2.237,0,2000,128,3,0.8
engramdb,2631,2.162,0,2000,128,3,0.8
engramdb,2632,2.116,1,2000,128,3,0.8
engramdb,2633,2.121,1,2000,128,3,0.8
engramdb,2634,2.303,1,2000,128,3,0.8
engramdb,2635,2.232,1,2000,128,3,0.8
engramdb,2636,2.210,0,2000,128,3,0.8
engramdb,2637,2.120,0,2000,128,3,0.8
engramdb,2638,2.120,1,2000,128,3,0.8
engramdb,2639,2.197,1,2000,128,3,0.8
engramdb,2640,2.141,1,2000,128,3,0.8
engramdb,2641,2.107,0,2000,128,3,0.8
engramdb,2642,2.325,0,2000,128,3,0.8
engramdb,2643,2.090,0,2000,128,3,0.8
engramdb,2644,2.185,1,2000,128,3,0.8
engramdb,2645,2.076,1,2000,128,3,0.8
engramdb,2646,2.142,1,2000,128,3,0.8
engramdb,2647,2.205,0,2000,128,3,0.8
engramdb,2648,2.136,1,2000,128,3,0.8
engramdb,2649,2.060,0,2000,128,3,0.8
engramdb,2650,2.150,1,2000,128,3,0.8
engramdb,2651,2.070,1,2000,128,3,0.8
engramdb,2652,2.149,0,2000,128,3,0.8
engramdb,2653,2.095,1,2000,128,3,0.8
engramdb,2654,2.126,1,2000,128,3,0.8
engramdb,2655,2.831,0,2000,128,3,0.8
engramdb,2656,2.300,1,2000,128,3,0.8
engramdb,2657,2.231,0,2000,128,3,0.8
engramdb,2658,2.301,1,2000,128,3,0.8
engramdb,2659,2.156,1,2000,128,3,0.8
engramdb,2660,2.333,1,2000,128,3,0.8
engramdb,2661,2.167,0,2000,128,3,0.8
engramdb,2662,2.289,0,2000,128,3,0.8
engramdb,2663,2.187,0,2000,128,3,0.8
engramdb,2664,2.112,1,2000,128,3,0.8
engramdb,2665,2.176,1,2000,128,3,0.8
engramdb,2666,2.321,1,2000,128,3,0.8
engramdb,2667,2.171,0,2000,128,3,0.8
engramdb,2668,2.193,0,2000,128,3,0.8
engramdb,2669,2.140,1,2000,128,3,0.8
engramdb,2670,2.138,1,2000,128,3,0.8
engramdb,2671,7.448,1,2000,128,3,0.8
engramdb,2672,2.601,1,2000,128,3,0.8
engramdb,2673,2.250,0,2000,128,3,0.8
engramdb,2674,2.194,0,2000,128,3,0.8
engramdb,2675,2.203,1,2000,128,3,0.8
engramdb,2676,2.229,1,2000,128,3,0.8
engramdb,2677,2.225,1,2000,128,3,0.8
engramdb,2678,2.203,0,2000,128,3,0.8
engramdb,2679,2.144,1,2000,128,3,0.8
engramdb,2680,2.248,0,2000,128,3,0.8
engramdb,2681,2.208,1,2000,128,3,0.8
engramdb,2682,6.788,1,2000,128,3,0.8
engramdb,2683,2.529,0,2000,128,3,0.8
engramdb,2684,2.227,0,2000,128,3,0.8
engramdb,2685,2.187,1,2000,128,3,0.8
engramdb,2686,2.138,0,2000,128,3,0.8
engramdb,2687,2.210,1,2000,128,3,0.8
engramdb,2688,2.218,1,2000,128,3,0.8
engramdb,2689,2.188,0,2000,128,3,0.8
engramdb,2690,2.120,1,2000,128,3,0.8
engramdb,2691,2.183,1,2000,128,3,0.8
engramdb,2692,2.186,0,2000,128,3,0.8
engramdb,2693,2.224,1,2000,128,3,0.8
engramdb,2694,2.454,0,2000,128,3,0.8
engramdb,2695,2.172,1,2000,128,3,0.8
engramdb,2696,2.915,1,2000,128,3,0.8
engramdb,2697,2.230,1,2000,128,3,0.8
engramdb,2698,2.262,0,2000,128,3,0.8
engramdb,2699,2.286,0,2000,128,3,0.8
engramdb,2700,2.136,1,2000,128,3,0.8
engramdb,2701,2.308,1,2000,128,3,0.8
engramdb,2702,2.221,1,2000,128,3,0.8
engramdb,2703,2.085,1,2000,128,3,0.8
engramdb,2704,2.113,0,2000,128,3,0.8
engramdb,2705,2.194,0,2000,128,3,0.8
engramdb,2706,2.245,1,2000,128,3,0.8
engramdb,2707,2.242,1,2000,128,3,0.8
engramdb,2708,2.126,1,2000,128,3,0.8
engramdb,2709,2.279,1,2000,128,3,0.8
engramdb,2710,2.166,0,2000,128,3,0.8
engramdb,2711,2.185,0,2000,128,3,0.8
engramdb,2712,2.288,1,2000,128,3,0.8
engramdb,2713,2.844,1,2000,128,3,0.8
engramdb,2714,2.249,1,2000,128,3,0.8
engramdb,2715,2.225,0,2000,128,3,0.8
engramdb,2716,2.324,1,2000,128,3,0.8
engramdb,2717,2.390,0,2000,128,3,0.8
engramdb,2718,2.371,1,2000,128,3,0.8
engramdb,2719,2.204,1,2000,128,3,0.8
engramdb,2720,2.303,0,2000,128,3,0.8
engramdb,2721,2.242,0,2000,128,3,0.8
engramdb,2722,2.295,1,2000,128,3,0.8
engramdb,2723,2.302,0,2000,128,3,0.8
engramdb,2724,2.239,1,2000,128,3,0.8
engramdb,2725,2.946,0,2000,128,3,0.8
engramdb,2726,2.327,0,2000,128,3,0.8
engramdb,2727,2.306,1,2000,128,3,0.8
engramdb,2728,2.198,1,2000,128,3,0.8
engramdb,2729,2.165,0,2000,128,3,0.8
engramdb,2730,2.196,1,2000,128,3,0.8
engramdb,2731,2.156,0,2000,128,3,0.8
engramdb,2732,2.105,1,2000,128,3,0.8
engramdb,2733,2.128,1,2000,128,3,0.8
engramdb,2734,6.905,1,2000,128,3,0.8
engramdb,2735,2.586,0,2000,128,3,0.8
engramdb,2736,2.230,0,2000,128,3,0.8
engramdb,2737,2.175,1,2000,128,3,0.8
engramdb,2738,2.200,1,2000,128,3,0.8
engramdb,2739,2.309,1,2000,128,3,0.8
engramdb,2740,2.341,1,2000,128,3,0.8
engramdb,2741,2.302,0,2000,128,3,0.8
engramdb,2742,2.176,0,2000,128,3,0.8
engramdb,2743,2.253,1,2000,128,3,0.8
engramdb,2744,2.180,1,2000,128,3,0.8
engramdb,2745,2.226,1,2000,128,3,0.8
engramdb,2746,2.935,1,2000,128,3,0.8
engramdb,2747,2.306,0,2000,128,3,0.8
engramdb,2748,2.965,0,2000,128,3,0.8
engramdb,2749,2.491,1,2000,128,3,0.8
engramdb,2750,2.873,1,2000,128,3,0.8
engramdb,2751,2.257,1,2000,128,3,0.8
engramdb,2752,6.478,0,2000,128,3,0.8
engramdb,2753,2.666,1,2000,128,3,0.8
engramdb,2754,2.277,0,2000,128,3,0.8
engramdb,2755,2.977,1,2000,128,3,0.8
engramdb,2756,2.244,1,2000,128,3,0.8
engramdb,2757,2.907,0,2000,128,3,0.8
engramdb,2758,4.964,1,2000,128,3,0.8
engramdb,2759,2.911,1,2000,128,3,0.8
engramdb,2760,2.629,0,2000,128,3,0.8
engramdb,2761,2.269,1,2000,128,3,0.8
engramdb,2762,2.870,0,2000,128,3,0.8
engramdb,2763,2.424,0,2000,128,3,0.8
engramdb,2764,2.919,1,2000,128,3,0.8
engramdb,2765,2.555,1,2000,128,3,0.8
engramdb,2766,2.924,0,2000,128,3,0.8
engramdb,2767,2.320,1,2000,128,3,0.8
engramdb,2768,2.836,0,2000,128,3,0.8
engramdb,2769,6.870,1,2000,128,3,0.8
engramdb,2770,5.116,1,2000,128,3,0.8
engramdb,2771,6.728,1,2000,128,3,0.8
engramdb,2772,2.437,0,2000,128,3,0.8
engramdb,2773,2.943,0,2000,128,3,0.8
engramdb,2774,2.352,1,2000,128,3,0.8
engramdb,2775,2.977,1,2000,128,3,0.8
engramdb,2776,2.399,1,2000,128,3,0.8
engramdb,2777,2.851,1,2000,128,3,0.8
engramdb,2778,2.305,0,2000,128,3,0.8
engramdb,2779,3.036,0,2000,128,3,0.8
engramdb,2780,2.315,1,2000,128,3,0.8
engramdb,2781,5.348,1,2000,128,3,0.8
engramdb,2782,2.835,1,2000,128,3,0.8
engramdb,2783,2.382,0,2000,128,3,0.8
engramdb,2784,2.246,0,2000,128,3,0.8
engramdb,2785,2.251,0,2000,128,3,0.8
engramdb,2786,2.218,1,2000,128,3,0.8
engramdb,2787,2.237,1,2000,128,3,0.8
engramdb,2788,2.270,1,2000,128,3,0.8
engramdb,2789,2.073,0,2000,128,3,0.8
engramdb,2790,2.181,1,2000,128,3,0.8
engramdb,2791,2.214,0,2000,128,3,0.8
engramdb,2792,2.174,1,2000,128,3,0.8
engramdb,2793,2.188,1,2000,128,3,0.8
engramdb,2794,2.172,0,2000,128,3,0.8
engramdb,2795,2.170,1,2000,128,3,0.8
engramdb,2796,5.442,1,2000,128,3,0.8
engramdb,2797,4.824,0,2000,128,3,0.8
engramdb,2798,5.292,1,2000,128,3,0.8
engramdb,2799,2.849,0,2000,128,3,0.8
engramdb,2800,2.359,1,2000,128,3,0.8
engramdb,2801,2.805,1,2000,128,3,0.8
engramdb,2802,4.992,1,2000,128,3,0.8
engramdb,2803,5.340,0,2000,128,3,0.8
engramdb,2804,4.617,0,2000,128,3,0.8
engramdb,2805,2.406,0,2000,128,3,0.8
engramdb,2806,2.803,1,2000,128,3,0.8
engramdb,2807,2.293,1,2000,128,3,0.8
engramdb,2808,2.843,1,2000,128,3,0.8
engramdb,2809,2.277,0,2000,128,3,0.8
engramdb,2810,2.952,0,2000,128,3,0.8
engramdb,2811,2.405,1,2000,128,3,0.8
engramdb,2812,2.852,1,2000,128,3,0.8
engramdb,2813,2.319,1,2000,128,3,0.8
engramdb,2814,2.854,1,2000,128,3,0.8
engramdb,2815,7.139,0,2000,128,3,0.8
engramdb,2816,5.105,0,2000,128,3,0.8
engramdb,2817,2.999,1,2000,128,3,0.8
engramdb,2818,2.386,1,2000,128,3,0.8
engramdb,2819,2.824,1,2000,128,3,0.8
engramdb,2820,2.393,0,2000,128,3,0.8
engramdb,2821,2.252,0,2000,128,3,0.8
engramdb,2822,2.830,0,2000,128,3,0.8
engramdb,2823,2.993,1,2000,128,3,0.8
engramdb,2824,2.346,1,2000,128,3,0.8
engramdb,2825,2.832,0,2000,128,3,0.8
engramdb,2826,2.374,0,2000,128,3,0.8
engramdb,2827,2.910,1,2000,128,3,0.8
engramdb,2828,2.667,0,2000,128,3,0.8
engramdb,2829,3.004,1,2000,128,3,0.8
engramdb,2830,2.322,1,2000,128,3,0.8
engramdb,2831,2.865,0,2000,128,3,0.8
engramdb,2832,6.887,1,2000,128,3,0.8
engramdb,2833,2.379,1,2000,128,3,0.8
engramdb,2834,2.805,0,2000,128,3,0.8
engramdb,2835,2.341,1,2000,128,3,0.8
engramdb,2836,2.838,0,2000,128,3,0.8
engramdb,2837,2.305,1,2000,128,3,0.8
engramdb,2838,2.832,1,2000,128,3,0.8
engramdb,2839,2.380,1,2000,128,3,0.8
engramdb,2840,2.819,0,2000,128,3,0.8
engramdb,2841,2.308,0,2000,128,3,0.8
engramdb,2842,2.775,0,2000,128,3,0.8
engramdb,2843,2.275,1,2000,128,3,0.8
engramdb,2844,2.245,1,2000,128,3,0.8
engramdb,2845,2.885,1,2000,128,3,0.8
engramdb,2846,2.322,0,2000,128,3,0.8
engramdb,2847,2.268,0,2000,128,3,0.8
engramdb,2848,4.972,1,2000,128,3,0.8
engramdb,2849,2.832,1,2000,128,3,0.8
engramdb,2850,2.306,1,2000,128,3,0.8
engramdb,2851,2.264,1,2000,128,3,0.8
engramdb,2852,2.257,0,2000,128,3,0.8
engramdb,2853,2.835,0,2000,128,3,0.8
engramdb,2854,2.235,1,2000,128,3,0.8
engramdb,2855,2.270,1,2000,128,3,0.8
engramdb,2856,7.209,1,2000,128,3,0.8
engramdb,2857,2.344,0,2000,128,3,0.8
engramdb,2858,2.300,1,2000,128,3,0.8
engramdb,2859,2.209,0,2000,128,3,0.8
engramdb,2860,2.134,1,2000,128,3,0.8
engramdb,2861,2.168,1,2000,128,3,0.8
engramdb,2862,2.155,0,2000,128,3,0.8
engramdb,2863,2.155,0,2000,128,3,0.8
engramdb,2864,2.127,1,2000,128,3,0.8
engramdb,2865,2.167,0,2000,128,3,0.8
engramdb,2866,2.213,1,2000,128,3,0.8
engramdb,2867,2.141,1,2000,128,3,0.8
engramdb,2868,2.171,0,2000,128,3,0.8
engramdb,2869,2.155,1,2000,128,3,0.8
engramdb,2870,2.133,1,2000,128,3,0.8
engramdb,2871,2.097,0,2000,128,3,0.8
engramdb,2872,2.208,1,2000,128,3,0.8
engramdb,2873,2.173,0,2000,128,3,0.8
engramdb,2874,2.971,1,2000,128,3,0.8
engramdb,2875,2.314,1,2000,128,3,0.8
engramdb,2876,2.267,1,2000,128,3,0.8
engramdb,2877,2.775,0,2000,128,3,0.8
engramdb,2878,2.408,0,2000,128,3,0.8
engramdb,2879,2.285,1,2000,128,3,0.8
engramdb,2880,2.385,1,2000,128,3,0.8
engramdb,2881,2.185,1,2000,128,3,0.8
engramdb,2882,2.325,1,2000,128,3,0.8
engramdb,2883,2.153,0,2000,128,3,0.8
engramdb,2884,2.248,0,2000,128,3,0.8
engramdb,2885,2.333,1,2000,128,3,0.8
engramdb,2886,2.197,1,2000,128,3,0.8
engramdb,2887,2.194,1,2000,128,3,0.8
engramdb,2888,2.178,1,2000,128,3,0.8
engramdb,2889,2.214,0,2000,128,3,0.8
engramdb,2890,2.165,0,2000,128,3,0.8
engramdb,2891,2.190,1,2000,128,3,0.8
engramdb,2892,2.805,1,2000,128,3,0.8
engramdb,2893,2.212,1,2000,128,3,0.8
engramdb,2894,2.292,0,2000,128,3,0.8
engramdb,2895,2.212,1,2000,128,3,0.8
engramdb,2896,2.161,0,2000,128,3,0.8
engramdb,2897,2.222,1,2000,128,3,0.8
engramdb,2898,2.387,1,2000,128,3,0.8
engramdb,2899,2.223,0,2000,128,3,0.8
engramdb,2900,2.273,1,2000,128,3,0.8
engramdb,2901,2.197,1,2000,128,3,0.8
engramdb,2902,2.137,0,2000,128,3,0.8
engramdb,2903,2.142,1,2000,128,3,0.8
engramdb,2904,2.140,0,2000,128,3,0.8
engramdb,2905,2.198,0,2000,128,3,0.8
engramdb,2906,2.847,1,2000,128,3,0.8
engramdb,2907,2.313,1,2000,128,3,0.8
engramdb,2908,2.265,0,2000,128,3,0.8
engramdb,2909,2.211,1,2000,128,3,0.8
engramdb,2910,2.204,0,2000,128,3,0.8
engramdb,2911,2.229,1,2000,128,3,0.8
engramdb,2912,2.173,1,2000,128,3,0.8
engramdb,2913,2.155,1,2000,128,3,0.8
engramdb,2914,2.169,0,2000,128,3,0.8
engramdb,2915,2.122,0,2000,128,3,0.8
engramdb,2916,2.133,1,2000,128,3,0.8
engramdb,2917,2.147,1,2000,128,3,0.8
engramdb,2918,2.154,1,2000,128,3,0.8
engramdb,2919,2.166,1,2000,128,3,0.8
engramdb,2920,2.136,0,2000,128,3,0.8
engramdb,2921,2.140,0,2000,128,3,0.8
engramdb,2922,2.172,1,2000,128,3,0.8
engramdb,2923,2.153,1,2000,128,3,0.8
engramdb,2924,2.182,1,2000,128,3,0.8
engramdb,2925,2.211,0,2000,128,3,0.8
engramdb,2926,2.263,0,2000,128,3,0.8
engramdb,2927,2.041,0,2000,128,3,0.8
engramdb,2928,2.124,1,2000,128,3,0.8
engramdb,2929,2.118,1,2000,128,3,0.8
engramdb,2930,2.348,1,2000,128,3,0.8
engramdb,2931,2.175,0,2000,128,3,0.8
engramdb,2932,2.177,1,2000,128,3,0.8
engramdb,2933,2.077,0,2000,128,3,0.8
engramdb,2934,2.108,1,2000,128,3,0.8
engramdb,2935,2.148,1,2000,128,3,0.8
engramdb,2936,2.909,0,2000,128,3,0.8
engramdb,2937,2.273,1,2000,128,3,0.8
engramdb,2938,2.246,1,2000,128,3,0.8
engramdb,2939,2.146,0,2000,128,3,0.8
engramdb,2940,2.275,1,2000,128,3,0.8
engramdb,2941,2.204,0,2000,128,3,0.8
engramdb,2942,2.228,0,2000,128,3,0.8
engramdb,2943,2.108,1,2000,128,3,0.8
engramdb,2944,2.221,1,2000,128,3,0.8
engramdb,2945,2.133,0,2000,128,3,0.8
engramdb,2946,2.192,1,2000,128,3,0.8
engramdb,2947,2.136,0,2000,128,3,0.8
engramdb,2948,2.131,1,2000,128,3,0.8
engramdb,2949,2.133,1,2000,128,3,0.8
engramdb,2950,2.084,1,2000,128,3,0.8
engramdb,2951,2.165,0,2000,128,3,0.8
engramdb,2952,2.219,0,2000,128,3,0.8
engramdb,2953,2.113,1,2000,128,3,0.8
engramdb,2954,2.196,1,2000,128,3,0.8
engramdb,2955,2.072,1,2000,128,3,0.8
engramdb,2956,2.190,1,2000,128,3,0.8
engramdb,2957,2.178,0,2000,128,3,0.8
engramdb,2958,2.098,0,2000,128,3,0.8
engramdb,2959,2.140,1,2000,128,3,0.8
engramdb,2960,2.160,1,2000,128,3,0.8
engramdb,2961,2.186,1,2000,128,3,0.8
engramdb,2962,2.073,0,2000,128,3,0.8
engramdb,2963,2.162,0,2000,128,3,0.8
engramdb,2964,2.101,0,2000,128,3,0.8
engramdb,2965,2.155,1,2000,128,3,0.8
engramdb,2966,2.067,1,2000,128,3,0.8
engramdb,2967,2.061,1,2000,128,3,0.8
engramdb,2968,2.163,0,2000,128,3,0.8
engramdb,2969,2.977,1,2000,128,3,0.8
engramdb,2970,2.205,0,2000,128,3,0.8
engramdb,2971,2.284,1,2000,128,3,0.8
engramdb,2972,2.226,1,2000,128,3,0.8
engramdb,2973,2.167,0,2000,128,3,0.8
engramdb,2974,2.144,1,2000,128,3,0.8
engramdb,2975,2.205,1,2000,128,3,0.8
engramdb,2976,2.111,0,2000,128,3,0.8
engramdb,2977,2.192,1,2000,128,3,0.8
engramdb,2978,2.214,0,2000,128,3,0.8
engramdb,2979,2.145,1,2000,128,3,0.8
engramdb,2980,2.140,1,2000,128,3,0.8
engramdb,2981,2.178,1,2000,128,3,0.8
engramdb,2982,2.153,0,2000,128,3,0.8
engramdb,2983,2.204,0,2000,128,3,0.8
engramdb,2984,4.895,0,2000,128,3,0.8
engramdb,2985,2.185,1,2000,128,3,0.8
engramdb,2986,2.879,1,2000,128,3,0.8
engramdb,2987,2.262,1,2000,128,3,0.8
engramdb,2988,2.366,0,2000,128,3,0.8
engramdb,2989,2.242,0,2000,128,3,0.8
engramdb,2990,2.330,1,2000,128,3,0.8
engramdb,2991,2.166,1,2000,128,3,0.8
engramdb,2992,2.174,1,2000,128,3,0.8
engramdb,2993,2.181,1,2000,128,3,0.8
engramdb,2994,2.175,0,2000,128,3,0.8
engramdb,2995,2.188,0,2000,128,3,0.8
engramdb,2996,2.188,1,2000,128,3,0.8
engramdb,2997,2.125,1,2000,128,3,0.8
engramdb,2998,2.212,1,2000,128,3,0.8
engramdb,2999,2.120,0,2000,128,3,0.8
engramdb,3000,2.136,1,2000,128,3,0.8
engramdb,3001,6.780,0,2000,128,3,0.8
engramdb,3002,2.627,1,2000,128,3,0.8
engramdb,3003,2.256,1,2000,128,3,0.8
engramdb,3004,2.387,0,2000,128,3,0.8
engramdb,3005,2.230,0,2000,128,3,0.8
engramdb,3006,2.153,1,2000,128,3,0.8
engramdb,3007,2.154,0,2000,128,3,0.8
engramdb,3008,2.197,1,2000,128,3,0.8
engramdb,3009,2.192,1,2000,128,3,0.8
engramdb,3010,2.303,0,2000,128,3,0.8
engramdb,3011,2.206,1,2000,128,3,0.8
engramdb,3012,2.351,1,2000,128,3,0.8
engramdb,3013,2.155,0,2000,128,3,0.8
engramdb,3014,2.169,1,2000,128,3,0.8
engramdb,3015,2.165,0,2000,128,3,0.8
engramdb,3016,4.853,1,2000,128,3,0.8
engramdb,3017,4.839,1,2000,128,3,0.8
engramdb,3018,2.756,1,2000,128,3,0.8
engramdb,3019,2.247,0,2000,128,3,0.8
engramdb,3020,5.146,0,2000,128,3,0.8
engramdb,3021,6.861,0,2000,128,3,0.8
engramdb,3022,2.379,1,2000,128,3,0.8
engramdb,3023,2.248,1,2000,128,3,0.8
engramdb,3024,2.173,1,2000,128,3,0.8
engramdb,3025,2.255,0,2000,128,3,0.8
engramdb,3026,2.292,0,2000,128,3,0.8
engramdb,3027,2.212,1,2000,128,3,0.8
engramdb,3028,2.301,1,2000,128,3,0.8
engramdb,3029,2.124,1,2000,128,3,0.8
engramdb,3030,2.212,1,2000,128,3,0.8
engramdb,3031,2.203,0,2000,128,3,0.8
engramdb,3032,2.492,0,2000,128,3,0.8
engramdb,3033,2.155,1,2000,128,3,0.8
engramdb,3034,2.242,1,2000,128,3,0.8
engramdb,3035,2.177,1,2000,128,3,0.8
engramdb,3036,2.233,0,2000,128,3,0.8
engramdb,3037,2.096,1,2000,128,3,0.8
engramdb,3038,2.193,0,2000,128,3,0.8
engramdb,3039,2.262,1,2000,128,3,0.8
engramdb,3040,2.144,1,2000,128,3,0.8
engramdb,3041,2.145,0,2000,128,3,0.8
engramdb,3042,2.157,0,2000,128,3,0.8
engramdb,3043,2.163,1,2000,128,3,0.8
engramdb,3044,2.139,0,2000,128,3,0.8
engramdb,3045,2.208,1,2000,128,3,0.8
engramdb,3046,2.144,1,2000,128,3,0.8
engramdb,3047,2.192,0,2000,128,3,0.8
engramdb,3048,2.084,1,2000,128,3,0.8
engramdb,3049,2.070,1,2000,128,3,0.8
engramdb,3050,2.087,0,2000,128,3,0.8
engramdb,3051,2.060,1,2000,128,3,0.8
engramdb,3052,2.060,0,2000,128,3,0.8
engramdb,3053,2.029,1,2000,128,3,0.8
engramdb,3054,2.068,1,2000,128,3,0.8
engramdb,3055,2.067,1,2000,128,3,0.8
engramdb,3056,2.077,0,2000,128,3,0.8
engramdb,3057,2.133,0,2000,128,3,0.8
engramdb,3058,2.201,1,2000,128,3,0.8
engramdb,3059,2.846,1,2000,128,3,0.8
engramdb,3060,2.306,1,2000,128,3,0.8
engramdb,3061,2.247,1,2000,128,3,0.8
engramdb,3062,2.257,0,2000,128,3,0.8
engramdb,3063,2.173,0,2000,128,3,0.8
engramdb,3064,2.400,1,2000,128,3,0.8
engramdb,3065,2.166,1,2000,128,3,0.8
engramdb,3066,2.174,1,2000,128,3,0.8
engramdb,3067,2.181,1,2000,128,3,0.8
engramdb,3068,2.220,0,2000,128,3,0.8
engramdb,3069,2.168,0,2000,128,3,0.8
engramdb,3070,2.135,1,2000,128,3,0.8
engramdb,3071,2.127,1,2000,128,3,0.8
engramdb,3072,2.238,1,2000,128,3,0.8
engramdb,3073,2.134,0,2000,128,3,0.8
engramdb,3074,2.100,1,2000,128,3,0.8
engramdb,3075,2.158,0,2000,128,3,0.8
engramdb,3076,2.185,1,2000,128,3,0.8
engramdb,3077,2.266,1,2000,128,3,0.8
engramdb,3078,2.132,0,2000,128,3,0.8
engramdb,3079,4.938,1,2000,128,3,0.8
engramdb,3080,2.139,1,2000,128,3,0.8
engramdb,3081,2.881,0,2000,128,3,0.8
engramdb,3082,2.334,1,2000,128,3,0.8
engramdb,3083,2.164,0,2000,128,3,0.8
engramdb,3084,2.145,0,2000,128,3,0.8
engramdb,3085,2.251,1,2000,128,3,0.8
engramdb,3086,2.206,1,2000,128,3,0.8
engramdb,3087,2.150,0,2000,128,3,0.8
engramdb,3088,2.305,1,2000,128,3,0.8
engramdb,3089,2.142,0,2000,128,3,0.8
engramdb,3090,2.098,1,2000,128,3,0.8
engramdb,3091,2.077,1,2000,128,3,0.8
engramdb,3092,2.191,1,2000,128,3,0.8
engramdb,3093,2.846,0,2000,128,3,0.8
engramdb,3094,2.459,0,2000,128,3,0.8
engramdb,3095,2.163,1,2000,128,3,0.8
engramdb,3096,2.202,1,2000,128,3,0.8
engramdb,3097,2.218,1,2000,128,3,0.8
engramdb,3098,2.177,1,2000,128,3,0.8
engramdb,3099,2.206,0,2000,128,3,0.8
engramdb,3100,2.130,1,2000,128,3,0.8
engramdb,3101,2.163,1,2000,128,3,0.8
engramdb,3102,2.172,1,2000,128,3,0.8
engramdb,3103,2.210,1,2000,128,3,0.8
engramdb,3104,2.254,0,2000,128,3,0.8
engramdb,3105,2.180,0,2000,128,3,0.8
engramdb,3106,2.176,0,2000,128,3,0.8
engramdb,3107,2.240,1,2000,128,3,0.8
engramdb,3108,2.135,1,2000,128,3,0.8
engramdb,3109,2.213,1,2000,128,3,0.8
engramdb,3110,2.150,0,2000,128,3,0.8
engramdb,3111,2.197,1,2000,128,3,0.8
engramdb,3112,2.174,0,2000,128,3,0.8
engramdb,3113,2.105,1,2000,128,3,0.8
engramdb,3114,2.861,1,2000,128,3,0.8
engramdb,3115,2.280,0,2000,128,3,0.8
engramdb,3116,2.348,1,2000,128,3,0.8
engramdb,3117,2.204,1,2000,128,3,0.8
engramdb,3118,2.177,0,2000,128,3,0.8
engramdb,3119,2.197,1,2000,128,3,0.8
engramdb,3120,2.151,0,2000,128,3,0.8
engramdb,3121,2.270,0,2000,128,3,0.8
engramdb,3122,2.239,1,2000,128,3,0.8
engramdb,3123,2.165,1,2000,128,3,0.8
engramdb,3124,2.137,0,2000,128,3,0.8
engramdb,3125,2.138,0,2000,128,3,0.8
engramdb,3126,2.151,0,2000,128,3,0.8
engramdb,3127,2.106,1,2000,128,3,0.8
engramdb,3128,2.195,1,2000,128,3,0.8
engramdb,3129,2.176,1,2000,128,3,0.8
engramdb,3130,2.138,0,2000,128,3,0.8
engramdb,3131,2.818,0,2000,128,3,0.8
engramdb,3132,2.222,1,2000,128,3,0.8
engramdb,3133,2.232,1,2000,128,3,0.8
engramdb,3134,2.270,1,2000,128,3,0.8
engramdb,3135,2.310,1,2000,128,3,0.8
engramdb,3136,2.235,0,2000,128,3,0.8
engramdb,3137,2.178,0,2000,128,3,0.8
engramdb,3138,2.192,1,2000,128,3,0.8
engramdb,3139,2.176,1,2000,128,3,0.8
engramdb,3140,2.165,1,2000,128,3,0.8
engramdb,3141,2.172,0,2000,128,3,0.8
engramdb,3142,2.165,0,2000,128,3,0.8
engramdb,3143,2.129,0,2000,128,3,0.8
engramdb,3144,2.294,1,2000,128,3,0.8
engramdb,3145,2.114,1,2000,128,3,0.8
engramdb,3146,2.156,1,2000,128,3,0.8
engramdb,3147,2.139,0,2000,128,3,0.8
engramdb,3148,2.175,1,2000,128,3,0.8
engramdb,3149,2.191,0,2000,128,3,0.8
engramdb,3150,2.895,1,2000,128,3,0.8
engramdb,3151,2.329,1,2000,128,3,0.8
engramdb,3152,2.142,0,2000,128,3,0.8
engramdb,3153,2.239,1,2000,128,3,0.8
engramdb,3154,2.231,1,2000,128,3,0.8
engramdb,3155,2.135,0,2000,128,3,0.8
engramdb,3156,2.211,1,2000,128,3,0.8
engramdb,3157,2.233,0,2000,128,3,0.8
engramdb,3158,2.168,1,2000,128,3,0.8
engramdb,3159,2.129,1,2000,128,3,0.8
engramdb,3160,2.245,1,2000,128,3,0.8
engramdb,3161,2.257,0,2000,128,3,0.8
engramdb,3162,2.130,0,2000,128,3,0.8
engramdb,3163,2.095,0,2000,128,3,0.8
engramdb,3164,2.239,1,2000,128,3,0.8
engramdb,3165,2.142,1,2000,128,3,0.8
engramdb,3166,2.796,1,2000,128,3,0.8
engramdb,3167,2.275,0,2000,128,3,0.8
engramdb,3168,2.149,0,2000,128,3,0.8
engramdb,3169,2.230,1,2000,128,3,0.8
engramdb,3170,2.178,1,2000,128,3,0.8
engramdb,3171,2.886,1,2000,128,3,0.8
engramdb,3172,2.313,1,2000,128,3,0.8
engramdb,3173,2.252,0,2000,128,3,0.8
engramdb,3174,2.265,0,2000,128,3,0.8
engramdb,3175,2.166,1,2000,128,3,0.8
engramdb,3176,2.229,1,2000,128,3,0.8
engramdb,3177,2.120,1,2000,128,3,0.8
engramdb,3178,2.283,0,2000,128,3,0.8
engramdb,3179,2.152,1,2000,128,3,0.8
engramdb,3180,2.277,0,2000,128,3,0.8
engramdb,3181,2.131,1,2000,128,3,0.8
engramdb,3182,2.201,1,2000,128,3,0.8
engramdb,3183,2.110,0,2000,128,3,0.8
engramdb,3184,2.332,0,2000,128,3,0.8
engramdb,3185,4.808,1,2000,128,3,0.8
engramdb,3186,6.864,0,2000,128,3,0.8
engramdb,3187,2.369,1,2000,128,3,0.8
engramdb,3188,2.245,1,2000,128,3,0.8
engramdb,3189,2.187,0,2000,128,3,0.8
engramdb,3190,2.160,1,2000,128,3,0.8
engramdb,3191,2.232,1,2000,128,3,0.8
engramdb,3192,2.192,0,2000,128,3,0.8
engramdb,3193,2.200,1,2000,128,3,0.8
engramdb,3194,2.246,0,2000,128,3,0.8
engramdb,3195,2.234,1,2000,128,3,0.8
engramdb,3196,2.157,1,2000,128,3,0.8
engramdb,3197,2.141,1,2000,128,3,0.8
engramdb,3198,2.098,0,2000,128,3,0.8
engramdb,3199,2.110,0,2000,128,3,0.8
engramdb,3200,2.148,1,2000,128,3,0.8
engramdb,3201,2.136,1,2000,128,3,0.8
engramdb,3202,2.125,1,2000,128,3,0.8
engramdb,3203,2.175,1,2000,128,3,0.8
engramdb,3204,2.163,0,2000,128,3,0.8
engramdb,3205,2.146,0,2000,128,3,0.8
engramdb,3206,2.152,1,2000,128,3,0.8
engramdb,3207,2.195,1,2000,128,3,0.8
engramdb,3208,2.873,1,2000,128,3,0.8
engramdb,3209,2.332,1,2000,128,3,0.8
engramdb,3210,2.197,0,2000,128,3,0.8
engramdb,3211,2.292,0,2000,128,3,0.8
engramdb,3212,2.253,1,2000,128,3,0.8
engramdb,3213,2.197,1,2000,128,3,0.8
engramdb,3214,2.172,1,2000,128,3,0.8
engramdb,3215,2.166,0,2000,128,3,0.8
engramdb,3216,2.186,1,2000,128,3,0.8
engramdb,3217,2.202,0,2000,128,3,0.8
engramdb,3218,2.298,1,2000,128,3,0.8
engramdb,3219,2.223,1,2000,128,3,0.8
engramdb,3220,2.171,0,2000,128,3,0.8
engramdb,3221,2.173,0,2000,128,3,0.8
engramdb,3222,2.177,1,2000,128,3,0.8
engramdb,3223,2.143,0,2000,128,3,0.8
engramdb,3224,2.162,1,2000,128,3,0.8
engramdb,3225,2.162,0,2000,128,3,0.8
engramdb,3226,2.216,0,2000,128,3,0.8
engramdb,3227,2.132,1,2000,128,3,0.8
engramdb,3228,2.197,1,2000,128,3,0.8
engramdb,3229,2.089,0,2000,128,3,0.8
engramdb,3230,2.163,1,2000,128,3,0.8
engramdb,3231,2.174,0,2000,128,3,0.8
engramdb,3232,2.207,1,2000,128,3,0.8
engramdb,3233,2.122,1,2000,128,3,0.8
engramdb,3234,2.120,1,2000,128,3,0.8
engramdb,3235,2.087,0,2000,128,3,0.8
engramdb,3236,2.202,0,2000,128,3,0.8
engramdb,3237,2.172,1,2000,128,3,0.8
engramdb,3238,2.145,1,2000,128,3,0.8
engramdb,3239,2.243,1,2000,128,3,0.8
engramdb,3240,2.041,1,2000,128,3,0.8
engramdb,3241,2.076,0,2000,128,3,0.8
engramdb,3242,2.089,0,2000,128,3,0.8
engramdb,3243,2.181,1,2000,128,3,0.8
engramdb,3244,2.155,1,2000,128,3,0.8
engramdb,3245,2.135,1,2000,128,3,0.8
engramdb,3246,2.212,1,2000,128,3,0.8
engramdb,3247,2.123,0,2000,128,3,0.8
engramdb,3248,2.087,0,2000,128,3,0.8
engramdb,3249,2.113,1,2000,128,3,0.8
engramdb,3250,2.135,1,2000,128,3,0.8
engramdb,3251,6.952,1,2000,128,3,0.8
engramdb,3252,2.448,0,2000,128,3,0.8
engramdb,3253,2.275,1,2000,128,3,0.8
engramdb,3254,2.163,0,2000,128,3,0.8
engramdb,3255,2.317,1,2000,128,3,0.8
engramdb,3256,2.211,1,2000,128,3,0.8
engramdb,3257,2.229,0,2000,128,3,0.8
engramdb,3258,2.215,1,2000,128,3,0.8
engramdb,3259,2.135,1,2000,128,3,0.8
engramdb,3260,2.121,0,2000,128,3,0.8
engramdb,3261,2.141,1,2000,128,3,0.8
engramdb,3262,2.154,0,2000,128,3,0.8
engramdb,3263,2.125,0,2000,128,3,0.8
engramdb,3264,2.115,1,2000,128,3,0.8
engramdb,3265,2.172,1,2000,128,3,0.8
engramdb,3266,2.122,0,2000,128,3,0.8
engramdb,3267,2.102,1,2000,128,3,0.8
engramdb,3268,2.171,0,2000,128,3,0.8
engramdb,3269,9.784,1,2000,128,3,0.8
engramdb,3270,2.445,1,2000,128,3,0.8
engramdb,3271,2.205,1,2000,128,3,0.8
engramdb,3272,2.247,0,2000,128,3,0.8
engramdb,3273,2.137,0,2000,128,3,0.8
engramdb,3274,2.149,1,2000,128,3,0.8
engramdb,3275,2.141,1,2000,128,3,0.8
engramdb,3276,2.128,1,2000,128,3,0.8
engramdb,3277,2.126,1,2000,128,3,0.8
engramdb,3278,2.105,0,2000,128,3,0.8
engramdb,3279,2.094,0,2000,128,3,0.8
engramdb,3280,2.151,1,2000,128,3,0.8
engramdb,3281,2.083,1,2000,128,3,0.8
engramdb,3282,2.118,1,2000,128,3,0.8
engramdb,3283,2.169,0,2000,128,3,0.8
engramdb,3284,2.210,0,2000,128,3,0.8
engramdb,3285,2.154,0,2000,128,3,0.8
engramdb,3286,2.133,1,2000,128,3,0.8
engramdb,3287,2.198,1,2000,128,3,0.8
engramdb,3288,2.151,1,2000,128,3,0.8
engramdb,3289,2.360,0,2000,128,3,0.8
engramdb,3290,2.918,1,2000,128,3,0.8
engramdb,3291,2.262,0,2000,128,3,0.8
engramdb,3292,2.580,1,2000,128,3,0.8
engramdb,3293,2.266,1,2000,128,3,0.8
engramdb,3294,2.199,0,2000,128,3,0.8
engramdb,3295,2.203,1,2000,128,3,0.8
engramdb,3296,2.179,1,2000,128,3,0.8
engramdb,3297,2.093,0,2000,128,3,0.8
engramdb,3298,2.229,1,2000,128,3,0.8
engramdb,3299,2.160,0,2000,128,3,0.8
engramdb,3300,2.143,1,2000,128,3,0.8
engramdb,3301,2.130,1,2000,128,3,0.8
engramdb,3302,2.113,1,2000,128,3,0.8
engramdb,3303,2.128,0,2000,128,3,0.8
engramdb,3304,2.108,0,2000,128,3,0.8
engramdb,3305,2.139,0,2000,128,3,0.8
engramdb,3306,2.086,1,2000,128,3,0.8
engramdb,3307,2.061,1,2000,128,3,0.8
engramdb,3308,2.515,1,2000,128,3,0.8
engramdb,3309,2.078,0,2000,128,3,0.8
engramdb,3310,2.172,0,2000,128,3,0.8
engramdb,3311,2.121,1,2000,128,3,0.8
engramdb,3312,2.145,1,2000,128,3,0.8
engramdb,3313,2.132,1,2000,128,3,0.8
engramdb,3314,2.246,1,2000,128,3,0.8
engramdb,3315,6.342,0,2000,128,3,0.8
engramdb,3316,2.678,0,2000,128,3,0.8
engramdb,3317,2.329,1,2000,128,3,0.8
engramdb,3318,2.234,1,2000,128,3,0.8
engramdb,3319,2.209,1,2000,128,3,0.8
engramdb,3320,2.154,0,2000,128,3,0.8
engramdb,3321,2.166,0,2000,128,3,0.8
engramdb,3322,2.112,0,2000,128,3,0.8
engramdb,3323,2.157,1,2000,128,3,0.8
engramdb,3324,2.296,1,2000,128,3,0.8
engramdb,3325,2.219,0,2000,128,3,0.8
engramdb,3326,2.328,0,2000,128,3,0.8
engramdb,3327,2.871,1,2000,128,3,0.8
engramdb,3328,2.290,0,2000,128,3,0.8
engramdb,3329,2.173,1,2000,128,3,0.8
engramdb,3330,2.235,1,2000,128,3,0.8
engramdb,3331,2.211,0,2000,128,3,0.8
engramdb,3332,2.234,1,2000,128,3,0.8
engramdb,3333,2.182,1,2000,128,3,0.8
engramdb,3334,2.135,0,2000,128,3,0.8
engramdb,3335,2.172,1,2000,128,3,0.8
engramdb,3336,2.124,0,2000,128,3,0.8
engramdb,3337,2.154,1,2000,128,3,0.8
engramdb,3338,2.208,1,2000,128,3,0.8
engramdb,3339,2.137,1,2000,128,3,0.8
engramdb,3340,2.165,0,2000,128,3,0.8
engramdb,3341,2.197,0,2000,128,3,0.8
engramdb,3342,2.131,0,2000,128,3,0.8
engramdb,3343,2.857,1,2000,128,3,0.8
engramdb,3344,2.215,1,2000,128,3,0.8
engramdb,3345,2.156,1,2000,128,3,0.8
engramdb,3346,2.198,0,2000,128,3,0.8
engramdb,3347,2.221,0,2000,128,3,0.8
engramdb,3348,2.145,1,2000,128,3,0.8
engramdb,3349,2.188,1,2000,128,3,0.8
engramdb,3350,2.170,1,2000,128,3,0.8
engramdb,3351,2.225,1,2000,128,3,0.8
engramdb,3352,2.088,0,2000,128,3,0.8
engramdb,3353,2.080,0,2000,128,3,0.8
engramdb,3354,2.106,1,2000,128,3,0.8
engramdb,3355,2.112,1,2000,128,3,0.8
engramdb,3356,2.184,1,2000,128,3,0.8
engramdb,3357,2.362,0,2000,128,3,0.8
engramdb,3358,2.194,1,2000,128,3,0.8
engramdb,3359,2.148,0,2000,128,3,0.8
engramdb,3360,2.230,1,2000,128,3,0.8
engramdb,3361,2.166,1,2000,128,3,0.8
engramdb,3362,2.086,0,2000,128,3,0.8
engramdb,3363,2.124,0,2000,128,3,0.8
engramdb,3364,2.145,1,2000,128,3,0.8
engramdb,3365,2.146,0,2000,128,3,0.8
engramdb,3366,2.145,1,2000,128,3,0.8
engramdb,3367,2.960,1,2000,128,3,0.8
engramdb,3368,2.266,0,2000,128,3,0.8
engramdb,3369,2.221,1,2000,128,3,0.8
engramdb,3370,2.242,1,2000,128,3,0.8
engramdb,3371,2.158,0,2000,128,3,0.8
engramdb,3372,2.155,1,2000,128,3,0.8
engramdb,3373,2.224,0,2000,128,3,0.8
engramdb,3374,2.177,1,2000,128,3,0.8
engramdb,3375,2.226,1,2000,128,3,0.8
engramdb,3376,2.199,1,2000,128,3,0.8
engramdb,3377,2.180,0,2000,128,3,0.8
engramdb,3378,2.121,0,2000,128,3,0.8
engramdb,3379,2.113,1,2000,128,3,0.8
engramdb,3380,2.101,1,2000,128,3,0.8
engramdb,3381,2.341,1,2000,128,3,0.8
engramdb,3382,2.529,1,2000,128,3,0.8
engramdb,3383,2.155,0,2000,128,3,0.8
engramdb,3384,2.176,0,2000,128,3,0.8
engramdb,3385,2.120,1,2000,128,3,0.8
engramdb,3386,2.162,1,2000,128,3,0.8
engramdb,3387,2.114,1,2000,128,3,0.8
engramdb,3388,2.162,1,2000,128,3,0.8
engramdb,3389,2.125,0,2000,128,3,0.8
engramdb,3390,2.110,0,2000,128,3,0.8
engramdb,3391,2.107,1,2000,128,3,0.8
engramdb,3392,2.805,1,2000,128,3,0.8
engramdb,3393,2.217,1,2000,128,3,0.8
engramdb,3394,2.291,0,2000,128,3,0.8
engramdb,3395,2.224,1,2000,128,3,0.8
engramdb,3396,2.228,0,2000,128,3,0.8
engramdb,3397,4.714,1,2000,128,3,0.8
engramdb,3398,2.178,1,2000,128,3,0.8
engramdb,3399,2.916,0,2000,128,3,0.8
engramdb,3400,2.257,1,2000,128,3,0.8
engramdb,3401,2.160,1,2000,128,3,0.8
engramdb,3402,2.153,0,2000,128,3,0.8
engramdb,3403,2.136,1,2000,128,3,0.8
engramdb,3404,2.131,0,2000,128,3,0.8
engramdb,3405,2.121,0,2000,128,3,0.8
engramdb,3406,2.125,1,2000,128,3,0.8
engramdb,3407,2.190,1,2000,128,3,0.8
engramdb,3408,2.206,0,2000,128,3,0.8
engramdb,3409,2.181,1,2000,128,3,0.8
engramdb,3410,2.242,0,2000,128,3,0.8
engramdb,3411,2.156,1,2000,128,3,0.8
engramdb,3412,6.483,1,2000,128,3,0.8
engramdb,3413,2.579,1,2000,128,3,0.8
engramdb,3414,2.277,0,2000,128,3,0.8
engramdb,3415,2.313,0,2000,128,3,0.8
engramdb,3416,2.134,1,2000,128,3,0.8
engramdb,3417,2.235,1,2000,128,3,0.8
engramdb,3418,2.156,1,2000,128,3,0.8
engramdb,3419,2.231,1,2000,128,3,0.8
engramdb,3420,2.120,0,2000,128,3,0.8
engramdb,3421,2.175,0,2000,128,3,0.8
engramdb,3422,2.212,1,2000,128,3,0.8
engramdb,3423,4.820,1,2000,128,3,0.8
engramdb,3424,6.657,1,2000,128,3,0.8
engramdb,3425,2.577,0,2000,128,3,0.8
engramdb,3426,2.289,0,2000,128,3,0.8
engramdb,3427,2.886,0,2000,128,3,0.8
engramdb,3428,2.382,1,2000,128,3,0.8
engramdb,3429,2.859,1,2000,128,3,0.8
engramdb,3430,2.356,1,2000,128,3,0.8
engramdb,3431,2.807,0,2000,128,3,0.8
engramdb,3432,2.228,1,2000,128,3,0.8
engramdb,3433,2.797,0,2000,128,3,0.8
engramdb,3434,2.371,1,2000,128,3,0.8
engramdb,3435,2.921,1,2000,128,3,0.8
engramdb,3436,2.193,0,2000,128,3,0.8
engramdb,3437,2.973,1,2000,128,3,0.8
engramdb,3438,2.278,1,2000,128,3,0.8
engramdb,3439,6.743,0,2000,128,3,0.8
engramdb,3440,5.126,1,2000,128,3,0.8
engramdb,3441,2.238,0,2000,128,3,0.8
engramdb,3442,2.881,0,2000,128,3,0.8
engramdb,3443,2.257,1,2000,128,3,0.8
engramdb,3444,2.811,1,2000,128,3,0.8
engramdb,3445,2.348,0,2000,128,3,0.8
engramdb,3446,2.133,1,2000,128,3,0.8
engramdb,3447,5.761,0,2000,128,3,0.8
engramdb,3448,2.749,1,2000,128,3,0.8
engramdb,3449,2.240,1,2000,128,3,0.8
engramdb,3450,2.199,1,2000,128,3,0.8
engramdb,3451,2.770,0,2000,128,3,0.8
engramdb,3452,2.213,0,2000,128,3,0.8
engramdb,3453,5.427,1,2000,128,3,0.8
engramdb,3454,2.811,1,2000,128,3,0.8
engramdb,3455,4.847,1,2000,128,3,0.8
engramdb,3456,2.864,1,2000,128,3,0.8
engramdb,3457,2.365,0,2000,128,3,0.8
engramdb,3458,2.881,0,2000,128,3,0.8
engramdb,3459,2.325,1,2000,128,3,0.8
engramdb,3460,2.909,1,2000,128,3,0.8
engramdb,3461,2.209,1,2000,128,3,0.8
engramdb,3462,5.326,0,2000,128,3,0.8
engramdb,3463,2.859,0,2000,128,3,0.8
engramdb,3464,2.337,0,2000,128,3,0.8
engramdb,3465,2.906,1,2000,128,3,0.8
engramdb,3466,2.288,1,2000,128,3,0.8
engramdb,3467,2.829,1,2000,128,3,0.8
engramdb,3468,2.315,0,2000,128,3,0.8
engramdb,3469,2.857,1,2000,128,3,0.8
engramdb,3470,2.343,0,2000,128,3,0.8
engramdb,3471,2.268,1,2000,128,3,0.8
engramdb,3472,2.245,1,2000,128,3,0.8
engramdb,3473,2.094,0,2000,128,3,0.8
engramdb,3474,2.151,1,2000,128,3,0.8
engramdb,3475,2.117,1,2000,128,3,0.8
engramdb,3476,2.072,0,2000,128,3,0.8
engramdb,3477,2.200,1,2000,128,3,0.8
engramdb,3478,2.120,0,2000,128,3,0.8
engramdb,3479,2.141,1,2000,128,3,0.8
engramdb,3480,2.136,1,2000,128,3,0.8
engramdb,3481,2.096,1,2000,128,3,0.8
engramdb,3482,2.202,0,2000,128,3,0.8
engramdb,3483,2.091,0,2000,128,3,0.8
engramdb,3484,2.080,0,2000,128,3,0.8
engramdb,3485,2.155,1,2000,128,3,0.8
engramdb,3486,2.130,1,2000,128,3,0.8
engramdb,3487,2.146,1,2000,128,3,0.8
engramdb,3488,2.127,0,2000,128,3,0.8
engramdb,3489,2.853,0,2000,128,3,0.8
engramdb,3490,2.277,1,2000,128,3,0.8
engramdb,3491,2.809,1,2000,128,3,0.8
engramdb,3492,2.195,1,2000,128,3,0.8
engramdb,3493,2.860,1,2000,128,3,0.8
engramdb,3494,2.272,0,2000,128,3,0.8
engramdb,3495,2.882,0,2000,128,3,0.8
engramdb,3496,2.265,1,2000,128,3,0.8
engramdb,3497,2.335,1,2000,128,3,0.8
engramdb,3498,2.140,1,2000,128,3,0.8
engramdb,3499,2.291,0,2000,128,3,0.8
engramdb,3500,6.727,1,2000,128,3,0.8
engramdb,3501,2.513,0,2000,128,3,0.8
engramdb,3502,2.228,1,2000,128,3,0.8
engramdb,3503,2.950,1,2000,128,3,0.8
engramdb,3504,2.275,0,2000,128,3,0.8
engramdb,3505,2.837,0,2000,128,3,0.8
engramdb,3506,2.216,1,2000,128,3,0.8
engramdb,3507,2.852,0,2000,128,3,0.8
engramdb,3508,2.281,1,2000,128,3,0.8
engramdb,3509,4.970,1,2000,128,3,0.8
engramdb,3510,4.894,0,2000,128,3,0.8
engramdb,3511,2.198,1,2000,128,3,0.8
engramdb,3512,2.903,1,2000,128,3,0.8
engramdb,3513,2.272,0,2000,128,3,0.8
engramdb,3514,2.813,1,2000,128,3,0.8
engramdb,3515,2.253,0,2000,128,3,0.8
engramdb,3516,2.832,1,2000,128,3,0.8
engramdb,3517,2.295,1,2000,128,3,0.8
engramdb,3518,6.725,1,2000,128,3,0.8
engramdb,3519,2.322,0,2000,128,3,0.8
engramdb,3520,2.159,0,2000,128,3,0.8
engramdb,3521,2.863,0,2000,128,3,0.8
engramdb,3522,2.405,1,2000,128,3,0.8
engramdb,3523,2.838,1,2000,128,3,0.8
engramdb,3524,2.424,1,2000,128,3,0.8
engramdb,3525,2.817,0,2000,128,3,0.8
engramdb,3526,2.301,0,2000,128,3,0.8
engramdb,3527,2.208,1,2000,128,3,0.8
engramdb,3528,2.796,1,2000,128,3,0.8
engramdb,3529,2.481,1,2000,128,3,0.8
engramdb,3530,2.827,1,2000,128,3,0.8
engramdb,3531,2.369,0,2000,128,3,0.8
engramdb,3532,2.839,0,2000,128,3,0.8
engramdb,3533,2.244,1,2000,128,3,0.8
engramdb,3534,2.743,1,2000,128,3,0.8
engramdb,3535,2.318,1,2000,128,3,0.8
engramdb,3536,2.805,0,2000,128,3,0.8
engramdb,3537,2.241,1,2000,128,3,0.8
engramdb,3538,2.819,0,2000,128,3,0.8
engramdb,3539,5.027,1,2000,128,3,0.8
engramdb,3540,2.897,1,2000,128,3,0.8
engramdb,3541,4.806,0,2000,128,3,0.8
engramdb,3542,6.720,0,2000,128,3,0.8
engramdb,3543,5.263,1,2000,128,3,0.8
engramdb,3544,6.726,0,2000,128,3,0.8
engramdb,3545,2.457,1,2000,128,3,0.8
engramdb,3546,2.238,1,2000,128,3,0.8
engramdb,3547,2.851,0,2000,128,3,0.8
engramdb,3548,2.251,1,2000,128,3,0.8
engramdb,3549,2.855,1,2000,128,3,0.8
engramdb,3550,2.273,0,2000,128,3,0.8
engramdb,3551,2.838,1,2000,128,3,0.8
engramdb,3552,2.249,0,2000,128,3,0.8
engramdb,3553,2.881,1,2000,128,3,0.8
engramdb,3554,2.264,1,2000,128,3,0.8
engramdb,3555,2.809,1,2000,128,3,0.8
engramdb,3556,4.850,0,2000,128,3,0.8
engramdb,3557,6.777,0,2000,128,3,0.8
engramdb,3558,2.293,1,2000,128,3,0.8
engramdb,3559,2.223,1,2000,128,3,0.8
engramdb,3560,2.819,1,2000,128,3,0.8
engramdb,3561,2.278,1,2000,128,3,0.8
engramdb,3562,2.825,0,2000,128,3,0.8
engramdb,3563,2.241,0,2000,128,3,0.8
engramdb,3564,2.820,1,2000,128,3,0.8
engramdb,3565,2.304,1,2000,128,3,0.8
engramdb,3566,2.866,1,2000,128,3,0.8
engramdb,3567,2.354,1,2000,128,3,0.8
engramdb,3568,2.760,0,2000,128,3,0.8
engramdb,3569,2.252,0,2000,128,3,0.8
engramdb,3570,2.900,1,2000,128,3,0.8
engramdb,3571,2.255,1,2000,128,3,0.8
engramdb,3572,2.843,1,2000,128,3,0.8
engramdb,3573,2.329,0,2000,128,3,0.8
engramdb,3574,2.874,1,2000,128,3,0.8
engramdb,3575,2.453,0,2000,128,3,0.8
engramdb,3576,2.786,1,2000,128,3,0.8
engramdb,3577,2.290,1,2000,128,3,0.8
engramdb,3578,2.799,0,2000,128,3,0.8
engramdb,3579,2.285,1,2000,128,3,0.8
engramdb,3580,2.793,1,2000,128,3,0.8
engramdb,3581,2.240,0,2000,128,3,0.8
engramdb,3582,2.853,1,2000,128,3,0.8
engramdb,3583,2.258,0,2000,128,3,0.8
engramdb,3584,2.247,0,2000,128,3,0.8
engramdb,3585,2.876,1,2000,128,3,0.8
engramdb,3586,2.216,1,2000,128,3,0.8
engramdb,3587,2.865,0,2000,128,3,0.8
engramdb,3588,2.569,1,2000,128,3,0.8
engramdb,3589,6.756,0,2000,128,3,0.8
engramdb,3590,2.532,1,2000,128,3,0.8
engramdb,3591,2.250,1,2000,128,3,0.8
engramdb,3592,2.823,1,2000,128,3,0.8
engramdb,3593,2.264,0,2000,128,3,0.8
engramdb,3594,2.732,0,2000,128,3,0.8
engramdb,3595,2.271,1,2000,128,3,0.8
engramdb,3596,2.857,1,2000,128,3,0.8
engramdb,3597,2.256,1,2000,128,3,0.8
engramdb,3598,2.862,1,2000,128,3,0.8
engramdb,3599,2.163,0,2000,128,3,0.8
engramdb,3600,2.907,1,2000,128,3,0.8
engramdb,3601,2.264,1,2000,128,3,0.8
engramdb,3602,2.853,1,2000,128,3,0.8
engramdb,3603,2.330,1,2000,128,3,0.8
engramdb,3604,2.847,0,2000,128,3,0.8
engramdb,3605,2.340,0,2000,128,3,0.8
engramdb,3606,2.822,0,2000,128,3,0.8
engramdb,3607,2.202,1,2000,128,3,0.8
engramdb,3608,2.887,1,2000,128,3,0.8
engramdb,3609,4.957,1,2000,128,3,0.8
engramdb,3610,2.345,0,2000,128,3,0.8
engramdb,3611,2.949,1,2000,128,3,0.8
engramdb,3612,2.236,0,2000,128,3,0.8
engramdb,3613,2.851,1,2000,128,3,0.8
engramdb,3614,2.249,1,2000,128,3,0.8
engramdb,3615,2.882,0,2000,128,3,0.8
engramdb,3616,2.236,1,2000,128,3,0.8
engramdb,3617,2.852,1,2000,128,3,0.8
engramdb,3618,2.287,0,2000,128,3,0.8
engramdb,3619,2.866,1,2000,128,3,0.8
engramdb,3620,2.218,0,2000,128,3,0.8
engramdb,3621,5.513,0,2000,128,3,0.8
engramdb,3622,2.305,1,2000,128,3,0.8
engramdb,3623,2.884,1,2000,128,3,0.8
engramdb,3624,2.300,0,2000,128,3,0.8
engramdb,3625,2.831,0,2000,128,3,0.8
engramdb,3626,2.238,0,2000,128,3,0.8
engramdb,3627,2.849,1,2000,128,3,0.8
engramdb,3628,2.303,1,2000,128,3,0.8
engramdb,3629,2.814,1,2000,128,3,0.8
engramdb,3630,2.431,0,2000,128,3,0.8
engramdb,3631,6.886,0,2000,128,3,0.8
engramdb,3632,2.440,1,2000,128,3,0.8
engramdb,3633,2.205,1,2000,128,3,0.8
engramdb,3634,2.863,1,2000,128,3,0.8
engramdb,3635,2.303,1,2000,128,3,0.8
engramdb,3636,2.964,0,2000,128,3,0.8
engramdb,3637,2.142,0,2000,128,3,0.8
engramdb,3638,2.876,1,2000,128,3,0.8
engramdb,3639,2.322,1,2000,128,3,0.8
engramdb,3640,2.804,1,2000,128,3,0.8
engramdb,3641,4.808,0,2000,128,3,0.8
engramdb,3642,2.849,0,2000,128,3,0.8
engramdb,3643,2.346,0,2000,128,3,0.8
engramdb,3644,4.631,1,2000,128,3,0.8
engramdb,3645,4.944,1,2000,128,3,0.8
engramdb,3646,6.894,1,2000,128,3,0.8
engramdb,3647,2.545,0,2000,128,3,0.8
engramdb,3648,2.223,1,2000,128,3,0.8
engramdb,3649,2.794,0,2000,128,3,0.8
engramdb,3650,2.337,1,2000,128,3,0.8
engramdb,3651,2.831,1,2000,128,3,0.8
engramdb,3652,2.271,0,2000,128,3,0.8
engramdb,3653,2.828,1,2000,128,3,0.8
engramdb,3654,2.219,1,2000,128,3,0.8
engramdb,3655,2.794,0,2000,128,3,0.8
engramdb,3656,2.265,1,2000,128,3,0.8
engramdb,3657,2.842,0,2000,128,3,0.8
engramdb,3658,2.299,1,2000,128,3,0.8
engramdb,3659,3.023,1,2000,128,3,0.8
engramdb,3660,2.243,1,2000,128,3,0.8
engramdb,3661,2.861,0,2000,128,3,0.8
engramdb,3662,2.318,0,2000,128,3,0.8
engramdb,3663,2.867,0,2000,128,3,0.8
engramdb,3664,2.335,1,2000,128,3,0.8
engramdb,3665,2.877,1,2000,128,3,0.8
engramdb,3666,2.292,1,2000,128,3,0.8
engramdb,3667,2.837,0,2000,128,3,0.8
engramdb,3668,2.247,0,2000,128,3,0.8
engramdb,3669,2.891,1,2000,128,3,0.8
engramdb,3670,4.849,1,2000,128,3,0.8
engramdb,3671,6.813,1,2000,128,3,0.8
engramdb,3672,5.017,1,2000,128,3,0.8
engramdb,3673,6.821,0,2000,128,3,0.8
engramdb,3674,4.869,0,2000,128,3,0.8
engramdb,3675,6.797,1,2000,128,3,0.8
engramdb,3676,2.290,1,2000,128,3,0.8
engramdb,3677,2.245,1,2000,128,3,0.8
engramdb,3678,2.851,0,2000,128,3,0.8
engramdb,3679,6.720,1,2000,128,3,0.8
engramdb,3680,2.545,0,2000,128,3,0.8
engramdb,3681,6.660,1,2000,128,3,0.8
engramdb,3682,5.180,1,2000,128,3,0.8
engramdb,3683,2.850,0,2000,128,3,0.8
engramdb,3684,2.363,0,2000,128,3,0.8
engramdb,3685,2.374,1,2000,128,3,0.8
engramdb,3686,2.847,0,2000,128,3,0.8
engramdb,3687,2.350,1,2000,128,3,0.8
engramdb,3688,2.958,1,2000,128,3,0.8
engramdb,3689,2.244,0,2000,128,3,0.8
engramdb,3690,2.924,1,2000,128,3,0.8
engramdb,3691,2.289,1,2000,128,3,0.8
engramdb,3692,2.858,0,2000,128,3,0.8
engramdb,3693,2.206,1,2000,128,3,0.8
engramdb,3694,2.814,0,2000,128,3,0.8
engramdb,3695,2.367,1,2000,128,3,0.8
engramdb,3696,2.773,1,2000,128,3,0.8
engramdb,3697,2.294,1,2000,128,3,0.8
engramdb,3698,2.879,0,2000,128,3,0.8
engramdb,3699,2.284,0,2000,128,3,0.8
engramdb,3700,2.855,1,2000,128,3,0.8
engramdb,3701,2.285,1,2000,128,3,0.8
engramdb,3702,4.521,1,2000,128,3,0.8
engramdb,3703,2.438,1,2000,128,3,0.8
engramdb,3704,2.807,0,2000,128,3,0.8
engramdb,3705,2.238,0,2000,128,3,0.8
engramdb,3706,2.827,1,2000,128,3,0.8
engramdb,3707,4.618,1,2000,128,3,0.8
engramdb,3708,2.319,1,2000,128,3,0.8
engramdb,3709,2.890,1,2000,128,3,0.8
engramdb,3710,2.390,0,2000,128,3,0.8
engramdb,3711,2.819,0,2000,128,3,0.8
engramdb,3712,2.265,1,2000,128,3,0.8
engramdb,3713,5.449,1,2000,128,3,0.8
engramdb,3714,2.846,1,2000,128,3,0.8
engramdb,3715,2.344,0,2000,128,3,0.8
engramdb,3716,2.858,1,2000,128,3,0.8
engramdb,3717,2.285,0,2000,128,3,0.8
engramdb,3718,2.874,1,2000,128,3,0.8
engramdb,3719,4.785,1,2000,128,3,0.8
engramdb,3720,5.325,0,2000,128,3,0.8
engramdb,3721,2.945,0,2000,128,3,0.8
engramdb,3722,2.310,1,2000,128,3,0.8
engramdb,3723,2.834,0,2000,128,3,0.8
engramdb,3724,2.838,1,2000,128,3,0.8
engramdb,3725,2.568,0,2000,128,3,0.8
engramdb,3726,2.280,0,2000,128,3,0.8
engramdb,3727,2.926,1,2000,128,3,0.8
engramdb,3728,2.858,1,2000,128,3,0.8
engramdb,3729,2.289,0,2000,128,3,0.8
engramdb,3730,2.826,1,2000,128,3,0.8
engramdb,3731,2.835,0,2000,128,3,0.8
engramdb,3732,2.325,1,2000,128,3,0.8
engramdb,3733,2.900,1,2000,128,3,0.8
engramdb,3734,2.770,1,2000,128,3,0.8
engramdb,3735,2.339,0,2000,128,3,0.8
engramdb,3736,2.875,0,2000,128,3,0.8
engramdb,3737,6.670,1,2000,128,3,0.8
engramdb,3738,2.645,1,2000,128,3,0.8
engramdb,3739,2.867,1,2000,128,3,0.8
engramdb,3740,2.334,1,2000,128,3,0.8
engramdb,3741,2.818,0,2000,128,3,0.8
engramdb,3742,2.370,0,2000,128,3,0.8
engramdb,3743,2.910,1,2000,128,3,0.8
engramdb,3744,6.498,1,2000,128,3,0.8
engramdb,3745,5.155,1,2000,128,3,0.8
engramdb,3746,2.847,1,2000,128,3,0.8
engramdb,3747,2.264,0,2000,128,3,0.8
engramdb,3748,5.424,0,2000,128,3,0.8
engramdb,3749,2.915,1,2000,128,3,0.8
engramdb,3750,4.955,1,2000,128,3,0.8
engramdb,3751,2.878,1,2000,128,3,0.8
engramdb,3752,2.326,0,2000,128,3,0.8
engramdb,3753,2.740,1,2000,128,3,0.8
engramdb,3754,6.817,0,2000,128,3,0.8
engramdb,3755,2.482,1,2000,128,3,0.8
engramdb,3756,2.816,1,2000,128,3,0.8
engramdb,3757,2.239,0,2000,128,3,0.8
engramdb,3758,2.936,1,2000,128,3,0.8
engramdb,3759,2.311,1,2000,128,3,0.8
engramdb,3760,2.860,0,2000,128,3,0.8
engramdb,3761,2.944,1,2000,128,3,0.8
engramdb,3762,2.238,0,2000,128,3,0.8
engramdb,3763,2.903,0,2000,128,3,0.8
engramdb,3764,6.821,1,2000,128,3,0.8
engramdb,3765,2.430,1,2000,128,3,0.8
engramdb,3766,2.861,0,2000,128,3,0.8
engramdb,3767,2.284,1,2000,128,3,0.8
engramdb,3768,2.844,0,2000,128,3,0.8
engramdb,3769,4.597,1,2000,128,3,0.8
engramdb,3770,2.340,1,2000,128,3,0.8
engramdb,3771,2.874,1,2000,128,3,0.8
engramdb,3772,2.210,0,2000,128,3,0.8
engramdb,3773,5.543,0,2000,128,3,0.8
engramdb,3774,6.760,1,2000,128,3,0.8
engramdb,3775,5.124,1,2000,128,3,0.8
engramdb,3776,2.845,1,2000,128,3,0.8
engramdb,3777,2.424,1,2000,128,3,0.8
engramdb,3778,2.898,0,2000,128,3,0.8
engramdb,3779,6.614,0,2000,128,3,0.8
engramdb,3780,5.445,1,2000,128,3,0.8
engramdb,3781,2.899,1,2000,128,3,0.8
engramdb,3782,2.282,1,2000,128,3,0.8
engramdb,3783,6.900,0,2000,128,3,0.8
engramdb,3784,2.618,0,2000,128,3,0.8
engramdb,3785,6.865,0,2000,128,3,0.8
engramdb,3786,2.558,1,2000,128,3,0.8
engramdb,3787,2.890,1,2000,128,3,0.8
engramdb,3788,2.348,1,2000,128,3,0.8
engramdb,3789,2.901,0,2000,128,3,0.8
engramdb,3790,6.508,1,2000,128,3,0.8
engramdb,3791,5.457,0,2000,128,3,0.8
engramdb,3792,2.880,1,2000,128,3,0.8
engramdb,3793,2.346,1,2000,128,3,0.8
engramdb,3794,5.617,0,2000,128,3,0.8
engramdb,3795,2.828,1,2000,128,3,0.8
engramdb,3796,2.252,1,2000,128,3,0.8
engramdb,3797,2.758,0,2000,128,3,0.8
engramdb,3798,2.271,1,2000,128,3,0.8
engramdb,3799,2.909,0,2000,128,3,0.8
engramdb,3800,6.653,1,2000,128,3,0.8
engramdb,3801,2.788,1,2000,128,3,0.8
engramdb,3802,2.802,1,2000,128,3,0.8
engramdb,3803,2.364,0,2000,128,3,0.8
engramdb,3804,2.853,0,2000,128,3,0.8
engramdb,3805,2.197,0,2000,128,3,0.8
engramdb,3806,2.850,1,2000,128,3,0.8
engramdb,3807,2.555,1,2000,128,3,0.8
engramdb,3808,6.891,1,2000,128,3,0.8
engramdb,3809,4.930,0,2000,128,3,0.8
engramdb,3810,2.937,0,2000,128,3,0.8
engramdb,3811,4.975,1,2000,128,3,0.8
engramdb,3812,4.520,1,2000,128,3,0.8
engramdb,3813,2.431,1,2000,128,3,0.8
engramdb,3814,4.707,1,2000,128,3,0.8
engramdb,3815,2.801,0,2000,128,3,0.8
engramdb,3816,2.334,0,2000,128,3,0.8
engramdb,3817,2.251,1,2000,128,3,0.8
engramdb,3818,2.798,1,2000,128,3,0.8
engramdb,3819,6.854,1,2000,128,3,0.8
engramdb,3820,2.509,0,2000,128,3,0.8
engramdb,3821,2.191,0,2000,128,3,0.8
engramdb,3822,2.860,0,2000,128,3,0.8
engramdb,3823,4.920,1,2000,128,3,0.8
engramdb,3824,5.154,1,2000,128,3,0.8
engramdb,3825,5.014,0,2000,128,3,0.8
engramdb,3826,5.095,0,2000,128,3,0.8
engramdb,3827,4.894,1,2000,128,3,0.8
engramdb,3828,5.093,0,2000,128,3,0.8
engramdb,3829,4.904,1,2000,128,3,0.8
engramdb,3830,5.268,1,2000,128,3,0.8
engramdb,3831,4.760,0,2000,128,3,0.8
engramdb,3832,2.360,1,2000,128,3,0.8
engramdb,3833,2.889,1,2000,128,3,0.8
engramdb,3834,4.758,0,2000,128,3,0.8
engramdb,3835,2.807,1,2000,128,3,0.8
engramdb,3836,7.036,0,2000,128,3,0.8
engramdb,3837,2.442,1,2000,128,3,0.8
engramdb,3838,7.022,1,2000,128,3,0.8
engramdb,3839,2.481,1,2000,128,3,0.8
engramdb,3840,2.249,0,2000,128,3,0.8
engramdb,3841,2.820,0,2000,128,3,0.8
engramdb,3842,2.281,0,2000,128,3,0.8
engramdb,3843,2.922,1,2000,128,3,0.8
engramdb,3844,2.248,1,2000,128,3,0.8
engramdb,3845,2.914,1,2000,128,3,0.8
engramdb,3846,6.488,0,2000,128,3,0.8
engramdb,3847,5.177,0,2000,128,3,0.8
engramdb,3848,2.917,1,2000,128,3,0.8
engramdb,3849,2.297,1,2000,128,3,0.8
engramdb,3850,2.860,1,2000,128,3,0.8
engramdb,3851,2.266,1,2000,128,3,0.8
engramdb,3852,2.875,0,2000,128,3,0.8
engramdb,3853,2.884,0,2000,128,3,0.8
engramdb,3854,2.232,1,2000,128,3,0.8
engramdb,3855,2.820,1,2000,128,3,0.8
engramdb,3856,2.304,1,2000,128,3,0.8
engramdb,3857,2.848,0,2000,128,3,0.8
engramdb,3858,2.585,1,2000,128,3,0.8
engramdb,3859,2.914,0,2000,128,3,0.8
engramdb,3860,2.386,1,2000,128,3,0.8
engramdb,3861,2.959,1,2000,128,3,0.8
engramdb,3862,6.808,0,2000,128,3,0.8
engramdb,3863,4.973,0,2000,128,3,0.8
engramdb,3864,2.836,1,2000,128,3,0.8
engramdb,3865,2.237,0,2000,128,3,0.8
engramdb,3866,2.885,1,2000,128,3,0.8
engramdb,3867,2.281,1,2000,128,3,0.8
engramdb,3868,2.835,0,2000,128,3,0.8
engramdb,3869,6.862,1,2000,128,3,0.8
engramdb,3870,2.376,1,2000,128,3,0.8
engramdb,3871,2.903,0,2000,128,3,0.8
engramdb,3872,2.272,1,2000,128,3,0.8
engramdb,3873,2.836,0,2000,128,3,0.8
engramdb,3874,2.470,1,2000,128,3,0.8
engramdb,3875,2.809,1,2000,128,3,0.8
engramdb,3876,2.310,1,2000,128,3,0.8
engramdb,3877,2.750,0,2000,128,3,0.8
engramdb,3878,6.748,0,2000,128,3,0.8
engramdb,3879,2.268,1,2000,128,3,0.8
engramdb,3880,2.860,1,2000,128,3,0.8
engramdb,3881,2.236,1,2000,128,3,0.8
engramdb,3882,2.782,1,2000,128,3,0.8
engramdb,3883,2.224,0,2000,128,3,0.8
engramdb,3884,2.923,0,2000,128,3,0.8
engramdb,3885,2.283,1,2000,128,3,0.8
engramdb,3886,2.840,1,2000,128,3,0.8
engramdb,3887,2.344,1,2000,128,3,0.8
engramdb,3888,2.932,1,2000,128,3,0.8
engramdb,3889,2.342,0,2000,128,3,0.8
engramdb,3890,2.870,0,2000,128,3,0.8
engramdb,3891,2.299,1,2000,128,3,0.8
engramdb,3892,5.468,1,2000,128,3,0.8
engramdb,3893,2.978,1,2000,128,3,0.8
engramdb,3894,2.460,0,2000,128,3,0.8
engramdb,3895,2.839,1,2000,128,3,0.8
engramdb,3896,4.922,0,2000,128,3,0.8
engramdb,3897,5.600,1,2000,128,3,0.8
engramdb,3898,2.907,1,2000,128,3,0.8
engramdb,3899,2.275,0,2000,128,3,0.8
engramdb,3900,2.873,1,2000,128,3,0.8
engramdb,3901,2.218,1,2000,128,3,0.8
engramdb,3902,2.830,0,2000,128,3,0.8
engramdb,3903,4.766,1,2000,128,3,0.8
engramdb,3904,2.349,0,2000,128,3,0.8
engramdb,3905,2.880,0,2000,128,3,0.8
engramdb,3906,2.246,1,2000,128,3,0.8
engramdb,3907,2.858,1,2000,128,3,0.8
engramdb,3908,2.209,0,2000,128,3,0.8
engramdb,3909,5.563,1,2000,128,3,0.8
engramdb,3910,5.095,0,2000,128,3,0.8
engramdb,3911,2.452,1,2000,128,3,0.8
engramdb,3912,2.260,1,2000,128,3,0.8
engramdb,3913,3.100,1,2000,128,3,0.8
engramdb,3914,2.363,0,2000,128,3,0.8
engramdb,3915,2.879,0,2000,128,3,0.8
engramdb,3916,4.509,1,2000,128,3,0.8
engramdb,3917,2.373,1,2000,128,3,0.8
engramdb,3918,2.885,1,2000,128,3,0.8
engramdb,3919,2.324,1,2000,128,3,0.8
engramdb,3920,2.823,0,2000,128,3,0.8
engramdb,3921,6.758,0,2000,128,3,0.8
engramdb,3922,2.395,1,2000,128,3,0.8
engramdb,3923,2.894,1,2000,128,3,0.8
engramdb,3924,2.343,1,2000,128,3,0.8
engramdb,3925,2.738,0,2000,128,3,0.8
engramdb,3926,2.405,0,2000,128,3,0.8
engramdb,3927,2.884,0,2000,128,3,0.8
engramdb,3928,2.876,1,2000,128,3,0.8
engramdb,3929,2.407,1,2000,128,3,0.8
engramdb,3930,2.775,1,2000,128,3,0.8
engramdb,3931,2.980,0,2000,128,3,0.8
engramdb,3932,2.425,1,2000,128,3,0.8
engramdb,3933,2.902,0,2000,128,3,0.8
engramdb,3934,6.614,1,2000,128,3,0.8
engramdb,3935,5.261,1,2000,128,3,0.8
engramdb,3936,2.817,0,2000,128,3,0.8
engramdb,3937,6.792,1,2000,128,3,0.8
engramdb,3938,2.629,1,2000,128,3,0.8
engramdb,3939,2.935,0,2000,128,3,0.8
engramdb,3940,4.826,1,2000,128,3,0.8
engramdb,3941,2.812,0,2000,128,3,0.8
engramdb,3942,2.246,0,2000,128,3,0.8
engramdb,3943,2.984,1,2000,128,3,0.8
engramdb,3944,4.876,1,2000,128,3,0.8
engramdb,3945,2.725,0,2000,128,3,0.8
engramdb,3946,2.305,1,2000,128,3,0.8
engramdb,3947,5.306,0,2000,128,3,0.8
engramdb,3948,6.877,1,2000,128,3,0.8
engramdb,3949,2.300,1,2000,128,3,0.8
engramdb,3950,2.849,1,2000,128,3,0.8
engramdb,3951,2.286,0,2000,128,3,0.8
engramdb,3952,2.835,0,2000,128,3,0.8
engramdb,3953,4.651,1,2000,128,3,0.8
engramdb,3954,2.342,1,2000,128,3,0.8
engramdb,3955,2.826,1,2000,128,3,0.8
engramdb,3956,2.355,1,2000,128,3,0.8
engramdb,3957,5.425,0,2000,128,3,0.8
engramdb,3958,2.200,0,2000,128,3,0.8
engramdb,3959,2.777,1,2000,128,3,0.8
engramdb,3960,2.296,1,2000,128,3,0.8
engramdb,3961,5.440,1,2000,128,3,0.8
engramdb,3962,2.801,0,2000,128,3,0.8
engramdb,3963,2.237,0,2000,128,3,0.8
engramdb,3964,2.872,0,2000,128,3,0.8
engramdb,3965,2.831,1,2000,128,3,0.8
engramdb,3966,2.368,1,2000,128,3,0.8
engramdb,3967,2.857,1,2000,128,3,0.8
engramdb,3968,2.328,0,2000,128,3,0.8
engramdb,3969,5.292,1,2000,128,3,0.8
engramdb,3970,2.835,0,2000,128,3,0.8
engramdb,3971,2.262,1,2000,128,3,0.8
engramdb,3972,2.858,1,2000,128,3,0.8
engramdb,3973,4.197,0,2000,128,3,0.8
engramdb,3974,5.393,1,2000,128,3,0.8
engramdb,3975,2.817,1,2000,128,3,0.8
engramdb,3976,2.245,0,2000,128,3,0.8
engramdb,3977,2.784,1,2000,128,3,0.8
engramdb,3978,2.235,0,2000,128,3,0.8
engramdb,3979,2.259,1,2000,128,3,0.8
engramdb,3980,2.202,1,2000,128,3,0.8
engramdb,3981,2.179,1,2000,128,3,0.8
engramdb,3982,2.137,0,2000,128,3,0.8
engramdb,3983,2.833,0,2000,128,3,0.8
engramdb,3984,2.258,0,2000,128,3,0.8
engramdb,3985,2.851,1,2000,128,3,0.8
engramdb,3986,2.338,1,2000,128,3,0.8
engramdb,3987,2.798,1,2000,128,3,0.8
engramdb,3988,6.648,0,2000,128,3,0.8
engramdb,3989,5.306,0,2000,128,3,0.8
engramdb,3990,2.808,1,2000,128,3,0.8
engramdb,3991,2.383,1,2000,128,3,0.8
engramdb,3992,2.871,1,2000,128,3,0.8
engramdb,3993,2.371,1,2000,128,3,0.8
engramdb,3994,2.818,0,2000,128,3,0.8
engramdb,3995,2.248,0,2000,128,3,0.8
engramdb,3996,2.770,1,2000,128,3,0.8
engramdb,3997,6.723,1,2000,128,3,0.8
engramdb,3998,2.355,1,2000,128,3,0.8
engramdb,3999,2.894,0,2000,128,3,0.8
engramdb,4000,2.315,1,2000,128,3,0.8
engramdb,4001,5.792,0,2000,128,3,0.8
engramdb,4002,6.911,1,2000,128,3,0.8
engramdb,4003,2.359,1,2000,128,3,0.8
engramdb,4004,2.247,0,2000,128,3,0.8
engramdb,4005,2.909,0,2000,128,3,0.8
engramdb,4006,2.440,1,2000,128,3,0.8
engramdb,4007,2.864,0,2000,128,3,0.8
engramdb,4008,2.235,1,2000,128,3,0.8
engramdb,4009,2.843,1,2000,128,3,0.8
engramdb,4010,6.444,0,2000,128,3,0.8
engramdb,4011,5.236,1,2000,128,3,0.8
engramdb,4012,2.908,1,2000,128,3,0.8
engramdb,4013,2.313,0,2000,128,3,0.8
engramdb,4014,5.333,1,2000,128,3,0.8
engramdb,4015,2.752,0,2000,128,3,0.8
engramdb,4016,2.394,1,2000,128,3,0.8
engramdb,4017,2.808,1,2000,128,3,0.8
engramdb,4018,4.659,1,2000,128,3,0.8
engramdb,4019,2.783,0,2000,128,3,0.8
engramdb,4020,2.838,0,2000,128,3,0.8
engramdb,4021,2.305,0,2000,128,3,0.8
engramdb,4022,2.895,1,2000,128,3,0.8
engramdb,4023,6.496,1,2000,128,3,0.8
engramdb,4024,5.580,1,2000,128,3,0.8
engramdb,4025,2.811,0,2000,128,3,0.8
engramdb,4026,2.392,0,2000,128,3,0.8
engramdb,4027,2.907,1,2000,128,3,0.8
engramdb,4028,2.402,1,2000,128,3,0.8
engramdb,4029,2.822,1,2000,128,3,0.8
engramdb,4030,2.801,1,2000,128,3,0.8
engramdb,4031,2.277,0,2000,128,3,0.8
engramdb,4032,2.767,0,2000,128,3,0.8
engramdb,4033,4.609,1,2000,128,3,0.8
engramdb,4034,2.320,1,2000,128,3,0.8
engramdb,4035,2.830,1,2000,128,3,0.8
engramdb,4036,2.324,0,2000,128,3,0.8
engramdb,4037,5.714,1,2000,128,3,0.8
engramdb,4038,2.857,0,2000,128,3,0.8
engramdb,4039,4.842,1,2000,128,3,0.8
engramdb,4040,2.777,1,2000,128,3,0.8
engramdb,4041,6.713,0,2000,128,3,0.8
engramdb,4042,5.635,0,2000,128,3,0.8
engramdb,4043,2.828,1,2000,128,3,0.8
engramdb,4044,4.902,0,2000,128,3,0.8
engramdb,4045,5.432,1,2000,128,3,0.8
engramdb,4046,5.325,1,2000,128,3,0.8
engramdb,4047,2.939,0,2000,128,3,0.8
engramdb,4048,2.269,1,2000,128,3,0.8
engramdb,4049,5.386,1,2000,128,3,0.8
engramdb,4050,2.875,0,2000,128,3,0.8
engramdb,4051,2.325,1,2000,128,3,0.8
engramdb,4052,2.899,0,2000,128,3,0.8
engramdb,4053,6.546,1,2000,128,3,0.8
engramdb,4054,5.285,1,2000,128,3,0.8
engramdb,4055,2.744,1,2000,128,3,0.8
engramdb,4056,2.360,0,2000,128,3,0.8
engramdb,4057,2.281,0,2000,128,3,0.8
engramdb,4058,2.153,1,2000,128,3,0.8
engramdb,4059,2.210,1,2000,128,3,0.8
engramdb,4060,2.225,1,2000,128,3,0.8
engramdb,4061,2.189,1,2000,128,3,0.8
engramdb,4062,2.132,0,2000,128,3,0.8
engramdb,4063,2.159,0,2000,128,3,0.8
engramdb,4064,2.210,1,2000,128,3,0.8
engramdb,4065,2.175,1,2000,128,3,0.8
engramdb,4066,2.231,1,2000,128,3,0.8
engramdb,4067,2.111,1,2000,128,3,0.8
engramdb,4068,2.149,0,2000,128,3,0.8
engramdb,4069,2.133,0,2000,128,3,0.8
engramdb,4070,2.216,1,2000,128,3,0.8
engramdb,4071,2.132,1,2000,128,3,0.8
engramdb,4072,2.167,1,2000,128,3,0.8
engramdb,4073,2.141,0,2000,128,3,0.8
engramdb,4074,2.084,1,2000,128,3,0.8
engramdb,4075,2.141,0,2000,128,3,0.8
engramdb,4076,2.231,1,2000,128,3,0.8
engramdb,4077,2.104,1,2000,128,3,0.8
engramdb,4078,2.105,0,2000,128,3,0.8
engramdb,4079,2.172,1,2000,128,3,0.8
engramdb,4080,2.063,1,2000,128,3,0.8
engramdb,4081,2.093,0,2000,128,3,0.8
engramdb,4082,2.173,1,2000,128,3,0.8
engramdb,4083,2.057,0,2000,128,3,0.8
engramdb,4084,2.144,0,2000,128,3,0.8
engramdb,4085,2.090,1,2000,128,3,0.8
engramdb,4086,2.030,1,2000,128,3,0.8
engramdb,4087,2.101,0,2000,128,3,0.8
engramdb,4088,2.099,1,2000,128,3,0.8
engramdb,4089,4.837,0,2000,128,3,0.8
engramdb,4090,2.718,1,2000,128,3,0.8
engramdb,4091,2.835,1,2000,128,3,0.8
engramdb,4092,6.904,1,2000,128,3,0.8
engramdb,4093,2.933,0,2000,128,3,0.8
engramdb,4094,2.820,0,2000,128,3,0.8
engramdb,4095,2.240,1,2000,128,3,0.8
engramdb,4096,2.206,1,2000,128,3,0.8
engramdb,4097,2.160,1,2000,128,3,0.8
engramdb,4098,2.282,1,2000,128,3,0.8
engramdb,4099,2.150,0,2000,128,3,0.8
engramdb,4100,2.834,1,2000,128,3,0.8
engramdb,4101,2.396,1,2000,128,3,0.8
engramdb,4102,2.803,1,2000,128,3,0.8
engramdb,4103,4.860,1,2000,128,3,0.8
engramdb,4104,2.749,0,2000,128,3,0.8
engramdb,4105,6.802,0,2000,128,3,0.8
engramdb,4106,5.181,0,2000,128,3,0.8
engramdb,4107,2.253,1,2000,128,3,0.8
engramdb,4108,2.821,1,2000,128,3,0.8
engramdb,4109,4.884,1,2000,128,3,0.8
engramdb,4110,5.392,0,2000,128,3,0.8
engramdb,4111,2.838,1,2000,128,3,0.8
engramdb,4112,2.232,0,2000,128,3,0.8
engramdb,4113,2.829,1,2000,128,3,0.8
engramdb,4114,6.764,1,2000,128,3,0.8
engramdb,4115,2.485,0,2000,128,3,0.8
engramdb,4116,2.812,1,2000,128,3,0.8
engramdb,4117,2.287,1,2000,128,3,0.8
engramdb,4118,2.865,0,2000,128,3,0.8
engramdb,4119,2.964,1,2000,128,3,0.8
engramdb,4120,2.324,0,2000,128,3,0.8
engramdb,4121,2.772,0,2000,128,3,0.8
engramdb,4122,2.372,1,2000,128,3,0.8
engramdb,4123,5.606,1,2000,128,3,0.8
engramdb,4124,6.709,0,2000,128,3,0.8
engramdb,4125,2.621,0,2000,128,3,0.8
engramdb,4126,2.833,0,2000,128,3,0.8
engramdb,4127,2.394,1,2000,128,3,0.8
engramdb,4128,2.819,1,2000,128,3,0.8
engramdb,4129,2.305,1,2000,128,3,0.8
engramdb,4130,2.794,0,2000,128,3,0.8
engramdb,4131,2.893,0,2000,128,3,0.8
engramdb,4132,2.317,1,2000,128,3,0.8
engramdb,4133,2.329,1,2000,128,3,0.8
engramdb,4134,2.186,1,2000,128,3,0.8
engramdb,4135,2.205,1,2000,128,3,0.8
engramdb,4136,2.178,0,2000,128,3,0.8
engramdb,4137,2.923,0,2000,128,3,0.8
engramdb,4138,2.233,1,2000,128,3,0.8
engramdb,4139,2.928,1,2000,128,3,0.8
engramdb,4140,2.215,1,2000,128,3,0.8
engramdb,4141,2.829,0,2000,128,3,0.8
engramdb,4142,2.284,0,2000,128,3,0.8
engramdb,4143,2.929,0,2000,128,3,0.8
engramdb,4144,2.289,1,2000,128,3,0.8
engramdb,4145,5.505,1,2000,128,3,0.8
engramdb,4146,2.898,1,2000,128,3,0.8
engramdb,4147,4.772,0,2000,128,3,0.8
engramdb,4148,2.829,1,2000,128,3,0.8
engramdb,4149,2.299,0,2000,128,3,0.8
engramdb,4150,5.357,1,2000,128,3,0.8
engramdb,4151,2.866,1,2000,128,3,0.8
engramdb,4152,2.267,0,2000,128,3,0.8
engramdb,4153,2.796,1,2000,128,3,0.8
engramdb,4154,2.309,1,2000,128,3,0.8
engramdb,4155,2.890,0,2000,128,3,0.8
engramdb,4156,4.770,1,2000,128,3,0.8
engramdb,4157,5.381,0,2000,128,3,0.8
engramdb,4158,2.811,1,2000,128,3,0.8
engramdb,4159,4.918,1,2000,128,3,0.8
engramdb,4160,2.929,1,2000,128,3,0.8
engramdb,4161,2.295,0,2000,128,3,0.8
engramdb,4162,2.824,0,2000,128,3,0.8
engramdb,4163,2.903,0,2000,128,3,0.8
engramdb,4164,2.413,1,2000,128,3,0.8
engramdb,4165,2.806,1,2000,128,3,0.8
engramdb,4166,2.427,1,2000,128,3,0.8
engramdb,4167,2.819,0,2000,128,3,0.8
engramdb,4168,2.848,0,2000,128,3,0.8
engramdb,4169,2.272,1,2000,128,3,0.8
engramdb,4170,2.833,1,2000,128,3,0.8
engramdb,4171,2.264,1,2000,128,3,0.8
engramdb,4172,2.897,1,2000,128,3,0.8
engramdb,4173,2.472,0,2000,128,3,0.8
engramdb,4174,2.898,0,2000,128,3,0.8
engramdb,4175,2.245,1,2000,128,3,0.8
engramdb,4176,2.888,1,2000,128,3,0.8
engramdb,4177,2.217,1,2000,128,3,0.8
engramdb,4178,2.814,0,2000,128,3,0.8
engramdb,4179,6.552,1,2000,128,3,0.8
engramdb,4180,2.695,0,2000,128,3,0.8
engramdb,4181,2.279,1,2000,128,3,0.8
engramdb,4182,2.923,1,2000,128,3,0.8
engramdb,4183,2.264,0,2000,128,3,0.8
engramdb,4184,2.813,0,2000,128,3,0.8
engramdb,4185,6.752,1,2000,128,3,0.8
engramdb,4186,4.827,0,2000,128,3,0.8
engramdb,4187,2.967,1,2000,128,3,0.8
engramdb,4188,2.409,1,2000,128,3,0.8
engramdb,4189,4.796,0,2000,128,3,0.8
engramdb,4190,2.890,1,2000,128,3,0.8
engramdb,4191,2.766,1,2000,128,3,0.8
engramdb,4192,2.260,0,2000,128,3,0.8
engramdb,4193,2.876,1,2000,128,3,0.8
engramdb,4194,2.338,0,2000,128,3,0.8
engramdb,4195,2.838,1,2000,128,3,0.8
engramdb,4196,2.369,1,2000,128,3,0.8
engramdb,4197,2.883,1,2000,128,3,0.8
engramdb,4198,2.279,0,2000,128,3,0.8
engramdb,4199,2.885,0,2000,128,3,0.8
engramdb,4200,2.177,1,2000,128,3,0.8
engramdb,4201,2.851,1,2000,128,3,0.8
engramdb,4202,4.790,1,2000,128,3,0.8
engramdb,4203,5.445,1,2000,128,3,0.8
engramdb,4204,2.825,0,2000,128,3,0.8
engramdb,4205,2.313,0,2000,128,3,0.8
engramdb,4206,6.783,1,2000,128,3,0.8
engramdb,4207,2.356,1,2000,128,3,0.8
engramdb,4208,4.850,1,2000,128,3,0.8
engramdb,4209,5.507,1,2000,128,3,0.8
engramdb,4210,2.945,0,2000,128,3,0.8
engramdb,4211,2.343,0,2000,128,3,0.8
engramdb,4212,2.910,1,2000,128,3,0.8
engramdb,4213,2.823,1,2000,128,3,0.8
engramdb,4214,2.307,1,2000,128,3,0.8
engramdb,4215,2.834,0,2000,128,3,0.8
engramdb,4216,2.316,1,2000,128,3,0.8
engramdb,4217,2.821,0,2000,128,3,0.8
engramdb,4218,2.265,1,2000,128,3,0.8
engramdb,4219,2.866,1,2000,128,3,0.8
engramdb,4220,2.880,0,2000,128,3,0.8
engramdb,4221,2.333,0,2000,128,3,0.8
engramdb,4222,3.009,1,2000,128,3,0.8
engramdb,4223,2.252,0,2000,128,3,0.8
engramdb,4224,2.325,1,2000,128,3,0.8
engramdb,4225,5.422,0,2000,128,3,0.8
engramdb,4226,2.820,0,2000,128,3,0.8
engramdb,4227,2.264,1,2000,128,3,0.8
engramdb,4228,3.093,1,2000,128,3,0.8
engramdb,4229,2.270,0,2000,128,3,0.8
engramdb,4230,2.848,1,2000,128,3,0.8
engramdb,4231,6.430,0,2000,128,3,0.8
engramdb,4232,5.360,1,2000,128,3,0.8
engramdb,4233,4.895,1,2000,128,3,0.8
engramdb,4234,2.322,1,2000,128,3,0.8
engramdb,4235,3.007,0,2000,128,3,0.8
engramdb,4236,2.361,0,2000,128,3,0.8
engramdb,4237,2.840,1,2000,128,3,0.8
engramdb,4238,2.403,1,2000,128,3,0.8
engramdb,4239,2.860,1,2000,128,3,0.8
engramdb,4240,2.897,1,2000,128,3,0.8
engramdb,4241,4.908,0,2000,128,3,0.8
engramdb,4242,2.923,0,2000,128,3,0.8
engramdb,4243,2.280,1,2000,128,3,0.8
engramdb,4244,2.934,1,2000,128,3,0.8
engramdb,4245,2.330,1,2000,128,3,0.8
engramdb,4246,2.857,1,2000,128,3,0.8
engramdb,4247,2.334,0,2000,128,3,0.8
engramdb,4248,2.893,0,2000,128,3,0.8
engramdb,4249,2.184,1,2000,128,3,0.8
engramdb,4250,2.781,1,2000,128,3,0.8
engramdb,4251,2.282,1,2000,128,3,0.8
engramdb,4252,2.855,0,2000,128,3,0.8
engramdb,4253,2.423,1,2000,128,3,0.8
engramdb,4254,5.567,0,2000,128,3,0.8
engramdb,4255,6.883,1,2000,128,3,0.8
engramdb,4256,2.461,1,2000,128,3,0.8
engramdb,4257,2.401,0,2000,128,3,0.8
engramdb,4258,2.878,1,2000,128,3,0.8
engramdb,4259,2.369,1,2000,128,3,0.8
engramdb,4260,2.942,0,2000,128,3,0.8
engramdb,4261,2.186,1,2000,128,3,0.8
engramdb,4262,2.247,0,2000,128,3,0.8
engramdb,4263,2.167,0,2000,128,3,0.8
engramdb,4264,2.198,1,2000,128,3,0.8
engramdb,4265,2.185,1,2000,128,3,0.8
engramdb,4266,8.201,0,2000,128,3,0.8
engramdb,4267,2.363,1,2000,128,3,0.8
engramdb,4268,2.136,0,2000,128,3,0.8
engramdb,4269,2.148,1,2000,128,3,0.8
engramdb,4270,2.114,1,2000,128,3,0.8
engramdb,4271,2.170,1,2000,128,3,0.8
engramdb,4272,2.859,0,2000,128,3,0.8
engramdb,4273,2.355,0,2000,128,3,0.8
engramdb,4274,2.873,1,2000,128,3,0.8
engramdb,4275,2.289,1,2000,128,3,0.8
engramdb,4276,2.927,1,2000,128,3,0.8
engramdb,4277,2.348,1,2000,128,3,0.8
engramdb,4278,2.962,0,2000,128,3,0.8
engramdb,4279,2.220,0,2000,128,3,0.8
engramdb,4280,2.934,1,2000,128,3,0.8
engramdb,4281,6.677,1,2000,128,3,0.8
engramdb,4282,5.143,1,2000,128,3,0.8
engramdb,4283,6.817,0,2000,128,3,0.8
engramdb,4284,5.015,0,2000,128,3,0.8
engramdb,4285,2.850,0,2000,128,3,0.8
engramdb,4286,2.288,1,2000,128,3,0.8
engramdb,4287,2.805,1,2000,128,3,0.8
engramdb,4288,6.670,1,2000,128,3,0.8
engramdb,4289,4.948,0,2000,128,3,0.8
engramdb,4290,2.897,1,2000,128,3,0.8
engramdb,4291,2.264,0,2000,128,3,0.8
engramdb,4292,6.611,1,2000,128,3,0.8
engramdb,4293,5.404,1,2000,128,3,0.8
engramdb,4294,2.909,0,2000,128,3,0.8
engramdb,4295,2.314,1,2000,128,3,0.8
engramdb,4296,2.849,1,2000,128,3,0.8
engramdb,4297,2.345,0,2000,128,3,0.8
engramdb,4298,5.335,1,2000,128,3,0.8
engramdb,4299,2.847,0,2000,128,3,0.8
engramdb,4300,2.385,1,2000,128,3,0.8
engramdb,4301,2.937,1,2000,128,3,0.8
engramdb,4302,4.806,1,2000,128,3,0.8
engramdb,4303,2.850,0,2000,128,3,0.8
engramdb,4304,2.376,0,2000,128,3,0.8
engramdb,4305,2.859,0,2000,128,3,0.8
engramdb,4306,2.258,1,2000,128,3,0.8
engramdb,4307,2.903,1,2000,128,3,0.8
engramdb,4308,2.292,1,2000,128,3,0.8
engramdb,4309,2.899,0,2000,128,3,0.8
engramdb,4310,4.790,0,2000,128,3,0.8
engramdb,4311,2.852,1,2000,128,3,0.8
engramdb,4312,2.328,1,2000,128,3,0.8
engramdb,4313,2.864,1,2000,128,3,0.8
engramdb,4314,2.398,1,2000,128,3,0.8
engramdb,4315,2.813,0,2000,128,3,0.8
engramdb,4316,2.305,0,2000,128,3,0.8
engramdb,4317,2.798,1,2000,128,3,0.8
engramdb,4318,2.422,1,2000,128,3,0.8
engramdb,4319,5.477,1,2000,128,3,0.8
engramdb,4320,6.585,0,2000,128,3,0.8
engramdb,4321,5.186,0,2000,128,3,0.8
engramdb,4322,2.919,0,2000,128,3,0.8
engramdb,4323,2.305,1,2000,128,3,0.8
engramdb,4324,2.856,1,2000,128,3,0.8
engramdb,4325,2.237,0,2000,128,3,0.8
engramdb,4326,2.880,0,2000,128,3,0.8
engramdb,4327,4.871,1,2000,128,3,0.8
engramdb,4328,2.854,0,2000,128,3,0.8
engramdb,4329,2.344,1,2000,128,3,0.8
engramdb,4330,2.840,1,2000,128,3,0.8
engramdb,4331,2.244,0,2000,128,3,0.8
engramdb,4332,2.856,1,2000,128,3,0.8
engramdb,4333,2.195,1,2000,128,3,0.8
engramdb,4334,2.879,0,2000,128,3,0.8
engramdb,4335,2.795,1,2000,128,3,0.8
engramdb,4336,2.307,0,2000,128,3,0.8
engramdb,4337,5.250,1,2000,128,3,0.8
engramdb,4338,6.878,1,2000,128,3,0.8
engramdb,4339,2.463,1,2000,128,3,0.8
engramdb,4340,2.846,0,2000,128,3,0.8
engramdb,4341,2.238,0,2000,128,3,0.8
engramdb,4342,4.615,0,2000,128,3,0.8
engramdb,4343,2.508,1,2000,128,3,0.8
engramdb,4344,2.833,1,2000,128,3,0.8
engramdb,4345,2.268,1,2000,128,3,0.8
engramdb,4346,5.536,0,2000,128,3,0.8
engramdb,4347,6.628,0,2000,128,3,0.8
engramdb,4348,5.311,1,2000,128,3,0.8
engramdb,4349,2.755,1,2000,128,3,0.8
engramdb,4350,2.320,1,2000,128,3,0.8
engramdb,4351,2.897,1,2000,128,3,0.8
engramdb,4352,2.283,0,2000,128,3,0.8
engramdb,4353,2.789,0,2000,128,3,0.8
engramdb,4354,2.423,1,2000,128,3,0.8
engramdb,4355,5.362,1,2000,128,3,0.8
engramdb,4356,2.790,1,2000,128,3,0.8
engramdb,4357,2.257,0,2000,128,3,0.8
engramdb,4358,2.913,1,2000,128,3,0.8
engramdb,4359,2.387,0,2000,128,3,0.8
engramdb,4360,2.867,1,2000,128,3,0.8
engramdb,4361,2.251,1,2000,128,3,0.8
engramdb,4362,5.263,0,2000,128,3,0.8
engramdb,4363,2.800,0,2000,128,3,0.8
engramdb,4364,2.278,1,2000,128,3,0.8
engramdb,4365,2.803,0,2000,128,3,0.8
engramdb,4366,5.128,1,2000,128,3,0.8
engramdb,4367,4.742,1,2000,128,3,0.8
engramdb,4368,5.340,0,2000,128,3,0.8
engramdb,4369,2.218,1,2000,128,3,0.8
engramdb,4370,5.529,1,2000,128,3,0.8
engramdb,4371,2.772,0,2000,128,3,0.8
engramdb,4372,2.340,1,2000,128,3,0.8
engramdb,4373,4.725,0,2000,128,3,0.8
engramdb,4374,2.395,1,2000,128,3,0.8
engramdb,4375,2.859,1,2000,128,3,0.8
engramdb,4376,2.293,1,2000,128,3,0.8
engramdb,4377,2.844,0,2000,128,3,0.8
engramdb,4378,2.517,0,2000,128,3,0.8
engramdb,4379,2.807,1,2000,128,3,0.8
engramdb,4380,2.279,1,2000,128,3,0.8
engramdb,4381,2.830,1,2000,128,3,0.8
engramdb,4382,2.311,1,2000,128,3,0.8
engramdb,4383,2.829,0,2000,128,3,0.8
engramdb,4384,2.383,0,2000,128,3,0.8
engramdb,4385,2.909,1,2000,128,3,0.8
engramdb,4386,2.314,1,2000,128,3,0.8
engramdb,4387,2.252,1,2000,128,3,0.8
engramdb,4388,2.238,1,2000,128,3,0.8
engramdb,4389,2.204,0,2000,128,3,0.8
engramdb,4390,2.130,0,2000,128,3,0.8
engramdb,4391,2.162,1,2000,128,3,0.8
engramdb,4392,2.273,1,2000,128,3,0.8
engramdb,4393,2.189,1,2000,128,3,0.8
engramdb,4394,2.260,0,2000,128,3,0.8
engramdb,4395,2.023,1,2000,128,3,0.8
engramdb,4396,2.109,0,2000,128,3,0.8
engramdb,4397,2.165,1,2000,128,3,0.8
engramdb,4398,2.124,1,2000,128,3,0.8
engramdb,4399,2.094,0,2000,128,3,0.8
engramdb,4400,2.227,1,2000,128,3,0.8
engramdb,4401,2.106,1,2000,128,3,0.8
engramdb,4402,2.109,0,2000,128,3,0.8
engramdb,4403,7.083,1,2000,128,3,0.8
engramdb,4404,5.020,0,2000,128,3,0.8
engramdb,4405,7.097,0,2000,128,3,0.8
engramdb,4406,2.401,1,2000,128,3,0.8
engramdb,4407,6.942,1,2000,128,3,0.8
engramdb,4408,2.422,0,2000,128,3,0.8
engramdb,4409,2.188,1,2000,128,3,0.8
engramdb,4410,2.940,0,2000,128,3,0.8
engramdb,4411,2.267,1,2000,128,3,0.8
engramdb,4412,5.707,1,2000,128,3,0.8
engramdb,4413,4.952,1,2000,128,3,0.8
engramdb,4414,5.292,0,2000,128,3,0.8
engramdb,4415,4.743,0,2000,128,3,0.8
engramdb,4416,2.740,1,2000,128,3,0.8
engramdb,4417,2.272,1,2000,128,3,0.8
engramdb,4418,2.805,1,2000,128,3,0.8
engramdb,4419,2.278,1,2000,128,3,0.8
engramdb,4420,2.858,0,2000,128,3,0.8
engramdb,4421,2.265,0,2000,128,3,0.8
engramdb,4422,2.878,1,2000,128,3,0.8
engramdb,4423,2.457,1,2000,128,3,0.8
engramdb,4424,5.390,1,2000,128,3,0.8
engramdb,4425,2.753,0,2000,128,3,0.8
engramdb,4426,2.249,0,2000,128,3,0.8
engramdb,4427,2.857,0,2000,128,3,0.8
engramdb,4428,2.339,1,2000,128,3,0.8
engramdb,4429,2.919,1,2000,128,3,0.8
engramdb,4430,2.241,1,2000,128,3,0.8
engramdb,4431,5.401,0,2000,128,3,0.8
engramdb,4432,4.703,1,2000,128,3,0.8
engramdb,4433,2.339,0,2000,128,3,0.8
engramdb,4434,2.959,1,2000,128,3,0.8
engramdb,4435,2.281,1,2000,128,3,0.8
engramdb,4436,2.920,0,2000,128,3,0.8
engramdb,4437,6.484,1,2000,128,3,0.8
engramdb,4438,5.247,1,2000,128,3,0.8
engramdb,4439,2.793,0,2000,128,3,0.8
engramdb,4440,2.506,1,2000,128,3,0.8
engramdb,4441,2.966,0,2000,128,3,0.8
engramdb,4442,2.347,0,2000,128,3,0.8
engramdb,4443,5.357,1,2000,128,3,0.8
engramdb,4444,6.752,1,2000,128,3,0.8
engramdb,4445,2.455,0,2000,128,3,0.8
engramdb,4446,2.886,1,2000,128,3,0.8
engramdb,4447,2.399,0,2000,128,3,0.8
engramdb,4448,5.960,1,2000,128,3,0.8
engramdb,4449,6.757,1,2000,128,3,0.8
engramdb,4450,4.993,1,2000,128,3,0.8
engramdb,4451,2.842,0,2000,128,3,0.8
engramdb,4452,2.298,0,2000,128,3,0.8
engramdb,4453,4.837,1,2000,128,3,0.8
engramdb,4454,4.863,1,2000,128,3,0.8
engramdb,4455,6.984,1,2000,128,3,0.8
engramdb,4456,2.440,1,2000,128,3,0.8
engramdb,4457,3.214,0,2000,128,3,0.8
engramdb,4458,2.383,0,2000,128,3,0.8
engramdb,4459,2.849,1,2000,128,3,0.8
engramdb,4460,2.850,1,2000,128,3,0.8
engramdb,4461,2.345,1,2000,128,3,0.8
engramdb,4462,3.142,0,2000,128,3,0.8
engramdb,4463,2.381,0,2000,128,3,0.8
engramdb,4464,2.913,0,2000,128,3,0.8
engramdb,4465,2.327,1,2000,128,3,0.8
engramdb,4466,2.858,1,2000,128,3,0.8
engramdb,4467,4.621,1,2000,128,3,0.8
engramdb,4468,2.309,0,2000,128,3,0.8
engramdb,4469,2.870,1,2000,128,3,0.8
engramdb,4470,2.422,0,2000,128,3,0.8
engramdb,4471,2.845,1,2000,128,3,0.8
engramdb,4472,2.882,1,2000,128,3,0.8
engramdb,4473,2.200,0,2000,128,3,0.8
engramdb,4474,2.834,1,2000,128,3,0.8
engramdb,4475,2.982,1,2000,128,3,0.8
engramdb,4476,2.264,0,2000,128,3,0.8
engramdb,4477,2.763,1,2000,128,3,0.8
engramdb,4478,2.303,0,2000,128,3,0.8
engramdb,4479,2.890,1,2000,128,3,0.8
engramdb,4480,6.647,1,2000,128,3,0.8
engramdb,4481,2.552,1,2000,128,3,0.8
engramdb,4482,2.794,0,2000,128,3,0.8
engramdb,4483,2.350,0,2000,128,3,0.8
engramdb,4484,2.774,0,2000,128,3,0.8
engramdb,4485,6.837,1,2000,128,3,0.8
engramdb,4486,2.421,1,2000,128,3,0.8
engramdb,4487,2.845,1,2000,128,3,0.8
engramdb,4488,2.418,0,2000,128,3,0.8
engramdb,4489,2.846,0,2000,128,3,0.8
engramdb,4490,2.296,1,2000,128,3,0.8
engramdb,4491,2.765,1,2000,128,3,0.8
engramdb,4492,2.272,1,2000,128,3,0.8
engramdb,4493,2.867,1,2000,128,3,0.8
engramdb,4494,2.195,0,2000,128,3,0.8
engramdb,4495,2.235,0,2000,128,3,0.8
engramdb,4496,2.272,1,2000,128,3,0.8
engramdb,4497,2.327,1,2000,128,3,0.8
engramdb,4498,2.145,1,2000,128,3,0.8
engramdb,4499,2.173,0,2000,128,3,0.8
engramdb,4500,2.265,1,2000,128,3,0.8
engramdb,4501,2.859,0,2000,128,3,0.8
engramdb,4502,2.266,1,2000,128,3,0.8
engramdb,4503,2.821,1,2000,128,3,0.8
engramdb,4504,4.543,0,2000,128,3,0.8
engramdb,4505,2.329,0,2000,128,3,0.8
engramdb,4506,2.916,1,2000,128,3,0.8
engramdb,4507,2.249,0,2000,128,3,0.8
engramdb,4508,2.898,1,2000,128,3,0.8
engramdb,4509,2.306,1,2000,128,3,0.8
engramdb,4510,2.890,0,2000,128,3,0.8
engramdb,4511,2.263,1,2000,128,3,0.8
engramdb,4512,2.898,1,2000,128,3,0.8
engramdb,4513,2.262,0,2000,128,3,0.8
engramdb,4514,5.447,1,2000,128,3,0.8
engramdb,4515,2.829,0,2000,128,3,0.8
engramdb,4516,2.288,1,2000,128,3,0.8
engramdb,4517,2.809,1,2000,128,3,0.8
engramdb,4518,2.188,1,2000,128,3,0.8
engramdb,4519,2.772,0,2000,128,3,0.8
engramdb,4520,4.904,0,2000,128,3,0.8
engramdb,4521,2.648,0,2000,128,3,0.8
engramdb,4522,4.747,1,2000,128,3,0.8
engramdb,4523,6.143,1,2000,128,3,0.8
engramdb,4524,2.863,1,2000,128,3,0.8
engramdb,4525,2.328,0,2000,128,3,0.8
engramdb,4526,2.744,0,2000,128,3,0.8
engramdb,4527,2.334,1,2000,128,3,0.8
engramdb,4528,2.902,1,2000,128,3,0.8
engramdb,4529,2.824,1,2000,128,3,0.8
engramdb,4530,2.367,1,2000,128,3,0.8
engramdb,4531,2.872,0,2000,128,3,0.8
engramdb,4532,2.500,0,2000,128,3,0.8
engramdb,4533,2.836,1,2000,128,3,0.8
engramdb,4534,2.244,1,2000,128,3,0.8
engramdb,4535,2.809,1,2000,128,3,0.8
engramdb,4536,7.040,0,2000,128,3,0.8
engramdb,4537,4.988,1,2000,128,3,0.8
engramdb,4538,6.783,0,2000,128,3,0.8
engramdb,4539,4.927,1,2000,128,3,0.8
engramdb,4540,2.889,1,2000,128,3,0.8
engramdb,4541,2.247,0,2000,128,3,0.8
engramdb,4542,2.849,0,2000,128,3,0.8
engramdb,4543,4.886,1,2000,128,3,0.8
engramdb,4544,2.912,0,2000,128,3,0.8
engramdb,4545,2.325,1,2000,128,3,0.8
engramdb,4546,2.864,1,2000,128,3,0.8
engramdb,4547,2.209,0,2000,128,3,0.8
engramdb,4548,2.900,1,2000,128,3,0.8
engramdb,4549,4.972,1,2000,128,3,0.8
engramdb,4550,2.278,0,2000,128,3,0.8
engramdb,4551,2.880,1,2000,128,3,0.8
engramdb,4552,6.863,0,2000,128,3,0.8
engramdb,4553,2.780,1,2000,128,3,0.8
engramdb,4554,2.396,1,2000,128,3,0.8
engramdb,4555,2.906,1,2000,128,3,0.8
engramdb,4556,2.255,0,2000,128,3,0.8
engramdb,4557,2.791,0,2000,128,3,0.8
engramdb,4558,2.317,1,2000,128,3,0.8
engramdb,4559,2.942,1,2000,128,3,0.8
engramdb,4560,2.293,1,2000,128,3,0.8
engramdb,4561,5.355,1,2000,128,3,0.8
engramdb,4562,2.884,0,2000,128,3,0.8
engramdb,4563,2.267,0,2000,128,3,0.8
engramdb,4564,2.812,1,2000,128,3,0.8
engramdb,4565,2.328,1,2000,128,3,0.8
engramdb,4566,2.836,1,2000,128,3,0.8
engramdb,4567,6.941,1,2000,128,3,0.8
engramdb,4568,2.486,0,2000,128,3,0.8
engramdb,4569,2.243,0,2000,128,3,0.8
engramdb,4570,6.196,1,2000,128,3,0.8
engramdb,4571,2.880,1,2000,128,3,0.8
engramdb,4572,4.931,1,2000,128,3,0.8
engramdb,4573,6.748,0,2000,128,3,0.8
engramdb,4574,5.292,1,2000,128,3,0.8
engramdb,4575,2.847,0,2000,128,3,0.8
engramdb,4576,2.324,1,2000,128,3,0.8
engramdb,4577,2.913,1,2000,128,3,0.8
engramdb,4578,4.963,0,2000,128,3,0.8
engramdb,4579,2.790,1,2000,128,3,0.8
engramdb,4580,6.898,1,2000,128,3,0.8
engramdb,4581,5.141,0,2000,128,3,0.8
engramdb,4582,2.238,1,2000,128,3,0.8
engramdb,4583,2.848,0,2000,128,3,0.8
engramdb,4584,2.313,0,2000,128,3,0.8
engramdb,4585,5.763,1,2000,128,3,0.8
engramdb,4586,6.722,1,2000,128,3,0.8
engramdb,4587,4.916,0,2000,128,3,0.8
engramdb,4588,2.822,1,2000,128,3,0.8
engramdb,4589,2.358,0,2000,128,3,0.8
engramdb,4590,2.813,1,2000,128,3,0.8
engramdb,4591,2.235,1,2000,128,3,0.8
engramdb,4592,2.820,1,2000,128,3,0.8
engramdb,4593,2.265,0,2000,128,3,0.8
engramdb,4594,5.479,0,2000,128,3,0.8
engramdb,4595,5.011,1,2000,128,3,0.8
engramdb,4596,2.720,1,2000,128,3,0.8
engramdb,4597,6.869,1,2000,128,3,0.8
engramdb,4598,2.455,1,2000,128,3,0.8
engramdb,4599,2.840,0,2000,128,3,0.8
engramdb,4600,4.916,1,2000,128,3,0.8
engramdb,4601,2.843,1,2000,128,3,0.8
engramdb,4602,2.248,1,2000,128,3,0.8
engramdb,4603,2.874,1,2000,128,3,0.8
engramdb,4604,2.418,0,2000,128,3,0.8
engramdb,4605,2.834,0,2000,128,3,0.8
engramdb,4606,6.651,0,2000,128,3,0.8
engramdb,4607,5.092,1,2000,128,3,0.8
engramdb,4608,2.784,1,2000,128,3,0.8
engramdb,4609,2.383,1,2000,128,3,0.8
engramdb,4610,2.875,0,2000,128,3,0.8
engramdb,4611,2.310,1,2000,128,3,0.8
engramdb,4612,2.866,0,2000,128,3,0.8
engramdb,4613,2.323,1,2000,128,3,0.8
engramdb,4614,2.799,1,2000,128,3,0.8
engramdb,4615,2.253,0,2000,128,3,0.8
engramdb,4616,5.453,1,2000,128,3,0.8
engramdb,4617,2.781,1,2000,128,3,0.8
engramdb,4618,2.313,0,2000,128,3,0.8
engramdb,4619,2.878,1,2000,128,3,0.8
engramdb,4620,2.365,0,2000,128,3,0.8
engramdb,4621,2.878,0,2000,128,3,0.8
engramdb,4622,2.418,1,2000,128,3,0.8
engramdb,4623,2.854,1,2000,128,3,0.8
engramdb,4624,2.271,0,2000,128,3,0.8
engramdb,4625,5.402,0,2000,128,3,0.8
engramdb,4626,2.911,0,2000,128,3,0.8
engramdb,4627,2.240,1,2000,128,3,0.8
engramdb,4628,2.959,1,2000,128,3,0.8
engramdb,4629,4.886,1,2000,128,3,0.8
engramdb,4630,2.876,0,2000,128,3,0.8
engramdb,4631,2.250,0,2000,128,3,0.8
engramdb,4632,2.863,1,2000,128,3,0.8
engramdb,4633,2.297,1,2000,128,3,0.8
engramdb,4634,2.838,1,2000,128,3,0.8
engramdb,4635,2.254,1,2000,128,3,0.8
engramdb,4636,2.832,0,2000,128,3,0.8
engramdb,4637,4.715,0,2000,128,3,0.8
engramdb,4638,5.311,1,2000,128,3,0.8
engramdb,4639,2.813,1,2000,128,3,0.8
engramdb,4640,2.281,1,2000,128,3,0.8
engramdb,4641,3.075,0,2000,128,3,0.8
engramdb,4642,2.457,0,2000,128,3,0.8
engramdb,4643,5.419,0,2000,128,3,0.8
engramdb,4644,4.980,1,2000,128,3,0.8
engramdb,4645,2.697,1,2000,128,3,0.8
engramdb,4646,2.215,1,2000,128,3,0.8
engramdb,4647,2.769,0,2000,128,3,0.8
engramdb,4648,2.277,1,2000,128,3,0.8
engramdb,4649,2.818,0,2000,128,3,0.8
engramdb,4650,2.353,1,2000,128,3,0.8
engramdb,4651,6.616,1,2000,128,3,0.8
engramdb,4652,2.619,0,2000,128,3,0.8
engramdb,4653,2.867,1,2000,128,3,0.8
engramdb,4654,2.475,1,2000,128,3,0.8
engramdb,4655,3.026,0,2000,128,3,0.8
engramdb,4656,2.296,1,2000,128,3,0.8
engramdb,4657,2.840,0,2000,128,3,0.8
engramdb,4658,2.396,1,2000,128,3,0.8
engramdb,4659,2.880,1,2000,128,3,0.8
engramdb,4660,2.347,1,2000,128,3,0.8
engramdb,4661,5.380,0,2000,128,3,0.8
engramdb,4662,2.830,0,2000,128,3,0.8
engramdb,4663,2.241,0,2000,128,3,0.8
engramdb,4664,2.909,1,2000,128,3,0.8
engramdb,4665,2.440,1,2000,128,3,0.8
engramdb,4666,2.908,1,2000,128,3,0.8
engramdb,4667,2.459,0,2000,128,3,0.8
engramdb,4668,2.817,0,2000,128,3,0.8
engramdb,4669,4.357,1,2000,128,3,0.8
engramdb,4670,5.584,1,2000,128,3,0.8
engramdb,4671,4.684,1,2000,128,3,0.8
engramdb,4672,2.392,1,2000,128,3,0.8
engramdb,4673,2.843,0,2000,128,3,0.8
engramdb,4674,2.208,0,2000,128,3,0.8
engramdb,4675,2.848,1,2000,128,3,0.8
engramdb,4676,2.735,1,2000,128,3,0.8
engramdb,4677,2.245,1,2000,128,3,0.8
engramdb,4678,2.902,0,2000,128,3,0.8
engramdb,4679,6.857,1,2000,128,3,0.8
engramdb,4680,2.364,0,2000,128,3,0.8
engramdb,4681,2.884,1,2000,128,3,0.8
engramdb,4682,2.292,1,2000,128,3,0.8
engramdb,4683,2.813,0,2000,128,3,0.8
engramdb,4684,6.740,0,2000,128,3,0.8
engramdb,4685,2.552,1,2000,128,3,0.8
engramdb,4686,2.760,0,2000,128,3,0.8
engramdb,4687,2.320,1,2000,128,3,0.8
engramdb,4688,2.793,1,2000,128,3,0.8
engramdb,4689,2.396,0,2000,128,3,0.8
engramdb,4690,2.879,1,2000,128,3,0.8
engramdb,4691,6.769,1,2000,128,3,0.8
engramdb,4692,2.668,0,2000,128,3,0.8
engramdb,4693,2.910,1,2000,128,3,0.8
engramdb,4694,2.370,0,2000,128,3,0.8
engramdb,4695,2.837,1,2000,128,3,0.8
engramdb,4696,2.436,1,2000,128,3,0.8
engramdb,4697,5.361,1,2000,128,3,0.8
engramdb,4698,2.292,0,2000,128,3,0.8
engramdb,4699,5.345,0,2000,128,3,0.8
engramdb,4700,6.817,1,2000,128,3,0.8
engramdb,4701,2.291,1,2000,128,3,0.8
engramdb,4702,3.031,1,2000,128,3,0.8
engramdb,4703,2.197,1,2000,128,3,0.8
engramdb,4704,2.226,0,2000,128,3,0.8
engramdb,4705,2.155,0,2000,128,3,0.8
engramdb,4706,2.272,1,2000,128,3,0.8
engramdb,4707,2.238,1,2000,128,3,0.8
engramdb,4708,2.159,1,2000,128,3,0.8
engramdb,4709,2.187,1,2000,128,3,0.8
engramdb,4710,2.258,0,2000,128,3,0.8
engramdb,4711,2.129,0,2000,128,3,0.8
engramdb,4712,2.242,1,2000,128,3,0.8
engramdb,4713,2.142,1,2000,128,3,0.8
engramdb,4714,2.170,1,2000,128,3,0.8
engramdb,4715,2.210,0,2000,128,3,0.8
engramdb,4716,2.165,1,2000,128,3,0.8
engramdb,4717,2.169,0,2000,128,3,0.8
engramdb,4718,2.221,1,2000,128,3,0.8
engramdb,4719,2.109,1,2000,128,3,0.8
engramdb,4720,2.075,0,2000,128,3,0.8
engramdb,4721,2.139,0,2000,128,3,0.8
engramdb,4722,2.180,1,2000,128,3,0.8
engramdb,4723,2.102,0,2000,128,3,0.8
engramdb,4724,2.183,1,2000,128,3,0.8
engramdb,4725,2.177,0,2000,128,3,0.8
engramdb,4726,2.137,0,2000,128,3,0.8
engramdb,4727,2.139,1,2000,128,3,0.8
engramdb,4728,2.072,1,2000,128,3,0.8
engramdb,4729,2.184,0,2000,128,3,0.8
engramdb,4730,2.020,1,2000,128,3,0.8
engramdb,4731,2.065,0,2000,128,3,0.8
engramdb,4732,2.063,1,2000,128,3,0.8
engramdb,4733,2.181,1,2000,128,3,0.8
engramdb,4734,2.077,1,2000,128,3,0.8
engramdb,4735,2.030,0,2000,128,3,0.8
engramdb,4736,2.085,0,2000,128,3,0.8
engramdb,4737,2.037,1,2000,128,3,0.8
engramdb,4738,2.069,1,2000,128,3,0.8
engramdb,4739,2.135,1,2000,128,3,0.8
engramdb,4740,2.086,1,2000,128,3,0.8
engramdb,4741,2.103,0,2000,128,3,0.8
engramdb,4742,2.123,0,2000,128,3,0.8
engramdb,4743,2.040,1,2000,128,3,0.8
engramdb,4744,2.107,1,2000,128,3,0.8
engramdb,4745,2.087,1,2000,128,3,0.8
engramdb,4746,2.049,1,2000,128,3,0.8
engramdb,4747,2.044,0,2000,128,3,0.8
engramdb,4748,2.089,0,2000,128,3,0.8
engramdb,4749,2.207,1,2000,128,3,0.8
engramdb,4750,2.142,1,2000,128,3,0.8
engramdb,4751,2.062,1,2000,128,3,0.8
engramdb,4752,2.041,0,2000,128,3,0.8
engramdb,4753,2.091,1,2000,128,3,0.8
engramdb,4754,2.182,0,2000,128,3,0.8
engramdb,4755,2.097,1,2000,128,3,0.8
engramdb,4756,2.058,1,2000,128,3,0.8
engramdb,4757,2.055,0,2000,128,3,0.8
engramdb,4758,2.085,1,2000,128,3,0.8
engramdb,4759,2.061,1,2000,128,3,0.8
engramdb,4760,2.061,0,2000,128,3,0.8
engramdb,4761,2.056,1,2000,128,3,0.8
engramdb,4762,2.105,0,2000,128,3,0.8
engramdb,4763,2.053,0,2000,128,3,0.8
engramdb,4764,2.112,1,2000,128,3,0.8
engramdb,4765,2.033,1,2000,128,3,0.8
engramdb,4766,2.094,0,2000,128,3,0.8
engramdb,4767,2.085,1,2000,128,3,0.8
engramdb,4768,2.038,0,2000,128,3,0.8
engramdb,4769,2.079,1,2000,128,3,0.8
engramdb,4770,2.107,1,2000,128,3,0.8
engramdb,4771,2.074,1,2000,128,3,0.8
engramdb,4772,3.087,0,2000,128,3,0.8
engramdb,4773,2.929,0,2000,128,3,0.8
engramdb,4774,2.600,1,2000,128,3,0.8
engramdb,4775,2.488,1,2000,128,3,0.8
engramdb,4776,2.342,1,2000,128,3,0.8
engramdb,4777,2.613,1,2000,128,3,0.8
engramdb,4778,2.809,0,2000,128,3,0.8
engramdb,4779,3.545,0,2000,128,3,0.8
engramdb,4780,2.289,1,2000,128,3,0.8
engramdb,4781,2.107,1,2000,128,3,0.8
engramdb,4782,2.106,1,2000,128,3,0.8
engramdb,4783,2.062,0,2000,128,3,0.8
engramdb,4784,2.134,0,2000,128,3,0.8
engramdb,4785,2.117,0,2000,128,3,0.8
engramdb,4786,2.257,1,2000,128,3,0.8
engramdb,4787,2.190,1,2000,128,3,0.8
engramdb,4788,2.093,1,2000,128,3,0.8
engramdb,4789,2.198,0,2000,128,3,0.8
engramdb,4790,2.222,1,2000,128,3,0.8
engramdb,4791,2.062,0,2000,128,3,0.8
engramdb,4792,2.084,1,2000,128,3,0.8
engramdb,4793,2.192,1,2000,128,3,0.8
engramdb,4794,2.105,0,2000,128,3,0.8
engramdb,4795,2.207,1,2000,128,3,0.8
engramdb,4796,2.101,1,2000,128,3,0.8
engramdb,4797,2.122,0,2000,128,3,0.8
engramdb,4798,2.082,1,2000,128,3,0.8
engramdb,4799,2.195,0,2000,128,3,0.8
engramdb,4800,2.113,1,2000,128,3,0.8
engramdb,4801,2.201,1,2000,128,3,0.8
engramdb,4802,2.032,1,2000,128,3,0.8
engramdb,4803,2.115,0,2000,128,3,0.8
engramdb,4804,2.203,0,2000,128,3,0.8
engramdb,4805,2.054,0,2000,128,3,0.8
engramdb,4806,2.122,1,2000,128,3,0.8
engramdb,4807,2.140,1,2000,128,3,0.8
engramdb,4808,2.146,1,2000,128,3,0.8
engramdb,4809,2.335,0,2000,128,3,0.8
engramdb,4810,2.033,0,2000,128,3,0.8
engramdb,4811,2.053,1,2000,128,3,0.8
engramdb,4812,2.192,1,2000,128,3,0.8
engramdb,4813,2.068,1,2000,128,3,0.8
engramdb,4814,2.085,1,2000,128,3,0.8
engramdb,4815,2.049,0,2000,128,3,0.8
engramdb,4816,2.095,0,2000,128,3,0.8
engramdb,4817,2.428,1,2000,128,3,0.8
engramdb,4818,2.122,1,2000,128,3,0.8
engramdb,4819,2.038,1,2000,128,3,0.8
engramdb,4820,2.020,0,2000,128,3,0.8
engramdb,4821,2.105,0,2000,128,3,0.8
engramdb,4822,2.060,0,2000,128,3,0.8
engramdb,4823,2.174,1,2000,128,3,0.8
engramdb,4824,2.062,1,2000,128,3,0.8
engramdb,4825,2.082,0,2000,128,3,0.8
engramdb,4826,2.052,0,2000,128,3,0.8
engramdb,4827,2.093,1,2000,128,3,0.8
engramdb,4828,2.090,0,2000,128,3,0.8
engramdb,4829,2.206,1,2000,128,3,0.8
engramdb,4830,2.238,1,2000,128,3,0.8
engramdb,4831,2.201,0,2000,128,3,0.8
engramdb,4832,2.073,1,2000,128,3,0.8
engramdb,4833,2.137,1,2000,128,3,0.8
engramdb,4834,2.022,0,2000,128,3,0.8
engramdb,4835,2.285,1,2000,128,3,0.8
engramdb,4836,2.095,0,2000,128,3,0.8
engramdb,4837,2.091,1,2000,128,3,0.8
engramdb,4838,2.195,1,2000,128,3,0.8
engramdb,4839,2.188,1,2000,128,3,0.8
engramdb,4840,2.207,0,2000,128,3,0.8
engramdb,4841,2.139,0,2000,128,3,0.8
engramdb,4842,2.107,0,2000,128,3,0.8
engramdb,4843,2.207,1,2000,128,3,0.8
engramdb,4844,2.175,1,2000,128,3,0.8
engramdb,4845,2.113,1,2000,128,3,0.8
engramdb,4846,2.515,0,2000,128,3,0.8
engramdb,4847,2.089,0,2000,128,3,0.8
engramdb,4848,2.050,1,2000,128,3,0.8
engramdb,4849,2.125,1,2000,128,3,0.8
engramdb,4850,2.120,1,2000,128,3,0.8
engramdb,4851,2.140,1,2000,128,3,0.8
engramdb,4852,2.092,0,2000,128,3,0.8
engramdb,4853,2.092,0,2000,128,3,0.8
engramdb,4854,2.030,1,2000,128,3,0.8
engramdb,4855,2.125,1,2000,128,3,0.8
engramdb,4856,2.022,1,2000,128,3,0.8
engramdb,4857,2.208,0,2000,128,3,0.8
engramdb,4858,2.224,1,2000,128,3,0.8
engramdb,4859,2.221,0,2000,128,3,0.8
engramdb,4860,2.118,1,2000,128,3,0.8
engramdb,4861,2.197,1,2000,128,3,0.8
engramdb,4862,2.079,0,2000,128,3,0.8
engramdb,4863,2.082,0,2000,128,3,0.8
engramdb,4864,2.135,1,2000,128,3,0.8
engramdb,4865,2.082,0,2000,128,3,0.8
engramdb,4866,2.145,1,2000,128,3,0.8
engramdb,4867,2.086,1,2000,128,3,0.8
engramdb,4868,2.076,0,2000,128,3,0.8
engramdb,4869,2.022,1,2000,128,3,0.8
engramdb,4870,2.190,1,2000,128,3,0.8
engramdb,4871,2.053,0,2000,128,3,0.8
engramdb,4872,2.122,1,2000,128,3,0.8
engramdb,4873,2.072,0,2000,128,3,0.8
engramdb,4874,2.135,1,2000,128,3,0.8
engramdb,4875,2.198,1,2000,128,3,0.8
engramdb,4876,2.191,1,2000,128,3,0.8
engramdb,4877,2.028,0,2000,128,3,0.8
engramdb,4878,2.134,0,2000,128,3,0.8
engramdb,4879,2.128,1,2000,128,3,0.8
engramdb,4880,2.209,1,2000,128,3,0.8
engramdb,4881,2.318,1,2000,128,3,0.8
engramdb,4882,2.103,1,2000,128,3,0.8
engramdb,4883,2.186,0,2000,128,3,0.8
engramdb,4884,2.081,0,2000,128,3,0.8
engramdb,4885,2.153,1,2000,128,3,0.8
engramdb,4886,2.125,1,2000,128,3,0.8
engramdb,4887,2.086,1,2000,128,3,0.8
engramdb,4888,2.100,1,2000,128,3,0.8
engramdb,4889,2.095,0,2000,128,3,0.8
engramdb,4890,2.080,0,2000,128,3,0.8
engramdb,4891,2.145,1,2000,128,3,0.8
engramdb,4892,2.050,1,2000,128,3,0.8
engramdb,4893,2.073,1,2000,128,3,0.8
engramdb,4894,2.228,0,2000,128,3,0.8
engramdb,4895,2.104,1,2000,128,3,0.8
engramdb,4896,2.046,0,2000,128,3,0.8
engramdb,4897,2.096,1,2000,128,3,0.8
engramdb,4898,2.005,1,2000,128,3,0.8
engramdb,4899,2.101,0,2000,128,3,0.8
engramdb,4900,2.092,1,2000,128,3,0.8
engramdb,4901,2.077,1,2000,128,3,0.8
engramdb,4902,2.011,0,2000,128,3,0.8
engramdb,4903,2.096,1,2000,128,3,0.8
engramdb,4904,2.142,0,2000,128,3,0.8
engramdb,4905,2.060,0,2000,128,3,0.8
engramdb,4906,2.174,1,2000,128,3,0.8
engramdb,4907,2.120,1,2000,128,3,0.8
engramdb,4908,2.010,0,2000,128,3,0.8
engramdb,4909,2.040,1,2000,128,3,0.8
engramdb,4910,2.333,0,2000,128,3,0.8
engramdb,4911,2.083,1,2000,128,3,0.8
engramdb,4912,2.068,1,2000,128,3,0.8
engramdb,4913,2.086,1,2000,128,3,0.8
engramdb,4914,2.028,0,2000,128,3,0.8
engramdb,4915,2.868,0,2000,128,3,0.8
engramdb,4916,3.170,1,2000,128,3,0.8
engramdb,4917,2.269,1,2000,128,3,0.8
engramdb,4918,2.080,1,2000,128,3,0.8
engramdb,4919,2.062,1,2000,128,3,0.8
engramdb,4920,2.084,0,2000,128,3,0.8
engramdb,4921,2.057,0,2000,128,3,0.8
engramdb,4922,2.043,1,2000,128,3,0.8
engramdb,4923,2.130,1,2000,128,3,0.8
engramdb,4924,2.092,1,2000,128,3,0.8
engramdb,4925,2.068,0,2000,128,3,0.8
engramdb,4926,2.069,0,2000,128,3,0.8
engramdb,4927,2.123,0,2000,128,3,0.8
engramdb,4928,2.105,1,2000,128,3,0.8
engramdb,4929,2.124,1,2000,128,3,0.8
engramdb,4930,2.201,1,2000,128,3,0.8
engramdb,4931,2.065,0,2000,128,3,0.8
engramdb,4932,2.083,1,2000,128,3,0.8
engramdb,4933,2.100,0,2000,128,3,0.8
engramdb,4934,2.370,1,2000,128,3,0.8
engramdb,4935,2.154,1,2000,128,3,0.8
engramdb,4936,2.145,0,2000,128,3,0.8
engramdb,4937,2.019,1,2000,128,3,0.8
engramdb,4938,2.091,1,2000,128,3,0.8
engramdb,4939,2.083,0,2000,128,3,0.8
engramdb,4940,2.037,1,2000,128,3,0.8
engramdb,4941,2.036,0,2000,128,3,0.8
engramdb,4942,2.071,0,2000,128,3,0.8
engramdb,4943,2.176,1,2000,128,3,0.8
engramdb,4944,2.048,1,2000,128,3,0.8
engramdb,4945,2.139,0,2000,128,3,0.8
engramdb,4946,2.099,1,2000,128,3,0.8
engramdb,4947,2.120,0,2000,128,3,0.8
engramdb,4948,2.164,1,2000,128,3,0.8
engramdb,4949,2.227,1,2000,128,3,0.8
engramdb,4950,2.108,1,2000,128,3,0.8
engramdb,4951,2.038,0,2000,128,3,0.8
engramdb,4952,2.042,0,2000,128,3,0.8
engramdb,4953,2.060,1,2000,128,3,0.8
engramdb,4954,2.109,1,2000,128,3,0.8
engramdb,4955,2.119,1,2000,128,3,0.8
engramdb,4956,2.292,1,2000,128,3,0.8
engramdb,4957,2.138,0,2000,128,3,0.8
engramdb,4958,2.082,0,2000,128,3,0.8
engramdb,4959,2.055,1,2000,128,3,0.8
engramdb,4960,2.135,1,2000,128,3,0.8
engramdb,4961,2.172,1,2000,128,3,0.8
engramdb,4962,2.040,0,2000,128,3,0.8
engramdb,4963,2.207,0,2000,128,3,0.8
engramdb,4964,2.129,0,2000,128,3,0.8
engramdb,4965,2.316,1,2000,128,3,0.8
engramdb,4966,2.066,1,2000,128,3,0.8
engramdb,4967,2.102,1,2000,128,3,0.8
engramdb,4968,2.103,0,2000,128,3,0.8
engramdb,4969,2.095,1,2000,128,3,0.8
engramdb,4970,2.023,0,2000,128,3,0.8
engramdb,4971,2.155,1,2000,128,3,0.8
engramdb,4972,2.066,1,2000,128,3,0.8
engramdb,4973,2.060,0,2000,128,3,0.8
engramdb,4974,2.174,1,2000,128,3,0.8
engramdb,4975,2.107,1,2000,128,3,0.8
engramdb,4976,2.031,0,2000,128,3,0.8
engramdb,4977,2.027,1,2000,128,3,0.8
engramdb,4978,2.005,0,2000,128,3,0.8
engramdb,4979,2.088,1,2000,128,3,0.8
engramdb,4980,2.078,1,2000,128,3,0.8
engramdb,4981,2.071,1,2000,128,3,0.8
engramdb,4982,2.105,0,2000,128,3,0.8
engramdb,4983,2.090,0,2000,128,3,0.8
engramdb,4984,2.127,0,2000,128,3,0.8
engramdb,4985,2.075,1,2000,128,3,0.8
engramdb,4986,2.050,1,2000,128,3,0.8
engramdb,4987,2.129,1,2000,128,3,0.8
engramdb,4988,2.040,0,2000,128,3,0.8
engramdb,4989,2.048,0,2000,128,3,0.8
engramdb,4990,2.153,1,2000,128,3,0.8
engramdb,4991,2.013,1,2000,128,3,0.8
engramdb,4992,2.050,1,2000,128,3,0.8
engramdb,4993,2.076,1,2000,128,3,0.8
engramdb,4994,2.035,0,2000,128,3,0.8
engramdb,4995,2.132,0,2000,128,3,0.8
engramdb,4996,2.077,1,2000,128,3,0.8
engramdb,4997,2.076,1,2000,128,3,0.8
engramdb,4998,2.121,1,2000,128,3,0.8
engramdb,4999,2.130,0,2000,128,3,0.8
engramdb,5000,2.274,1,2000,128,3,0.8
engramdb,5001,2.061,0,2000,128,3,0.8
engramdb,5002,2.368,1,2000,128,3,0.8
engramdb,5003,2.163,1,2000,128,3,0.8
engramdb,5004,2.147,0,2000,128,3,0.8
engramdb,5005,2.054,0,2000,128,3,0.8
engramdb,5006,2.018,1,2000,128,3,0.8
engramdb,5007,2.087,0,2000,128,3,0.8
engramdb,5008,2.123,1,2000,128,3,0.8
engramdb,5009,2.099,1,2000,128,3,0.8
engramdb,5010,2.124,0,2000,128,3,0.8
engramdb,5011,2.084,1,2000,128,3,0.8
engramdb,5012,2.079,1,2000,128,3,0.8
engramdb,5013,2.096,0,2000,128,3,0.8
engramdb,5014,2.073,1,2000,128,3,0.8
engramdb,5015,2.142,0,2000,128,3,0.8
engramdb,5016,2.101,1,2000,128,3,0.8
engramdb,5017,2.103,1,2000,128,3,0.8
engramdb,5018,2.130,1,2000,128,3,0.8
engramdb,5019,2.086,0,2000,128,3,0.8
engramdb,5020,2.133,0,2000,128,3,0.8
engramdb,5021,2.119,0,2000,128,3,0.8
engramdb,5022,2.112,1,2000,128,3,0.8
engramdb,5023,2.105,1,2000,128,3,0.8
engramdb,5024,2.046,1,2000,128,3,0.8
engramdb,5025,2.009,0,2000,128,3,0.8
engramdb,5026,2.056,0,2000,128,3,0.8
engramdb,5027,2.049,1,2000,128,3,0.8
engramdb,5028,2.184,1,2000,128,3,0.8
engramdb,5029,2.100,1,2000,128,3,0.8
engramdb,5030,2.095,1,2000,128,3,0.8
engramdb,5031,2.084,0,2000,128,3,0.8
engramdb,5032,2.052,0,2000,128,3,0.8
engramdb,5033,2.141,1,2000,128,3,0.8
engramdb,5034,2.150,1,2000,128,3,0.8
engramdb,5035,2.455,1,2000,128,3,0.8
engramdb,5036,2.096,0,2000,128,3,0.8
engramdb,5037,2.115,1,2000,128,3,0.8
engramdb,5038,2.133,0,2000,128,3,0.8
engramdb,5039,2.194,1,2000,128,3,0.8
engramdb,5040,2.105,1,2000,128,3,0.8
engramdb,5041,2.139,0,2000,128,3,0.8
engramdb,5042,2.122,0,2000,128,3,0.8
engramdb,5043,2.121,1,2000,128,3,0.8
engramdb,5044,2.077,0,2000,128,3,0.8
engramdb,5045,2.086,1,2000,128,3,0.8
engramdb,5046,2.181,1,2000,128,3,0.8
engramdb,5047,2.116,0,2000,128,3,0.8
engramdb,5048,2.174,1,2000,128,3,0.8
engramdb,5049,2.120,1,2000,128,3,0.8
engramdb,5050,2.046,0,2000,128,3,0.8
engramdb,5051,2.068,1,2000,128,3,0.8
engramdb,5052,2.077,0,2000,128,3,0.8
engramdb,5053,2.106,1,2000,128,3,0.8
engramdb,5054,2.085,1,2000,128,3,0.8
engramdb,5055,2.108,1,2000,128,3,0.8
engramdb,5056,2.110,0,2000,128,3,0.8
engramdb,5057,2.110,0,2000,128,3,0.8
engramdb,5058,2.118,1,2000,128,3,0.8
engramdb,5059,2.181,1,2000,128,3,0.8
engramdb,5060,2.045,1,2000,128,3,0.8
engramdb,5061,2.105,1,2000,128,3,0.8
engramdb,5062,2.116,0,2000,128,3,0.8
engramdb,5063,2.133,0,2000,128,3,0.8
engramdb,5064,2.175,1,2000,128,3,0.8
engramdb,5065,2.128,1,2000,128,3,0.8
engramdb,5066,2.160,1,2000,128,3,0.8
engramdb,5067,2.140,1,2000,128,3,0.8
engramdb,5068,2.080,0,2000,128,3,0.8
engramdb,5069,2.008,0,2000,128,3,0.8
engramdb,5070,2.052,1,2000,128,3,0.8
engramdb,5071,2.097,1,2000,128,3,0.8
engramdb,5072,2.046,1,2000,128,3,0.8
engramdb,5073,2.099,0,2000,128,3,0.8
engramdb,5074,2.061,1,2000,128,3,0.8
engramdb,5075,2.063,0,2000,128,3,0.8
engramdb,5076,2.084,1,2000,128,3,0.8
engramdb,5077,2.138,1,2000,128,3,0.8
engramdb,5078,2.078,0,2000,128,3,0.8
engramdb,5079,2.049,1,2000,128,3,0.8
engramdb,5080,2.144,1,2000,128,3,0.8
engramdb,5081,2.245,0,2000,128,3,0.8
engramdb,5082,2.037,1,2000,128,3,0.8
engramdb,5083,2.091,0,2000,128,3,0.8
engramdb,5084,2.048,0,2000,128,3,0.8
engramdb,5085,2.083,1,2000,128,3,0.8
engramdb,5086,2.123,1,2000,128,3,0.8
engramdb,5087,2.061,0,2000,128,3,0.8
engramdb,5088,2.080,1,2000,128,3,0.8
engramdb,5089,2.113,0,2000,128,3,0.8
engramdb,5090,2.122,1,2000,128,3,0.8
engramdb,5091,2.092,1,2000,128,3,0.8
engramdb,5092,2.055,1,2000,128,3,0.8
engramdb,5093,2.075,0,2000,128,3,0.8
engramdb,5094,2.168,0,2000,128,3,0.8
engramdb,5095,2.126,1,2000,128,3,0.8
engramdb,5096,2.137,1,2000,128,3,0.8
engramdb,5097,2.138,1,2000,128,3,0.8
engramdb,5098,2.255,1,2000,128,3,0.8
engramdb,5099,2.119,0,2000,128,3,0.8
engramdb,5100,2.067,1,2000,128,3,0.8
engramdb,5101,2.031,1,2000,128,3,0.8
engramdb,5102,2.094,1,2000,128,3,0.8
engramdb,5103,2.039,1,2000,128,3,0.8
engramdb,5104,2.216,0,2000,128,3,0.8
engramdb,5105,2.095,0,2000,128,3,0.8
engramdb,5106,2.063,0,2000,128,3,0.8
engramdb,5107,2.050,1,2000,128,3,0.8
engramdb,5108,2.032,1,2000,128,3,0.8
engramdb,5109,2.048,1,2000,128,3,0.8
engramdb,5110,2.055,0,2000,128,3,0.8
engramdb,5111,2.134,1,2000,128,3,0.8
engramdb,5112,2.140,0,2000,128,3,0.8
engramdb,5113,2.042,1,2000,128,3,0.8
engramdb,5114,2.137,1,2000,128,3,0.8
engramdb,5115,2.077,0,2000,128,3,0.8
engramdb,5116,2.203,1,2000,128,3,0.8
engramdb,5117,2.086,1,2000,128,3,0.8
engramdb,5118,2.070,0,2000,128,3,0.8
engramdb,5119,2.041,1,2000,128,3,0.8
engramdb,5120,2.037,0,2000,128,3,0.8
engramdb,5121,2.072,0,2000,128,3,0.8
engramdb,5122,2.291,1,2000,128,3,0.8
engramdb,5123,2.056,1,2000,128,3,0.8
engramdb,5124,2.052,0,2000,128,3,0.8
engramdb,5125,2.150,0,2000,128,3,0.8
engramdb,5126,2.067,0,2000,128,3,0.8
engramdb,5127,2.060,1,2000,128,3,0.8
engramdb,5128,2.118,1,2000,128,3,0.8
engramdb,5129,2.089,1,2000,128,3,0.8
engramdb,5130,2.033,0,2000,128,3,0.8
engramdb,5131,2.022,0,2000,128,3,0.8
engramdb,5132,2.068,1,2000,128,3,0.8
engramdb,5133,2.072,1,2000,128,3,0.8
engramdb,5134,2.037,1,2000,128,3,0.8
engramdb,5135,2.125,1,2000,128,3,0.8
engramdb,5136,2.073,0,2000,128,3,0.8
engramdb,5137,2.130,0,2000,128,3,0.8
engramdb,5138,2.080,1,2000,128,3,0.8
engramdb,5139,2.178,1,2000,128,3,0.8
engramdb,5140,3.442,1,2000,128,3,0.8
engramdb,5141,2.730,0,2000,128,3,0.8
engramdb,5142,2.957,0,2000,128,3,0.8
engramdb,5143,6.952,0,2000,128,3,0.8
engramdb,5144,5.820,1,2000,128,3,0.8
engramdb,5145,7.001,1,2000,128,3,0.8
engramdb,5146,2.552,1,2000,128,3,0.8
engramdb,5147,6.919,0,2000,128,3,0.8
engramdb,5148,2.642,1,2000,128,3,0.8
engramdb,5149,4.831,0,2000,128,3,0.8
engramdb,5150,2.762,1,2000,128,3,0.8
engramdb,5151,5.042,1,2000,128,3,0.8
engramdb,5152,6.069,0,2000,128,3,0.8
engramdb,5153,6.826,1,2000,128,3,0.8
engramdb,5154,5.519,1,2000,128,3,0.8
engramdb,5155,2.853,0,2000,128,3,0.8
engramdb,5156,5.432,1,2000,128,3,0.8
engramdb,5157,4.843,0,2000,128,3,0.8
engramdb,5158,5.690,1,2000,128,3,0.8
engramdb,5159,2.802,1,2000,128,3,0.8
engramdb,5160,2.351,1,2000,128,3,0.8
engramdb,5161,2.891,0,2000,128,3,0.8
engramdb,5162,7.025,0,2000,128,3,0.8
engramdb,5163,5.810,0,2000,128,3,0.8
engramdb,5164,3.008,1,2000,128,3,0.8
engramdb,5165,2.286,1,2000,128,3,0.8
engramdb,5166,2.942,1,2000,128,3,0.8
engramdb,5167,2.440,0,2000,128,3,0.8
engramdb,5168,2.910,0,2000,128,3,0.8
engramdb,5169,2.263,1,2000,128,3,0.8
engramdb,5170,4.587,1,2000,128,3,0.8
engramdb,5171,5.453,1,2000,128,3,0.8
engramdb,5172,2.369,1,2000,128,3,0.8
engramdb,5173,2.878,0,2000,128,3,0.8
engramdb,5174,5.075,0,2000,128,3,0.8
engramdb,5175,2.563,1,2000,128,3,0.8
engramdb,5176,2.604,1,2000,128,3,0.8
engramdb,5177,2.271,1,2000,128,3,0.8
engramdb,5178,2.930,0,2000,128,3,0.8
engramdb,5179,2.413,1,2000,128,3,0.8
engramdb,5180,2.888,0,2000,128,3,0.8
engramdb,5181,2.245,1,2000,128,3,0.8
engramdb,5182,6.599,1,2000,128,3,0.8
engramdb,5183,2.662,0,2000,128,3,0.8
engramdb,5184,2.495,0,2000,128,3,0.8
engramdb,5185,2.142,1,2000,128,3,0.8
engramdb,5186,2.869,0,2000,128,3,0.8
engramdb,5187,2.325,1,2000,128,3,0.8
engramdb,5188,2.887,1,2000,128,3,0.8
engramdb,5189,2.274,0,2000,128,3,0.8
engramdb,5190,2.783,1,2000,128,3,0.8
engramdb,5191,2.294,1,2000,128,3,0.8
engramdb,5192,2.834,0,2000,128,3,0.8
engramdb,5193,6.846,1,2000,128,3,0.8
engramdb,5194,5.389,0,2000,128,3,0.8
engramdb,5195,2.876,1,2000,128,3,0.8
engramdb,5196,5.379,1,2000,128,3,0.8
engramdb,5197,2.887,1,2000,128,3,0.8
engramdb,5198,2.409,0,2000,128,3,0.8
engramdb,5199,2.840,0,2000,128,3,0.8
engramdb,5200,2.308,1,2000,128,3,0.8
engramdb,5201,2.897,1,2000,128,3,0.8
engramdb,5202,2.286,1,2000,128,3,0.8
engramdb,5203,5.926,1,2000,128,3,0.8
engramdb,5204,2.823,0,2000,128,3,0.8
engramdb,5205,2.344,0,2000,128,3,0.8
engramdb,5206,2.819,1,2000,128,3,0.8
engramdb,5207,2.335,1,2000,128,3,0.8
engramdb,5208,2.845,1,2000,128,3,0.8
engramdb,5209,6.718,1,2000,128,3,0.8
engramdb,5210,5.575,0,2000,128,3,0.8
engramdb,5211,2.925,0,2000,128,3,0.8
engramdb,5212,2.316,1,2000,128,3,0.8
engramdb,5213,2.930,1,2000,128,3,0.8
engramdb,5214,2.286,1,2000,128,3,0.8
engramdb,5215,2.873,0,2000,128,3,0.8
engramdb,5216,2.467,1,2000,128,3,0.8
engramdb,5217,2.865,0,2000,128,3,0.8
engramdb,5218,6.990,1,2000,128,3,0.8
engramdb,5219,2.362,1,2000,128,3,0.8
engramdb,5220,2.877,0,2000,128,3,0.8
engramdb,5221,2.396,0,2000,128,3,0.8
engramdb,5222,2.851,1,2000,128,3,0.8
engramdb,5223,2.341,0,2000,128,3,0.8
engramdb,5224,4.791,1,2000,128,3,0.8
engramdb,5225,2.344,0,2000,128,3,0.8
engramdb,5226,2.255,0,2000,128,3,0.8
engramdb,5227,2.255,1,2000,128,3,0.8
engramdb,5228,2.860,1,2000,128,3,0.8
engramdb,5229,2.255,0,2000,128,3,0.8
engramdb,5230,2.807,1,2000,128,3,0.8
engramdb,5231,2.220,0,2000,128,3,0.8
engramdb,5232,2.907,1,2000,128,3,0.8
engramdb,5233,2.313,1,2000,128,3,0.8
engramdb,5234,2.870,1,2000,128,3,0.8
engramdb,5235,2.799,0,2000,128,3,0.8
engramdb,5236,2.253,0,2000,128,3,0.8
engramdb,5237,2.250,1,2000,128,3,0.8
engramdb,5238,5.592,1,2000,128,3,0.8
engramdb,5239,2.816,1,2000,128,3,0.8
engramdb,5240,2.229,1,2000,128,3,0.8
engramdb,5241,2.840,0,2000,128,3,0.8
engramdb,5242,2.245,0,2000,128,3,0.8
engramdb,5243,2.935,1,2000,128,3,0.8
engramdb,5244,6.532,1,2000,128,3,0.8
engramdb,5245,5.355,1,2000,128,3,0.8
engramdb,5246,2.801,1,2000,128,3,0.8
engramdb,5247,2.308,0,2000,128,3,0.8
engramdb,5248,2.804,0,2000,128,3,0.8
engramdb,5249,2.282,1,2000,128,3,0.8
engramdb,5250,2.870,1,2000,128,3,0.8
engramdb,5251,2.312,1,2000,128,3,0.8
engramdb,5252,2.921,0,2000,128,3,0.8
engramdb,5253,2.354,1,2000,128,3,0.8
engramdb,5254,2.897,0,2000,128,3,0.8
engramdb,5255,2.399,1,2000,128,3,0.8
engramdb,5256,2.962,1,2000,128,3,0.8
engramdb,5257,14.168,0,2000,128,3,0.8
engramdb,5258,2.582,1,2000,128,3,0.8
engramdb,5259,2.766,1,2000,128,3,0.8
engramdb,5260,2.305,0,2000,128,3,0.8
engramdb,5261,2.914,1,2000,128,3,0.8
engramdb,5262,2.394,0,2000,128,3,0.8
engramdb,5263,2.828,0,2000,128,3,0.8
engramdb,5264,2.346,1,2000,128,3,0.8
engramdb,5265,2.783,1,2000,128,3,0.8
engramdb,5266,2.217,0,2000,128,3,0.8
engramdb,5267,2.942,1,2000,128,3,0.8
engramdb,5268,4.805,0,2000,128,3,0.8
engramdb,5269,5.418,1,2000,128,3,0.8
engramdb,5270,6.752,1,2000,128,3,0.8
engramdb,5271,5.015,1,2000,128,3,0.8
engramdb,5272,2.803,0,2000,128,3,0.8
engramdb,5273,2.257,0,2000,128,3,0.8
engramdb,5274,2.342,1,2000,128,3,0.8
engramdb,5275,5.413,1,2000,128,3,0.8
engramdb,5276,6.779,1,2000,128,3,0.8
engramdb,5277,4.905,1,2000,128,3,0.8
engramdb,5278,2.198,0,2000,128,3,0.8
engramdb,5279,2.786,0,2000,128,3,0.8
engramdb,5280,6.808,1,2000,128,3,0.8
engramdb,5281,2.281,1,2000,128,3,0.8
engramdb,5282,2.252,1,2000,128,3,0.8
engramdb,5283,2.825,0,2000,128,3,0.8
engramdb,5284,2.465,0,2000,128,3,0.8
engramdb,5285,2.836,0,2000,128,3,0.8
engramdb,5286,2.336,1,2000,128,3,0.8
engramdb,5287,2.930,1,2000,128,3,0.8
engramdb,5288,2.226,1,2000,128,3,0.8
engramdb,5289,2.911,0,2000,128,3,0.8
engramdb,5290,2.273,1,2000,128,3,0.8
engramdb,5291,2.800,0,2000,128,3,0.8
engramdb,5292,6.782,1,2000,128,3,0.8
engramdb,5293,2.483,1,2000,128,3,0.8
engramdb,5294,2.877,0,2000,128,3,0.8
engramdb,5295,2.340,1,2000,128,3,0.8
engramdb,5296,2.885,1,2000,128,3,0.8
engramdb,5297,2.294,0,2000,128,3,0.8
engramdb,5298,2.911,1,2000,128,3,0.8
engramdb,5299,2.417,0,2000,128,3,0.8
engramdb,5300,2.821,1,2000,128,3,0.8
engramdb,5301,2.379,1,2000,128,3,0.8
engramdb,5302,5.497,1,2000,128,3,0.8
engramdb,5303,6.747,0,2000,128,3,0.8
engramdb,5304,2.515,0,2000,128,3,0.8
engramdb,5305,2.282,0,2000,128,3,0.8
engramdb,5306,2.857,1,2000,128,3,0.8
engramdb,5307,2.317,1,2000,128,3,0.8
engramdb,5308,6.782,1,2000,128,3,0.8
engramdb,5309,5.096,0,2000,128,3,0.8
engramdb,5310,2.261,0,2000,128,3,0.8
engramdb,5311,2.833,1,2000,128,3,0.8
engramdb,5312,2.267,1,2000,128,3,0.8
engramdb,5313,2.890,1,2000,128,3,0.8
engramdb,5314,2.238,1,2000,128,3,0.8
engramdb,5315,2.891,0,2000,128,3,0.8
engramdb,5316,2.297,0,2000,128,3,0.8
engramdb,5317,2.861,1,2000,128,3,0.8
engramdb,5318,2.226,1,2000,128,3,0.8
engramdb,5319,2.876,1,2000,128,3,0.8
engramdb,5320,2.376,0,2000,128,3,0.8
engramdb,5321,2.892,0,2000,128,3,0.8
engramdb,5322,2.282,0,2000,128,3,0.8
engramdb,5323,2.870,1,2000,128,3,0.8
engramdb,5324,4.896,1,2000,128,3,0.8
engramdb,5325,2.821,0,2000,128,3,0.8
engramdb,5326,4.860,0,2000,128,3,0.8
engramdb,5327,2.209,1,2000,128,3,0.8
engramdb,5328,2.902,0,2000,128,3,0.8
engramdb,5329,2.335,1,2000,128,3,0.8
engramdb,5330,2.870,1,2000,128,3,0.8
engramdb,5331,2.263,0,2000,128,3,0.8
engramdb,5332,2.876,1,2000,128,3,0.8
engramdb,5333,2.249,1,2000,128,3,0.8
engramdb,5334,2.784,0,2000,128,3,0.8
engramdb,5335,2.280,1,2000,128,3,0.8
engramdb,5336,2.848,0,2000,128,3,0.8
engramdb,5337,2.417,1,2000,128,3,0.8
engramdb,5338,2.943,1,2000,128,3,0.8
engramdb,5339,2.237,1,2000,128,3,0.8
engramdb,5340,2.183,0,2000,128,3,0.8
engramdb,5341,2.189,0,2000,128,3,0.8
engramdb,5342,2.924,0,2000,128,3,0.8
engramdb,5343,2.310,1,2000,128,3,0.8
engramdb,5344,2.976,1,2000,128,3,0.8
engramdb,5345,2.226,1,2000,128,3,0.8
engramdb,5346,2.795,0,2000,128,3,0.8
engramdb,5347,2.257,0,2000,128,3,0.8
engramdb,5348,3.009,1,2000,128,3,0.8
engramdb,5349,5.005,1,2000,128,3,0.8
engramdb,5350,2.219,1,2000,128,3,0.8
engramdb,5351,2.924,1,2000,128,3,0.8
engramdb,5352,2.320,0,2000,128,3,0.8
engramdb,5353,5.281,0,2000,128,3,0.8
engramdb,5354,6.800,1,2000,128,3,0.8
engramdb,5355,2.499,1,2000,128,3,0.8
engramdb,5356,2.954,1,2000,128,3,0.8
engramdb,5357,2.280,0,2000,128,3,0.8
engramdb,5358,2.909,1,2000,128,3,0.8
engramdb,5359,2.388,0,2000,128,3,0.8
engramdb,5360,2.888,1,2000,128,3,0.8
engramdb,5361,2.318,1,2000,128,3,0.8
engramdb,5362,5.465,0,2000,128,3,0.8
engramdb,5363,2.841,0,2000,128,3,0.8
engramdb,5364,2.427,1,2000,128,3,0.8
engramdb,5365,2.456,0,2000,128,3,0.8
engramdb,5366,2.187,1,2000,128,3,0.8
engramdb,5367,2.828,1,2000,128,3,0.8
engramdb,5368,2.324,0,2000,128,3,0.8
engramdb,5369,5.400,1,2000,128,3,0.8
engramdb,5370,2.807,1,2000,128,3,0.8
engramdb,5371,4.825,0,2000,128,3,0.8
engramdb,5372,6.837,1,2000,128,3,0.8
engramdb,5373,5.180,0,2000,128,3,0.8
engramdb,5374,2.897,1,2000,128,3,0.8
engramdb,5375,2.236,1,2000,128,3,0.8
engramdb,5376,5.419,1,2000,128,3,0.8
engramdb,5377,2.839,0,2000,128,3,0.8
engramdb,5378,2.284,0,2000,128,3,0.8
engramdb,5379,4.708,1,2000,128,3,0.8
engramdb,5380,2.332,1,2000,128,3,0.8
engramdb,5381,2.887,1,2000,128,3,0.8
engramdb,5382,2.418,1,2000,128,3,0.8
engramdb,5383,2.788,0,2000,128,3,0.8
engramdb,5384,4.829,0,2000,128,3,0.8
engramdb,5385,2.315,1,2000,128,3,0.8
engramdb,5386,2.327,1,2000,128,3,0.8
engramdb,5387,2.826,1,2000,128,3,0.8
engramdb,5388,2.223,1,2000,128,3,0.8
engramdb,5389,2.258,0,2000,128,3,0.8
engramdb,5390,2.862,0,2000,128,3,0.8
engramdb,5391,2.274,1,2000,128,3,0.8
engramdb,5392,2.821,1,2000,128,3,0.8
engramdb,5393,4.930,1,2000,128,3,0.8
engramdb,5394,5.289,0,2000,128,3,0.8
engramdb,5395,2.340,1,2000,128,3,0.8
engramdb,5396,2.908,0,2000,128,3,0.8
engramdb,5397,6.892,1,2000,128,3,0.8
engramdb,5398,5.121,1,2000,128,3,0.8
engramdb,5399,2.353,0,2000,128,3,0.8
engramdb,5400,2.450,1,2000,128,3,0.8
engramdb,5401,2.162,1,2000,128,3,0.8
engramdb,5402,2.130,0,2000,128,3,0.8
engramdb,5403,2.138,1,2000,128,3,0.8
engramdb,5404,2.089,0,2000,128,3,0.8
engramdb,5405,2.145,0,2000,128,3,0.8
engramdb,5406,2.146,1,2000,128,3,0.8
engramdb,5407,2.190,1,2000,128,3,0.8
engramdb,5408,2.155,0,2000,128,3,0.8
engramdb,5409,2.163,1,2000,128,3,0.8
engramdb,5410,2.155,0,2000,128,3,0.8
engramdb,5411,2.149,1,2000,128,3,0.8
engramdb,5412,2.114,1,2000,128,3,0.8
engramdb,5413,2.081,1,2000,128,3,0.8
engramdb,5414,2.854,0,2000,128,3,0.8
engramdb,5415,2.355,0,2000,128,3,0.8
engramdb,5416,2.177,1,2000,128,3,0.8
engramdb,5417,2.223,1,2000,128,3,0.8
engramdb,5418,2.198,1,2000,128,3,0.8
engramdb,5419,2.252,1,2000,128,3,0.8
engramdb,5420,2.177,0,2000,128,3,0.8
engramdb,5421,2.858,0,2000,128,3,0.8
engramdb,5422,2.290,1,2000,128,3,0.8
engramdb,5423,2.255,1,2000,128,3,0.8
engramdb,5424,5.384,1,2000,128,3,0.8
engramdb,5425,2.778,0,2000,128,3,0.8
engramdb,5426,2.381,0,2000,128,3,0.8
engramdb,5427,2.934,0,2000,128,3,0.8
engramdb,5428,6.758,1,2000,128,3,0.8
engramdb,5429,2.434,1,2000,128,3,0.8
engramdb,5430,6.804,1,2000,128,3,0.8
engramdb,5431,5.169,0,2000,128,3,0.8
engramdb,5432,2.827,1,2000,128,3,0.8
engramdb,5433,2.351,0,2000,128,3,0.8
engramdb,5434,2.953,1,2000,128,3,0.8
engramdb,5435,2.292,1,2000,128,3,0.8
engramdb,5436,2.777,0,2000,128,3,0.8
engramdb,5437,2.327,1,2000,128,3,0.8
engramdb,5438,2.875,1,2000,128,3,0.8
engramdb,5439,2.266,0,2000,128,3,0.8
engramdb,5440,2.861,1,2000,128,3,0.8
engramdb,5441,2.276,0,2000,128,3,0.8
engramdb,5442,2.774,0,2000,128,3,0.8
engramdb,5443,2.942,1,2000,128,3,0.8
engramdb,5444,2.365,1,2000,128,3,0.8
engramdb,5445,2.849,0,2000,128,3,0.8
engramdb,5446,2.291,1,2000,128,3,0.8
engramdb,5447,2.923,0,2000,128,3,0.8
engramdb,5448,2.213,1,2000,128,3,0.8
engramdb,5449,2.881,1,2000,128,3,0.8
engramdb,5450,2.814,1,2000,128,3,0.8
engramdb,5451,2.341,0,2000,128,3,0.8
engramdb,5452,2.767,0,2000,128,3,0.8
engramdb,5453,4.674,1,2000,128,3,0.8
engramdb,5454,2.294,1,2000,128,3,0.8
engramdb,5455,2.905,1,2000,128,3,0.8
engramdb,5456,2.385,1,2000,128,3,0.8
engramdb,5457,5.476,0,2000,128,3,0.8
engramdb,5458,2.921,0,2000,128,3,0.8
engramdb,5459,2.356,1,2000,128,3,0.8
engramdb,5460,2.859,1,2000,128,3,0.8
engramdb,5461,2.257,1,2000,128,3,0.8
engramdb,5462,2.780,0,2000,128,3,0.8
engramdb,5463,6.770,0,2000,128,3,0.8
engramdb,5464,2.542,0,2000,128,3,0.8
engramdb,5465,2.870,1,2000,128,3,0.8
engramdb,5466,2.286,1,2000,128,3,0.8
engramdb,5467,2.784,1,2000,128,3,0.8
engramdb,5468,2.382,0,2000,128,3,0.8
engramdb,5469,2.882,1,2000,128,3,0.8
engramdb,5470,2.158,0,2000,128,3,0.8
engramdb,5471,2.269,1,2000,128,3,0.8
engramdb,5472,2.884,1,2000,128,3,0.8
engramdb,5473,2.335,0,2000,128,3,0.8
engramdb,5474,2.888,1,2000,128,3,0.8
engramdb,5475,2.198,1,2000,128,3,0.8
engramdb,5476,5.261,0,2000,128,3,0.8
engramdb,5477,2.855,1,2000,128,3,0.8
engramdb,5478,2.319,0,2000,128,3,0.8
engramdb,5479,2.825,1,2000,128,3,0.8
engramdb,5480,2.377,1,2000,128,3,0.8
engramdb,5481,5.307,1,2000,128,3,0.8
engramdb,5482,2.844,0,2000,128,3,0.8
engramdb,5483,2.324,0,2000,128,3,0.8
engramdb,5484,5.472,0,2000,128,3,0.8
engramdb,5485,6.976,1,2000,128,3,0.8
engramdb,5486,2.467,1,2000,128,3,0.8
engramdb,5487,2.274,1,2000,128,3,0.8
engramdb,5488,2.215,0,2000,128,3,0.8
engramdb,5489,2.179,0,2000,128,3,0.8
engramdb,5490,2.155,1,2000,128,3,0.8
engramdb,5491,2.186,1,2000,128,3,0.8
engramdb,5492,2.087,1,2000,128,3,0.8
engramdb,5493,2.149,1,2000,128,3,0.8
engramdb,5494,2.186,0,2000,128,3,0.8
engramdb,5495,2.202,0,2000,128,3,0.8
engramdb,5496,2.187,1,2000,128,3,0.8
engramdb,5497,2.311,1,2000,128,3,0.8
engramdb,5498,2.133,1,2000,128,3,0.8
engramdb,5499,2.223,0,2000,128,3,0.8
engramdb,5500,2.211,1,2000,128,3,0.8
engramdb,5501,2.143,0,2000,128,3,0.8
engramdb,5502,2.137,1,2000,128,3,0.8
engramdb,5503,2.178,1,2000,128,3,0.8
engramdb,5504,2.204,0,2000,128,3,0.8
engramdb,5505,2.156,0,2000,128,3,0.8
engramdb,5506,2.068,1,2000,128,3,0.8
engramdb,5507,2.176,0,2000,128,3,0.8
engramdb,5508,2.086,1,2000,128,3,0.8
engramdb,5509,2.107,1,2000,128,3,0.8
engramdb,5510,2.085,0,2000,128,3,0.8
engramdb,5511,2.224,1,2000,128,3,0.8
engramdb,5512,2.075,1,2000,128,3,0.8
engramdb,5513,2.118,0,2000,128,3,0.8
engramdb,5514,2.084,1,2000,128,3,0.8
engramdb,5515,2.114,0,2000,128,3,0.8
engramdb,5516,2.950,1,2000,128,3,0.8
engramdb,5517,2.765,1,2000,128,3,0.8
engramdb,5518,2.283,1,2000,128,3,0.8
engramdb,5519,2.718,0,2000,128,3,0.8
engramdb,5520,2.260,0,2000,128,3,0.8
engramdb,5521,2.893,0,2000,128,3,0.8
engramdb,5522,2.382,1,2000,128,3,0.8
engramdb,5523,2.752,1,2000,128,3,0.8
engramdb,5524,7.023,1,2000,128,3,0.8
engramdb,5525,2.560,0,2000,128,3,0.8
engramdb,5526,2.289,0,2000,128,3,0.8
engramdb,5527,2.915,1,2000,128,3,0.8
engramdb,5528,6.723,1,2000,128,3,0.8
engramdb,5529,2.576,1,2000,128,3,0.8
engramdb,5530,2.838,1,2000,128,3,0.8
engramdb,5531,2.392,0,2000,128,3,0.8
engramdb,5532,2.875,0,2000,128,3,0.8
engramdb,5533,2.215,1,2000,128,3,0.8
engramdb,5534,2.917,1,2000,128,3,0.8
engramdb,5535,2.313,1,2000,128,3,0.8
engramdb,5536,2.194,0,2000,128,3,0.8
engramdb,5537,5.384,1,2000,128,3,0.8
engramdb,5538,2.859,0,2000,128,3,0.8
engramdb,5539,2.320,1,2000,128,3,0.8
engramdb,5540,2.896,1,2000,128,3,0.8
engramdb,5541,4.981,0,2000,128,3,0.8
engramdb,5542,5.155,0,2000,128,3,0.8
engramdb,5543,2.908,1,2000,128,3,0.8
engramdb,5544,2.264,0,2000,128,3,0.8
engramdb,5545,2.852,1,2000,128,3,0.8
engramdb,5546,4.534,1,2000,128,3,0.8
engramdb,5547,2.784,0,2000,128,3,0.8
engramdb,5548,2.452,1,2000,128,3,0.8
engramdb,5549,2.923,1,2000,128,3,0.8
engramdb,5550,6.679,0,2000,128,3,0.8
engramdb,5551,5.148,1,2000,128,3,0.8
engramdb,5552,2.889,0,2000,128,3,0.8
engramdb,5553,2.373,1,2000,128,3,0.8
engramdb,5554,2.807,1,2000,128,3,0.8
engramdb,5555,4.833,1,2000,128,3,0.8
engramdb,5556,2.730,0,2000,128,3,0.8
engramdb,5557,2.283,0,2000,128,3,0.8
engramdb,5558,5.402,1,2000,128,3,0.8
engramdb,5559,6.721,1,2000,128,3,0.8
engramdb,5560,2.390,1,2000,128,3,0.8
engramdb,5561,2.897,1,2000,128,3,0.8
engramdb,5562,2.268,0,2000,128,3,0.8
engramdb,5563,2.931,0,2000,128,3,0.8
engramdb,5564,2.336,1,2000,128,3,0.8
engramdb,5565,2.824,1,2000,128,3,0.8
engramdb,5566,2.348,1,2000,128,3,0.8
engramdb,5567,5.290,1,2000,128,3,0.8
engramdb,5568,2.933,0,2000,128,3,0.8
engramdb,5569,2.377,0,2000,128,3,0.8
engramdb,5570,2.825,1,2000,128,3,0.8
engramdb,5571,2.419,1,2000,128,3,0.8
engramdb,5572,2.878,1,2000,128,3,0.8
engramdb,5573,2.347,0,2000,128,3,0.8
engramdb,5574,3.023,1,2000,128,3,0.8
engramdb,5575,2.332,0,2000,128,3,0.8
engramdb,5576,2.877,1,2000,128,3,0.8
engramdb,5577,2.306,1,2000,128,3,0.8
engramdb,5578,2.798,0,2000,128,3,0.8
engramdb,5579,2.743,1,2000,128,3,0.8
engramdb,5580,2.890,1,2000,128,3,0.8
engramdb,5581,4.519,0,2000,128,3,0.8
engramdb,5582,2.877,1,2000,128,3,0.8
engramdb,5583,2.820,0,2000,128,3,0.8
engramdb,5584,2.826,0,2000,128,3,0.8
engramdb,5585,2.233,1,2000,128,3,0.8
engramdb,5586,2.134,1,2000,128,3,0.8
engramdb,5587,2.159,0,2000,128,3,0.8
engramdb,5588,2.209,1,2000,128,3,0.8
engramdb,5589,2.235,0,2000,128,3,0.8
engramdb,5590,2.235,1,2000,128,3,0.8
engramdb,5591,3.002,1,2000,128,3,0.8
engramdb,5592,2.347,1,2000,128,3,0.8
engramdb,5593,2.895,0,2000,128,3,0.8
engramdb,5594,2.361,0,2000,128,3,0.8
engramdb,5595,2.850,1,2000,128,3,0.8
engramdb,5596,2.364,1,2000,128,3,0.8
engramdb,5597,5.333,1,2000,128,3,0.8
engramdb,5598,2.872,1,2000,128,3,0.8
engramdb,5599,2.199,0,2000,128,3,0.8
engramdb,5600,2.243,1,2000,128,3,0.8
engramdb,5601,2.924,1,2000,128,3,0.8
engramdb,5602,2.278,1,2000,128,3,0.8
engramdb,5603,2.932,1,2000,128,3,0.8
engramdb,5604,2.254,0,2000,128,3,0.8
engramdb,5605,5.570,0,2000,128,3,0.8
engramdb,5606,6.840,0,2000,128,3,0.8
engramdb,5607,2.429,1,2000,128,3,0.8
engramdb,5608,2.930,1,2000,128,3,0.8
engramdb,5609,2.405,1,2000,128,3,0.8
engramdb,5610,2.905,0,2000,128,3,0.8
engramdb,5611,4.897,1,2000,128,3,0.8
engramdb,5612,2.238,0,2000,128,3,0.8
engramdb,5613,2.842,1,2000,128,3,0.8
engramdb,5614,2.397,1,2000,128,3,0.8
engramdb,5615,3.019,0,2000,128,3,0.8
engramdb,5616,2.222,1,2000,128,3,0.8
engramdb,5617,2.845,1,2000,128,3,0.8
engramdb,5618,2.219,0,2000,128,3,0.8
engramdb,5619,2.812,1,2000,128,3,0.8
engramdb,5620,2.200,0,2000,128,3,0.8
engramdb,5621,2.788,0,2000,128,3,0.8
engramdb,5622,2.456,1,2000,128,3,0.8
engramdb,5623,2.245,1,2000,128,3,0.8
engramdb,5624,2.141,0,2000,128,3,0.8
engramdb,5625,2.192,0,2000,128,3,0.8
engramdb,5626,2.134,0,2000,128,3,0.8
engramdb,5627,2.235,1,2000,128,3,0.8
engramdb,5628,2.865,1,2000,128,3,0.8
engramdb,5629,2.300,1,2000,128,3,0.8
engramdb,5630,2.305,0,2000,128,3,0.8
engramdb,5631,2.166,0,2000,128,3,0.8
engramdb,5632,2.198,1,2000,128,3,0.8
engramdb,5633,2.144,1,2000,128,3,0.8
engramdb,5634,2.083,1,2000,128,3,0.8
engramdb,5635,2.080,1,2000,128,3,0.8
engramdb,5636,2.293,0,2000,128,3,0.8
engramdb,5637,2.816,0,2000,128,3,0.8
engramdb,5638,2.307,1,2000,128,3,0.8
engramdb,5639,2.132,1,2000,128,3,0.8
engramdb,5640,2.210,1,2000,128,3,0.8
engramdb,5641,2.133,0,2000,128,3,0.8
engramdb,5642,2.092,0,2000,128,3,0.8
engramdb,5643,2.188,0,2000,128,3,0.8
engramdb,5644,2.885,1,2000,128,3,0.8
engramdb,5645,2.295,1,2000,128,3,0.8
engramdb,5646,2.225,1,2000,128,3,0.8
engramdb,5647,2.212,0,2000,128,3,0.8
engramdb,5648,2.123,1,2000,128,3,0.8
engramdb,5649,2.140,0,2000,128,3,0.8
engramdb,5650,2.096,1,2000,128,3,0.8
engramdb,5651,2.165,1,2000,128,3,0.8
engramdb,5652,2.202,0,2000,128,3,0.8
engramdb,5653,2.150,1,2000,128,3,0.8
engramdb,5654,2.112,1,2000,128,3,0.8
engramdb,5655,2.149,0,2000,128,3,0.8
engramdb,5656,2.090,1,2000,128,3,0.8
engramdb,5657,2.842,0,2000,128,3,0.8
engramdb,5658,2.340,1,2000,128,3,0.8
engramdb,5659,2.335,1,2000,128,3,0.8
engramdb,5660,2.179,1,2000,128,3,0.8
engramdb,5661,2.180,0,2000,128,3,0.8
engramdb,5662,2.159,0,2000,128,3,0.8
engramdb,5663,2.193,0,2000,128,3,0.8
engramdb,5664,2.195,1,2000,128,3,0.8
engramdb,5665,2.222,1,2000,128,3,0.8
engramdb,5666,2.090,1,2000,128,3,0.8
engramdb,5667,2.088,0,2000,128,3,0.8
engramdb,5668,2.106,0,2000,128,3,0.8
engramdb,5669,2.143,1,2000,128,3,0.8
engramdb,5670,2.221,1,2000,128,3,0.8
engramdb,5671,2.123,1,2000,128,3,0.8
engramdb,5672,2.105,1,2000,128,3,0.8
engramdb,5673,2.130,0,2000,128,3,0.8
engramdb,5674,2.091,0,2000,128,3,0.8
engramdb,5675,2.131,1,2000,128,3,0.8
engramdb,5676,2.241,1,2000,128,3,0.8
engramdb,5677,2.086,1,2000,128,3,0.8
engramdb,5678,2.201,0,2000,128,3,0.8
engramdb,5679,2.948,1,2000,128,3,0.8
engramdb,5680,2.272,0,2000,128,3,0.8
engramdb,5681,2.383,1,2000,128,3,0.8
engramdb,5682,2.207,1,2000,128,3,0.8
engramdb,5683,2.165,0,2000,128,3,0.8
engramdb,5684,2.092,0,2000,128,3,0.8
engramdb,5685,2.202,1,2000,128,3,0.8
engramdb,5686,2.099,0,2000,128,3,0.8
engramdb,5687,2.229,1,2000,128,3,0.8
engramdb,5688,2.267,1,2000,128,3,0.8
engramdb,5689,2.160,0,2000,128,3,0.8
engramdb,5690,2.230,1,2000,128,3,0.8
engramdb,5691,2.080,1,2000,128,3,0.8
engramdb,5692,2.125,0,2000,128,3,0.8
engramdb,5693,2.068,1,2000,128,3,0.8
engramdb,5694,2.098,0,2000,128,3,0.8
engramdb,5695,2.054,1,2000,128,3,0.8
engramdb,5696,2.069,1,2000,128,3,0.8
engramdb,5697,2.133,1,2000,128,3,0.8
engramdb,5698,2.103,0,2000,128,3,0.8
engramdb,5699,2.148,0,2000,128,3,0.8
engramdb,5700,2.894,1,2000,128,3,0.8
engramdb,5701,2.226,1,2000,128,3,0.8
engramdb,5702,2.170,1,2000,128,3,0.8
engramdb,5703,2.175,1,2000,128,3,0.8
engramdb,5704,2.165,0,2000,128,3,0.8
engramdb,5705,2.161,0,2000,128,3,0.8
engramdb,5706,2.264,1,2000,128,3,0.8
engramdb,5707,2.160,1,2000,128,3,0.8
engramdb,5708,2.079,1,2000,128,3,0.8
engramdb,5709,2.190,1,2000,128,3,0.8
engramdb,5710,2.145,0,2000,128,3,0.8
engramdb,5711,2.115,0,2000,128,3,0.8
engramdb,5712,2.104,1,2000,128,3,0.8
engramdb,5713,2.104,1,2000,128,3,0.8
engramdb,5714,2.152,1,2000,128,3,0.8
engramdb,5715,2.205,0,2000,128,3,0.8
engramdb,5716,2.117,1,2000,128,3,0.8
engramdb,5717,6.975,0,2000,128,3,0.8
engramdb,5718,2.627,1,2000,128,3,0.8
engramdb,5719,2.303,1,2000,128,3,0.8
engramdb,5720,2.307,0,2000,128,3,0.8
engramdb,5721,2.318,0,2000,128,3,0.8
engramdb,5722,2.158,1,2000,128,3,0.8
engramdb,5723,2.116,0,2000,128,3,0.8
engramdb,5724,2.137,1,2000,128,3,0.8
engramdb,5725,2.113,0,2000,128,3,0.8
engramdb,5726,2.201,0,2000,128,3,0.8
engramdb,5727,2.256,1,2000,128,3,0.8
engramdb,5728,2.120,1,2000,128,3,0.8
engramdb,5729,2.278,0,2000,128,3,0.8
engramdb,5730,2.152,1,2000,128,3,0.8
engramdb,5731,2.140,0,2000,128,3,0.8
engramdb,5732,2.101,1,2000,128,3,0.8
engramdb,5733,2.214,1,2000,128,3,0.8
engramdb,5734,5.089,1,2000,128,3,0.8
engramdb,5735,2.871,0,2000,128,3,0.8
engramdb,5736,2.315,0,2000,128,3,0.8
engramdb,5737,2.167,1,2000,128,3,0.8
engramdb,5738,4.759,1,2000,128,3,0.8
engramdb,5739,2.824,1,2000,128,3,0.8
engramdb,5740,2.446,1,2000,128,3,0.8
engramdb,5741,2.230,0,2000,128,3,0.8
engramdb,5742,2.183,0,2000,128,3,0.8
engramdb,5743,2.190,1,2000,128,3,0.8
engramdb,5744,2.331,1,2000,128,3,0.8
engramdb,5745,2.145,1,2000,128,3,0.8
engramdb,5746,2.154,1,2000,128,3,0.8
engramdb,5747,2.248,0,2000,128,3,0.8
engramdb,5748,2.095,0,2000,128,3,0.8
engramdb,5749,2.227,1,2000,128,3,0.8
engramdb,5750,2.102,1,2000,128,3,0.8
engramdb,5751,2.204,1,2000,128,3,0.8
engramdb,5752,2.117,0,2000,128,3,0.8
engramdb,5753,2.064,1,2000,128,3,0.8
engramdb,5754,2.127,0,2000,128,3,0.8
engramdb,5755,2.113,1,2000,128,3,0.8
engramdb,5756,2.190,1,2000,128,3,0.8
engramdb,5757,2.155,0,2000,128,3,0.8
engramdb,5758,2.267,1,2000,128,3,0.8
engramdb,5759,2.132,1,2000,128,3,0.8
engramdb,5760,2.107,0,2000,128,3,0.8
engramdb,5761,2.118,1,2000,128,3,0.8
engramdb,5762,2.767,0,2000,128,3,0.8
engramdb,5763,2.259,0,2000,128,3,0.8
engramdb,5764,2.214,1,2000,128,3,0.8
engramdb,5765,2.149,1,2000,128,3,0.8
engramdb,5766,2.325,0,2000,128,3,0.8
engramdb,5767,2.195,1,2000,128,3,0.8
engramdb,5768,2.234,0,2000,128,3,0.8
engramdb,5769,2.158,1,2000,128,3,0.8
engramdb,5770,4.835,1,2000,128,3,0.8
engramdb,5771,7.045,1,2000,128,3,0.8
engramdb,5772,2.365,0,2000,128,3,0.8
engramdb,5773,2.265,0,2000,128,3,0.8
engramdb,5774,2.158,1,2000,128,3,0.8
engramdb,5775,2.268,1,2000,128,3,0.8
engramdb,5776,2.178,1,2000,128,3,0.8
engramdb,5777,2.249,1,2000,128,3,0.8
engramdb,5778,2.415,0,2000,128,3,0.8
engramdb,5779,4.809,0,2000,128,3,0.8
engramdb,5780,6.539,1,2000,128,3,0.8
engramdb,5781,2.740,1,2000,128,3,0.8
engramdb,5782,2.157,1,2000,128,3,0.8
engramdb,5783,2.255,0,2000,128,3,0.8
engramdb,5784,2.170,0,2000,128,3,0.8
engramdb,5785,2.218,0,2000,128,3,0.8
engramdb,5786,2.294,1,2000,128,3,0.8
engramdb,5787,2.096,1,2000,128,3,0.8
engramdb,5788,2.144,1,2000,128,3,0.8
engramdb,5789,2.146,0,2000,128,3,0.8
engramdb,5790,2.136,1,2000,128,3,0.8
engramdb,5791,2.107,0,2000,128,3,0.8
engramdb,5792,2.173,1,2000,128,3,0.8
engramdb,5793,2.107,1,2000,128,3,0.8
engramdb,5794,2.087,0,2000,128,3,0.8
engramdb,5795,2.073,1,2000,128,3,0.8
engramdb,5796,2.142,1,2000,128,3,0.8
engramdb,5797,2.104,0,2000,128,3,0.8
engramdb,5798,2.190,1,2000,128,3,0.8
engramdb,5799,2.250,0,2000,128,3,0.8
engramdb,5800,2.063,1,2000,128,3,0.8
engramdb,5801,2.153,1,2000,128,3,0.8
engramdb,5802,2.106,1,2000,128,3,0.8
engramdb,5803,2.144,0,2000,128,3,0.8
engramdb,5804,2.108,0,2000,128,3,0.8
engramdb,5805,2.837,0,2000,128,3,0.8
engramdb,5806,2.426,1,2000,128,3,0.8
engramdb,5807,2.207,1,2000,128,3,0.8
engramdb,5808,2.323,1,2000,128,3,0.8
engramdb,5809,2.443,0,2000,128,3,0.8
engramdb,5810,2.143,0,2000,128,3,0.8
engramdb,5811,2.142,1,2000,128,3,0.8
engramdb,5812,2.203,1,2000,128,3,0.8
engramdb,5813,2.130,1,2000,128,3,0.8
engramdb,5814,2.822,1,2000,128,3,0.8
engramdb,5815,4.536,0,2000,128,3,0.8
engramdb,5816,2.922,0,2000,128,3,0.8
engramdb,5817,2.192,1,2000,128,3,0.8
engramdb,5818,2.189,1,2000,128,3,0.8
engramdb,5819,2.162,1,2000,128,3,0.8
engramdb,5820,2.254,0,2000,128,3,0.8
engramdb,5821,2.205,0,2000,128,3,0.8
engramdb,5822,2.220,0,2000,128,3,0.8
engramdb,5823,2.167,1,2000,128,3,0.8
engramdb,5824,2.132,1,2000,128,3,0.8
engramdb,5825,2.189,0,2000,128,3,0.8
engramdb,5826,2.106,0,2000,128,3,0.8
engramdb,5827,2.130,1,2000,128,3,0.8
engramdb,5828,2.143,0,2000,128,3,0.8
engramdb,5829,2.128,1,2000,128,3,0.8
engramdb,5830,4.684,1,2000,128,3,0.8
engramdb,5831,2.810,0,2000,128,3,0.8
engramdb,5832,2.230,1,2000,128,3,0.8
engramdb,5833,2.250,1,2000,128,3,0.8
engramdb,5834,2.156,0,2000,128,3,0.8
engramdb,5835,2.213,1,2000,128,3,0.8
engramdb,5836,2.182,0,2000,128,3,0.8
engramdb,5837,2.178,1,2000,128,3,0.8
engramdb,5838,2.121,1,2000,128,3,0.8
engramdb,5839,2.170,1,2000,128,3,0.8
engramdb,5840,2.103,0,2000,128,3,0.8
engramdb,5841,2.074,0,2000,128,3,0.8
engramdb,5842,2.088,0,2000,128,3,0.8
engramdb,5843,2.109,1,2000,128,3,0.8
engramdb,5844,2.142,1,2000,128,3,0.8
engramdb,5845,4.727,1,2000,128,3,0.8
engramdb,5846,2.909,0,2000,128,3,0.8
engramdb,5847,2.295,0,2000,128,3,0.8
engramdb,5848,2.130,1,2000,128,3,0.8
engramdb,5849,2.358,1,2000,128,3,0.8
engramdb,5850,2.200,1,2000,128,3,0.8
engramdb,5851,2.183,1,2000,128,3,0.8
engramdb,5852,2.262,0,2000,128,3,0.8
engramdb,5853,2.146,0,2000,128,3,0.8
engramdb,5854,2.139,1,2000,128,3,0.8
engramdb,5855,2.154,1,2000,128,3,0.8
engramdb,5856,2.158,1,2000,128,3,0.8
engramdb,5857,2.153,0,2000,128,3,0.8
engramdb,5858,5.493,1,2000,128,3,0.8
engramdb,5859,2.873,0,2000,128,3,0.8
engramdb,5860,2.323,1,2000,128,3,0.8
engramdb,5861,2.930,1,2000,128,3,0.8
engramdb,5862,4.830,0,2000,128,3,0.8
engramdb,5863,3.860,0,2000,128,3,0.8
engramdb,5864,3.571,1,2000,128,3,0.8
engramdb,5865,2.879,0,2000,128,3,0.8
engramdb,5866,2.855,1,2000,128,3,0.8
engramdb,5867,2.499,1,2000,128,3,0.8
engramdb,5868,2.962,0,2000,128,3,0.8
engramdb,5869,6.747,1,2000,128,3,0.8
engramdb,5870,5.419,1,2000,128,3,0.8
engramdb,5871,2.764,0,2000,128,3,0.8
engramdb,5872,2.390,1,2000,128,3,0.8
engramdb,5873,2.897,0,2000,128,3,0.8
engramdb,5874,2.288,1,2000,128,3,0.8
engramdb,5875,6.763,1,2000,128,3,0.8
engramdb,5876,2.389,1,2000,128,3,0.8
engramdb,5877,2.824,0,2000,128,3,0.8
engramdb,5878,2.321,0,2000,128,3,0.8
engramdb,5879,2.200,1,2000,128,3,0.8
engramdb,5880,2.201,1,2000,128,3,0.8
engramdb,5881,2.921,1,2000,128,3,0.8
engramdb,5882,2.295,1,2000,128,3,0.8
engramdb,5883,2.970,0,2000,128,3,0.8
engramdb,5884,2.289,0,2000,128,3,0.8
engramdb,5885,2.913,1,2000,128,3,0.8
engramdb,5886,2.322,1,2000,128,3,0.8
engramdb,5887,2.936,1,2000,128,3,0.8
engramdb,5888,5.007,1,2000,128,3,0.8
engramdb,5889,2.736,0,2000,128,3,0.8
engramdb,5890,6.678,0,2000,128,3,0.8
engramdb,5891,2.691,1,2000,128,3,0.8
engramdb,5892,6.774,1,2000,128,3,0.8
engramdb,5893,2.465,1,2000,128,3,0.8
engramdb,5894,2.878,0,2000,128,3,0.8
engramdb,5895,2.278,1,2000,128,3,0.8
engramdb,5896,2.950,0,2000,128,3,0.8
engramdb,5897,6.831,1,2000,128,3,0.8
engramdb,5898,5.135,1,2000,128,3,0.8
engramdb,5899,2.351,0,2000,128,3,0.8
engramdb,5900,2.926,1,2000,128,3,0.8
engramdb,5901,2.207,1,2000,128,3,0.8
engramdb,5902,3.060,0,2000,128,3,0.8
engramdb,5903,2.294,1,2000,128,3,0.8
engramdb,5904,2.824,0,2000,128,3,0.8
engramdb,5905,2.325,0,2000,128,3,0.8
engramdb,5906,2.922,1,2000,128,3,0.8
engramdb,5907,2.365,1,2000,128,3,0.8
engramdb,5908,2.835,0,2000,128,3,0.8
engramdb,5909,2.479,1,2000,128,3,0.8
engramdb,5910,2.924,0,2000,128,3,0.8
engramdb,5911,2.339,1,2000,128,3,0.8
engramdb,5912,2.918,1,2000,128,3,0.8
engramdb,5913,4.913,1,2000,128,3,0.8
engramdb,5914,2.819,0,2000,128,3,0.8
engramdb,5915,2.248,0,2000,128,3,0.8
engramdb,5916,3.407,1,2000,128,3,0.8
engramdb,5917,3.792,1,2000,128,3,0.8
engramdb,5918,4.334,1,2000,128,3,0.8
engramdb,5919,7.568,1,2000,128,3,0.8
engramdb,5920,5.164,0,2000,128,3,0.8
engramdb,5921,2.895,0,2000,128,3,0.8
engramdb,5922,2.403,1,2000,128,3,0.8
engramdb,5923,3.110,1,2000,128,3,0.8
engramdb,5924,2.375,1,2000,128,3,0.8
engramdb,5925,2.875,0,2000,128,3,0.8
engramdb,5926,2.570,0,2000,128,3,0.8
engramdb,5927,2.860,0,2000,128,3,0.8
engramdb,5928,6.997,1,2000,128,3,0.8
engramdb,5929,2.932,1,2000,128,3,0.8
engramdb,5930,2.866,1,2000,128,3,0.8
engramdb,5931,2.525,0,2000,128,3,0.8
engramdb,5932,3.115,1,2000,128,3,0.8
engramdb,5933,2.249,0,2000,128,3,0.8
engramdb,5934,3.010,1,2000,128,3,0.8
engramdb,5935,2.387,1,2000,128,3,0.8
engramdb,5936,2.942,0,2000,128,3,0.8
engramdb,5937,2.341,1,2000,128,3,0.8
engramdb,5938,2.818,1,2000,128,3,0.8
engramdb,5939,6.789,0,2000,128,3,0.8
engramdb,5940,2.529,1,2000,128,3,0.8
engramdb,5941,2.345,0,2000,128,3,0.8
engramdb,5942,5.802,0,2000,128,3,0.8
engramdb,5943,2.859,1,2000,128,3,0.8
engramdb,5944,2.348,1,2000,128,3,0.8
engramdb,5945,2.878,0,2000,128,3,0.8
engramdb,5946,7.130,1,2000,128,3,0.8
engramdb,5947,5.194,0,2000,128,3,0.8
engramdb,5948,5.106,1,2000,128,3,0.8
engramdb,5949,2.844,1,2000,128,3,0.8
engramdb,5950,2.399,1,2000,128,3,0.8
engramdb,5951,2.833,0,2000,128,3,0.8
engramdb,5952,2.303,0,2000,128,3,0.8
engramdb,5953,2.919,1,2000,128,3,0.8
engramdb,5954,2.229,1,2000,128,3,0.8
engramdb,5955,2.892,1,2000,128,3,0.8
engramdb,5956,2.663,1,2000,128,3,0.8
engramdb,5957,5.763,0,2000,128,3,0.8
engramdb,5958,4.988,0,2000,128,3,0.8
engramdb,5959,5.844,1,2000,128,3,0.8
engramdb,5960,2.382,1,2000,128,3,0.8
engramdb,5961,2.829,1,2000,128,3,0.8
engramdb,5962,6.799,0,2000,128,3,0.8
engramdb,5963,5.287,0,2000,128,3,0.8
engramdb,5964,5.108,0,2000,128,3,0.8
engramdb,5965,5.506,1,2000,128,3,0.8
engramdb,5966,2.949,1,2000,128,3,0.8
engramdb,5967,2.337,1,2000,128,3,0.8
engramdb,5968,2.960,0,2000,128,3,0.8
engramdb,5969,2.279,1,2000,128,3,0.8
engramdb,5970,2.919,0,2000,128,3,0.8
engramdb,5971,2.329,1,2000,128,3,0.8
engramdb,5972,3.121,1,2000,128,3,0.8
engramdb,5973,2.900,0,2000,128,3,0.8
engramdb,5974,2.301,1,2000,128,3,0.8
engramdb,5975,3.026,1,2000,128,3,0.8
engramdb,5976,4.922,0,2000,128,3,0.8
engramdb,5977,2.921,1,2000,128,3,0.8
engramdb,5978,2.389,0,2000,128,3,0.8
engramdb,5979,2.836,1,2000,128,3,0.8
engramdb,5980,2.404,1,2000,128,3,0.8
engramdb,5981,3.321,1,2000,128,3,0.8
engramdb,5982,2.389,0,2000,128,3,0.8
engramdb,5983,2.860,0,2000,128,3,0.8
engramdb,5984,2.343,0,2000,128,3,0.8
engramdb,5985,3.028,1,2000,128,3,0.8
engramdb,5986,2.305,1,2000,128,3,0.8
engramdb,5987,3.050,1,2000,128,3,0.8
engramdb,5988,2.245,0,2000,128,3,0.8
engramdb,5989,2.992,0,2000,128,3,0.8
engramdb,5990,2.484,1,2000,128,3,0.8
engramdb,5991,3.000,1,2000,128,3,0.8
engramdb,5992,5.349,1,2000,128,3,0.8
engramdb,5993,2.340,1,2000,128,3,0.8
engramdb,5994,2.761,0,2000,128,3,0.8
engramdb,5995,2.361,0,2000,128,3,0.8
engramdb,5996,3.230,1,2000,128,3,0.8
engramdb,5997,2.384,1,2000,128,3,0.8
engramdb,5998,2.857,1,2000,128,3,0.8
engramdb,5999,2.347,0,2000,128,3,0.8
engramdb,6000,3.264,1,2000,128,3,0.8
engramdb,6001,2.557,0,2000,128,3,0.8
engramdb,6002,3.215,1,2000,128,3,0.8
engramdb,6003,5.111,1,2000,128,3,0.8
engramdb,6004,2.306,0,2000,128,3,0.8
engramdb,6005,3.042,0,2000,128,3,0.8
engramdb,6006,2.752,1,2000,128,3,0.8
engramdb,6007,2.854,0,2000,128,3,0.8
engramdb,6008,2.342,1,2000,128,3,0.8
engramdb,6009,2.930,1,2000,128,3,0.8
engramdb,6010,4.956,0,2000,128,3,0.8
engramdb,6011,4.632,1,2000,128,3,0.8
engramdb,6012,4.876,1,2000,128,3,0.8
engramdb,6013,2.807,0,2000,128,3,0.8
engramdb,6014,2.628,1,2000,128,3,0.8
engramdb,6015,2.895,0,2000,128,3,0.8
engramdb,6016,2.372,1,2000,128,3,0.8
engramdb,6017,2.827,1,2000,128,3,0.8
engramdb,6018,5.287,1,2000,128,3,0.8
engramdb,6019,2.791,0,2000,128,3,0.8
engramdb,6020,7.090,0,2000,128,3,0.8
engramdb,6021,2.468,0,2000,128,3,0.8
engramdb,6022,6.827,1,2000,128,3,0.8
engramdb,6023,2.638,1,2000,128,3,0.8
engramdb,6024,4.760,1,2000,128,3,0.8
engramdb,6025,2.359,0,2000,128,3,0.8
engramdb,6026,2.310,0,2000,128,3,0.8
engramdb,6027,2.973,1,2000,128,3,0.8
engramdb,6028,2.460,1,2000,128,3,0.8
engramdb,6029,2.965,1,2000,128,3,0.8
engramdb,6030,2.306,1,2000,128,3,0.8
engramdb,6031,2.980,0,2000,128,3,0.8
engramdb,6032,2.568,0,2000,128,3,0.8
engramdb,6033,2.196,1,2000,128,3,0.8
engramdb,6034,3.005,1,2000,128,3,0.8
engramdb,6035,2.422,1,2000,128,3,0.8
engramdb,6036,2.959,0,2000,128,3,0.8
engramdb,6037,2.440,1,2000,128,3,0.8
engramdb,6038,2.863,0,2000,128,3,0.8
engramdb,6039,2.415,1,2000,128,3,0.8
engramdb,6040,2.941,1,2000,128,3,0.8
engramdb,6041,2.271,0,2000,128,3,0.8
engramdb,6042,2.333,0,2000,128,3,0.8
engramdb,6043,2.922,1,2000,128,3,0.8
engramdb,6044,2.211,0,2000,128,3,0.8
engramdb,6045,3.071,1,2000,128,3,0.8
engramdb,6046,2.261,1,2000,128,3,0.8
engramdb,6047,3.003,0,2000,128,3,0.8
engramdb,6048,2.388,1,2000,128,3,0.8
engramdb,6049,2.293,1,2000,128,3,0.8
engramdb,6050,2.890,0,2000,128,3,0.8
engramdb,6051,2.287,1,2000,128,3,0.8
engramdb,6052,2.850,0,2000,128,3,0.8
engramdb,6053,2.395,1,2000,128,3,0.8
engramdb,6054,2.954,1,2000,128,3,0.8
engramdb,6055,2.277,1,2000,128,3,0.8
engramdb,6056,2.900,0,2000,128,3,0.8
engramdb,6057,5.193,0,2000,128,3,0.8
engramdb,6058,2.303,1,2000,128,3,0.8
engramdb,6059,2.855,1,2000,128,3,0.8
engramdb,6060,2.280,1,2000,128,3,0.8
engramdb,6061,2.857,1,2000,128,3,0.8
engramdb,6062,2.257,0,2000,128,3,0.8
engramdb,6063,4.821,0,2000,128,3,0.8
engramdb,6064,2.814,1,2000,128,3,0.8
engramdb,6065,2.362,1,2000,128,3,0.8
engramdb,6066,2.938,1,2000,128,3,0.8
engramdb,6067,2.613,1,2000,128,3,0.8
engramdb,6068,2.890,0,2000,128,3,0.8
engramdb,6069,2.391,0,2000,128,3,0.8
engramdb,6070,2.946,1,2000,128,3,0.8
engramdb,6071,2.289,1,2000,128,3,0.8
engramdb,6072,3.139,1,2000,128,3,0.8
engramdb,6073,2.310,0,2000,128,3,0.8
engramdb,6074,2.832,1,2000,128,3,0.8
engramdb,6075,2.408,0,2000,128,3,0.8
engramdb,6076,2.965,1,2000,128,3,0.8
engramdb,6077,2.326,1,2000,128,3,0.8
engramdb,6078,2.831,0,2000,128,3,0.8
engramdb,6079,2.359,1,2000,128,3,0.8
engramdb,6080,2.881,1,2000,128,3,0.8
engramdb,6081,2.492,0,2000,128,3,0.8
engramdb,6082,6.154,1,2000,128,3,0.8
engramdb,6083,2.859,0,2000,128,3,0.8
engramdb,6084,2.255,0,2000,128,3,0.8
engramdb,6085,2.899,1,2000,128,3,0.8
engramdb,6086,2.239,1,2000,128,3,0.8
engramdb,6087,2.978,0,2000,128,3,0.8
engramdb,6088,2.299,1,2000,128,3,0.8
engramdb,6089,3.119,0,2000,128,3,0.8
engramdb,6090,2.408,1,2000,128,3,0.8
engramdb,6091,3.114,1,2000,128,3,0.8
engramdb,6092,2.375,1,2000,128,3,0.8
engramdb,6093,2.815,0,2000,128,3,0.8
engramdb,6094,2.573,0,2000,128,3,0.8
engramdb,6095,2.884,1,2000,128,3,0.8
engramdb,6096,2.336,1,2000,128,3,0.8
engramdb,6097,2.951,1,2000,128,3,0.8
engramdb,6098,4.805,1,2000,128,3,0.8
engramdb,6099,5.403,0,2000,128,3,0.8
engramdb,6100,2.915,1,2000,128,3,0.8
engramdb,6101,2.261,1,2000,128,3,0.8
engramdb,6102,2.425,1,2000,128,3,0.8
engramdb,6103,2.820,1,2000,128,3,0.8
engramdb,6104,4.800,0,2000,128,3,0.8
engramdb,6105,5.360,0,2000,128,3,0.8
engramdb,6106,2.855,0,2000,128,3,0.8
engramdb,6107,2.390,1,2000,128,3,0.8
engramdb,6108,2.978,1,2000,128,3,0.8
engramdb,6109,2.234,1,2000,128,3,0.8
engramdb,6110,2.967,0,2000,128,3,0.8
engramdb,6111,2.363,1,2000,128,3,0.8
engramdb,6112,2.880,0,2000,128,3,0.8
engramdb,6113,2.314,1,2000,128,3,0.8
engramdb,6114,2.882,1,2000,128,3,0.8
engramdb,6115,2.449,0,2000,128,3,0.8
engramdb,6116,2.963,1,2000,128,3,0.8
engramdb,6117,2.867,1,2000,128,3,0.8
engramdb,6118,4.948,0,2000,128,3,0.8
engramdb,6119,2.999,1,2000,128,3,0.8
engramdb,6120,2.557,0,2000,128,3,0.8
engramdb,6121,2.798,0,2000,128,3,0.8
engramdb,6122,2.373,1,2000,128,3,0.8
engramdb,6123,2.894,1,2000,128,3,0.8
engramdb,6124,2.349,0,2000,128,3,0.8
engramdb,6125,2.905,0,2000,128,3,0.8
engramdb,6126,2.286,0,2000,128,3,0.8
engramdb,6127,2.890,1,2000,128,3,0.8
engramdb,6128,2.341,1,2000,128,3,0.8
engramdb,6129,2.882,1,2000,128,3,0.8
engramdb,6130,2.353,0,2000,128,3,0.8
engramdb,6131,2.803,0,2000,128,3,0.8
engramdb,6132,2.275,1,2000,128,3,0.8
engramdb,6133,2.969,1,2000,128,3,0.8
engramdb,6134,2.240,1,2000,128,3,0.8
engramdb,6135,2.874,1,2000,128,3,0.8
engramdb,6136,2.379,0,2000,128,3,0.8
engramdb,6137,2.924,0,2000,128,3,0.8
engramdb,6138,2.453,1,2000,128,3,0.8
engramdb,6139,2.771,1,2000,128,3,0.8
engramdb,6140,5.117,1,2000,128,3,0.8
engramdb,6141,2.685,0,2000,128,3,0.8
engramdb,6142,6.712,0,2000,128,3,0.8
engramdb,6143,5.193,0,2000,128,3,0.8
engramdb,6144,2.281,1,2000,128,3,0.8
engramdb,6145,2.927,1,2000,128,3,0.8
engramdb,6146,2.279,1,2000,128,3,0.8
engramdb,6147,2.835,0,2000,128,3,0.8
engramdb,6148,2.354,1,2000,128,3,0.8
engramdb,6149,2.908,0,2000,128,3,0.8
engramdb,6150,2.999,1,2000,128,3,0.8
engramdb,6151,2.350,1,2000,128,3,0.8
engramdb,6152,2.815,0,2000,128,3,0.8
engramdb,6153,2.204,1,2000,128,3,0.8
engramdb,6154,2.935,1,2000,128,3,0.8
engramdb,6155,2.360,0,2000,128,3,0.8
engramdb,6156,2.840,1,2000,128,3,0.8
engramdb,6157,2.216,0,2000,128,3,0.8
engramdb,6158,2.828,1,2000,128,3,0.8
engramdb,6159,2.277,1,2000,128,3,0.8
engramdb,6160,2.781,1,2000,128,3,0.8
engramdb,6161,2.335,0,2000,128,3,0.8
engramdb,6162,2.954,0,2000,128,3,0.8
engramdb,6163,2.225,0,2000,128,3,0.8
engramdb,6164,2.939,1,2000,128,3,0.8
engramdb,6165,2.310,1,2000,128,3,0.8
engramdb,6166,2.823,1,2000,128,3,0.8
engramdb,6167,2.381,0,2000,128,3,0.8
engramdb,6168,2.959,0,2000,128,3,0.8
engramdb,6169,2.236,1,2000,128,3,0.8
engramdb,6170,2.348,1,2000,128,3,0.8
engramdb,6171,2.181,1,2000,128,3,0.8
engramdb,6172,2.309,1,2000,128,3,0.8
engramdb,6173,2.263,0,2000,128,3,0.8
engramdb,6174,2.218,0,2000,128,3,0.8
engramdb,6175,2.202,1,2000,128,3,0.8
engramdb,6176,2.160,1,2000,128,3,0.8
engramdb,6177,2.105,1,2000,128,3,0.8
engramdb,6178,2.265,0,2000,128,3,0.8
engramdb,6179,2.246,1,2000,128,3,0.8
engramdb,6180,4.803,0,2000,128,3,0.8
engramdb,6181,2.904,1,2000,128,3,0.8
engramdb,6182,2.385,1,2000,128,3,0.8
engramdb,6183,2.855,0,2000,128,3,0.8
engramdb,6184,2.308,0,2000,128,3,0.8
engramdb,6185,2.955,1,2000,128,3,0.8
engramdb,6186,2.248,0,2000,128,3,0.8
engramdb,6187,2.872,1,2000,128,3,0.8
engramdb,6188,2.440,1,2000,128,3,0.8
engramdb,6189,2.922,0,2000,128,3,0.8
engramdb,6190,2.375,1,2000,128,3,0.8
engramdb,6191,2.292,1,2000,128,3,0.8
engramdb,6192,2.910,0,2000,128,3,0.8
engramdb,6193,2.351,1,2000,128,3,0.8
engramdb,6194,2.872,0,2000,128,3,0.8
engramdb,6195,2.195,1,2000,128,3,0.8
engramdb,6196,2.805,1,2000,128,3,0.8
engramdb,6197,2.228,1,2000,128,3,0.8
engramdb,6198,2.796,0,2000,128,3,0.8
engramdb,6199,2.331,0,2000,128,3,0.8
engramdb,6200,2.933,1,2000,128,3,0.8
engramdb,6201,7.142,1,2000,128,3,0.8
engramdb,6202,5.124,1,2000,128,3,0.8
engramdb,6203,2.941,1,2000,128,3,0.8
engramdb,6204,2.380,0,2000,128,3,0.8
engramdb,6205,2.884,0,2000,128,3,0.8
engramdb,6206,2.294,1,2000,128,3,0.8
engramdb,6207,2.963,1,2000,128,3,0.8
engramdb,6208,4.748,1,2000,128,3,0.8
engramdb,6209,4.952,1,2000,128,3,0.8
engramdb,6210,2.938,0,2000,128,3,0.8
engramdb,6211,2.280,0,2000,128,3,0.8
engramdb,6212,2.848,1,2000,128,3,0.8
engramdb,6213,2.236,1,2000,128,3,0.8
engramdb,6214,2.886,1,2000,128,3,0.8
engramdb,6215,2.340,0,2000,128,3,0.8
engramdb,6216,2.898,1,2000,128,3,0.8
engramdb,6217,2.352,0,2000,128,3,0.8
engramdb,6218,2.797,1,2000,128,3,0.8
engramdb,6219,6.808,1,2000,128,3,0.8
engramdb,6220,5.183,0,2000,128,3,0.8
engramdb,6221,5.082,0,2000,128,3,0.8
engramdb,6222,2.354,1,2000,128,3,0.8
engramdb,6223,2.267,0,2000,128,3,0.8
engramdb,6224,2.462,1,2000,128,3,0.8
engramdb,6225,2.241,0,2000,128,3,0.8
engramdb,6226,5.367,0,2000,128,3,0.8
engramdb,6227,2.786,1,2000,128,3,0.8
engramdb,6228,2.423,1,2000,128,3,0.8
engramdb,6229,2.904,0,2000,128,3,0.8
engramdb,6230,2.368,1,2000,128,3,0.8
engramdb,6231,2.917,0,2000,128,3,0.8
engramdb,6232,2.367,1,2000,128,3,0.8
engramdb,6233,6.898,1,2000,128,3,0.8
engramdb,6234,2.944,1,2000,128,3,0.8
engramdb,6235,2.780,0,2000,128,3,0.8
engramdb,6236,4.900,0,2000,128,3,0.8
engramdb,6237,2.838,1,2000,128,3,0.8
engramdb,6238,2.405,1,2000,128,3,0.8
engramdb,6239,2.223,1,2000,128,3,0.8
engramdb,6240,2.925,1,2000,128,3,0.8
engramdb,6241,2.319,0,2000,128,3,0.8
engramdb,6242,2.923,0,2000,128,3,0.8
engramdb,6243,2.302,1,2000,128,3,0.8
engramdb,6244,2.893,1,2000,128,3,0.8
engramdb,6245,2.277,1,2000,128,3,0.8
engramdb,6246,2.805,1,2000,128,3,0.8
engramdb,6247,2.477,0,2000,128,3,0.8
engramdb,6248,2.866,0,2000,128,3,0.8
engramdb,6249,2.282,1,2000,128,3,0.8
engramdb,6250,6.772,1,2000,128,3,0.8
engramdb,6251,2.550,1,2000,128,3,0.8
engramdb,6252,6.743,0,2000,128,3,0.8
engramdb,6253,5.197,1,2000,128,3,0.8
engramdb,6254,4.624,0,2000,128,3,0.8
engramdb,6255,4.884,1,2000,128,3,0.8
engramdb,6256,2.356,1,2000,128,3,0.8
engramdb,6257,5.432,0,2000,128,3,0.8
engramdb,6258,4.685,1,2000,128,3,0.8
engramdb,6259,2.445,1,2000,128,3,0.8
engramdb,6260,4.683,0,2000,128,3,0.8
engramdb,6261,5.622,1,2000,128,3,0.8
engramdb,6262,6.862,0,2000,128,3,0.8
engramdb,6263,5.023,0,2000,128,3,0.8
engramdb,6264,2.871,1,2000,128,3,0.8
engramdb,6265,2.369,1,2000,128,3,0.8
engramdb,6266,2.786,0,2000,128,3,0.8
engramdb,6267,6.782,1,2000,128,3,0.8
engramdb,6268,2.405,0,2000,128,3,0.8
engramdb,6269,7.036,1,2000,128,3,0.8
engramdb,6270,2.370,1,2000,128,3,0.8
engramdb,6271,2.894,1,2000,128,3,0.8
engramdb,6272,2.290,0,2000,128,3,0.8
engramdb,6273,2.947,0,2000,128,3,0.8
engramdb,6274,2.257,1,2000,128,3,0.8
engramdb,6275,2.808,1,2000,128,3,0.8
engramdb,6276,2.330,1,2000,128,3,0.8
engramdb,6277,2.983,1,2000,128,3,0.8
engramdb,6278,2.503,0,2000,128,3,0.8
engramdb,6279,2.829,0,2000,128,3,0.8
engramdb,6280,6.795,1,2000,128,3,0.8
engramdb,6281,5.119,1,2000,128,3,0.8
engramdb,6282,2.848,1,2000,128,3,0.8
engramdb,6283,2.407,0,2000,128,3,0.8
engramdb,6284,2.906,0,2000,128,3,0.8
engramdb,6285,4.895,0,2000,128,3,0.8
engramdb,6286,5.380,1,2000,128,3,0.8
engramdb,6287,2.840,1,2000,128,3,0.8
engramdb,6288,2.411,1,2000,128,3,0.8
engramdb,6289,2.842,0,2000,128,3,0.8
engramdb,6290,2.880,1,2000,128,3,0.8
engramdb,6291,2.252,0,2000,128,3,0.8
engramdb,6292,2.952,1,2000,128,3,0.8
engramdb,6293,2.391,1,2000,128,3,0.8
engramdb,6294,2.969,0,2000,128,3,0.8
engramdb,6295,2.372,1,2000,128,3,0.8
engramdb,6296,5.215,1,2000,128,3,0.8
engramdb,6297,2.861,0,2000,128,3,0.8
engramdb,6298,2.317,1,2000,128,3,0.8
engramdb,6299,2.804,0,2000,128,3,0.8
engramdb,6300,6.745,1,2000,128,3,0.8
engramdb,6301,2.393,1,2000,128,3,0.8
engramdb,6302,2.835,1,2000,128,3,0.8
engramdb,6303,2.325,0,2000,128,3,0.8
engramdb,6304,5.273,0,2000,128,3,0.8
engramdb,6305,2.849,0,2000,128,3,0.8
engramdb,6306,2.342,1,2000,128,3,0.8
engramdb,6307,2.970,1,2000,128,3,0.8
engramdb,6308,2.874,1,2000,128,3,0.8
engramdb,6309,2.290,0,2000,128,3,0.8
engramdb,6310,3.006,0,2000,128,3,0.8
engramdb,6311,6.713,1,2000,128,3,0.8
engramdb,6312,5.042,1,2000,128,3,0.8
engramdb,6313,2.809,1,2000,128,3,0.8
engramdb,6314,2.376,1,2000,128,3,0.8
engramdb,6315,2.950,0,2000,128,3,0.8
engramdb,6316,2.841,0,2000,128,3,0.8
engramdb,6317,2.241,1,2000,128,3,0.8
engramdb,6318,2.871,1,2000,128,3,0.8
engramdb,6319,4.972,1,2000,128,3,0.8
engramdb,6320,2.820,0,2000,128,3,0.8
engramdb,6321,2.255,0,2000,128,3,0.8
engramdb,6322,2.823,0,2000,128,3,0.8
engramdb,6323,7.098,1,2000,128,3,0.8
engramdb,6324,5.023,1,2000,128,3,0.8
engramdb,6325,6.854,0,2000,128,3,0.8
engramdb,6326,4.945,0,2000,128,3,0.8
engramdb,6327,2.865,1,2000,128,3,0.8
engramdb,6328,2.317,0,2000,128,3,0.8
engramdb,6329,2.715,1,2000,128,3,0.8
engramdb,6330,2.363,1,2000,128,3,0.8
engramdb,6331,2.877,0,2000,128,3,0.8
engramdb,6332,2.382,1,2000,128,3,0.8
engramdb,6333,2.808,1,2000,128,3,0.8
engramdb,6334,2.414,0,2000,128,3,0.8
engramdb,6335,2.848,1,2000,128,3,0.8
engramdb,6336,2.334,0,2000,128,3,0.8
engramdb,6337,2.789,1,2000,128,3,0.8
engramdb,6338,4.795,1,2000,128,3,0.8
engramdb,6339,2.872,1,2000,128,3,0.8
engramdb,6340,4.837,0,2000,128,3,0.8
engramdb,6341,6.844,0,2000,128,3,0.8
engramdb,6342,4.994,0,2000,128,3,0.8
engramdb,6343,6.716,1,2000,128,3,0.8
engramdb,6344,2.789,1,2000,128,3,0.8
engramdb,6345,2.286,1,2000,128,3,0.8
engramdb,6346,2.905,0,2000,128,3,0.8
engramdb,6347,2.286,0,2000,128,3,0.8
engramdb,6348,2.237,1,2000,128,3,0.8
engramdb,6349,2.992,1,2000,128,3,0.8
engramdb,6350,2.269,1,2000,128,3,0.8
engramdb,6351,6.823,1,2000,128,3,0.8
engramdb,6352,2.614,0,2000,128,3,0.8
engramdb,6353,2.068,0,2000,128,3,0.8
engramdb,6354,2.267,1,2000,128,3,0.8
engramdb,6355,2.221,1,2000,128,3,0.8
engramdb,6356,2.828,1,2000,128,3,0.8
engramdb,6357,2.333,0,2000,128,3,0.8
engramdb,6358,2.527,1,2000,128,3,0.8
engramdb,6359,2.787,0,2000,128,3,0.8
engramdb,6360,2.497,1,2000,128,3,0.8
engramdb,6361,2.821,1,2000,128,3,0.8
engramdb,6362,2.254,0,2000,128,3,0.8
engramdb,6363,2.830,0,2000,128,3,0.8
engramdb,6364,6.728,1,2000,128,3,0.8
engramdb,6365,2.335,0,2000,128,3,0.8
engramdb,6366,2.879,1,2000,128,3,0.8
engramdb,6367,2.213,1,2000,128,3,0.8
engramdb,6368,2.800,0,2000,128,3,0.8
engramdb,6369,2.255,1,2000,128,3,0.8
engramdb,6370,2.889,1,2000,128,3,0.8
engramdb,6371,2.293,0,2000,128,3,0.8
engramdb,6372,2.193,1,2000,128,3,0.8
engramdb,6373,2.922,0,2000,128,3,0.8
engramdb,6374,2.396,1,2000,128,3,0.8
engramdb,6375,2.279,1,2000,128,3,0.8
engramdb,6376,5.452,1,2000,128,3,0.8
engramdb,6377,2.295,0,2000,128,3,0.8
engramdb,6378,2.888,0,2000,128,3,0.8
engramdb,6379,2.176,1,2000,128,3,0.8
engramdb,6380,2.864,1,2000,128,3,0.8
engramdb,6381,2.327,1,2000,128,3,0.8
engramdb,6382,3.105,1,2000,128,3,0.8
engramdb,6383,2.177,0,2000,128,3,0.8
engramdb,6384,2.862,0,2000,128,3,0.8
engramdb,6385,2.339,1,2000,128,3,0.8
engramdb,6386,2.842,1,2000,128,3,0.8
engramdb,6387,2.240,1,2000,128,3,0.8
engramdb,6388,2.890,1,2000,128,3,0.8
engramdb,6389,4.936,0,2000,128,3,0.8
engramdb,6390,2.221,0,2000,128,3,0.8
engramdb,6391,2.876,1,2000,128,3,0.8
engramdb,6392,2.233,1,2000,128,3,0.8
engramdb,6393,2.821,1,2000,128,3,0.8
engramdb,6394,2.256,0,2000,128,3,0.8
engramdb,6395,2.838,1,2000,128,3,0.8
engramdb,6396,6.970,0,2000,128,3,0.8
engramdb,6397,2.305,1,2000,128,3,0.8
engramdb,6398,2.900,1,2000,128,3,0.8
engramdb,6399,2.261,0,2000,128,3,0.8
engramdb,6400,2.964,1,2000,128,3,0.8
engramdb,6401,2.400,1,2000,128,3,0.8
engramdb,6402,2.890,0,2000,128,3,0.8
engramdb,6403,2.264,1,2000,128,3,0.8
engramdb,6404,2.272,0,2000,128,3,0.8
engramdb,6405,2.223,0,2000,128,3,0.8
engramdb,6406,5.431,1,2000,128,3,0.8
engramdb,6407,6.531,1,2000,128,3,0.8
engramdb,6408,2.549,0,2000,128,3,0.8
engramdb,6409,2.178,1,2000,128,3,0.8
engramdb,6410,2.844,0,2000,128,3,0.8
engramdb,6411,2.306,1,2000,128,3,0.8
engramdb,6412,2.802,1,2000,128,3,0.8
engramdb,6413,6.810,1,2000,128,3,0.8
engramdb,6414,2.423,0,2000,128,3,0.8
engramdb,6415,2.772,0,2000,128,3,0.8
engramdb,6416,6.708,1,2000,128,3,0.8
engramdb,6417,2.574,1,2000,128,3,0.8
engramdb,6418,3.161,1,2000,128,3,0.8
engramdb,6419,2.935,1,2000,128,3,0.8
engramdb,6420,2.371,0,2000,128,3,0.8
engramdb,6421,2.848,0,2000,128,3,0.8
engramdb,6422,2.482,1,2000,128,3,0.8
engramdb,6423,2.847,1,2000,128,3,0.8
engramdb,6424,4.915,1,2000,128,3,0.8
engramdb,6425,2.809,0,2000,128,3,0.8
engramdb,6426,2.322,0,2000,128,3,0.8
engramdb,6427,2.755,0,2000,128,3,0.8
engramdb,6428,2.666,1,2000,128,3,0.8
engramdb,6429,2.233,1,2000,128,3,0.8
engramdb,6430,2.801,1,2000,128,3,0.8
engramdb,6431,2.369,0,2000,128,3,0.8
engramdb,6432,2.295,1,2000,128,3,0.8
engramdb,6433,2.240,0,2000,128,3,0.8
engramdb,6434,2.147,1,2000,128,3,0.8
engramdb,6435,2.174,1,2000,128,3,0.8
engramdb,6436,2.135,0,2000,128,3,0.8
engramdb,6437,2.220,1,2000,128,3,0.8
engramdb,6438,2.170,1,2000,128,3,0.8
engramdb,6439,2.130,0,2000,128,3,0.8
engramdb,6440,2.303,1,2000,128,3,0.8
engramdb,6441,2.141,0,2000,128,3,0.8
engramdb,6442,2.128,0,2000,128,3,0.8
engramdb,6443,2.123,1,2000,128,3,0.8
engramdb,6444,2.147,1,2000,128,3,0.8
engramdb,6445,2.173,0,2000,128,3,0.8
engramdb,6446,2.168,1,2000,128,3,0.8
engramdb,6447,2.150,0,2000,128,3,0.8
engramdb,6448,3.032,1,2000,128,3,0.8
engramdb,6449,2.261,1,2000,128,3,0.8
engramdb,6450,2.253,1,2000,128,3,0.8
engramdb,6451,2.201,0,2000,128,3,0.8
engramdb,6452,2.212,0,2000,128,3,0.8
engramdb,6453,2.214,1,2000,128,3,0.8
engramdb,6454,2.263,1,2000,128,3,0.8
engramdb,6455,2.135,1,2000,128,3,0.8
engramdb,6456,2.114,1,2000,128,3,0.8
engramdb,6457,5.008,0,2000,128,3,0.8
engramdb,6458,2.120,0,2000,128,3,0.8
engramdb,6459,2.811,1,2000,128,3,0.8
engramdb,6460,2.326,1,2000,128,3,0.8
engramdb,6461,4.788,1,2000,128,3,0.8
engramdb,6462,2.302,0,2000,128,3,0.8
engramdb,6463,2.975,0,2000,128,3,0.8
engramdb,6464,2.301,0,2000,128,3,0.8
engramdb,6465,2.838,1,2000,128,3,0.8
engramdb,6466,2.253,1,2000,128,3,0.8
engramdb,6467,6.855,1,2000,128,3,0.8
engramdb,6468,2.334,0,2000,128,3,0.8
engramdb,6469,6.705,1,2000,128,3,0.8
engramdb,6470,2.483,0,2000,128,3,0.8
engramdb,6471,2.216,1,2000,128,3,0.8
engramdb,6472,2.847,1,2000,128,3,0.8
engramdb,6473,2.179,0,2000,128,3,0.8
engramdb,6474,5.606,1,2000,128,3,0.8
engramdb,6475,2.852,1,2000,128,3,0.8
engramdb,6476,2.289,0,2000,128,3,0.8
engramdb,6477,2.839,1,2000,128,3,0.8
engramdb,6478,2.291,0,2000,128,3,0.8
engramdb,6479,2.223,1,2000,128,3,0.8
engramdb,6480,2.866,1,2000,128,3,0.8
engramdb,6481,2.266,1,2000,128,3,0.8
engramdb,6482,2.832,0,2000,128,3,0.8
engramdb,6483,2.247,0,2000,128,3,0.8
engramdb,6484,2.175,0,2000,128,3,0.8
engramdb,6485,2.194,1,2000,128,3,0.8
engramdb,6486,2.180,1,2000,128,3,0.8
engramdb,6487,2.153,1,2000,128,3,0.8
engramdb,6488,2.166,0,2000,128,3,0.8
engramdb,6489,2.169,0,2000,128,3,0.8
engramdb,6490,2.243,1,2000,128,3,0.8
engramdb,6491,2.310,1,2000,128,3,0.8
engramdb,6492,2.169,1,2000,128,3,0.8
engramdb,6493,2.196,1,2000,128,3,0.8
engramdb,6494,2.183,0,2000,128,3,0.8
engramdb,6495,2.131,0,2000,128,3,0.8
engramdb,6496,2.137,1,2000,128,3,0.8
engramdb,6497,2.904,1,2000,128,3,0.8
engramdb,6498,2.236,1,2000,128,3,0.8
engramdb,6499,2.220,0,2000,128,3,0.8
engramdb,6500,2.195,1,2000,128,3,0.8
engramdb,6501,2.094,0,2000,128,3,0.8
engramdb,6502,2.140,1,2000,128,3,0.8
engramdb,6503,2.133,1,2000,128,3,0.8
engramdb,6504,2.238,0,2000,128,3,0.8
engramdb,6505,2.140,0,2000,128,3,0.8
engramdb,6506,2.145,1,2000,128,3,0.8
engramdb,6507,2.084,0,2000,128,3,0.8
engramdb,6508,2.133,1,2000,128,3,0.8
engramdb,6509,2.121,1,2000,128,3,0.8
engramdb,6510,2.149,0,2000,128,3,0.8
engramdb,6511,2.129,1,2000,128,3,0.8
engramdb,6512,2.098,1,2000,128,3,0.8
engramdb,6513,2.072,0,2000,128,3,0.8
engramdb,6514,2.220,1,2000,128,3,0.8
engramdb,6515,2.152,0,2000,128,3,0.8
engramdb,6516,2.225,1,2000,128,3,0.8
engramdb,6517,2.080,1,2000,128,3,0.8
engramdb,6518,2.067,1,2000,128,3,0.8
engramdb,6519,2.136,0,2000,128,3,0.8
engramdb,6520,2.100,0,2000,128,3,0.8
engramdb,6521,2.091,0,2000,128,3,0.8
engramdb,6522,2.089,1,2000,128,3,0.8
engramdb,6523,2.079,1,2000,128,3,0.8
engramdb,6524,2.090,1,2000,128,3,0.8
engramdb,6525,2.048,0,2000,128,3,0.8
engramdb,6526,2.012,0,2000,128,3,0.8
engramdb,6527,2.092,1,2000,128,3,0.8
engramdb,6528,2.949,1,2000,128,3,0.8
engramdb,6529,2.275,1,2000,128,3,0.8
engramdb,6530,2.373,1,2000,128,3,0.8
engramdb,6531,2.252,0,2000,128,3,0.8
engramdb,6532,2.222,0,2000,128,3,0.8
engramdb,6533,2.152,1,2000,128,3,0.8
engramdb,6534,2.168,1,2000,128,3,0.8
engramdb,6535,2.290,1,2000,128,3,0.8
engramdb,6536,2.197,0,2000,128,3,0.8
engramdb,6537,2.125,1,2000,128,3,0.8
engramdb,6538,2.102,0,2000,128,3,0.8
engramdb,6539,2.195,1,2000,128,3,0.8
engramdb,6540,2.166,1,2000,128,3,0.8
engramdb,6541,2.129,0,2000,128,3,0.8
engramdb,6542,2.085,0,2000,128,3,0.8
engramdb,6543,2.090,1,2000,128,3,0.8
engramdb,6544,2.143,0,2000,128,3,0.8
engramdb,6545,2.126,1,2000,128,3,0.8
engramdb,6546,2.166,1,2000,128,3,0.8
engramdb,6547,2.128,0,2000,128,3,0.8
engramdb,6548,2.925,1,2000,128,3,0.8
engramdb,6549,2.174,1,2000,128,3,0.8
engramdb,6550,2.180,0,2000,128,3,0.8
engramdb,6551,2.218,1,2000,128,3,0.8
engramdb,6552,2.128,0,2000,128,3,0.8
engramdb,6553,2.107,1,2000,128,3,0.8
engramdb,6554,2.167,1,2000,128,3,0.8
engramdb,6555,2.054,1,2000,128,3,0.8
engramdb,6556,2.124,0,2000,128,3,0.8
engramdb,6557,2.056,0,2000,128,3,0.8
engramdb,6558,2.215,1,2000,128,3,0.8
engramdb,6559,2.081,1,2000,128,3,0.8
engramdb,6560,2.131,1,2000,128,3,0.8
engramdb,6561,2.166,1,2000,128,3,0.8
engramdb,6562,2.232,0,2000,128,3,0.8
engramdb,6563,2.118,0,2000,128,3,0.8
engramdb,6564,2.317,1,2000,128,3,0.8
engramdb,6565,2.143,1,2000,128,3,0.8
engramdb,6566,2.099,1,2000,128,3,0.8
engramdb,6567,2.124,1,2000,128,3,0.8
engramdb,6568,2.189,0,2000,128,3,0.8
engramdb,6569,2.868,0,2000,128,3,0.8
engramdb,6570,2.375,1,2000,128,3,0.8
engramdb,6571,2.207,1,2000,128,3,0.8
engramdb,6572,2.113,1,2000,128,3,0.8
engramdb,6573,2.312,0,2000,128,3,0.8
engramdb,6574,2.125,1,2000,128,3,0.8
engramdb,6575,2.171,0,2000,128,3,0.8
engramdb,6576,2.160,1,2000,128,3,0.8
engramdb,6577,2.216,1,2000,128,3,0.8
engramdb,6578,2.106,0,2000,128,3,0.8
engramdb,6579,2.137,1,2000,128,3,0.8
engramdb,6580,2.125,1,2000,128,3,0.8
engramdb,6581,2.126,0,2000,128,3,0.8
engramdb,6582,2.123,1,2000,128,3,0.8
engramdb,6583,2.213,0,2000,128,3,0.8
engramdb,6584,2.200,0,2000,128,3,0.8
engramdb,6585,2.119,1,2000,128,3,0.8
engramdb,6586,2.099,1,2000,128,3,0.8
engramdb,6587,2.047,0,2000,128,3,0.8
engramdb,6588,2.140,1,2000,128,3,0.8
engramdb,6589,2.092,0,2000,128,3,0.8
engramdb,6590,2.826,1,2000,128,3,0.8
engramdb,6591,2.398,1,2000,128,3,0.8
engramdb,6592,2.837,1,2000,128,3,0.8
engramdb,6593,4.899,0,2000,128,3,0.8
engramdb,6594,6.935,0,2000,128,3,0.8
engramdb,6595,5.012,1,2000,128,3,0.8
engramdb,6596,2.897,1,2000,128,3,0.8
engramdb,6597,2.261,1,2000,128,3,0.8
engramdb,6598,2.832,1,2000,128,3,0.8
engramdb,6599,2.289,0,2000,128,3,0.8
engramdb,6600,2.873,1,2000,128,3,0.8
engramdb,6601,2.306,1,2000,128,3,0.8
engramdb,6602,2.839,1,2000,128,3,0.8
engramdb,6603,6.787,1,2000,128,3,0.8
engramdb,6604,2.609,0,2000,128,3,0.8
engramdb,6605,2.159,0,2000,128,3,0.8
engramdb,6606,6.852,0,2000,128,3,0.8
engramdb,6607,2.448,1,2000,128,3,0.8
engramdb,6608,2.845,1,2000,128,3,0.8
engramdb,6609,4.805,1,2000,128,3,0.8
engramdb,6610,2.204,0,2000,128,3,0.8
engramdb,6611,2.871,1,2000,128,3,0.8
engramdb,6612,2.224,0,2000,128,3,0.8
engramdb,6613,2.812,1,2000,128,3,0.8
engramdb,6614,2.370,1,2000,128,3,0.8
engramdb,6615,2.850,0,2000,128,3,0.8
engramdb,6616,2.300,1,2000,128,3,0.8
engramdb,6617,2.770,1,2000,128,3,0.8
engramdb,6618,2.277,0,2000,128,3,0.8
engramdb,6619,2.885,1,2000,128,3,0.8
engramdb,6620,2.281,0,2000,128,3,0.8
engramdb,6621,2.855,0,2000,128,3,0.8
engramdb,6622,2.313,1,2000,128,3,0.8
engramdb,6623,2.822,1,2000,128,3,0.8
engramdb,6624,2.282,0,2000,128,3,0.8
engramdb,6625,2.857,0,2000,128,3,0.8
engramdb,6626,2.307,0,2000,128,3,0.8
engramdb,6627,5.460,1,2000,128,3,0.8
engramdb,6628,2.905,1,2000,128,3,0.8
engramdb,6629,2.359,1,2000,128,3,0.8
engramdb,6630,2.841,0,2000,128,3,0.8
engramdb,6631,2.183,0,2000,128,3,0.8
engramdb,6632,2.813,1,2000,128,3,0.8
engramdb,6633,2.270,1,2000,128,3,0.8
engramdb,6634,2.868,1,2000,128,3,0.8
engramdb,6635,2.244,1,2000,128,3,0.8
engramdb,6636,2.816,0,2000,128,3,0.8
engramdb,6637,2.210,0,2000,128,3,0.8
engramdb,6638,2.811,1,2000,128,3,0.8
engramdb,6639,2.232,1,2000,128,3,0.8
engramdb,6640,2.863,1,2000,128,3,0.8
engramdb,6641,2.167,0,2000,128,3,0.8
engramdb,6642,2.889,0,2000,128,3,0.8
engramdb,6643,4.865,0,2000,128,3,0.8
engramdb,6644,5.484,1,2000,128,3,0.8
engramdb,6645,2.875,1,2000,128,3,0.8
engramdb,6646,2.229,1,2000,128,3,0.8
engramdb,6647,2.773,0,2000,128,3,0.8
engramdb,6648,4.986,1,2000,128,3,0.8
engramdb,6649,2.155,0,2000,128,3,0.8
engramdb,6650,2.860,1,2000,128,3,0.8
engramdb,6651,2.290,1,2000,128,3,0.8
engramdb,6652,2.198,0,2000,128,3,0.8
engramdb,6653,2.139,1,2000,128,3,0.8
engramdb,6654,2.076,1,2000,128,3,0.8
engramdb,6655,2.168,0,2000,128,3,0.8
engramdb,6656,2.207,1,2000,128,3,0.8
engramdb,6657,2.175,0,2000,128,3,0.8
engramdb,6658,2.151,1,2000,128,3,0.8
engramdb,6659,2.075,1,2000,128,3,0.8
engramdb,6660,2.204,1,2000,128,3,0.8
engramdb,6661,2.108,0,2000,128,3,0.8
engramdb,6662,2.113,0,2000,128,3,0.8
engramdb,6663,4.723,0,2000,128,3,0.8
engramdb,6664,5.018,1,2000,128,3,0.8
engramdb,6665,2.252,1,2000,128,3,0.8
engramdb,6666,5.590,1,2000,128,3,0.8
engramdb,6667,2.788,0,2000,128,3,0.8
engramdb,6668,2.226,0,2000,128,3,0.8
engramdb,6669,2.814,1,2000,128,3,0.8
engramdb,6670,2.353,1,2000,128,3,0.8
engramdb,6671,2.877,1,2000,128,3,0.8
engramdb,6672,2.806,1,2000,128,3,0.8
engramdb,6673,2.272,0,2000,128,3,0.8
engramdb,6674,2.869,0,2000,128,3,0.8
engramdb,6675,2.321,1,2000,128,3,0.8
engramdb,6676,5.438,1,2000,128,3,0.8
engramdb,6677,2.782,1,2000,128,3,0.8
engramdb,6678,2.312,0,2000,128,3,0.8
engramdb,6679,2.839,1,2000,128,3,0.8
engramdb,6680,2.500,0,2000,128,3,0.8
engramdb,6681,2.829,1,2000,128,3,0.8
engramdb,6682,2.430,1,2000,128,3,0.8
engramdb,6683,2.820,0,2000,128,3,0.8
engramdb,6684,2.559,0,2000,128,3,0.8
engramdb,6685,2.868,1,2000,128,3,0.8
engramdb,6686,2.785,0,2000,128,3,0.8
engramdb,6687,2.386,1,2000,128,3,0.8
engramdb,6688,3.129,1,2000,128,3,0.8
engramdb,6689,2.267,0,2000,128,3,0.8
engramdb,6690,2.819,1,2000,128,3,0.8
engramdb,6691,6.671,1,2000,128,3,0.8
engramdb,6692,5.062,0,2000,128,3,0.8
engramdb,6693,2.217,1,2000,128,3,0.8
engramdb,6694,5.380,0,2000,128,3,0.8
engramdb,6695,2.579,1,2000,128,3,0.8
engramdb,6696,2.219,1,2000,128,3,0.8
engramdb,6697,2.841,1,2000,128,3,0.8
engramdb,6698,2.264,0,2000,128,3,0.8
engramdb,6699,2.256,0,2000,128,3,0.8
engramdb,6700,2.230,1,2000,128,3,0.8
engramdb,6701,2.815,1,2000,128,3,0.8
engramdb,6702,2.352,1,2000,128,3,0.8
engramdb,6703,2.142,1,2000,128,3,0.8
engramdb,6704,2.218,0,2000,128,3,0.8
engramdb,6705,2.421,0,2000,128,3,0.8
engramdb,6706,2.360,1,2000,128,3,0.8
engramdb,6707,2.274,1,2000,128,3,0.8
engramdb,6708,2.374,1,2000,128,3,0.8
engramdb,6709,2.131,1,2000,128,3,0.8
engramdb,6710,2.288,0,2000,128,3,0.8
engramdb,6711,2.045,0,2000,128,3,0.8
engramdb,6712,2.144,1,2000,128,3,0.8
engramdb,6713,2.142,1,2000,128,3,0.8
engramdb,6714,2.250,1,2000,128,3,0.8
engramdb,6715,2.154,0,2000,128,3,0.8
engramdb,6716,2.177,1,2000,128,3,0.8
engramdb,6717,2.897,0,2000,128,3,0.8
engramdb,6718,2.378,1,2000,128,3,0.8
engramdb,6719,2.827,1,2000,128,3,0.8
engramdb,6720,2.249,0,2000,128,3,0.8
engramdb,6721,2.986,0,2000,128,3,0.8
engramdb,6722,2.276,1,2000,128,3,0.8
engramdb,6723,2.169,0,2000,128,3,0.8
engramdb,6724,5.250,1,2000,128,3,0.8
engramdb,6725,2.790,0,2000,128,3,0.8
engramdb,6726,2.278,0,2000,128,3,0.8
engramdb,6727,2.887,1,2000,128,3,0.8
engramdb,6728,2.287,1,2000,128,3,0.8
engramdb,6729,5.362,0,2000,128,3,0.8
engramdb,6730,2.847,1,2000,128,3,0.8
engramdb,6731,5.109,0,2000,128,3,0.8
engramdb,6732,2.307,1,2000,128,3,0.8
engramdb,6733,2.822,1,2000,128,3,0.8
engramdb,6734,2.362,1,2000,128,3,0.8
engramdb,6735,2.803,0,2000,128,3,0.8
engramdb,6736,2.271,0,2000,128,3,0.8
engramdb,6737,2.755,1,2000,128,3,0.8
engramdb,6738,2.321,1,2000,128,3,0.8
engramdb,6739,2.881,1,2000,128,3,0.8
engramdb,6740,2.459,1,2000,128,3,0.8
engramdb,6741,2.811,0,2000,128,3,0.8
engramdb,6742,2.283,0,2000,128,3,0.8
engramdb,6743,2.827,1,2000,128,3,0.8
engramdb,6744,2.320,1,2000,128,3,0.8
engramdb,6745,2.821,1,2000,128,3,0.8
engramdb,6746,4.898,1,2000,128,3,0.8
engramdb,6747,2.942,0,2000,128,3,0.8
engramdb,6748,2.337,0,2000,128,3,0.8
engramdb,6749,2.993,1,2000,128,3,0.8
engramdb,6750,4.923,1,2000,128,3,0.8
engramdb,6751,2.822,1,2000,128,3,0.8
engramdb,6752,4.813,0,2000,128,3,0.8
engramdb,6753,6.617,1,2000,128,3,0.8
engramdb,6754,5.353,0,2000,128,3,0.8
engramdb,6755,2.238,1,2000,128,3,0.8
engramdb,6756,2.758,1,2000,128,3,0.8
engramdb,6757,2.258,0,2000,128,3,0.8
engramdb,6758,2.335,1,2000,128,3,0.8
engramdb,6759,5.856,1,2000,128,3,0.8
engramdb,6760,6.716,0,2000,128,3,0.8
engramdb,6761,4.919,1,2000,128,3,0.8
engramdb,6762,2.242,0,2000,128,3,0.8
engramdb,6763,2.906,0,2000,128,3,0.8
engramdb,6764,2.406,1,2000,128,3,0.8
engramdb,6765,5.409,1,2000,128,3,0.8
engramdb,6766,6.810,0,2000,128,3,0.8
engramdb,6767,4.843,1,2000,128,3,0.8
engramdb,6768,6.663,0,2000,128,3,0.8
engramdb,6769,4.896,1,2000,128,3,0.8
engramdb,6770,2.287,1,2000,128,3,0.8
engramdb,6771,2.736,1,2000,128,3,0.8
engramdb,6772,2.249,0,2000,128,3,0.8
engramdb,6773,2.935,0,2000,128,3,0.8
engramdb,6774,2.417,1,2000,128,3,0.8
engramdb,6775,2.950,1,2000,128,3,0.8
engramdb,6776,2.426,1,2000,128,3,0.8
engramdb,6777,2.878,1,2000,128,3,0.8
engramdb,6778,2.281,0,2000,128,3,0.8
engramdb,6779,2.900,0,2000,128,3,0.8
engramdb,6780,2.367,1,2000,128,3,0.8
engramdb,6781,2.893,1,2000,128,3,0.8
engramdb,6782,2.292,1,2000,128,3,0.8
engramdb,6783,2.895,0,2000,128,3,0.8
engramdb,6784,2.215,0,2000,128,3,0.8
engramdb,6785,2.919,0,2000,128,3,0.8
engramdb,6786,2.307,1,2000,128,3,0.8
engramdb,6787,2.886,1,2000,128,3,0.8
engramdb,6788,2.372,1,2000,128,3,0.8
engramdb,6789,2.775,0,2000,128,3,0.8
engramdb,6790,4.823,1,2000,128,3,0.8
engramdb,6791,6.491,0,2000,128,3,0.8
engramdb,6792,2.837,1,2000,128,3,0.8
engramdb,6793,2.240,1,2000,128,3,0.8
engramdb,6794,5.424,0,2000,128,3,0.8
engramdb,6795,2.372,1,2000,128,3,0.8
engramdb,6796,2.780,1,2000,128,3,0.8
engramdb,6797,2.295,0,2000,128,3,0.8
engramdb,6798,2.858,1,2000,128,3,0.8
engramdb,6799,2.319,0,2000,128,3,0.8
engramdb,6800,2.817,1,2000,128,3,0.8
engramdb,6801,2.265,1,2000,128,3,0.8
engramdb,6802,3.153,1,2000,128,3,0.8
engramdb,6803,4.897,0,2000,128,3,0.8
engramdb,6804,7.053,0,2000,128,3,0.8
engramdb,6805,4.962,0,2000,128,3,0.8
engramdb,6806,4.544,1,2000,128,3,0.8
engramdb,6807,5.575,1,2000,128,3,0.8
engramdb,6808,2.332,1,2000,128,3,0.8
engramdb,6809,2.855,0,2000,128,3,0.8
engramdb,6810,2.282,0,2000,128,3,0.8
engramdb,6811,2.875,1,2000,128,3,0.8
engramdb,6812,8.895,1,2000,128,3,0.8
engramdb,6813,2.884,1,2000,128,3,0.8
engramdb,6814,2.274,1,2000,128,3,0.8
engramdb,6815,2.305,0,2000,128,3,0.8
engramdb,6816,2.876,0,2000,128,3,0.8
engramdb,6817,5.013,1,2000,128,3,0.8
engramdb,6818,2.260,1,2000,128,3,0.8
engramdb,6819,2.758,1,2000,128,3,0.8
engramdb,6820,2.292,0,2000,128,3,0.8
engramdb,6821,3.005,0,2000,128,3,0.8
engramdb,6822,2.209,0,2000,128,3,0.8
engramdb,6823,2.540,1,2000,128,3,0.8
engramdb,6824,2.927,1,2000,128,3,0.8
engramdb,6825,4.830,0,2000,128,3,0.8
engramdb,6826,2.259,0,2000,128,3,0.8
engramdb,6827,2.840,1,2000,128,3,0.8
engramdb,6828,2.249,0,2000,128,3,0.8
engramdb,6829,2.238,1,2000,128,3,0.8
engramdb,6830,2.955,1,2000,128,3,0.8
engramdb,6831,2.385,0,2000,128,3,0.8
engramdb,6832,2.377,1,2000,128,3,0.8
engramdb,6833,2.866,1,2000,128,3,0.8
engramdb,6834,2.307,0,2000,128,3,0.8
engramdb,6835,2.899,1,2000,128,3,0.8
engramdb,6836,5.117,0,2000,128,3,0.8
engramdb,6837,2.239,1,2000,128,3,0.8
engramdb,6838,6.903,1,2000,128,3,0.8
engramdb,6839,2.370,1,2000,128,3,0.8
engramdb,6840,2.223,0,2000,128,3,0.8
engramdb,6841,2.156,0,2000,128,3,0.8
engramdb,6842,2.786,0,2000,128,3,0.8
engramdb,6843,2.320,1,2000,128,3,0.8
engramdb,6844,2.245,1,2000,128,3,0.8
engramdb,6845,2.347,1,2000,128,3,0.8
engramdb,6846,2.863,0,2000,128,3,0.8
engramdb,6847,2.348,0,2000,128,3,0.8
engramdb,6848,2.247,1,2000,128,3,0.8
engramdb,6849,2.789,1,2000,128,3,0.8
engramdb,6850,2.210,1,2000,128,3,0.8
engramdb,6851,2.342,1,2000,128,3,0.8
engramdb,6852,2.900,0,2000,128,3,0.8
engramdb,6853,2.351,0,2000,128,3,0.8
engramdb,6854,2.160,1,2000,128,3,0.8
engramdb,6855,2.253,1,2000,128,3,0.8
engramdb,6856,2.841,1,2000,128,3,0.8
engramdb,6857,2.318,0,2000,128,3,0.8
engramdb,6858,2.345,1,2000,128,3,0.8
engramdb,6859,2.930,0,2000,128,3,0.8
engramdb,6860,2.295,1,2000,128,3,0.8
engramdb,6861,4.917,1,2000,128,3,0.8
engramdb,6862,2.193,0,2000,128,3,0.8
engramdb,6863,2.799,0,2000,128,3,0.8
engramdb,6864,2.229,1,2000,128,3,0.8
engramdb,6865,2.347,0,2000,128,3,0.8
engramdb,6866,2.276,1,2000,128,3,0.8
engramdb,6867,2.978,1,2000,128,3,0.8
engramdb,6868,4.965,0,2000,128,3,0.8
engramdb,6869,2.228,1,2000,128,3,0.8
engramdb,6870,2.844,1,2000,128,3,0.8
engramdb,6871,2.275,0,2000,128,3,0.8
engramdb,6872,2.349,1,2000,128,3,0.8
engramdb,6873,2.858,0,2000,128,3,0.8
engramdb,6874,2.339,1,2000,128,3,0.8
engramdb,6875,2.937,1,2000,128,3,0.8
engramdb,6876,2.362,1,2000,128,3,0.8
engramdb,6877,2.779,0,2000,128,3,0.8
engramdb,6878,2.358,0,2000,128,3,0.8
engramdb,6879,2.867,1,2000,128,3,0.8
engramdb,6880,6.864,1,2000,128,3,0.8
engramdb,6881,2.325,1,2000,128,3,0.8
engramdb,6882,2.930,1,2000,128,3,0.8
engramdb,6883,2.328,0,2000,128,3,0.8
engramdb,6884,2.863,0,2000,128,3,0.8
engramdb,6885,2.268,1,2000,128,3,0.8
engramdb,6886,5.480,1,2000,128,3,0.8
engramdb,6887,6.802,1,2000,128,3,0.8
engramdb,6888,2.528,1,2000,128,3,0.8
engramdb,6889,3.003,0,2000,128,3,0.8
engramdb,6890,2.415,0,2000,128,3,0.8
engramdb,6891,2.900,1,2000,128,3,0.8
engramdb,6892,4.655,1,2000,128,3,0.8
engramdb,6893,2.323,1,2000,128,3,0.8
engramdb,6894,2.874,0,2000,128,3,0.8
engramdb,6895,2.389,1,2000,128,3,0.8
engramdb,6896,2.838,0,2000,128,3,0.8
engramdb,6897,6.856,1,2000,128,3,0.8
engramdb,6898,2.517,1,2000,128,3,0.8
engramdb,6899,2.201,0,2000,128,3,0.8
engramdb,6900,2.931,1,2000,128,3,0.8
engramdb,6901,6.440,1,2000,128,3,0.8
engramdb,6902,5.368,0,2000,128,3,0.8
engramdb,6903,2.836,1,2000,128,3,0.8
engramdb,6904,2.496,0,2000,128,3,0.8
engramdb,6905,2.928,0,2000,128,3,0.8
engramdb,6906,2.342,1,2000,128,3,0.8
engramdb,6907,2.800,1,2000,128,3,0.8
engramdb,6908,6.990,0,2000,128,3,0.8
engramdb,6909,4.932,1,2000,128,3,0.8
engramdb,6910,2.917,0,2000,128,3,0.8
engramdb,6911,2.280,1,2000,128,3,0.8
engramdb,6912,2.478,1,2000,128,3,0.8
engramdb,6913,2.200,1,2000,128,3,0.8
engramdb,6914,2.124,0,2000,128,3,0.8
engramdb,6915,2.146,0,2000,128,3,0.8
engramdb,6916,2.103,1,2000,128,3,0.8
engramdb,6917,2.154,1,2000,128,3,0.8
engramdb,6918,2.867,1,2000,128,3,0.8
engramdb,6919,2.457,1,2000,128,3,0.8
engramdb,6920,2.218,0,2000,128,3,0.8
engramdb,6921,2.132,0,2000,128,3,0.8
engramdb,6922,2.240,1,2000,128,3,0.8
engramdb,6923,2.255,1,2000,128,3,0.8
engramdb,6924,7.008,1,2000,128,3,0.8
engramdb,6925,2.556,0,2000,128,3,0.8
engramdb,6926,2.417,0,2000,128,3,0.8
engramdb,6927,2.220,0,2000,128,3,0.8
engramdb,6928,2.197,1,2000,128,3,0.8
engramdb,6929,2.135,1,2000,128,3,0.8
engramdb,6930,2.173,1,2000,128,3,0.8
engramdb,6931,2.135,0,2000,128,3,0.8
engramdb,6932,2.323,1,2000,128,3,0.8
engramdb,6933,2.116,0,2000,128,3,0.8
engramdb,6934,2.871,1,2000,128,3,0.8
engramdb,6935,2.328,1,2000,128,3,0.8
engramdb,6936,2.202,0,2000,128,3,0.8
engramdb,6937,2.228,1,2000,128,3,0.8
engramdb,6938,2.136,1,2000,128,3,0.8
engramdb,6939,2.118,0,2000,128,3,0.8
engramdb,6940,2.162,1,2000,128,3,0.8
engramdb,6941,2.142,0,2000,128,3,0.8
engramdb,6942,2.114,0,2000,128,3,0.8
engramdb,6943,2.167,1,2000,128,3,0.8
engramdb,6944,2.940,1,2000,128,3,0.8
engramdb,6945,2.287,0,2000,128,3,0.8
engramdb,6946,2.268,1,2000,128,3,0.8
engramdb,6947,2.318,0,2000,128,3,0.8
engramdb,6948,2.225,1,2000,128,3,0.8
engramdb,6949,2.863,1,2000,128,3,0.8
engramdb,6950,2.284,1,2000,128,3,0.8
engramdb,6951,2.333,0,2000,128,3,0.8
engramdb,6952,2.286,0,2000,128,3,0.8
engramdb,6953,2.207,1,2000,128,3,0.8
engramdb,6954,2.154,1,2000,128,3,0.8
engramdb,6955,2.162,1,2000,128,3,0.8
engramdb,6956,2.182,1,2000,128,3,0.8
engramdb,6957,2.128,0,2000,128,3,0.8
engramdb,6958,2.076,0,2000,128,3,0.8
engramdb,6959,2.178,1,2000,128,3,0.8
engramdb,6960,2.900,1,2000,128,3,0.8
engramdb,6961,2.232,1,2000,128,3,0.8
engramdb,6962,2.270,0,2000,128,3,0.8
engramdb,6963,2.168,0,2000,128,3,0.8
engramdb,6964,2.200,0,2000,128,3,0.8
engramdb,6965,2.193,1,2000,128,3,0.8
engramdb,6966,2.136,1,2000,128,3,0.8
engramdb,6967,2.086,1,2000,128,3,0.8
engramdb,6968,2.130,0,2000,128,3,0.8
engramdb,6969,2.197,1,2000,128,3,0.8
engramdb,6970,2.246,0,2000,128,3,0.8
engramdb,6971,2.140,1,2000,128,3,0.8
engramdb,6972,2.230,1,2000,128,3,0.8
engramdb,6973,2.102,0,2000,128,3,0.8
engramdb,6974,2.141,1,2000,128,3,0.8
engramdb,6975,2.107,1,2000,128,3,0.8
engramdb,6976,2.316,0,2000,128,3,0.8
engramdb,6977,2.204,1,2000,128,3,0.8
engramdb,6978,2.911,0,2000,128,3,0.8
engramdb,6979,2.277,1,2000,128,3,0.8
engramdb,6980,2.220,1,2000,128,3,0.8
engramdb,6981,2.086,1,2000,128,3,0.8
engramdb,6982,2.199,0,2000,128,3,0.8
engramdb,6983,2.112,0,2000,128,3,0.8
engramdb,6984,2.177,0,2000,128,3,0.8
engramdb,6985,2.129,1,2000,128,3,0.8
engramdb,6986,2.163,1,2000,128,3,0.8
engramdb,6987,2.136,1,2000,128,3,0.8
engramdb,6988,2.190,0,2000,128,3,0.8
engramdb,6989,2.870,0,2000,128,3,0.8
engramdb,6990,2.268,1,2000,128,3,0.8
engramdb,6991,2.215,1,2000,128,3,0.8
engramdb,6992,2.193,1,2000,128,3,0.8
engramdb,6993,2.133,1,2000,128,3,0.8
engramdb,6994,2.963,0,2000,128,3,0.8
engramdb,6995,2.211,0,2000,128,3,0.8
engramdb,6996,2.354,1,2000,128,3,0.8
engramdb,6997,2.219,1,2000,128,3,0.8
engramdb,6998,2.226,1,2000,128,3,0.8
engramdb,6999,2.155,0,2000,128,3,0.8
engramdb,7000,2.188,1,2000,128,3,0.8
engramdb,7001,2.168,0,2000,128,3,0.8
engramdb,7002,2.215,1,2000,128,3,0.8
engramdb,7003,2.204,1,2000,128,3,0.8
engramdb,7004,2.145,0,2000,128,3,0.8
engramdb,7005,2.100,0,2000,128,3,0.8
engramdb,7006,2.157,1,2000,128,3,0.8
engramdb,7007,2.103,0,2000,128,3,0.8
engramdb,7008,6.695,1,2000,128,3,0.8
engramdb,7009,2.619,1,2000,128,3,0.8
engramdb,7010,2.303,0,2000,128,3,0.8
engramdb,7011,2.230,1,2000,128,3,0.8
engramdb,7012,2.115,1,2000,128,3,0.8
engramdb,7013,2.163,0,2000,128,3,0.8
engramdb,7014,2.144,1,2000,128,3,0.8
engramdb,7015,2.177,0,2000,128,3,0.8
engramdb,7016,2.140,1,2000,128,3,0.8
engramdb,7017,2.130,1,2000,128,3,0.8
engramdb,7018,2.096,1,2000,128,3,0.8
engramdb,7019,2.122,0,2000,128,3,0.8
engramdb,7020,2.219,0,2000,128,3,0.8
engramdb,7021,2.058,0,2000,128,3,0.8
engramdb,7022,2.068,1,2000,128,3,0.8
engramdb,7023,2.116,1,2000,128,3,0.8
engramdb,7024,2.147,1,2000,128,3,0.8
engramdb,7025,2.120,0,2000,128,3,0.8
engramdb,7026,2.912,0,2000,128,3,0.8
engramdb,7027,2.194,1,2000,128,3,0.8
engramdb,7028,2.298,1,2000,128,3,0.8
engramdb,7029,2.129,1,2000,128,3,0.8
engramdb,7030,2.305,1,2000,128,3,0.8
engramdb,7031,2.239,0,2000,128,3,0.8
engramdb,7032,2.093,0,2000,128,3,0.8
engramdb,7033,2.120,1,2000,128,3,0.8
engramdb,7034,7.026,1,2000,128,3,0.8
engramdb,7035,2.625,1,2000,128,3,0.8
engramdb,7036,2.323,0,2000,128,3,0.8
engramdb,7037,2.116,1,2000,128,3,0.8
engramdb,7038,2.213,0,2000,128,3,0.8
engramdb,7039,2.301,1,2000,128,3,0.8
engramdb,7040,2.298,1,2000,128,3,0.8
engramdb,7041,2.153,0,2000,128,3,0.8
engramdb,7042,2.156,0,2000,128,3,0.8
engramdb,7043,2.183,1,2000,128,3,0.8
engramdb,7044,2.115,0,2000,128,3,0.8
engramdb,7045,2.075,1,2000,128,3,0.8
engramdb,7046,2.134,1,2000,128,3,0.8
engramdb,7047,2.203,0,2000,128,3,0.8
engramdb,7048,2.964,1,2000,128,3,0.8
engramdb,7049,2.142,1,2000,128,3,0.8
engramdb,7050,2.283,0,2000,128,3,0.8
engramdb,7051,2.125,1,2000,128,3,0.8
engramdb,7052,2.225,0,2000,128,3,0.8
engramdb,7053,2.250,1,2000,128,3,0.8
engramdb,7054,2.246,1,2000,128,3,0.8
engramdb,7055,2.150,1,2000,128,3,0.8
engramdb,7056,2.144,0,2000,128,3,0.8
engramdb,7057,6.027,0,2000,128,3,0.8
engramdb,7058,7.017,1,2000,128,3,0.8
engramdb,7059,2.460,1,2000,128,3,0.8
engramdb,7060,2.215,1,2000,128,3,0.8
engramdb,7061,2.234,1,2000,128,3,0.8
engramdb,7062,2.160,0,2000,128,3,0.8
engramdb,7063,2.240,0,2000,128,3,0.8
engramdb,7064,2.150,1,2000,128,3,0.8
engramdb,7065,2.142,1,2000,128,3,0.8
engramdb,7066,2.117,1,2000,128,3,0.8
engramdb,7067,2.142,1,2000,128,3,0.8
engramdb,7068,2.213,0,2000,128,3,0.8
engramdb,7069,2.078,0,2000,128,3,0.8
engramdb,7070,2.237,1,2000,128,3,0.8
engramdb,7071,6.619,1,2000,128,3,0.8
engramdb,7072,2.545,1,2000,128,3,0.8
engramdb,7073,2.231,0,2000,128,3,0.8
engramdb,7074,2.287,1,2000,128,3,0.8
engramdb,7075,2.145,0,2000,128,3,0.8
engramdb,7076,2.201,1,2000,128,3,0.8
engramdb,7077,2.217,1,2000,128,3,0.8
engramdb,7078,2.221,0,2000,128,3,0.8
engramdb,7079,2.232,1,2000,128,3,0.8
engramdb,7080,2.178,1,2000,128,3,0.8
engramdb,7081,2.180,0,2000,128,3,0.8
engramdb,7082,2.296,1,2000,128,3,0.8
engramdb,7083,2.088,0,2000,128,3,0.8
engramdb,7084,2.141,0,2000,128,3,0.8
engramdb,7085,2.113,1,2000,128,3,0.8
engramdb,7086,2.139,1,2000,128,3,0.8
engramdb,7087,2.108,0,2000,128,3,0.8
engramdb,7088,2.106,1,2000,128,3,0.8
engramdb,7089,2.120,0,2000,128,3,0.8
engramdb,7090,2.144,1,2000,128,3,0.8
engramdb,7091,2.165,1,2000,128,3,0.8
engramdb,7092,2.851,1,2000,128,3,0.8
engramdb,7093,2.349,0,2000,128,3,0.8
engramdb,7094,2.229,0,2000,128,3,0.8
engramdb,7095,2.252,1,2000,128,3,0.8
engramdb,7096,2.912,1,2000,128,3,0.8
engramdb,7097,2.347,1,2000,128,3,0.8
engramdb,7098,2.236,1,2000,128,3,0.8
engramdb,7099,2.154,0,2000,128,3,0.8
engramdb,7100,2.289,1,2000,128,3,0.8
engramdb,7101,2.339,1,2000,128,3,0.8
engramdb,7102,2.169,1,2000,128,3,0.8
engramdb,7103,2.153,1,2000,128,3,0.8
engramdb,7104,2.284,0,2000,128,3,0.8
engramdb,7105,2.971,0,2000,128,3,0.8
engramdb,7106,2.348,0,2000,128,3,0.8
engramdb,7107,2.214,1,2000,128,3,0.8
engramdb,7108,2.177,1,2000,128,3,0.8
engramdb,7109,2.247,1,2000,128,3,0.8
engramdb,7110,2.090,0,2000,128,3,0.8
engramdb,7111,2.133,1,2000,128,3,0.8
engramdb,7112,2.245,0,2000,128,3,0.8
engramdb,7113,2.171,1,2000,128,3,0.8
engramdb,7114,2.205,1,2000,128,3,0.8
engramdb,7115,2.165,0,2000,128,3,0.8
engramdb,7116,2.336,1,2000,128,3,0.8
engramdb,7117,2.876,1,2000,128,3,0.8
engramdb,7118,2.250,0,2000,128,3,0.8
engramdb,7119,2.293,1,2000,128,3,0.8
engramdb,7120,2.192,0,2000,128,3,0.8
engramdb,7121,2.958,0,2000,128,3,0.8
engramdb,7122,2.315,1,2000,128,3,0.8
engramdb,7123,2.210,1,2000,128,3,0.8
engramdb,7124,2.202,0,2000,128,3,0.8
engramdb,7125,2.187,0,2000,128,3,0.8
engramdb,7126,2.297,0,2000,128,3,0.8
engramdb,7127,2.376,1,2000,128,3,0.8
engramdb,7128,2.194,1,2000,128,3,0.8
engramdb,7129,2.241,1,2000,128,3,0.8
engramdb,7130,2.821,0,2000,128,3,0.8
engramdb,7131,2.212,0,2000,128,3,0.8
engramdb,7132,2.246,1,2000,128,3,0.8
engramdb,7133,2.183,1,2000,128,3,0.8
engramdb,7134,2.158,1,2000,128,3,0.8
engramdb,7135,2.260,1,2000,128,3,0.8
engramdb,7136,2.868,0,2000,128,3,0.8
engramdb,7137,2.333,0,2000,128,3,0.8
engramdb,7138,2.186,1,2000,128,3,0.8
engramdb,7139,2.290,1,2000,128,3,0.8
engramdb,7140,2.170,1,2000,128,3,0.8
engramdb,7141,2.176,0,2000,128,3,0.8
engramdb,7142,2.272,0,2000,128,3,0.8
engramdb,7143,2.065,0,2000,128,3,0.8
engramdb,7144,5.036,1,2000,128,3,0.8
engramdb,7145,2.161,1,2000,128,3,0.8
engramdb,7146,2.840,1,2000,128,3,0.8
engramdb,7147,2.260,0,2000,128,3,0.8
engramdb,7148,2.328,1,2000,128,3,0.8
engramdb,7149,2.259,0,2000,128,3,0.8
engramdb,7150,2.163,1,2000,128,3,0.8
engramdb,7151,2.271,1,2000,128,3,0.8
engramdb,7152,2.131,0,2000,128,3,0.8
engramdb,7153,2.893,1,2000,128,3,0.8
engramdb,7154,2.255,1,2000,128,3,0.8
engramdb,7155,2.189,0,2000,128,3,0.8
engramdb,7156,2.192,1,2000,128,3,0.8
engramdb,7157,2.185,0,2000,128,3,0.8
engramdb,7158,2.147,1,2000,128,3,0.8
engramdb,7159,2.158,1,2000,128,3,0.8
engramdb,7160,2.083,1,2000,128,3,0.8
engramdb,7161,4.933,0,2000,128,3,0.8
engramdb,7162,2.213,0,2000,128,3,0.8
engramdb,7163,2.834,0,2000,128,3,0.8
engramdb,7164,2.270,1,2000,128,3,0.8
engramdb,7165,4.499,1,2000,128,3,0.8
engramdb,7166,2.424,1,2000,128,3,0.8
engramdb,7167,2.236,0,2000,128,3,0.8
engramdb,7168,2.146,0,2000,128,3,0.8
engramdb,7169,2.192,1,2000,128,3,0.8
engramdb,7170,2.061,1,2000,128,3,0.8
engramdb,7171,2.128,1,2000,128,3,0.8
engramdb,7172,2.155,1,2000,128,3,0.8
engramdb,7173,2.227,0,2000,128,3,0.8
engramdb,7174,2.191,0,2000,128,3,0.8
engramdb,7175,2.084,1,2000,128,3,0.8
engramdb,7176,2.296,1,2000,128,3,0.8
engramdb,7177,2.072,1,2000,128,3,0.8
engramdb,7178,2.136,0,2000,128,3,0.8
engramdb,7179,2.480,1,2000,128,3,0.8
engramdb,7180,2.201,0,2000,128,3,0.8
engramdb,7181,2.069,1,2000,128,3,0.8
engramdb,7182,2.125,1,2000,128,3,0.8
engramdb,7183,2.214,0,2000,128,3,0.8
engramdb,7184,2.108,0,2000,128,3,0.8
engramdb,7185,2.106,1,2000,128,3,0.8
engramdb,7186,2.120,0,2000,128,3,0.8
engramdb,7187,2.152,1,2000,128,3,0.8
engramdb,7188,2.494,1,2000,128,3,0.8
engramdb,7189,2.040,0,2000,128,3,0.8
engramdb,7190,2.117,1,2000,128,3,0.8
engramdb,7191,2.111,1,2000,128,3,0.8
engramdb,7192,2.114,0,2000,128,3,0.8
engramdb,7193,2.192,1,2000,128,3,0.8
engramdb,7194,2.864,0,2000,128,3,0.8
engramdb,7195,2.295,1,2000,128,3,0.8
engramdb,7196,2.245,1,2000,128,3,0.8
engramdb,7197,2.166,1,2000,128,3,0.8
engramdb,7198,2.260,0,2000,128,3,0.8
engramdb,7199,2.137,0,2000,128,3,0.8
engramdb,7200,2.196,1,2000,128,3,0.8
engramdb,7201,2.943,1,2000,128,3,0.8
engramdb,7202,2.261,1,2000,128,3,0.8
engramdb,7203,2.238,1,2000,128,3,0.8
engramdb,7204,2.216,0,2000,128,3,0.8
engramdb,7205,2.175,0,2000,128,3,0.8
engramdb,7206,2.065,1,2000,128,3,0.8
engramdb,7207,2.166,1,2000,128,3,0.8
engramdb,7208,2.282,1,2000,128,3,0.8
engramdb,7209,2.249,1,2000,128,3,0.8
engramdb,7210,2.160,0,2000,128,3,0.8
engramdb,7211,2.085,0,2000,128,3,0.8
engramdb,7212,2.114,1,2000,128,3,0.8
engramdb,7213,2.151,1,2000,128,3,0.8
engramdb,7214,2.853,1,2000,128,3,0.8
engramdb,7215,2.187,0,2000,128,3,0.8
engramdb,7216,2.340,1,2000,128,3,0.8
engramdb,7217,2.149,0,2000,128,3,0.8
engramdb,7218,2.303,1,2000,128,3,0.8
engramdb,7219,2.244,1,2000,128,3,0.8
engramdb,7220,2.112,0,2000,128,3,0.8
engramdb,7221,2.197,0,2000,128,3,0.8
engramdb,7222,2.250,1,2000,128,3,0.8
engramdb,7223,2.137,0,2000,128,3,0.8
engramdb,7224,2.204,1,2000,128,3,0.8
engramdb,7225,2.131,0,2000,128,3,0.8
engramdb,7226,2.152,0,2000,128,3,0.8
engramdb,7227,2.183,1,2000,128,3,0.8
engramdb,7228,2.297,1,2000,128,3,0.8
engramdb,7229,2.166,0,2000,128,3,0.8
engramdb,7230,2.114,1,2000,128,3,0.8
engramdb,7231,2.184,0,2000,128,3,0.8
engramdb,7232,2.115,1,2000,128,3,0.8
engramdb,7233,2.106,1,2000,128,3,0.8
engramdb,7234,2.838,1,2000,128,3,0.8
engramdb,7235,2.318,0,2000,128,3,0.8
engramdb,7236,2.838,0,2000,128,3,0.8
engramdb,7237,2.239,1,2000,128,3,0.8
engramdb,7238,2.787,1,2000,128,3,0.8
engramdb,7239,2.197,1,2000,128,3,0.8
engramdb,7240,2.898,1,2000,128,3,0.8
engramdb,7241,2.342,0,2000,128,3,0.8
engramdb,7242,2.851,0,2000,128,3,0.8
engramdb,7243,2.319,1,2000,128,3,0.8
engramdb,7244,5.371,1,2000,128,3,0.8
engramdb,7245,6.710,1,2000,128,3,0.8
engramdb,7246,4.900,1,2000,128,3,0.8
engramdb,7247,4.767,0,2000,128,3,0.8
engramdb,7248,5.355,0,2000,128,3,0.8
engramdb,7249,2.851,1,2000,128,3,0.8
engramdb,7250,2.223,1,2000,128,3,0.8
engramdb,7251,2.880,1,2000,128,3,0.8
engramdb,7252,2.488,0,2000,128,3,0.8
engramdb,7253,2.867,1,2000,128,3,0.8
engramdb,7254,2.285,0,2000,128,3,0.8
engramdb,7255,2.273,1,2000,128,3,0.8
engramdb,7256,2.261,1,2000,128,3,0.8
engramdb,7257,2.179,0,2000,128,3,0.8
engramdb,7258,2.101,1,2000,128,3,0.8
engramdb,7259,2.081,1,2000,128,3,0.8
engramdb,7260,2.091,0,2000,128,3,0.8
engramdb,7261,2.157,1,2000,128,3,0.8
engramdb,7262,2.159,0,2000,128,3,0.8
engramdb,7263,2.123,0,2000,128,3,0.8
engramdb,7264,2.137,1,2000,128,3,0.8
engramdb,7265,2.788,1,2000,128,3,0.8
engramdb,7266,5.163,0,2000,128,3,0.8
engramdb,7267,2.842,1,2000,128,3,0.8
engramdb,7268,2.879,0,2000,128,3,0.8
engramdb,7269,2.290,1,2000,128,3,0.8
engramdb,7270,2.251,1,2000,128,3,0.8
engramdb,7271,2.150,1,2000,128,3,0.8
engramdb,7272,2.227,0,2000,128,3,0.8
engramdb,7273,2.180,0,2000,128,3,0.8
engramdb,7274,2.880,1,2000,128,3,0.8
engramdb,7275,2.264,1,2000,128,3,0.8
engramdb,7276,2.808,1,2000,128,3,0.8
engramdb,7277,2.321,1,2000,128,3,0.8
engramdb,7278,2.792,0,2000,128,3,0.8
engramdb,7279,2.849,0,2000,128,3,0.8
engramdb,7280,2.315,1,2000,128,3,0.8
engramdb,7281,5.473,1,2000,128,3,0.8
engramdb,7282,2.880,1,2000,128,3,0.8
engramdb,7283,2.214,0,2000,128,3,0.8
engramdb,7284,2.875,0,2000,128,3,0.8
engramdb,7285,2.261,0,2000,128,3,0.8
engramdb,7286,2.802,1,2000,128,3,0.8
engramdb,7287,2.537,1,2000,128,3,0.8
engramdb,7288,2.830,1,2000,128,3,0.8
engramdb,7289,2.345,0,2000,128,3,0.8
engramdb,7290,2.873,1,2000,128,3,0.8
engramdb,7291,2.212,0,2000,128,3,0.8
engramdb,7292,3.105,1,2000,128,3,0.8
engramdb,7293,2.330,1,2000,128,3,0.8
engramdb,7294,2.845,0,2000,128,3,0.8
engramdb,7295,2.223,1,2000,128,3,0.8
engramdb,7296,2.913,1,2000,128,3,0.8
engramdb,7297,2.403,0,2000,128,3,0.8
engramdb,7298,2.897,1,2000,128,3,0.8
engramdb,7299,6.593,0,2000,128,3,0.8
engramdb,7300,2.615,1,2000,128,3,0.8
engramdb,7301,2.255,1,2000,128,3,0.8
engramdb,7302,2.817,1,2000,128,3,0.8
engramdb,7303,2.329,0,2000,128,3,0.8
engramdb,7304,2.882,0,2000,128,3,0.8
engramdb,7305,2.396,0,2000,128,3,0.8
engramdb,7306,2.815,1,2000,128,3,0.8
engramdb,7307,2.270,1,2000,128,3,0.8
engramdb,7308,2.768,1,2000,128,3,0.8
engramdb,7309,2.366,0,2000,128,3,0.8
engramdb,7310,2.788,0,2000,128,3,0.8
engramdb,7311,2.297,1,2000,128,3,0.8
engramdb,7312,2.772,1,2000,128,3,0.8
engramdb,7313,2.213,1,2000,128,3,0.8
engramdb,7314,2.243,1,2000,128,3,0.8
engramdb,7315,2.837,0,2000,128,3,0.8
engramdb,7316,6.637,0,2000,128,3,0.8
engramdb,7317,5.263,1,2000,128,3,0.8
engramdb,7318,6.660,1,2000,128,3,0.8
engramdb,7319,2.533,1,2000,128,3,0.8
engramdb,7320,2.266,0,2000,128,3,0.8
engramdb,7321,2.842,0,2000,128,3,0.8
engramdb,7322,2.274,0,2000,128,3,0.8
engramdb,7323,2.866,1,2000,128,3,0.8
engramdb,7324,2.280,1,2000,128,3,0.8
engramdb,7325,2.818,0,2000,128,3,0.8
engramdb,7326,2.306,0,2000,128,3,0.8
engramdb,7327,2.190,1,2000,128,3,0.8
engramdb,7328,2.826,0,2000,128,3,0.8
engramdb,7329,2.391,1,2000,128,3,0.8
engramdb,7330,2.885,1,2000,128,3,0.8
engramdb,7331,2.271,0,2000,128,3,0.8
engramdb,7332,2.300,1,2000,128,3,0.8
engramdb,7333,2.156,1,2000,128,3,0.8
engramdb,7334,2.801,0,2000,128,3,0.8
engramdb,7335,2.349,1,2000,128,3,0.8
engramdb,7336,2.344,0,2000,128,3,0.8
engramdb,7337,2.871,1,2000,128,3,0.8
engramdb,7338,2.986,1,2000,128,3,0.8
engramdb,7339,2.219,1,2000,128,3,0.8
engramdb,7340,2.732,0,2000,128,3,0.8
engramdb,7341,2.357,0,2000,128,3,0.8
engramdb,7342,5.453,0,2000,128,3,0.8
engramdb,7343,2.844,1,2000,128,3,0.8
engramdb,7344,2.351,1,2000,128,3,0.8
engramdb,7345,2.807,1,2000,128,3,0.8
engramdb,7346,2.252,0,2000,128,3,0.8
engramdb,7347,2.926,0,2000,128,3,0.8
engramdb,7348,2.412,1,2000,128,3,0.8
engramdb,7349,2.825,1,2000,128,3,0.8
engramdb,7350,2.310,1,2000,128,3,0.8
engramdb,7351,2.950,1,2000,128,3,0.8
engramdb,7352,4.456,0,2000,128,3,0.8
engramdb,7353,5.640,0,2000,128,3,0.8
engramdb,7354,2.851,1,2000,128,3,0.8
engramdb,7355,2.212,1,2000,128,3,0.8
engramdb,7356,2.897,1,2000,128,3,0.8
engramdb,7357,2.298,0,2000,128,3,0.8
engramdb,7358,5.409,1,2000,128,3,0.8
engramdb,7359,6.819,0,2000,128,3,0.8
engramdb,7360,2.603,1,2000,128,3,0.8
engramdb,7361,2.948,1,2000,128,3,0.8
engramdb,7362,2.295,0,2000,128,3,0.8
engramdb,7363,2.902,0,2000,128,3,0.8
engramdb,7364,6.694,1,2000,128,3,0.8
engramdb,7365,5.132,0,2000,128,3,0.8
engramdb,7366,2.847,1,2000,128,3,0.8
engramdb,7367,2.274,1,2000,128,3,0.8
engramdb,7368,2.908,0,2000,128,3,0.8
engramdb,7369,6.755,1,2000,128,3,0.8
engramdb,7370,5.155,1,2000,128,3,0.8
engramdb,7371,2.210,0,2000,128,3,0.8
engramdb,7372,2.871,1,2000,128,3,0.8
engramdb,7373,2.325,0,2000,128,3,0.8
engramdb,7374,2.839,1,2000,128,3,0.8
engramdb,7375,4.880,1,2000,128,3,0.8
engramdb,7376,2.696,1,2000,128,3,0.8
engramdb,7377,2.254,0,2000,128,3,0.8
engramdb,7378,5.416,0,2000,128,3,0.8
engramdb,7379,2.880,1,2000,128,3,0.8
engramdb,7380,2.403,1,2000,128,3,0.8
engramdb,7381,2.793,1,2000,128,3,0.8
engramdb,7382,2.460,1,2000,128,3,0.8
engramdb,7383,5.401,0,2000,128,3,0.8
engramdb,7384,2.777,0,2000,128,3,0.8
engramdb,7385,2.231,1,2000,128,3,0.8
engramdb,7386,2.886,1,2000,128,3,0.8
engramdb,7387,2.201,1,2000,128,3,0.8
engramdb,7388,2.876,1,2000,128,3,0.8
engramdb,7389,6.575,0,2000,128,3,0.8
engramdb,7390,5.313,0,2000,128,3,0.8
engramdb,7391,2.927,1,2000,128,3,0.8
engramdb,7392,2.318,1,2000,128,3,0.8
engramdb,7393,2.805,1,2000,128,3,0.8
engramdb,7394,6.666,0,2000,128,3,0.8
engramdb,7395,2.656,1,2000,128,3,0.8
engramdb,7396,2.792,0,2000,128,3,0.8
engramdb,7397,2.283,1,2000,128,3,0.8
engramdb,7398,3.015,1,2000,128,3,0.8
engramdb,7399,6.817,0,2000,128,3,0.8
engramdb,7400,2.649,1,2000,128,3,0.8
engramdb,7401,2.805,1,2000,128,3,0.8
engramdb,7402,2.362,0,2000,128,3,0.8
engramdb,7403,2.880,1,2000,128,3,0.8
engramdb,7404,2.279,0,2000,128,3,0.8
engramdb,7405,2.912,0,2000,128,3,0.8
engramdb,7406,6.728,1,2000,128,3,0.8
engramdb,7407,2.396,1,2000,128,3,0.8
engramdb,7408,2.857,0,2000,128,3,0.8
engramdb,7409,2.347,1,2000,128,3,0.8
engramdb,7410,2.821,0,2000,128,3,0.8
engramdb,7411,12.752,1,2000,128,3,0.8
engramdb,7412,2.694,1,2000,128,3,0.8
engramdb,7413,2.782,1,2000,128,3,0.8
engramdb,7414,6.968,0,2000,128,3,0.8
engramdb,7415,5.163,0,2000,128,3,0.8
engramdb,7416,2.897,1,2000,128,3,0.8
engramdb,7417,2.496,1,2000,128,3,0.8
engramdb,7418,2.865,1,2000,128,3,0.8
engramdb,7419,2.377,1,2000,128,3,0.8
engramdb,7420,2.814,0,2000,128,3,0.8
engramdb,7421,2.334,0,2000,128,3,0.8
engramdb,7422,2.955,1,2000,128,3,0.8
engramdb,7423,6.818,1,2000,128,3,0.8
engramdb,7424,2.574,1,2000,128,3,0.8
engramdb,7425,2.331,0,2000,128,3,0.8
engramdb,7426,5.394,0,2000,128,3,0.8
engramdb,7427,6.562,0,2000,128,3,0.8
engramdb,7428,2.831,1,2000,128,3,0.8
engramdb,7429,2.302,1,2000,128,3,0.8
engramdb,7430,2.851,1,2000,128,3,0.8
engramdb,7431,2.283,0,2000,128,3,0.8
engramdb,7432,2.830,1,2000,128,3,0.8
engramdb,7433,4.979,0,2000,128,3,0.8
engramdb,7434,6.644,1,2000,128,3,0.8
engramdb,7435,2.855,1,2000,128,3,0.8
engramdb,7436,2.306,0,2000,128,3,0.8
engramdb,7437,2.941,1,2000,128,3,0.8
engramdb,7438,2.354,1,2000,128,3,0.8
engramdb,7439,2.866,0,2000,128,3,0.8
engramdb,7440,2.268,1,2000,128,3,0.8
engramdb,7441,2.873,0,2000,128,3,0.8
engramdb,7442,2.227,0,2000,128,3,0.8
engramdb,7443,2.254,1,2000,128,3,0.8
engramdb,7444,2.867,1,2000,128,3,0.8
engramdb,7445,2.386,0,2000,128,3,0.8
engramdb,7446,2.901,1,2000,128,3,0.8
engramdb,7447,2.353,0,2000,128,3,0.8
engramdb,7448,2.797,1,2000,128,3,0.8
engramdb,7449,2.298,1,2000,128,3,0.8
engramdb,7450,2.850,1,2000,128,3,0.8
engramdb,7451,2.345,0,2000,128,3,0.8
engramdb,7452,5.458,0,2000,128,3,0.8
engramdb,7453,6.751,1,2000,128,3,0.8
engramdb,7454,2.393,1,2000,128,3,0.8
engramdb,7455,2.913,1,2000,128,3,0.8
engramdb,7456,2.349,1,2000,128,3,0.8
engramdb,7457,2.864,0,2000,128,3,0.8
engramdb,7458,2.376,0,2000,128,3,0.8
engramdb,7459,2.864,1,2000,128,3,0.8
engramdb,7460,2.388,1,2000,128,3,0.8
engramdb,7461,2.792,1,2000,128,3,0.8
engramdb,7462,2.385,0,2000,128,3,0.8
engramdb,7463,2.827,0,2000,128,3,0.8
engramdb,7464,2.260,0,2000,128,3,0.8
engramdb,7465,2.925,1,2000,128,3,0.8
engramdb,7466,2.401,1,2000,128,3,0.8
engramdb,7467,6.675,1,2000,128,3,0.8
engramdb,7468,2.586,0,2000,128,3,0.8
engramdb,7469,2.207,1,2000,128,3,0.8
engramdb,7470,2.857,0,2000,128,3,0.8
engramdb,7471,2.260,1,2000,128,3,0.8
engramdb,7472,2.884,1,2000,128,3,0.8
engramdb,7473,2.196,0,2000,128,3,0.8
engramdb,7474,2.870,1,2000,128,3,0.8
engramdb,7475,4.977,1,2000,128,3,0.8
engramdb,7476,2.240,0,2000,128,3,0.8
engramdb,7477,2.846,1,2000,128,3,0.8
engramdb,7478,2.219,0,2000,128,3,0.8
engramdb,7479,2.792,1,2000,128,3,0.8
engramdb,7480,2.334,1,2000,128,3,0.8
engramdb,7481,2.136,1,2000,128,3,0.8
engramdb,7482,6.648,0,2000,128,3,0.8
engramdb,7483,2.616,0,2000,128,3,0.8
engramdb,7484,2.259,0,2000,128,3,0.8
engramdb,7485,6.604,1,2000,128,3,0.8
engramdb,7486,2.548,1,2000,128,3,0.8
engramdb,7487,2.324,1,2000,128,3,0.8
engramdb,7488,2.360,0,2000,128,3,0.8
engramdb,7489,2.799,0,2000,128,3,0.8
engramdb,7490,4.957,1,2000,128,3,0.8
engramdb,7491,2.170,1,2000,128,3,0.8
engramdb,7492,2.898,1,2000,128,3,0.8
engramdb,7493,2.300,1,2000,128,3,0.8
engramdb,7494,6.750,0,2000,128,3,0.8
engramdb,7495,2.656,0,2000,128,3,0.8
engramdb,7496,2.284,1,2000,128,3,0.8
engramdb,7497,6.593,1,2000,128,3,0.8
engramdb,7498,2.637,1,2000,128,3,0.8
engramdb,7499,2.443,0,2000,128,3,0.8
engramdb,7500,2.930,1,2000,128,3,0.8
engramdb,7501,2.373,0,2000,128,3,0.8
engramdb,7502,2.937,1,2000,128,3,0.8
engramdb,7503,2.374,1,2000,128,3,0.8
engramdb,7504,2.915,0,2000,128,3,0.8
engramdb,7505,4.719,0,2000,128,3,0.8
engramdb,7506,6.840,1,2000,128,3,0.8
engramdb,7507,2.355,0,2000,128,3,0.8
engramdb,7508,2.463,1,2000,128,3,0.8
engramdb,7509,2.882,1,2000,128,3,0.8
engramdb,7510,4.908,0,2000,128,3,0.8
engramdb,7511,2.173,1,2000,128,3,0.8
engramdb,7512,2.825,1,2000,128,3,0.8
engramdb,7513,2.259,0,2000,128,3,0.8
engramdb,7514,2.238,1,2000,128,3,0.8
engramdb,7515,2.835,0,2000,128,3,0.8
engramdb,7516,2.263,1,2000,128,3,0.8
engramdb,7517,2.231,1,2000,128,3,0.8
engramdb,7518,2.784,1,2000,128,3,0.8
engramdb,7519,2.280,0,2000,128,3,0.8
engramdb,7520,2.192,0,2000,128,3,0.8
engramdb,7521,2.833,0,2000,128,3,0.8
engramdb,7522,2.411,1,2000,128,3,0.8
engramdb,7523,2.865,1,2000,128,3,0.8
engramdb,7524,2.269,1,2000,128,3,0.8
engramdb,7525,2.374,0,2000,128,3,0.8
engramdb,7526,2.884,0,2000,128,3,0.8
engramdb,7527,2.190,1,2000,128,3,0.8
engramdb,7528,6.560,1,2000,128,3,0.8
engramdb,7529,2.573,1,2000,128,3,0.8
engramdb,7530,2.235,1,2000,128,3,0.8
engramdb,7531,2.893,0,2000,128,3,0.8
engramdb,7532,2.909,0,2000,128,3,0.8
engramdb,7533,3.061,1,2000,128,3,0.8
engramdb,7534,2.254,1,2000,128,3,0.8
engramdb,7535,2.210,1,2000,128,3,0.8
engramdb,7536,2.829,0,2000,128,3,0.8
engramdb,7537,2.288,1,2000,128,3,0.8
engramdb,7538,2.803,0,2000,128,3,0.8
engramdb,7539,2.385,1,2000,128,3,0.8
engramdb,7540,2.881,1,2000,128,3,0.8
engramdb,7541,2.209,0,2000,128,3,0.8
engramdb,7542,2.894,0,2000,128,3,0.8
engramdb,7543,2.275,1,2000,128,3,0.8
engramdb,7544,5.459,0,2000,128,3,0.8
engramdb,7545,6.799,1,2000,128,3,0.8
engramdb,7546,3.340,1,2000,128,3,0.8
engramdb,7547,7.373,0,2000,128,3,0.8
engramdb,7548,2.941,1,2000,128,3,0.8
engramdb,7549,2.347,1,2000,128,3,0.8
engramdb,7550,2.834,0,2000,128,3,0.8
engramdb,7551,7.158,1,2000,128,3,0.8
engramdb,7552,2.523,0,2000,128,3,0.8
engramdb,7553,2.817,1,2000,128,3,0.8
engramdb,7554,2.310,1,2000,128,3,0.8
engramdb,7555,3.040,1,2000,128,3,0.8
engramdb,7556,2.324,0,2000,128,3,0.8
engramdb,7557,5.543,0,2000,128,3,0.8
engramdb,7558,4.796,1,2000,128,3,0.8
engramdb,7559,5.182,1,2000,128,3,0.8
engramdb,7560,3.487,1,2000,128,3,0.8
engramdb,7561,5.700,1,2000,128,3,0.8
engramdb,7562,2.997,0,2000,128,3,0.8
engramdb,7563,2.399,0,2000,128,3,0.8
engramdb,7564,2.872,1,2000,128,3,0.8
engramdb,7565,2.523,1,2000,128,3,0.8
engramdb,7566,2.990,1,2000,128,3,0.8
engramdb,7567,2.396,1,2000,128,3,0.8
engramdb,7568,2.895,0,2000,128,3,0.8
engramdb,7569,2.375,0,2000,128,3,0.8
engramdb,7570,5.370,1,2000,128,3,0.8
engramdb,7571,6.729,1,2000,128,3,0.8
engramdb,7572,3.063,1,2000,128,3,0.8
engramdb,7573,3.012,0,2000,128,3,0.8
engramdb,7574,3.816,1,2000,128,3,0.8
engramdb,7575,2.962,0,2000,128,3,0.8
engramdb,7576,2.906,1,2000,128,3,0.8
engramdb,7577,2.425,1,2000,128,3,0.8
engramdb,7578,2.809,0,2000,128,3,0.8
engramdb,7579,2.482,1,2000,128,3,0.8
engramdb,7580,2.817,1,2000,128,3,0.8
engramdb,7581,6.663,0,2000,128,3,0.8
engramdb,7582,2.785,1,2000,128,3,0.8
engramdb,7583,3.023,0,2000,128,3,0.8
engramdb,7584,2.395,0,2000,128,3,0.8
engramdb,7585,3.024,1,2000,128,3,0.8
engramdb,7586,6.978,1,2000,128,3,0.8
engramdb,7587,2.444,0,2000,128,3,0.8
engramdb,7588,2.856,1,2000,128,3,0.8
engramdb,7589,2.428,0,2000,128,3,0.8
engramdb,7590,2.953,1,2000,128,3,0.8
engramdb,7591,2.983,1,2000,128,3,0.8
engramdb,7592,2.434,1,2000,128,3,0.8
engramdb,7593,2.853,0,2000,128,3,0.8
engramdb,7594,2.516,0,2000,128,3,0.8
engramdb,7595,5.398,1,2000,128,3,0.8
engramdb,7596,3.036,1,2000,128,3,0.8
engramdb,7597,2.494,1,2000,128,3,0.8
engramdb,7598,5.920,1,2000,128,3,0.8
engramdb,7599,2.850,0,2000,128,3,0.8
engramdb,7600,2.298,1,2000,128,3,0.8
engramdb,7601,2.773,1,2000,128,3,0.8
engramdb,7602,2.331,1,2000,128,3,0.8
engramdb,7603,2.878,1,2000,128,3,0.8
engramdb,7604,2.375,0,2000,128,3,0.8
engramdb,7605,3.140,0,2000,128,3,0.8
engramdb,7606,6.710,0,2000,128,3,0.8
engramdb,7607,5.225,1,2000,128,3,0.8
engramdb,7608,2.903,1,2000,128,3,0.8
engramdb,7609,2.320,1,2000,128,3,0.8
engramdb,7610,2.915,0,2000,128,3,0.8
engramdb,7611,7.028,1,2000,128,3,0.8
engramdb,7612,4.775,0,2000,128,3,0.8
engramdb,7613,2.922,1,2000,128,3,0.8
engramdb,7614,2.327,1,2000,128,3,0.8
engramdb,7615,4.867,0,2000,128,3,0.8
engramdb,7616,5.353,1,2000,128,3,0.8
engramdb,7617,2.275,1,2000,128,3,0.8
engramdb,7618,5.325,0,2000,128,3,0.8
engramdb,7619,6.980,1,2000,128,3,0.8
engramdb,7620,2.717,0,2000,128,3,0.8
engramdb,7621,6.667,0,2000,128,3,0.8
engramdb,7622,5.175,1,2000,128,3,0.8
engramdb,7623,4.755,1,2000,128,3,0.8
engramdb,7624,2.718,0,2000,128,3,0.8
engramdb,7625,6.665,0,2000,128,3,0.8
engramdb,7626,5.141,0,2000,128,3,0.8
engramdb,7627,2.902,1,2000,128,3,0.8
engramdb,7628,9.758,1,2000,128,3,0.8
engramdb,7629,2.911,1,2000,128,3,0.8
engramdb,7630,2.238,0,2000,128,3,0.8
engramdb,7631,2.221,0,2000,128,3,0.8
engramdb,7632,2.368,1,2000,128,3,0.8
engramdb,7633,2.839,1,2000,128,3,0.8
engramdb,7634,2.248,1,2000,128,3,0.8
engramdb,7635,2.277,1,2000,128,3,0.8
engramdb,7636,2.368,0,2000,128,3,0.8
engramdb,7637,2.261,0,2000,128,3,0.8
engramdb,7638,2.409,1,2000,128,3,0.8
engramdb,7639,2.173,1,2000,128,3,0.8
engramdb,7640,2.149,1,2000,128,3,0.8
engramdb,7641,2.272,0,2000,128,3,0.8
engramdb,7642,2.100,0,2000,128,3,0.8
engramdb,7643,2.967,0,2000,128,3,0.8
engramdb,7644,2.178,1,2000,128,3,0.8
engramdb,7645,2.268,1,2000,128,3,0.8
engramdb,7646,2.257,1,2000,128,3,0.8
engramdb,7647,2.407,0,2000,128,3,0.8
engramdb,7648,2.223,1,2000,128,3,0.8
engramdb,7649,2.089,0,2000,128,3,0.8
engramdb,7650,2.210,1,2000,128,3,0.8
engramdb,7651,2.291,1,2000,128,3,0.8
engramdb,7652,2.167,0,2000,128,3,0.8
engramdb,7653,2.875,1,2000,128,3,0.8
engramdb,7654,2.342,1,2000,128,3,0.8
engramdb,7655,2.816,0,2000,128,3,0.8
engramdb,7656,2.263,1,2000,128,3,0.8
engramdb,7657,2.833,0,2000,128,3,0.8
engramdb,7658,6.691,1,2000,128,3,0.8
engramdb,7659,2.517,1,2000,128,3,0.8
engramdb,7660,2.791,1,2000,128,3,0.8
engramdb,7661,2.329,0,2000,128,3,0.8
engramdb,7662,2.900,0,2000,128,3,0.8
engramdb,7663,2.288,0,2000,128,3,0.8
engramdb,7664,5.474,1,2000,128,3,0.8
engramdb,7665,6.722,1,2000,128,3,0.8
engramdb,7666,2.645,1,2000,128,3,0.8
engramdb,7667,2.871,0,2000,128,3,0.8
engramdb,7668,4.962,0,2000,128,3,0.8
engramdb,7669,2.902,1,2000,128,3,0.8
engramdb,7670,2.600,1,2000,128,3,0.8
engramdb,7671,2.396,1,2000,128,3,0.8
engramdb,7672,6.667,1,2000,128,3,0.8
engramdb,7673,5.215,0,2000,128,3,0.8
engramdb,7674,6.788,0,2000,128,3,0.8
engramdb,7675,2.700,1,2000,128,3,0.8
engramdb,7676,2.925,1,2000,128,3,0.8
engramdb,7677,2.307,1,2000,128,3,0.8
engramdb,7678,2.567,0,2000,128,3,0.8
engramdb,7679,3.016,1,2000,128,3,0.8
engramdb,7680,2.444,0,2000,128,3,0.8
engramdb,7681,3.049,1,2000,128,3,0.8
engramdb,7682,2.398,1,2000,128,3,0.8
engramdb,7683,3.103,0,2000,128,3,0.8
engramdb,7684,2.368,0,2000,128,3,0.8
engramdb,7685,2.945,1,2000,128,3,0.8
engramdb,7686,6.919,0,2000,128,3,0.8
engramdb,7687,5.071,1,2000,128,3,0.8
engramdb,7688,6.740,1,2000,128,3,0.8
engramdb,7689,4.990,0,2000,128,3,0.8
engramdb,7690,6.906,1,2000,128,3,0.8
engramdb,7691,2.372,1,2000,128,3,0.8
engramdb,7692,2.850,0,2000,128,3,0.8
engramdb,7693,2.265,1,2000,128,3,0.8
engramdb,7694,2.877,0,2000,128,3,0.8
engramdb,7695,2.429,1,2000,128,3,0.8
engramdb,7696,2.865,1,2000,128,3,0.8
engramdb,7697,6.851,1,2000,128,3,0.8
engramdb,7698,5.177,0,2000,128,3,0.8
engramdb,7699,2.798,0,2000,128,3,0.8
engramdb,7700,2.298,1,2000,128,3,0.8
engramdb,7701,2.765,1,2000,128,3,0.8
engramdb,7702,2.396,1,2000,128,3,0.8
engramdb,7703,2.781,1,2000,128,3,0.8
engramdb,7704,2.295,0,2000,128,3,0.8
engramdb,7705,2.829,0,2000,128,3,0.8
engramdb,7706,2.267,1,2000,128,3,0.8
engramdb,7707,2.895,1,2000,128,3,0.8
engramdb,7708,6.725,1,2000,128,3,0.8
engramdb,7709,5.157,1,2000,128,3,0.8
engramdb,7710,2.954,0,2000,128,3,0.8
engramdb,7711,2.313,0,2000,128,3,0.8
engramdb,7712,2.804,1,2000,128,3,0.8
engramdb,7713,2.554,1,2000,128,3,0.8
engramdb,7714,2.835,1,2000,128,3,0.8
engramdb,7715,2.338,0,2000,128,3,0.8
engramdb,7716,2.947,1,2000,128,3,0.8
engramdb,7717,2.412,0,2000,128,3,0.8
engramdb,7718,5.582,1,2000,128,3,0.8
engramdb,7719,7.224,1,2000,128,3,0.8
engramdb,7720,2.426,0,2000,128,3,0.8
engramdb,7721,2.474,0,2000,128,3,0.8
engramdb,7722,2.853,1,2000,128,3,0.8
engramdb,7723,4.516,0,2000,128,3,0.8
engramdb,7724,2.905,1,2000,128,3,0.8
engramdb,7725,2.209,0,2000,128,3,0.8
engramdb,7726,3.028,0,2000,128,3,0.8
engramdb,7727,2.367,1,2000,128,3,0.8
engramdb,7728,2.849,1,2000,128,3,0.8
engramdb,7729,2.300,0,2000,128,3,0.8
engramdb,7730,5.482,1,2000,128,3,0.8
engramdb,7731,5.017,0,2000,128,3,0.8
engramdb,7732,5.318,1,2000,128,3,0.8
engramdb,7733,6.810,1,2000,128,3,0.8
engramdb,7734,5.013,1,2000,128,3,0.8
engramdb,7735,4.674,0,2000,128,3,0.8
engramdb,7736,4.948,0,2000,128,3,0.8
engramdb,7737,2.205,1,2000,128,3,0.8
engramdb,7738,5.483,1,2000,128,3,0.8
engramdb,7739,2.910,1,2000,128,3,0.8
engramdb,7740,2.479,1,2000,128,3,0.8
engramdb,7741,2.277,0,2000,128,3,0.8
engramdb,7742,2.880,0,2000,128,3,0.8
engramdb,7743,2.398,1,2000,128,3,0.8
engramdb,7744,2.958,1,2000,128,3,0.8
engramdb,7745,2.304,1,2000,128,3,0.8
engramdb,7746,2.825,1,2000,128,3,0.8
engramdb,7747,2.343,0,2000,128,3,0.8
engramdb,7748,2.175,0,2000,128,3,0.8
engramdb,7749,2.932,1,2000,128,3,0.8
engramdb,7750,2.247,1,2000,128,3,0.8
engramdb,7751,2.898,1,2000,128,3,0.8
engramdb,7752,2.289,0,2000,128,3,0.8
engramdb,7753,2.823,1,2000,128,3,0.8
engramdb,7754,2.382,0,2000,128,3,0.8
engramdb,7755,2.906,1,2000,128,3,0.8
engramdb,7756,2.295,1,2000,128,3,0.8
engramdb,7757,2.945,0,2000,128,3,0.8
engramdb,7758,2.473,1,2000,128,3,0.8
engramdb,7759,5.339,1,2000,128,3,0.8
engramdb,7760,2.868,0,2000,128,3,0.8
engramdb,7761,2.274,1,2000,128,3,0.8
engramdb,7762,3.059,0,2000,128,3,0.8
engramdb,7763,2.252,0,2000,128,3,0.8
engramdb,7764,2.913,1,2000,128,3,0.8
engramdb,7765,2.353,1,2000,128,3,0.8
engramdb,7766,3.052,0,2000,128,3,0.8
engramdb,7767,2.533,1,2000,128,3,0.8
engramdb,7768,5.423,0,2000,128,3,0.8
engramdb,7769,2.789,1,2000,128,3,0.8
engramdb,7770,2.443,1,2000,128,3,0.8
engramdb,7771,3.124,1,2000,128,3,0.8
engramdb,7772,2.214,0,2000,128,3,0.8
engramdb,7773,2.290,0,2000,128,3,0.8
engramdb,7774,2.922,1,2000,128,3,0.8
engramdb,7775,2.295,1,2000,128,3,0.8
engramdb,7776,2.890,1,2000,128,3,0.8
engramdb,7777,2.349,1,2000,128,3,0.8
engramdb,7778,2.914,0,2000,128,3,0.8
engramdb,7779,4.602,0,2000,128,3,0.8
engramdb,7780,2.426,1,2000,128,3,0.8
engramdb,7781,2.885,1,2000,128,3,0.8
engramdb,7782,2.195,1,2000,128,3,0.8
engramdb,7783,2.827,0,2000,128,3,0.8
engramdb,7784,2.313,0,2000,128,3,0.8
engramdb,7785,5.350,0,2000,128,3,0.8
engramdb,7786,6.808,1,2000,128,3,0.8
engramdb,7787,2.628,1,2000,128,3,0.8
engramdb,7788,2.210,1,2000,128,3,0.8
engramdb,7789,5.645,0,2000,128,3,0.8
engramdb,7790,2.231,1,2000,128,3,0.8
engramdb,7791,2.788,0,2000,128,3,0.8
engramdb,7792,2.202,1,2000,128,3,0.8
engramdb,7793,2.823,1,2000,128,3,0.8
engramdb,7794,2.295,0,2000,128,3,0.8
engramdb,7795,2.853,1,2000,128,3,0.8
engramdb,7796,2.460,1,2000,128,3,0.8
engramdb,7797,2.887,0,2000,128,3,0.8
engramdb,7798,2.223,1,2000,128,3,0.8
engramdb,7799,2.860,0,2000,128,3,0.8
engramdb,7800,2.210,1,2000,128,3,0.8
engramdb,7801,2.283,1,2000,128,3,0.8
engramdb,7802,2.182,1,2000,128,3,0.8
engramdb,7803,2.214,0,2000,128,3,0.8
engramdb,7804,2.078,0,2000,128,3,0.8
engramdb,7805,2.158,0,2000,128,3,0.8
engramdb,7806,2.225,1,2000,128,3,0.8
engramdb,7807,2.196,1,2000,128,3,0.8
engramdb,7808,2.221,1,2000,128,3,0.8
engramdb,7809,2.246,0,2000,128,3,0.8
engramdb,7810,2.120,0,2000,128,3,0.8
engramdb,7811,2.185,1,2000,128,3,0.8
engramdb,7812,2.102,1,2000,128,3,0.8
engramdb,7813,2.121,1,2000,128,3,0.8
engramdb,7814,2.177,1,2000,128,3,0.8
engramdb,7815,2.873,0,2000,128,3,0.8
engramdb,7816,2.383,0,2000,128,3,0.8
engramdb,7817,2.831,1,2000,128,3,0.8
engramdb,7818,2.300,1,2000,128,3,0.8
engramdb,7819,2.847,1,2000,128,3,0.8
engramdb,7820,2.400,0,2000,128,3,0.8
engramdb,7821,2.260,0,2000,128,3,0.8
engramdb,7822,2.965,0,2000,128,3,0.8
engramdb,7823,6.755,1,2000,128,3,0.8
engramdb,7824,5.025,1,2000,128,3,0.8
engramdb,7825,6.919,0,2000,128,3,0.8
engramdb,7826,2.246,0,2000,128,3,0.8
engramdb,7827,2.265,1,2000,128,3,0.8
engramdb,7828,2.914,0,2000,128,3,0.8
engramdb,7829,2.238,1,2000,128,3,0.8
engramdb,7830,2.857,1,2000,128,3,0.8
engramdb,7831,2.255,0,2000,128,3,0.8
engramdb,7832,2.798,1,2000,128,3,0.8
engramdb,7833,2.318,1,2000,128,3,0.8
engramdb,7834,2.992,0,2000,128,3,0.8
engramdb,7835,2.451,1,2000,128,3,0.8
engramdb,7836,2.900,0,2000,128,3,0.8
engramdb,7837,4.855,1,2000,128,3,0.8
engramdb,7838,6.782,1,2000,128,3,0.8
engramdb,7839,2.535,1,2000,128,3,0.8
engramdb,7840,2.254,0,2000,128,3,0.8
engramdb,7841,2.844,0,2000,128,3,0.8
engramdb,7842,2.949,0,2000,128,3,0.8
engramdb,7843,2.360,1,2000,128,3,0.8
engramdb,7844,2.868,1,2000,128,3,0.8
engramdb,7845,7.028,1,2000,128,3,0.8
engramdb,7846,2.480,0,2000,128,3,0.8
engramdb,7847,2.876,0,2000,128,3,0.8
engramdb,7848,2.437,1,2000,128,3,0.8
engramdb,7849,5.458,1,2000,128,3,0.8
engramdb,7850,6.708,1,2000,128,3,0.8
engramdb,7851,5.231,1,2000,128,3,0.8
engramdb,7852,2.867,0,2000,128,3,0.8
engramdb,7853,2.704,0,2000,128,3,0.8
engramdb,7854,3.995,1,2000,128,3,0.8
engramdb,7855,3.914,1,2000,128,3,0.8
engramdb,7856,7.364,1,2000,128,3,0.8
engramdb,7857,2.635,0,2000,128,3,0.8
engramdb,7858,2.931,1,2000,128,3,0.8
engramdb,7859,2.239,0,2000,128,3,0.8
engramdb,7860,3.050,1,2000,128,3,0.8
engramdb,7861,2.655,1,2000,128,3,0.8
engramdb,7862,5.519,0,2000,128,3,0.8
engramdb,7863,2.845,0,2000,128,3,0.8
engramdb,7864,2.402,1,2000,128,3,0.8
engramdb,7865,2.820,0,2000,128,3,0.8
engramdb,7866,2.392,1,2000,128,3,0.8
engramdb,7867,5.724,1,2000,128,3,0.8
engramdb,7868,3.143,0,2000,128,3,0.8
engramdb,7869,2.441,1,2000,128,3,0.8
engramdb,7870,2.837,1,2000,128,3,0.8
engramdb,7871,2.278,0,2000,128,3,0.8
engramdb,7872,5.553,1,2000,128,3,0.8
engramdb,7873,2.834,0,2000,128,3,0.8
engramdb,7874,2.248,1,2000,128,3,0.8
engramdb,7875,2.836,1,2000,128,3,0.8
engramdb,7876,7.177,1,2000,128,3,0.8
engramdb,7877,2.505,0,2000,128,3,0.8
engramdb,7878,2.870,0,2000,128,3,0.8
engramdb,7879,2.330,1,2000,128,3,0.8
engramdb,7880,2.874,1,2000,128,3,0.8
engramdb,7881,2.300,1,2000,128,3,0.8
engramdb,7882,3.061,1,2000,128,3,0.8
engramdb,7883,2.387,0,2000,128,3,0.8
engramdb,7884,2.993,0,2000,128,3,0.8
engramdb,7885,6.820,1,2000,128,3,0.8
engramdb,7886,2.609,1,2000,128,3,0.8
engramdb,7887,2.924,1,2000,128,3,0.8
engramdb,7888,2.466,1,2000,128,3,0.8
engramdb,7889,2.915,0,2000,128,3,0.8
engramdb,7890,4.736,0,2000,128,3,0.8
engramdb,7891,2.436,1,2000,128,3,0.8
engramdb,7892,2.933,1,2000,128,3,0.8
engramdb,7893,6.742,1,2000,128,3,0.8
engramdb,7894,2.771,0,2000,128,3,0.8
engramdb,7895,2.923,1,2000,128,3,0.8
engramdb,7896,2.373,0,2000,128,3,0.8
engramdb,7897,5.552,1,2000,128,3,0.8
engramdb,7898,2.909,1,2000,128,3,0.8
engramdb,7899,2.350,0,2000,128,3,0.8
engramdb,7900,2.862,1,2000,128,3,0.8
engramdb,7901,2.210,1,2000,128,3,0.8
engramdb,7902,2.173,0,2000,128,3,0.8
engramdb,7903,2.325,1,2000,128,3,0.8
engramdb,7904,2.396,0,2000,128,3,0.8
engramdb,7905,2.282,0,2000,128,3,0.8
engramdb,7906,2.211,1,2000,128,3,0.8
engramdb,7907,2.303,1,2000,128,3,0.8
engramdb,7908,2.431,0,2000,128,3,0.8
engramdb,7909,2.395,1,2000,128,3,0.8
engramdb,7910,2.263,0,2000,128,3,0.8
engramdb,7911,2.209,1,2000,128,3,0.8
engramdb,7912,2.324,1,2000,128,3,0.8
engramdb,7913,2.228,1,2000,128,3,0.8
engramdb,7914,2.188,0,2000,128,3,0.8
engramdb,7915,2.124,0,2000,128,3,0.8
engramdb,7916,2.145,1,2000,128,3,0.8
engramdb,7917,2.283,1,2000,128,3,0.8
engramdb,7918,2.151,1,2000,128,3,0.8
engramdb,7919,2.212,1,2000,128,3,0.8
engramdb,7920,2.227,0,2000,128,3,0.8
engramdb,7921,2.082,0,2000,128,3,0.8
engramdb,7922,2.178,1,2000,128,3,0.8
engramdb,7923,2.230,1,2000,128,3,0.8
engramdb,7924,2.138,1,2000,128,3,0.8
engramdb,7925,5.567,0,2000,128,3,0.8
engramdb,7926,2.983,0,2000,128,3,0.8
engramdb,7927,2.364,0,2000,128,3,0.8
engramdb,7928,2.863,1,2000,128,3,0.8
engramdb,7929,2.412,1,2000,128,3,0.8
engramdb,7930,2.893,1,2000,128,3,0.8
engramdb,7931,2.972,0,2000,128,3,0.8
engramdb,7932,2.577,1,2000,128,3,0.8
engramdb,7933,2.965,0,2000,128,3,0.8
engramdb,7934,2.579,1,2000,128,3,0.8
engramdb,7935,2.909,1,2000,128,3,0.8
engramdb,7936,2.313,0,2000,128,3,0.8
engramdb,7937,5.554,1,2000,128,3,0.8
engramdb,7938,2.790,1,2000,128,3,0.8
engramdb,7939,2.270,0,2000,128,3,0.8
engramdb,7940,2.836,1,2000,128,3,0.8
engramdb,7941,2.327,0,2000,128,3,0.8
engramdb,7942,2.777,0,2000,128,3,0.8
engramdb,7943,4.667,1,2000,128,3,0.8
engramdb,7944,4.808,1,2000,128,3,0.8
engramdb,7945,4.701,0,2000,128,3,0.8
engramdb,7946,2.443,1,2000,128,3,0.8
engramdb,7947,2.827,0,2000,128,3,0.8
engramdb,7948,2.334,1,2000,128,3,0.8
engramdb,7949,2.227,1,2000,128,3,0.8
engramdb,7950,2.275,1,2000,128,3,0.8
engramdb,7951,2.194,0,2000,128,3,0.8
engramdb,7952,2.235,0,2000,128,3,0.8
engramdb,7953,2.222,1,2000,128,3,0.8
engramdb,7954,2.202,1,2000,128,3,0.8
engramdb,7955,2.146,1,2000,128,3,0.8
engramdb,7956,2.110,1,2000,128,3,0.8
engramdb,7957,2.950,0,2000,128,3,0.8
engramdb,7958,2.244,0,2000,128,3,0.8
engramdb,7959,5.520,1,2000,128,3,0.8
engramdb,7960,2.838,1,2000,128,3,0.8
engramdb,7961,2.310,1,2000,128,3,0.8
engramdb,7962,2.739,0,2000,128,3,0.8
engramdb,7963,2.841,0,2000,128,3,0.8
engramdb,7964,2.355,0,2000,128,3,0.8
engramdb,7965,2.843,1,2000,128,3,0.8
engramdb,7966,2.785,1,2000,128,3,0.8
engramdb,7967,2.387,1,2000,128,3,0.8
engramdb,7968,2.852,0,2000,128,3,0.8
engramdb,7969,2.341,1,2000,128,3,0.8
engramdb,7970,5.814,0,2000,128,3,0.8
engramdb,7971,2.832,1,2000,128,3,0.8
engramdb,7972,2.318,1,2000,128,3,0.8
engramdb,7973,6.841,0,2000,128,3,0.8
engramdb,7974,2.690,1,2000,128,3,0.8
engramdb,7975,6.339,1,2000,128,3,0.8
engramdb,7976,2.727,0,2000,128,3,0.8
engramdb,7977,2.323,1,2000,128,3,0.8
engramdb,7978,2.859,0,2000,128,3,0.8
engramdb,7979,2.335,1,2000,128,3,0.8
engramdb,7980,2.851,1,2000,128,3,0.8
engramdb,7981,2.377,1,2000,128,3,0.8
engramdb,7982,2.829,0,2000,128,3,0.8
engramdb,7983,2.342,0,2000,128,3,0.8
engramdb,7984,2.945,0,2000,128,3,0.8
engramdb,7985,6.827,1,2000,128,3,0.8
engramdb,7986,2.565,1,2000,128,3,0.8
engramdb,7987,2.298,1,2000,128,3,0.8
engramdb,7988,2.831,0,2000,128,3,0.8
engramdb,7989,2.242,0,2000,128,3,0.8
engramdb,7990,2.389,1,2000,128,3,0.8
engramdb,7991,2.242,1,2000,128,3,0.8
engramdb,7992,2.341,1,2000,128,3,0.8
engramdb,7993,2.232,1,2000,128,3,0.8
engramdb,7994,2.402,0,2000,128,3,0.8
engramdb,7995,2.221,0,2000,128,3,0.8
engramdb,7996,2.172,1,2000,128,3,0.8
engramdb,7997,2.192,1,2000,128,3,0.8
engramdb,7998,2.105,1,2000,128,3,0.8
engramdb,7999,2.144,0,2000,128,3,0.8
engramdb,8000,2.590,1,2000,128,3,0.8
engramdb,8001,2.134,0,2000,128,3,0.8
engramdb,8002,2.283,1,2000,128,3,0.8
engramdb,8003,2.136,1,2000,128,3,0.8
engramdb,8004,2.116,0,2000,128,3,0.8
engramdb,8005,2.094,0,2000,128,3,0.8
engramdb,8006,2.276,1,2000,128,3,0.8
engramdb,8007,2.250,0,2000,128,3,0.8
engramdb,8008,2.279,1,2000,128,3,0.8
engramdb,8009,2.286,1,2000,128,3,0.8
engramdb,8010,3.013,0,2000,128,3,0.8
engramdb,8011,2.423,1,2000,128,3,0.8
engramdb,8012,4.443,1,2000,128,3,0.8
engramdb,8013,2.339,0,2000,128,3,0.8
engramdb,8014,2.934,1,2000,128,3,0.8
engramdb,8015,2.232,0,2000,128,3,0.8
engramdb,8016,3.024,1,2000,128,3,0.8
engramdb,8017,2.237,1,2000,128,3,0.8
engramdb,8018,3.197,1,2000,128,3,0.8
engramdb,8019,2.285,0,2000,128,3,0.8
engramdb,8020,5.589,0,2000,128,3,0.8
engramdb,8021,2.910,0,2000,128,3,0.8
engramdb,8022,2.357,1,2000,128,3,0.8
engramdb,8023,3.119,1,2000,128,3,0.8
engramdb,8024,2.421,1,2000,128,3,0.8
engramdb,8025,2.884,0,2000,128,3,0.8
engramdb,8026,4.989,0,2000,128,3,0.8
engramdb,8027,2.284,1,2000,128,3,0.8
engramdb,8028,2.840,1,2000,128,3,0.8
engramdb,8029,2.238,1,2000,128,3,0.8
engramdb,8030,2.827,1,2000,128,3,0.8
engramdb,8031,2.415,0,2000,128,3,0.8
engramdb,8032,2.877,0,2000,128,3,0.8
engramdb,8033,2.406,1,2000,128,3,0.8
engramdb,8034,2.868,1,2000,128,3,0.8
engramdb,8035,2.239,1,2000,128,3,0.8
engramdb,8036,2.935,0,2000,128,3,0.8
engramdb,8037,2.344,1,2000,128,3,0.8
engramdb,8038,7.215,0,2000,128,3,0.8
engramdb,8039,5.303,1,2000,128,3,0.8
engramdb,8040,6.792,1,2000,128,3,0.8
engramdb,8041,5.444,0,2000,128,3,0.8
engramdb,8042,6.764,0,2000,128,3,0.8
engramdb,8043,5.137,1,2000,128,3,0.8
engramdb,8044,4.593,0,2000,128,3,0.8
engramdb,8045,4.899,1,2000,128,3,0.8
engramdb,8046,2.851,1,2000,128,3,0.8
engramdb,8047,4.955,0,2000,128,3,0.8
engramdb,8048,2.276,1,2000,128,3,0.8
engramdb,8049,2.880,1,2000,128,3,0.8
engramdb,8050,6.640,0,2000,128,3,0.8
engramdb,8051,5.127,1,2000,128,3,0.8
engramdb,8052,2.951,0,2000,128,3,0.8
engramdb,8053,2.408,1,2000,128,3,0.8
engramdb,8054,2.865,1,2000,128,3,0.8
engramdb,8055,2.335,1,2000,128,3,0.8
engramdb,8056,2.876,0,2000,128,3,0.8
engramdb,8057,2.323,0,2000,128,3,0.8
engramdb,8058,2.796,1,2000,128,3,0.8
engramdb,8059,2.403,1,2000,128,3,0.8
engramdb,8060,2.870,1,2000,128,3,0.8
engramdb,8061,4.850,1,2000,128,3,0.8
engramdb,8062,6.746,0,2000,128,3,0.8
engramdb,8063,4.986,0,2000,128,3,0.8
engramdb,8064,4.987,1,2000,128,3,0.8
engramdb,8065,2.864,1,2000,128,3,0.8
engramdb,8066,6.764,1,2000,128,3,0.8
engramdb,8067,5.251,1,2000,128,3,0.8
engramdb,8068,2.260,0,2000,128,3,0.8
engramdb,8069,2.937,0,2000,128,3,0.8
engramdb,8070,2.392,1,2000,128,3,0.8
engramdb,8071,2.835,1,2000,128,3,0.8
engramdb,8072,4.842,1,2000,128,3,0.8
engramdb,8073,2.768,0,2000,128,3,0.8
engramdb,8074,2.279,1,2000,128,3,0.8
engramdb,8075,5.514,0,2000,128,3,0.8
engramdb,8076,2.357,1,2000,128,3,0.8
engramdb,8077,9.649,1,2000,128,3,0.8
engramdb,8078,2.395,0,2000,128,3,0.8
engramdb,8079,3.057,1,2000,128,3,0.8
engramdb,8080,2.447,1,2000,128,3,0.8
engramdb,8081,2.915,0,2000,128,3,0.8
engramdb,8082,2.547,1,2000,128,3,0.8
engramdb,8083,2.831,0,2000,128,3,0.8
engramdb,8084,2.488,0,2000,128,3,0.8
engramdb,8085,2.896,1,2000,128,3,0.8
engramdb,8086,2.260,1,2000,128,3,0.8
engramdb,8087,2.999,0,2000,128,3,0.8
engramdb,8088,2.373,1,2000,128,3,0.8
engramdb,8089,2.844,0,2000,128,3,0.8
engramdb,8090,2.246,1,2000,128,3,0.8
engramdb,8091,2.855,1,2000,128,3,0.8
engramdb,8092,2.407,1,2000,128,3,0.8
engramdb,8093,2.815,0,2000,128,3,0.8
engramdb,8094,2.227,0,2000,128,3,0.8
engramdb,8095,2.858,1,2000,128,3,0.8
engramdb,8096,4.868,1,2000,128,3,0.8
engramdb,8097,6.867,1,2000,128,3,0.8
engramdb,8098,5.311,1,2000,128,3,0.8
engramdb,8099,2.380,0,2000,128,3,0.8
engramdb,8100,2.846,1,2000,128,3,0.8
engramdb,8101,2.271,1,2000,128,3,0.8
engramdb,8102,2.314,1,2000,128,3,0.8
engramdb,8103,2.171,1,2000,128,3,0.8
engramdb,8104,2.255,0,2000,128,3,0.8
engramdb,8105,2.203,0,2000,128,3,0.8
engramdb,8106,2.089,0,2000,128,3,0.8
engramdb,8107,2.237,1,2000,128,3,0.8
engramdb,8108,2.056,1,2000,128,3,0.8
engramdb,8109,2.111,1,2000,128,3,0.8
engramdb,8110,2.238,0,2000,128,3,0.8
engramdb,8111,2.170,1,2000,128,3,0.8
engramdb,8112,2.328,0,2000,128,3,0.8
engramdb,8113,2.910,1,2000,128,3,0.8
engramdb,8114,2.393,1,2000,128,3,0.8
engramdb,8115,2.275,0,2000,128,3,0.8
engramdb,8116,2.265,1,2000,128,3,0.8
engramdb,8117,2.342,1,2000,128,3,0.8
engramdb,8118,2.875,0,2000,128,3,0.8
engramdb,8119,2.411,1,2000,128,3,0.8
engramdb,8120,2.894,0,2000,128,3,0.8
engramdb,8121,2.266,0,2000,128,3,0.8
engramdb,8122,2.845,1,2000,128,3,0.8
engramdb,8123,2.558,1,2000,128,3,0.8
engramdb,8124,2.920,0,2000,128,3,0.8
engramdb,8125,2.282,0,2000,128,3,0.8
engramdb,8126,2.869,0,2000,128,3,0.8
engramdb,8127,2.407,1,2000,128,3,0.8
engramdb,8128,2.926,1,2000,128,3,0.8
engramdb,8129,2.292,1,2000,128,3,0.8
engramdb,8130,2.833,0,2000,128,3,0.8
engramdb,8131,2.306,0,2000,128,3,0.8
engramdb,8132,2.905,1,2000,128,3,0.8
engramdb,8133,2.290,1,2000,128,3,0.8
engramdb,8134,2.840,1,2000,128,3,0.8
engramdb,8135,2.367,1,2000,128,3,0.8
engramdb,8136,2.847,0,2000,128,3,0.8
engramdb,8137,2.295,0,2000,128,3,0.8
engramdb,8138,2.753,1,2000,128,3,0.8
engramdb,8139,2.403,1,2000,128,3,0.8
engramdb,8140,2.801,1,2000,128,3,0.8
engramdb,8141,2.485,0,2000,128,3,0.8
engramdb,8142,2.874,0,2000,128,3,0.8
engramdb,8143,3.569,0,2000,128,3,0.8
engramdb,8144,5.584,1,2000,128,3,0.8
engramdb,8145,2.869,1,2000,128,3,0.8
engramdb,8146,2.697,1,2000,128,3,0.8
engramdb,8147,2.240,0,2000,128,3,0.8
engramdb,8148,2.889,1,2000,128,3,0.8
engramdb,8149,2.339,0,2000,128,3,0.8
engramdb,8150,2.908,1,2000,128,3,0.8
engramdb,8151,2.336,1,2000,128,3,0.8
engramdb,8152,2.810,0,2000,128,3,0.8
engramdb,8153,2.278,1,2000,128,3,0.8
engramdb,8154,3.961,1,2000,128,3,0.8
engramdb,8155,3.688,0,2000,128,3,0.8
engramdb,8156,2.980,1,2000,128,3,0.8
engramdb,8157,2.405,0,2000,128,3,0.8
engramdb,8158,2.959,1,2000,128,3,0.8
engramdb,8159,2.570,1,2000,128,3,0.8
engramdb,8160,2.948,1,2000,128,3,0.8
engramdb,8161,6.784,0,2000,128,3,0.8
engramdb,8162,5.368,0,2000,128,3,0.8
engramdb,8163,6.766,0,2000,128,3,0.8
engramdb,8164,5.199,1,2000,128,3,0.8
engramdb,8165,2.792,1,2000,128,3,0.8
engramdb,8166,2.306,1,2000,128,3,0.8
engramdb,8167,2.853,0,2000,128,3,0.8
engramdb,8168,2.369,0,2000,128,3,0.8
engramdb,8169,2.931,1,2000,128,3,0.8
engramdb,8170,2.382,1,2000,128,3,0.8
engramdb,8171,6.920,1,2000,128,3,0.8
engramdb,8172,2.496,1,2000,128,3,0.8
engramdb,8173,2.882,0,2000,128,3,0.8
engramdb,8174,2.371,0,2000,128,3,0.8
engramdb,8175,2.898,1,2000,128,3,0.8
engramdb,8176,5.103,1,2000,128,3,0.8
engramdb,8177,6.850,1,2000,128,3,0.8
engramdb,8178,5.164,0,2000,128,3,0.8
engramdb,8179,6.900,1,2000,128,3,0.8
engramdb,8180,4.983,0,2000,128,3,0.8
engramdb,8181,2.874,1,2000,128,3,0.8
engramdb,8182,5.050,1,2000,128,3,0.8
engramdb,8183,6.787,0,2000,128,3,0.8
engramdb,8184,5.077,0,2000,128,3,0.8
engramdb,8185,2.905,1,2000,128,3,0.8
engramdb,8186,2.331,0,2000,128,3,0.8
engramdb,8187,7.020,1,2000,128,3,0.8
engramdb,8188,2.797,1,2000,128,3,0.8
engramdb,8189,2.835,0,2000,128,3,0.8
engramdb,8190,2.480,1,2000,128,3,0.8
engramdb,8191,2.862,1,2000,128,3,0.8
engramdb,8192,2.257,0,2000,128,3,0.8
engramdb,8193,2.878,1,2000,128,3,0.8
engramdb,8194,2.413,0,2000,128,3,0.8
engramdb,8195,2.869,1,2000,128,3,0.8
engramdb,8196,2.435,1,2000,128,3,0.8
engramdb,8197,2.817,1,2000,128,3,0.8
engramdb,8198,2.353,0,2000,128,3,0.8
engramdb,8199,2.932,0,2000,128,3,0.8
engramdb,8200,4.946,1,2000,128,3,0.8
engramdb,8201,5.374,1,2000,128,3,0.8
engramdb,8202,2.860,1,2000,128,3,0.8
engramdb,8203,2.375,1,2000,128,3,0.8
engramdb,8204,5.420,0,2000,128,3,0.8
engramdb,8205,2.937,0,2000,128,3,0.8
engramdb,8206,2.393,1,2000,128,3,0.8
engramdb,8207,2.953,1,2000,128,3,0.8
engramdb,8208,6.824,1,2000,128,3,0.8
engramdb,8209,2.508,1,2000,128,3,0.8
engramdb,8210,2.940,0,2000,128,3,0.8
engramdb,8211,3.216,0,2000,128,3,0.8
engramdb,8212,4.364,1,2000,128,3,0.8
engramdb,8213,2.914,1,2000,128,3,0.8
engramdb,8214,2.850,1,2000,128,3,0.8
engramdb,8215,2.453,0,2000,128,3,0.8
engramdb,8216,5.319,1,2000,128,3,0.8
engramdb,8217,2.830,0,2000,128,3,0.8
engramdb,8218,2.292,1,2000,128,3,0.8
engramdb,8219,2.847,1,2000,128,3,0.8
engramdb,8220,6.929,0,2000,128,3,0.8
engramdb,8221,2.373,0,2000,128,3,0.8
engramdb,8222,2.838,1,2000,128,3,0.8
engramdb,8223,2.815,0,2000,128,3,0.8
engramdb,8224,2.310,1,2000,128,3,0.8
engramdb,8225,5.419,0,2000,128,3,0.8
engramdb,8226,2.831,0,2000,128,3,0.8
engramdb,8227,2.233,1,2000,128,3,0.8
engramdb,8228,5.414,1,2000,128,3,0.8
engramdb,8229,2.817,0,2000,128,3,0.8
engramdb,8230,2.432,1,2000,128,3,0.8
engramdb,8231,2.994,0,2000,128,3,0.8
engramdb,8232,4.318,1,2000,128,3,0.8
engramdb,8233,3.001,1,2000,128,3,0.8
engramdb,8234,2.381,1,2000,128,3,0.8
engramdb,8235,5.393,0,2000,128,3,0.8
engramdb,8236,5.436,0,2000,128,3,0.8
engramdb,8237,2.440,1,2000,128,3,0.8
engramdb,8238,2.359,1,2000,128,3,0.8
engramdb,8239,2.951,1,2000,128,3,0.8
engramdb,8240,2.589,1,2000,128,3,0.8
engramdb,8241,2.884,0,2000,128,3,0.8
engramdb,8242,2.333,0,2000,128,3,0.8
engramdb,8243,2.817,1,2000,128,3,0.8
engramdb,8244,2.412,1,2000,128,3,0.8
engramdb,8245,2.858,1,2000,128,3,0.8
engramdb,8246,2.362,1,2000,128,3,0.8
engramdb,8247,2.903,0,2000,128,3,0.8
engramdb,8248,2.358,0,2000,128,3,0.8
engramdb,8249,2.882,1,2000,128,3,0.8
engramdb,8250,2.310,1,2000,128,3,0.8
engramdb,8251,2.913,1,2000,128,3,0.8
engramdb,8252,2.345,0,2000,128,3,0.8
engramdb,8253,2.938,1,2000,128,3,0.8
engramdb,8254,2.267,0,2000,128,3,0.8
engramdb,8255,2.986,1,2000,128,3,0.8
engramdb,8256,2.675,1,2000,128,3,0.8
engramdb,8257,2.847,0,2000,128,3,0.8
engramdb,8258,2.251,1,2000,128,3,0.8
engramdb,8259,2.885,1,2000,128,3,0.8
engramdb,8260,6.739,0,2000,128,3,0.8
engramdb,8261,2.590,1,2000,128,3,0.8
engramdb,8262,2.402,0,2000,128,3,0.8
engramdb,8263,2.821,0,2000,128,3,0.8
engramdb,8264,2.362,1,2000,128,3,0.8
engramdb,8265,2.867,1,2000,128,3,0.8
engramdb,8266,4.802,0,2000,128,3,0.8
engramdb,8267,2.860,1,2000,128,3,0.8
engramdb,8268,4.771,0,2000,128,3,0.8
engramdb,8269,7.650,1,2000,128,3,0.8
engramdb,8270,3.618,1,2000,128,3,0.8
engramdb,8271,6.619,1,2000,128,3,0.8
engramdb,8272,7.005,0,2000,128,3,0.8
engramdb,8273,5.144,0,2000,128,3,0.8
engramdb,8274,6.818,1,2000,128,3,0.8
engramdb,8275,4.850,1,2000,128,3,0.8
engramdb,8276,6.824,1,2000,128,3,0.8
engramdb,8277,4.995,1,2000,128,3,0.8
engramdb,8278,3.066,0,2000,128,3,0.8
engramdb,8279,2.294,0,2000,128,3,0.8
engramdb,8280,2.957,1,2000,128,3,0.8
engramdb,8281,2.287,1,2000,128,3,0.8
engramdb,8282,5.449,1,2000,128,3,0.8
engramdb,8283,5.114,0,2000,128,3,0.8
engramdb,8284,2.689,0,2000,128,3,0.8
engramdb,8285,2.340,0,2000,128,3,0.8
engramdb,8286,2.992,1,2000,128,3,0.8
engramdb,8287,2.353,1,2000,128,3,0.8
engramdb,8288,2.930,1,2000,128,3,0.8
engramdb,8289,2.382,0,2000,128,3,0.8
engramdb,8290,2.888,1,2000,128,3,0.8
engramdb,8291,2.263,0,2000,128,3,0.8
engramdb,8292,2.221,1,2000,128,3,0.8
engramdb,8293,3.652,1,2000,128,3,0.8
engramdb,8294,3.136,0,2000,128,3,0.8
engramdb,8295,2.905,1,2000,128,3,0.8
engramdb,8296,2.670,1,2000,128,3,0.8
engramdb,8297,3.139,0,2000,128,3,0.8
engramdb,8298,2.871,1,2000,128,3,0.8
engramdb,8299,3.105,0,2000,128,3,0.8
engramdb,8300,2.734,1,2000,128,3,0.8
engramdb,8301,3.372,1,2000,128,3,0.8
engramdb,8302,2.728,1,2000,128,3,0.8
engramdb,8303,2.662,0,2000,128,3,0.8
engramdb,8304,3.108,0,2000,128,3,0.8
engramdb,8305,2.773,0,2000,128,3,0.8
engramdb,8306,3.101,1,2000,128,3,0.8
engramdb,8307,2.777,1,2000,128,3,0.8
engramdb,8308,3.135,1,2000,128,3,0.8
engramdb,8309,2.660,0,2000,128,3,0.8
engramdb,8310,3.120,0,2000,128,3,0.8
engramdb,8311,2.851,1,2000,128,3,0.8
engramdb,8312,3.222,1,2000,128,3,0.8
engramdb,8313,2.622,1,2000,128,3,0.8
engramdb,8314,3.253,1,2000,128,3,0.8
engramdb,8315,7.181,0,2000,128,3,0.8
engramdb,8316,5.724,0,2000,128,3,0.8
engramdb,8317,2.880,1,2000,128,3,0.8
engramdb,8318,3.235,1,2000,128,3,0.8
engramdb,8319,7.286,1,2000,128,3,0.8
engramdb,8320,3.122,0,2000,128,3,0.8
engramdb,8321,7.447,0,2000,128,3,0.8
engramdb,8322,5.657,0,2000,128,3,0.8
engramdb,8323,7.318,1,2000,128,3,0.8
engramdb,8324,5.683,1,2000,128,3,0.8
engramdb,8325,7.420,0,2000,128,3,0.8
engramdb,8326,2.791,0,2000,128,3,0.8
engramdb,8327,2.698,1,2000,128,3,0.8
engramdb,8328,3.046,0,2000,128,3,0.8
engramdb,8329,7.114,1,2000,128,3,0.8
engramdb,8330,2.952,1,2000,128,3,0.8
engramdb,8331,3.177,0,2000,128,3,0.8
engramdb,8332,2.864,1,2000,128,3,0.8
engramdb,8333,3.162,1,2000,128,3,0.8
engramdb,8334,2.727,0,2000,128,3,0.8
engramdb,8335,3.161,1,2000,128,3,0.8
engramdb,8336,2.754,0,2000,128,3,0.8
engramdb,8337,3.112,1,2000,128,3,0.8
engramdb,8338,2.623,1,2000,128,3,0.8
engramdb,8339,3.411,1,2000,128,3,0.8
engramdb,8340,2.784,0,2000,128,3,0.8
engramdb,8341,3.179,0,2000,128,3,0.8
engramdb,8342,6.878,0,2000,128,3,0.8
engramdb,8343,3.114,1,2000,128,3,0.8
engramdb,8344,6.894,1,2000,128,3,0.8
engramdb,8345,5.611,1,2000,128,3,0.8
engramdb,8346,3.063,0,2000,128,3,0.8
engramdb,8347,2.771,0,2000,128,3,0.8
engramdb,8348,5.523,1,2000,128,3,0.8
engramdb,8349,3.227,1,2000,128,3,0.8
engramdb,8350,2.765,1,2000,128,3,0.8
engramdb,8351,5.686,1,2000,128,3,0.8
engramdb,8352,3.340,0,2000,128,3,0.8
engramdb,8353,2.570,0,2000,128,3,0.8
engramdb,8354,3.216,1,2000,128,3,0.8
engramdb,8355,3.300,1,2000,128,3,0.8
engramdb,8356,3.077,1,2000,128,3,0.8
engramdb,8357,3.032,0,2000,128,3,0.8
engramdb,8358,3.135,1,2000,128,3,0.8
engramdb,8359,3.146,0,2000,128,3,0.8
engramdb,8360,6.859,1,2000,128,3,0.8
engramdb,8361,3.147,1,2000,128,3,0.8
engramdb,8362,2.656,0,2000,128,3,0.8
engramdb,8363,2.710,0,2000,128,3,0.8
engramdb,8364,2.616,1,2000,128,3,0.8
engramdb,8365,2.733,0,2000,128,3,0.8
engramdb,8366,2.662,1,2000,128,3,0.8
engramdb,8367,7.001,1,2000,128,3,0.8
engramdb,8368,5.492,0,2000,128,3,0.8
engramdb,8369,6.883,1,2000,128,3,0.8
engramdb,8370,2.792,1,2000,128,3,0.8
engramdb,8371,3.158,0,2000,128,3,0.8
engramdb,8372,6.982,1,2000,128,3,0.8
engramdb,8373,5.490,0,2000,128,3,0.8
engramdb,8374,3.087,1,2000,128,3,0.8
engramdb,8375,2.767,1,2000,128,3,0.8
engramdb,8376,3.030,1,2000,128,3,0.8
engramdb,8377,2.666,0,2000,128,3,0.8
engramdb,8378,5.722,0,2000,128,3,0.8
engramdb,8379,3.038,1,2000,128,3,0.8
engramdb,8380,3.161,1,2000,128,3,0.8
engramdb,8381,3.136,1,2000,128,3,0.8
engramdb,8382,3.104,1,2000,128,3,0.8
engramdb,8383,5.123,0,2000,128,3,0.8
engramdb,8384,3.155,0,2000,128,3,0.8
engramdb,8385,3.174,1,2000,128,3,0.8
engramdb,8386,2.948,1,2000,128,3,0.8
engramdb,8387,3.160,1,2000,128,3,0.8
engramdb,8388,3.098,1,2000,128,3,0.8
engramdb,8389,2.624,0,2000,128,3,0.8
engramdb,8390,5.615,0,2000,128,3,0.8
engramdb,8391,3.353,1,2000,128,3,0.8
engramdb,8392,2.855,1,2000,128,3,0.8
engramdb,8393,3.180,1,2000,128,3,0.8
engramdb,8394,3.052,0,2000,128,3,0.8
engramdb,8395,3.116,1,2000,128,3,0.8
engramdb,8396,5.647,0,2000,128,3,0.8
engramdb,8397,2.777,1,2000,128,3,0.8
engramdb,8398,5.638,1,2000,128,3,0.8
engramdb,8399,7.052,0,2000,128,3,0.8
engramdb,8400,3.076,1,2000,128,3,0.8
engramdb,8401,3.153,1,2000,128,3,0.8
engramdb,8402,6.840,0,2000,128,3,0.8
engramdb,8403,5.080,1,2000,128,3,0.8
engramdb,8404,3.088,0,2000,128,3,0.8
engramdb,8405,2.792,0,2000,128,3,0.8
engramdb,8406,3.169,1,2000,128,3,0.8
engramdb,8407,2.616,1,2000,128,3,0.8
engramdb,8408,3.123,0,2000,128,3,0.8
engramdb,8409,6.792,1,2000,128,3,0.8
engramdb,8410,3.035,0,2000,128,3,0.8
engramdb,8411,3.108,1,2000,128,3,0.8
engramdb,8412,2.886,1,2000,128,3,0.8
engramdb,8413,5.853,1,2000,128,3,0.8
engramdb,8414,4.013,0,2000,128,3,0.8
engramdb,8415,2.741,0,2000,128,3,0.8
engramdb,8416,3.118,1,2000,128,3,0.8
engramdb,8417,2.383,1,2000,128,3,0.8
engramdb,8418,3.225,1,2000,128,3,0.8
engramdb,8419,3.105,1,2000,128,3,0.8
engramdb,8420,2.725,0,2000,128,3,0.8
engramdb,8421,3.085,0,2000,128,3,0.8
engramdb,8422,2.888,1,2000,128,3,0.8
engramdb,8423,3.112,1,2000,128,3,0.8
engramdb,8424,2.613,1,2000,128,3,0.8
engramdb,8425,2.871,0,2000,128,3,0.8
engramdb,8426,2.256,0,2000,128,3,0.8
engramdb,8427,3.109,0,2000,128,3,0.8
engramdb,8428,2.837,1,2000,128,3,0.8
engramdb,8429,3.165,1,2000,128,3,0.8
engramdb,8430,2.576,1,2000,128,3,0.8
engramdb,8431,3.146,0,2000,128,3,0.8
engramdb,8432,2.925,1,2000,128,3,0.8
engramdb,8433,3.142,0,2000,128,3,0.8
engramdb,8434,2.792,1,2000,128,3,0.8
engramdb,8435,3.100,1,2000,128,3,0.8
engramdb,8436,2.907,0,2000,128,3,0.8
engramdb,8437,3.164,1,2000,128,3,0.8
engramdb,8438,2.705,1,2000,128,3,0.8
engramdb,8439,3.598,0,2000,128,3,0.8
engramdb,8440,3.837,1,2000,128,3,0.8
engramdb,8441,5.488,0,2000,128,3,0.8
engramdb,8442,5.033,0,2000,128,3,0.8
engramdb,8443,5.363,1,2000,128,3,0.8
engramdb,8444,7.252,1,2000,128,3,0.8
engramdb,8445,5.294,0,2000,128,3,0.8
engramdb,8446,6.871,1,2000,128,3,0.8
engramdb,8447,5.105,0,2000,128,3,0.8
engramdb,8448,3.304,1,2000,128,3,0.8
engramdb,8449,2.595,1,2000,128,3,0.8
engramdb,8450,3.062,1,2000,128,3,0.8
engramdb,8451,5.305,0,2000,128,3,0.8
engramdb,8452,2.992,0,2000,128,3,0.8
engramdb,8453,2.425,1,2000,128,3,0.8
engramdb,8454,2.898,1,2000,128,3,0.8
engramdb,8455,2.338,1,2000,128,3,0.8
engramdb,8456,2.332,1,2000,128,3,0.8
engramdb,8457,2.962,0,2000,128,3,0.8
engramdb,8458,2.516,0,2000,128,3,0.8
engramdb,8459,2.262,1,2000,128,3,0.8
engramdb,8460,2.842,1,2000,128,3,0.8
engramdb,8461,2.346,1,2000,128,3,0.8
engramdb,8462,2.648,0,2000,128,3,0.8
engramdb,8463,2.864,0,2000,128,3,0.8
engramdb,8464,2.319,0,2000,128,3,0.8
engramdb,8465,6.553,1,2000,128,3,0.8
engramdb,8466,2.701,1,2000,128,3,0.8
engramdb,8467,2.841,1,2000,128,3,0.8
engramdb,8468,2.410,0,2000,128,3,0.8
engramdb,8469,2.288,1,2000,128,3,0.8
engramdb,8470,2.885,0,2000,128,3,0.8
engramdb,8471,2.417,1,2000,128,3,0.8
engramdb,8472,2.876,1,2000,128,3,0.8
engramdb,8473,2.314,0,2000,128,3,0.8
engramdb,8474,2.856,1,2000,128,3,0.8
engramdb,8475,6.831,1,2000,128,3,0.8
engramdb,8476,2.387,0,2000,128,3,0.8
engramdb,8477,2.912,1,2000,128,3,0.8
engramdb,8478,2.278,0,2000,128,3,0.8
engramdb,8479,2.885,1,2000,128,3,0.8
engramdb,8480,6.585,1,2000,128,3,0.8
engramdb,8481,2.393,1,2000,128,3,0.8
engramdb,8482,2.876,0,2000,128,3,0.8
engramdb,8483,6.873,0,2000,128,3,0.8
engramdb,8484,5.191,0,2000,128,3,0.8
engramdb,8485,2.837,1,2000,128,3,0.8
engramdb,8486,2.352,1,2000,128,3,0.8
engramdb,8487,2.753,1,2000,128,3,0.8
engramdb,8488,2.857,0,2000,128,3,0.8
engramdb,8489,4.895,0,2000,128,3,0.8
engramdb,8490,6.877,1,2000,128,3,0.8
engramdb,8491,5.124,1,2000,128,3,0.8
engramdb,8492,6.569,1,2000,128,3,0.8
engramdb,8493,2.673,1,2000,128,3,0.8
engramdb,8494,2.423,0,2000,128,3,0.8
engramdb,8495,2.919,0,2000,128,3,0.8
engramdb,8496,2.439,1,2000,128,3,0.8
engramdb,8497,2.907,1,2000,128,3,0.8
engramdb,8498,4.849,1,2000,128,3,0.8
engramdb,8499,6.819,0,2000,128,3,0.8
engramdb,8500,5.070,1,2000,128,3,0.8
engramdb,8501,3.298,0,2000,128,3,0.8
engramdb,8502,2.457,1,2000,128,3,0.8
engramdb,8503,2.864,1,2000,128,3,0.8
engramdb,8504,2.299,0,2000,128,3,0.8
engramdb,8505,2.280,0,2000,128,3,0.8
engramdb,8506,2.963,1,2000,128,3,0.8
engramdb,8507,2.366,0,2000,128,3,0.8
engramdb,8508,2.956,1,2000,128,3,0.8
engramdb,8509,2.400,1,2000,128,3,0.8
engramdb,8510,2.913,0,2000,128,3,0.8
engramdb,8511,2.257,1,2000,128,3,0.8
engramdb,8512,2.863,1,2000,128,3,0.8
engramdb,8513,2.270,0,2000,128,3,0.8
engramdb,8514,6.930,1,2000,128,3,0.8
engramdb,8515,4.962,0,2000,128,3,0.8
engramdb,8516,6.694,1,2000,128,3,0.8
engramdb,8517,2.509,1,2000,128,3,0.8
engramdb,8518,2.348,1,2000,128,3,0.8
engramdb,8519,2.894,0,2000,128,3,0.8
engramdb,8520,2.327,0,2000,128,3,0.8
engramdb,8521,2.826,0,2000,128,3,0.8
engramdb,8522,2.353,1,2000,128,3,0.8
engramdb,8523,2.856,1,2000,128,3,0.8
engramdb,8524,2.326,1,2000,128,3,0.8
engramdb,8525,3.294,0,2000,128,3,0.8
engramdb,8526,2.379,0,2000,128,3,0.8
engramdb,8527,2.295,1,2000,128,3,0.8
engramdb,8528,2.170,1,2000,128,3,0.8
engramdb,8529,2.940,1,2000,128,3,0.8
engramdb,8530,2.335,1,2000,128,3,0.8
engramdb,8531,2.939,0,2000,128,3,0.8
engramdb,8532,5.235,0,2000,128,3,0.8
engramdb,8533,2.978,1,2000,128,3,0.8
engramdb,8534,2.285,1,2000,128,3,0.8
engramdb,8535,5.505,1,2000,128,3,0.8
engramdb,8536,6.837,0,2000,128,3,0.8
engramdb,8537,2.462,1,2000,128,3,0.8
engramdb,8538,2.911,0,2000,128,3,0.8
engramdb,8539,2.300,1,2000,128,3,0.8
engramdb,8540,5.590,1,2000,128,3,0.8
engramdb,8541,2.895,0,2000,128,3,0.8
engramdb,8542,2.294,0,2000,128,3,0.8
engramdb,8543,5.640,1,2000,128,3,0.8
engramdb,8544,2.831,0,2000,128,3,0.8
engramdb,8545,2.300,1,2000,128,3,0.8
engramdb,8546,2.900,1,2000,128,3,0.8
engramdb,8547,6.803,0,2000,128,3,0.8
engramdb,8548,2.764,1,2000,128,3,0.8
engramdb,8549,2.260,1,2000,128,3,0.8
engramdb,8550,2.800,0,2000,128,3,0.8
engramdb,8551,2.375,1,2000,128,3,0.8
engramdb,8552,5.538,0,2000,128,3,0.8
engramdb,8553,2.309,1,2000,128,3,0.8
engramdb,8554,5.436,1,2000,128,3,0.8
engramdb,8555,2.801,1,2000,128,3,0.8
engramdb,8556,2.336,0,2000,128,3,0.8
engramdb,8557,2.967,0,2000,128,3,0.8
engramdb,8558,2.370,1,2000,128,3,0.8
engramdb,8559,2.965,1,2000,128,3,0.8
engramdb,8560,2.251,1,2000,128,3,0.8
engramdb,8561,2.876,1,2000,128,3,0.8
engramdb,8562,2.279,0,2000,128,3,0.8
engramdb,8563,2.884,0,2000,128,3,0.8
engramdb,8564,2.491,1,2000,128,3,0.8
engramdb,8565,2.914,1,2000,128,3,0.8
engramdb,8566,2.255,1,2000,128,3,0.8
engramdb,8567,2.870,1,2000,128,3,0.8
engramdb,8568,2.328,0,2000,128,3,0.8
engramdb,8569,2.990,0,2000,128,3,0.8
engramdb,8570,2.308,1,2000,128,3,0.8
engramdb,8571,2.859,1,2000,128,3,0.8
engramdb,8572,2.242,1,2000,128,3,0.8
engramdb,8573,2.902,0,2000,128,3,0.8
engramdb,8574,2.351,1,2000,128,3,0.8
engramdb,8575,6.697,0,2000,128,3,0.8
engramdb,8576,5.121,1,2000,128,3,0.8
engramdb,8577,2.254,1,2000,128,3,0.8
engramdb,8578,2.865,0,2000,128,3,0.8
engramdb,8579,2.317,1,2000,128,3,0.8
engramdb,8580,2.837,1,2000,128,3,0.8
engramdb,8581,2.358,0,2000,128,3,0.8
engramdb,8582,2.958,1,2000,128,3,0.8
engramdb,8583,2.529,0,2000,128,3,0.8
engramdb,8584,2.874,0,2000,128,3,0.8
engramdb,8585,2.344,1,2000,128,3,0.8
engramdb,8586,2.242,1,2000,128,3,0.8
engramdb,8587,2.821,0,2000,128,3,0.8
engramdb,8588,2.428,1,2000,128,3,0.8
engramdb,8589,2.786,0,2000,128,3,0.8
engramdb,8590,2.368,1,2000,128,3,0.8
engramdb,8591,2.812,1,2000,128,3,0.8
engramdb,8592,2.325,1,2000,128,3,0.8
engramdb,8593,2.822,0,2000,128,3,0.8
engramdb,8594,2.302,0,2000,128,3,0.8
engramdb,8595,2.842,1,2000,128,3,0.8
engramdb,8596,2.296,1,2000,128,3,0.8
engramdb,8597,2.193,1,2000,128,3,0.8
engramdb,8598,2.850,1,2000,128,3,0.8
engramdb,8599,2.344,0,2000,128,3,0.8
engramdb,8600,2.953,1,2000,128,3,0.8
engramdb,8601,2.269,1,2000,128,3,0.8
engramdb,8602,3.102,1,2000,128,3,0.8
engramdb,8603,4.936,1,2000,128,3,0.8
engramdb,8604,2.211,0,2000,128,3,0.8
engramdb,8605,2.816,0,2000,128,3,0.8
engramdb,8606,4.847,0,2000,128,3,0.8
engramdb,8607,2.832,1,2000,128,3,0.8
engramdb,8608,2.307,1,2000,128,3,0.8
engramdb,8609,2.798,1,2000,128,3,0.8
engramdb,8610,2.300,0,2000,128,3,0.8
engramdb,8611,6.875,1,2000,128,3,0.8
engramdb,8612,2.462,0,2000,128,3,0.8
engramdb,8613,2.227,1,2000,128,3,0.8
engramdb,8614,3.028,1,2000,128,3,0.8
engramdb,8615,2.258,0,2000,128,3,0.8
engramdb,8616,2.308,1,2000,128,3,0.8
engramdb,8617,2.820,1,2000,128,3,0.8
engramdb,8618,2.311,0,2000,128,3,0.8
engramdb,8619,2.865,1,2000,128,3,0.8
engramdb,8620,2.285,0,2000,128,3,0.8
engramdb,8621,2.867,0,2000,128,3,0.8
engramdb,8622,2.377,1,2000,128,3,0.8
engramdb,8623,2.245,1,2000,128,3,0.8
engramdb,8624,2.218,0,2000,128,3,0.8
engramdb,8625,2.866,0,2000,128,3,0.8
engramdb,8626,2.366,0,2000,128,3,0.8
engramdb,8627,2.950,1,2000,128,3,0.8
engramdb,8628,4.951,1,2000,128,3,0.8
engramdb,8629,4.975,1,2000,128,3,0.8
engramdb,8630,2.805,0,2000,128,3,0.8
engramdb,8631,2.314,0,2000,128,3,0.8
engramdb,8632,2.845,1,2000,128,3,0.8
engramdb,8633,2.295,1,2000,128,3,0.8
engramdb,8634,2.186,1,2000,128,3,0.8
engramdb,8635,2.851,1,2000,128,3,0.8
engramdb,8636,2.235,0,2000,128,3,0.8
engramdb,8637,2.851,0,2000,128,3,0.8
engramdb,8638,2.274,1,2000,128,3,0.8
engramdb,8639,2.255,1,2000,128,3,0.8
engramdb,8640,2.838,1,2000,128,3,0.8
engramdb,8641,2.229,0,2000,128,3,0.8
engramdb,8642,4.810,0,2000,128,3,0.8
engramdb,8643,2.373,0,2000,128,3,0.8
engramdb,8644,2.343,1,2000,128,3,0.8
engramdb,8645,2.820,1,2000,128,3,0.8
engramdb,8646,2.264,1,2000,128,3,0.8
engramdb,8647,2.798,0,2000,128,3,0.8
engramdb,8648,2.378,1,2000,128,3,0.8
engramdb,8649,6.779,0,2000,128,3,0.8
engramdb,8650,2.528,1,2000,128,3,0.8
engramdb,8651,2.313,1,2000,128,3,0.8
engramdb,8652,2.863,0,2000,128,3,0.8
engramdb,8653,2.249,1,2000,128,3,0.8
engramdb,8654,2.883,1,2000,128,3,0.8
engramdb,8655,2.339,0,2000,128,3,0.8
engramdb,8656,2.208,1,2000,128,3,0.8
engramdb,8657,2.744,0,2000,128,3,0.8
engramdb,8658,2.347,1,2000,128,3,0.8
engramdb,8659,2.862,1,2000,128,3,0.8
engramdb,8660,2.295,1,2000,128,3,0.8
engramdb,8661,2.855,0,2000,128,3,0.8
engramdb,8662,3.288,0,2000,128,3,0.8
engramdb,8663,5.617,0,2000,128,3,0.8
engramdb,8664,4.921,1,2000,128,3,0.8
engramdb,8665,2.781,1,2000,128,3,0.8
engramdb,8666,2.283,1,2000,128,3,0.8
engramdb,8667,2.235,0,2000,128,3,0.8
engramdb,8668,2.814,0,2000,128,3,0.8
engramdb,8669,2.352,1,2000,128,3,0.8
engramdb,8670,2.852,1,2000,128,3,0.8
engramdb,8671,2.301,1,2000,128,3,0.8
engramdb,8672,2.856,1,2000,128,3,0.8
engramdb,8673,2.571,0,2000,128,3,0.8
engramdb,8674,2.190,0,2000,128,3,0.8
engramdb,8675,2.840,1,2000,128,3,0.8
engramdb,8676,2.274,1,2000,128,3,0.8
engramdb,8677,6.675,1,2000,128,3,0.8
engramdb,8678,2.673,0,2000,128,3,0.8
engramdb,8679,2.264,1,2000,128,3,0.8
engramdb,8680,2.785,0,2000,128,3,0.8
engramdb,8681,2.348,1,2000,128,3,0.8
engramdb,8682,2.942,1,2000,128,3,0.8
engramdb,8683,2.253,0,2000,128,3,0.8
engramdb,8684,4.868,0,2000,128,3,0.8
engramdb,8685,2.737,1,2000,128,3,0.8
engramdb,8686,2.287,0,2000,128,3,0.8
engramdb,8687,2.829,1,2000,128,3,0.8
engramdb,8688,2.376,1,2000,128,3,0.8
engramdb,8689,2.961,0,2000,128,3,0.8
engramdb,8690,2.367,1,2000,128,3,0.8
engramdb,8691,2.954,1,2000,128,3,0.8
engramdb,8692,2.413,0,2000,128,3,0.8
engramdb,8693,2.164,1,2000,128,3,0.8
engramdb,8694,2.892,0,2000,128,3,0.8
engramdb,8695,2.399,1,2000,128,3,0.8
engramdb,8696,2.970,1,2000,128,3,0.8
engramdb,8697,2.225,1,2000,128,3,0.8
engramdb,8698,2.242,0,2000,128,3,0.8
engramdb,8699,2.862,0,2000,128,3,0.8
engramdb,8700,2.290,1,2000,128,3,0.8
engramdb,8701,4.776,1,2000,128,3,0.8
engramdb,8702,2.444,1,2000,128,3,0.8
engramdb,8703,2.145,1,2000,128,3,0.8
engramdb,8704,2.796,0,2000,128,3,0.8
engramdb,8705,2.348,0,2000,128,3,0.8
engramdb,8706,2.551,1,2000,128,3,0.8
engramdb,8707,2.902,1,2000,128,3,0.8
engramdb,8708,2.307,1,2000,128,3,0.8
engramdb,8709,6.970,1,2000,128,3,0.8
engramdb,8710,2.539,0,2000,128,3,0.8
engramdb,8711,2.258,0,2000,128,3,0.8
engramdb,8712,3.010,1,2000,128,3,0.8
engramdb,8713,2.221,1,2000,128,3,0.8
engramdb,8714,2.865,1,2000,128,3,0.8
engramdb,8715,2.325,0,2000,128,3,0.8
engramdb,8716,2.841,1,2000,128,3,0.8
engramdb,8717,2.385,0,2000,128,3,0.8
engramdb,8718,2.402,1,2000,128,3,0.8
engramdb,8719,2.810,1,2000,128,3,0.8
engramdb,8720,2.326,0,2000,128,3,0.8
engramdb,8721,3.008,0,2000,128,3,0.8
engramdb,8722,2.472,1,2000,128,3,0.8
engramdb,8723,6.776,0,2000,128,3,0.8
engramdb,8724,5.011,1,2000,128,3,0.8
engramdb,8725,6.724,0,2000,128,3,0.8
engramdb,8726,2.513,0,2000,128,3,0.8
engramdb,8727,2.529,1,2000,128,3,0.8
engramdb,8728,2.830,1,2000,128,3,0.8
engramdb,8729,2.317,0,2000,128,3,0.8
engramdb,8730,2.954,1,2000,128,3,0.8
engramdb,8731,2.397,0,2000,128,3,0.8
engramdb,8732,2.828,1,2000,128,3,0.8
engramdb,8733,2.294,1,2000,128,3,0.8
engramdb,8734,2.873,1,2000,128,3,0.8
engramdb,8735,4.948,0,2000,128,3,0.8
engramdb,8736,4.716,0,2000,128,3,0.8
engramdb,8737,2.816,1,2000,128,3,0.8
engramdb,8738,2.290,1,2000,128,3,0.8
engramdb,8739,2.877,1,2000,128,3,0.8
engramdb,8740,2.621,1,2000,128,3,0.8
engramdb,8741,2.869,0,2000,128,3,0.8
engramdb,8742,2.420,0,2000,128,3,0.8
engramdb,8743,3.012,1,2000,128,3,0.8
engramdb,8744,2.348,1,2000,128,3,0.8
engramdb,8745,2.895,1,2000,128,3,0.8
engramdb,8746,2.417,1,2000,128,3,0.8
engramdb,8747,2.139,0,2000,128,3,0.8
engramdb,8748,2.873,0,2000,128,3,0.8
engramdb,8749,2.313,1,2000,128,3,0.8
engramdb,8750,2.338,1,2000,128,3,0.8
engramdb,8751,2.141,1,2000,128,3,0.8
engramdb,8752,2.243,0,2000,128,3,0.8
engramdb,8753,2.214,1,2000,128,3,0.8
engramdb,8754,2.250,0,2000,128,3,0.8
engramdb,8755,2.192,1,2000,128,3,0.8
engramdb,8756,2.873,1,2000,128,3,0.8
engramdb,8757,2.386,0,2000,128,3,0.8
engramdb,8758,2.335,1,2000,128,3,0.8
engramdb,8759,2.247,1,2000,128,3,0.8
engramdb,8760,2.160,0,2000,128,3,0.8
engramdb,8761,2.187,1,2000,128,3,0.8
engramdb,8762,2.146,0,2000,128,3,0.8
engramdb,8763,2.105,0,2000,128,3,0.8
engramdb,8764,2.139,1,2000,128,3,0.8
engramdb,8765,2.318,1,2000,128,3,0.8
engramdb,8766,2.225,0,2000,128,3,0.8
engramdb,8767,2.150,1,2000,128,3,0.8
engramdb,8768,2.186,0,2000,128,3,0.8
engramdb,8769,2.178,1,2000,128,3,0.8
engramdb,8770,2.220,1,2000,128,3,0.8
engramdb,8771,2.162,1,2000,128,3,0.8
engramdb,8772,2.193,0,2000,128,3,0.8
engramdb,8773,2.936,0,2000,128,3,0.8
engramdb,8774,2.452,1,2000,128,3,0.8
engramdb,8775,2.198,1,2000,128,3,0.8
engramdb,8776,2.267,1,2000,128,3,0.8
engramdb,8777,2.163,1,2000,128,3,0.8
engramdb,8778,2.206,0,2000,128,3,0.8
engramdb,8779,2.155,0,2000,128,3,0.8
engramdb,8780,2.202,1,2000,128,3,0.8
engramdb,8781,2.111,1,2000,128,3,0.8
engramdb,8782,2.077,1,2000,128,3,0.8
engramdb,8783,2.196,0,2000,128,3,0.8
engramdb,8784,2.207,0,2000,128,3,0.8
engramdb,8785,2.154,0,2000,128,3,0.8
engramdb,8786,2.079,1,2000,128,3,0.8
engramdb,8787,2.122,1,2000,128,3,0.8
engramdb,8788,2.140,1,2000,128,3,0.8
engramdb,8789,2.785,0,2000,128,3,0.8
engramdb,8790,2.398,1,2000,128,3,0.8
engramdb,8791,2.806,0,2000,128,3,0.8
engramdb,8792,2.306,1,2000,128,3,0.8
engramdb,8793,2.868,1,2000,128,3,0.8
engramdb,8794,2.198,0,2000,128,3,0.8
engramdb,8795,2.950,1,2000,128,3,0.8
engramdb,8796,4.932,1,2000,128,3,0.8
engramdb,8797,2.816,0,2000,128,3,0.8
engramdb,8798,4.832,1,2000,128,3,0.8
engramdb,8799,3.585,0,2000,128,3,0.8
engramdb,8800,3.271,1,2000,128,3,0.8
engramdb,8801,3.647,1,2000,128,3,0.8
engramdb,8802,2.986,1,2000,128,3,0.8
engramdb,8803,2.483,0,2000,128,3,0.8
engramdb,8804,2.268,0,2000,128,3,0.8
engramdb,8805,3.037,0,2000,128,3,0.8
engramdb,8806,2.218,1,2000,128,3,0.8
engramdb,8807,2.932,1,2000,128,3,0.8
engramdb,8808,2.291,1,2000,128,3,0.8
engramdb,8809,2.910,0,2000,128,3,0.8
engramdb,8810,2.472,0,2000,128,3,0.8
engramdb,8811,2.908,1,2000,128,3,0.8
engramdb,8812,2.448,1,2000,128,3,0.8
engramdb,8813,2.865,1,2000,128,3,0.8
engramdb,8814,2.328,1,2000,128,3,0.8
engramdb,8815,3.030,0,2000,128,3,0.8
engramdb,8816,2.335,0,2000,128,3,0.8
engramdb,8817,4.997,1,2000,128,3,0.8
engramdb,8818,5.182,1,2000,128,3,0.8
engramdb,8819,2.240,1,2000,128,3,0.8
engramdb,8820,6.961,0,2000,128,3,0.8
engramdb,8821,5.381,0,2000,128,3,0.8
engramdb,8822,6.778,0,2000,128,3,0.8
engramdb,8823,5.048,1,2000,128,3,0.8
engramdb,8824,2.292,1,2000,128,3,0.8
engramdb,8825,3.043,0,2000,128,3,0.8
engramdb,8826,3.099,0,2000,128,3,0.8
engramdb,8827,4.366,1,2000,128,3,0.8
engramdb,8828,4.598,0,2000,128,3,0.8
engramdb,8829,4.572,1,2000,128,3,0.8
engramdb,8830,5.053,1,2000,128,3,0.8
engramdb,8831,2.730,0,2000,128,3,0.8
engramdb,8832,2.423,1,2000,128,3,0.8
engramdb,8833,5.464,1,2000,128,3,0.8
engramdb,8834,6.645,0,2000,128,3,0.8
engramdb,8835,5.002,1,2000,128,3,0.8
engramdb,8836,6.798,0,2000,128,3,0.8
engramdb,8837,2.298,1,2000,128,3,0.8
engramdb,8838,6.859,1,2000,128,3,0.8
engramdb,8839,4.948,1,2000,128,3,0.8
engramdb,8840,2.885,0,2000,128,3,0.8
engramdb,8841,2.536,0,2000,128,3,0.8
engramdb,8842,2.818,0,2000,128,3,0.8
engramdb,8843,2.389,1,2000,128,3,0.8
engramdb,8844,2.741,1,2000,128,3,0.8
engramdb,8845,2.325,1,2000,128,3,0.8
engramdb,8846,2.890,0,2000,128,3,0.8
engramdb,8847,2.318,0,2000,128,3,0.8
engramdb,8848,2.835,1,2000,128,3,0.8
engramdb,8849,2.323,1,2000,128,3,0.8
engramdb,8850,2.868,1,2000,128,3,0.8
engramdb,8851,2.366,1,2000,128,3,0.8
engramdb,8852,2.316,0,2000,128,3,0.8
engramdb,8853,2.222,0,2000,128,3,0.8
engramdb,8854,2.292,1,2000,128,3,0.8
engramdb,8855,2.123,1,2000,128,3,0.8
engramdb,8856,2.118,1,2000,128,3,0.8
engramdb,8857,2.293,0,2000,128,3,0.8
engramdb,8858,2.164,1,2000,128,3,0.8
engramdb,8859,2.937,0,2000,128,3,0.8
engramdb,8860,2.253,1,2000,128,3,0.8
engramdb,8861,2.876,1,2000,128,3,0.8
engramdb,8862,2.370,0,2000,128,3,0.8
engramdb,8863,2.896,0,2000,128,3,0.8
engramdb,8864,2.337,1,2000,128,3,0.8
engramdb,8865,2.835,0,2000,128,3,0.8
engramdb,8866,2.332,1,2000,128,3,0.8
engramdb,8867,2.834,1,2000,128,3,0.8
engramdb,8868,2.596,0,2000,128,3,0.8
engramdb,8869,2.986,1,2000,128,3,0.8
engramdb,8870,2.391,1,2000,128,3,0.8
engramdb,8871,2.921,0,2000,128,3,0.8
engramdb,8872,4.844,1,2000,128,3,0.8
engramdb,8873,5.511,0,2000,128,3,0.8
engramdb,8874,2.332,1,2000,128,3,0.8
engramdb,8875,5.545,1,2000,128,3,0.8
engramdb,8876,6.940,1,2000,128,3,0.8
engramdb,8877,5.017,0,2000,128,3,0.8
engramdb,8878,2.908,0,2000,128,3,0.8
engramdb,8879,2.315,1,2000,128,3,0.8
engramdb,8880,2.985,1,2000,128,3,0.8
engramdb,8881,2.375,1,2000,128,3,0.8
engramdb,8882,2.980,1,2000,128,3,0.8
engramdb,8883,4.848,0,2000,128,3,0.8
engramdb,8884,2.985,0,2000,128,3,0.8
engramdb,8885,2.313,1,2000,128,3,0.8
engramdb,8886,2.855,1,2000,128,3,0.8
engramdb,8887,2.251,1,2000,128,3,0.8
engramdb,8888,2.855,1,2000,128,3,0.8
engramdb,8889,2.355,0,2000,128,3,0.8
engramdb,8890,2.932,0,2000,128,3,0.8
engramdb,8891,2.566,1,2000,128,3,0.8
engramdb,8892,2.935,1,2000,128,3,0.8
engramdb,8893,2.293,1,2000,128,3,0.8
engramdb,8894,2.904,0,2000,128,3,0.8
engramdb,8895,2.292,1,2000,128,3,0.8
engramdb,8896,2.801,0,2000,128,3,0.8
engramdb,8897,6.781,1,2000,128,3,0.8
engramdb,8898,5.204,1,2000,128,3,0.8
engramdb,8899,2.813,0,2000,128,3,0.8
engramdb,8900,2.501,1,2000,128,3,0.8
engramdb,8901,3.035,1,2000,128,3,0.8
engramdb,8902,2.439,0,2000,128,3,0.8
engramdb,8903,2.901,1,2000,128,3,0.8
engramdb,8904,2.365,0,2000,128,3,0.8
engramdb,8905,2.874,0,2000,128,3,0.8
engramdb,8906,2.464,1,2000,128,3,0.8
engramdb,8907,2.845,1,2000,128,3,0.8
engramdb,8908,2.209,0,2000,128,3,0.8
engramdb,8909,2.870,1,2000,128,3,0.8
engramdb,8910,2.243,0,2000,128,3,0.8
engramdb,8911,2.785,1,2000,128,3,0.8
engramdb,8912,2.293,1,2000,128,3,0.8
engramdb,8913,2.846,1,2000,128,3,0.8
engramdb,8914,2.340,0,2000,128,3,0.8
engramdb,8915,5.522,0,2000,128,3,0.8
engramdb,8916,6.791,1,2000,128,3,0.8
engramdb,8917,2.338,1,2000,128,3,0.8
engramdb,8918,2.284,1,2000,128,3,0.8
engramdb,8919,5.374,1,2000,128,3,0.8
engramdb,8920,6.865,0,2000,128,3,0.8
engramdb,8921,2.592,0,2000,128,3,0.8
engramdb,8922,2.941,1,2000,128,3,0.8
engramdb,8923,4.805,1,2000,128,3,0.8
engramdb,8924,4.617,1,2000,128,3,0.8
engramdb,8925,2.363,0,2000,128,3,0.8
engramdb,8926,4.974,0,2000,128,3,0.8
engramdb,8927,5.064,0,2000,128,3,0.8
engramdb,8928,2.262,1,2000,128,3,0.8
engramdb,8929,2.903,1,2000,128,3,0.8
engramdb,8930,2.310,1,2000,128,3,0.8
engramdb,8931,2.902,0,2000,128,3,0.8
engramdb,8932,2.374,1,2000,128,3,0.8
engramdb,8933,2.823,0,2000,128,3,0.8
engramdb,8934,2.229,1,2000,128,3,0.8
engramdb,8935,2.893,1,2000,128,3,0.8
engramdb,8936,2.286,0,2000,128,3,0.8
engramdb,8937,2.832,1,2000,128,3,0.8
engramdb,8938,2.233,1,2000,128,3,0.8
engramdb,8939,2.785,0,2000,128,3,0.8
engramdb,8940,2.293,1,2000,128,3,0.8
engramdb,8941,2.786,0,2000,128,3,0.8
engramdb,8942,6.674,0,2000,128,3,0.8
engramdb,8943,2.622,1,2000,128,3,0.8
engramdb,8944,2.843,1,2000,128,3,0.8
engramdb,8945,2.255,0,2000,128,3,0.8
engramdb,8946,2.327,1,2000,128,3,0.8
engramdb,8947,2.187,0,2000,128,3,0.8
engramdb,8948,2.293,1,2000,128,3,0.8
engramdb,8949,2.098,1,2000,128,3,0.8
engramdb,8950,2.168,1,2000,128,3,0.8
engramdb,8951,2.175,0,2000,128,3,0.8
engramdb,8952,2.215,0,2000,128,3,0.8
engramdb,8953,2.137,1,2000,128,3,0.8
engramdb,8954,2.172,1,2000,128,3,0.8
engramdb,8955,2.095,1,2000,128,3,0.8
engramdb,8956,2.188,1,2000,128,3,0.8
engramdb,8957,2.172,0,2000,128,3,0.8
engramdb,8958,2.152,0,2000,128,3,0.8
engramdb,8959,2.160,1,2000,128,3,0.8
engramdb,8960,2.339,1,2000,128,3,0.8
engramdb,8961,2.142,1,2000,128,3,0.8
engramdb,8962,2.469,0,2000,128,3,0.8
engramdb,8963,2.155,0,2000,128,3,0.8
engramdb,8964,2.977,0,2000,128,3,0.8
engramdb,8965,4.959,1,2000,128,3,0.8
engramdb,8966,6.859,1,2000,128,3,0.8
engramdb,8967,5.265,1,2000,128,3,0.8
engramdb,8968,6.755,0,2000,128,3,0.8
engramdb,8969,5.074,1,2000,128,3,0.8
engramdb,8970,2.308,0,2000,128,3,0.8
engramdb,8971,2.908,1,2000,128,3,0.8
engramdb,8972,2.407,1,2000,128,3,0.8
engramdb,8973,2.993,0,2000,128,3,0.8
engramdb,8974,4.766,1,2000,128,3,0.8
engramdb,8975,5.343,1,2000,128,3,0.8
engramdb,8976,2.802,0,2000,128,3,0.8
engramdb,8977,4.869,1,2000,128,3,0.8
engramdb,8978,6.838,0,2000,128,3,0.8
engramdb,8979,4.886,1,2000,128,3,0.8
engramdb,8980,2.911,1,2000,128,3,0.8
engramdb,8981,2.315,1,2000,128,3,0.8
engramdb,8982,2.859,0,2000,128,3,0.8
engramdb,8983,2.452,0,2000,128,3,0.8
engramdb,8984,2.782,0,2000,128,3,0.8
engramdb,8985,2.306,1,2000,128,3,0.8
engramdb,8986,2.809,1,2000,128,3,0.8
engramdb,8987,6.759,1,2000,128,3,0.8
engramdb,8988,5.179,0,2000,128,3,0.8
engramdb,8989,2.832,0,2000,128,3,0.8
engramdb,8990,2.400,1,2000,128,3,0.8
engramdb,8991,2.729,1,2000,128,3,0.8
engramdb,8992,2.212,1,2000,128,3,0.8
engramdb,8993,2.879,1,2000,128,3,0.8
engramdb,8994,2.435,0,2000,128,3,0.8
engramdb,8995,5.422,0,2000,128,3,0.8
engramdb,8996,6.769,1,2000,128,3,0.8
engramdb,8997,2.382,1,2000,128,3,0.8
engramdb,8998,2.330,1,2000,128,3,0.8
engramdb,8999,3.072,0,2000,128,3,0.8
engramdb,9000,6.925,1,2000,128,3,0.8
engramdb,9001,2.428,0,2000,128,3,0.8
engramdb,9002,2.902,1,2000,128,3,0.8
engramdb,9003,2.300,1,2000,128,3,0.8
engramdb,9004,2.924,0,2000,128,3,0.8
engramdb,9005,2.297,0,2000,128,3,0.8
engramdb,9006,2.937,1,2000,128,3,0.8
engramdb,9007,2.225,0,2000,128,3,0.8
engramdb,9008,2.911,1,2000,128,3,0.8
engramdb,9009,2.298,1,2000,128,3,0.8
engramdb,9010,2.811,0,2000,128,3,0.8
engramdb,9011,6.787,1,2000,128,3,0.8
engramdb,9012,2.593,1,2000,128,3,0.8
engramdb,9013,2.891,0,2000,128,3,0.8
engramdb,9014,2.382,1,2000,128,3,0.8
engramdb,9015,2.850,0,2000,128,3,0.8
engramdb,9016,2.430,1,2000,128,3,0.8
engramdb,9017,2.943,1,2000,128,3,0.8
engramdb,9018,2.295,1,2000,128,3,0.8
engramdb,9019,2.886,0,2000,128,3,0.8
engramdb,9020,6.759,0,2000,128,3,0.8
engramdb,9021,2.590,0,2000,128,3,0.8
engramdb,9022,4.946,1,2000,128,3,0.8
engramdb,9023,5.306,1,2000,128,3,0.8
engramdb,9024,6.913,1,2000,128,3,0.8
engramdb,9025,4.883,0,2000,128,3,0.8
engramdb,9026,4.657,0,2000,128,3,0.8
engramdb,9027,2.381,1,2000,128,3,0.8
engramdb,9028,2.943,1,2000,128,3,0.8
engramdb,9029,2.282,1,2000,128,3,0.8
engramdb,9030,3.011,1,2000,128,3,0.8
engramdb,9031,2.448,0,2000,128,3,0.8
engramdb,9032,2.875,0,2000,128,3,0.8
engramdb,9033,6.653,1,2000,128,3,0.8
engramdb,9034,2.620,1,2000,128,3,0.8
engramdb,9035,2.249,1,2000,128,3,0.8
engramdb,9036,2.871,0,2000,128,3,0.8
engramdb,9037,2.310,1,2000,128,3,0.8
engramdb,9038,2.838,0,2000,128,3,0.8
engramdb,9039,2.465,1,2000,128,3,0.8
engramdb,9040,3.060,1,2000,128,3,0.8
engramdb,9041,2.385,0,2000,128,3,0.8
engramdb,9042,5.490,0,2000,128,3,0.8
engramdb,9043,6.852,1,2000,128,3,0.8
engramdb,9044,2.560,0,2000,128,3,0.8
engramdb,9045,2.145,1,2000,128,3,0.8
engramdb,9046,2.902,1,2000,128,3,0.8
engramdb,9047,2.292,0,2000,128,3,0.8
engramdb,9048,6.989,1,2000,128,3,0.8
engramdb,9049,5.247,1,2000,128,3,0.8
engramdb,9050,7.086,0,2000,128,3,0.8
engramdb,9051,2.447,1,2000,128,3,0.8
engramdb,9052,2.281,0,2000,128,3,0.8
engramdb,9053,2.856,1,2000,128,3,0.8
engramdb,9054,2.426,1,2000,128,3,0.8
engramdb,9055,2.901,1,2000,128,3,0.8
engramdb,9056,2.314,0,2000,128,3,0.8
engramdb,9057,2.817,0,2000,128,3,0.8
engramdb,9058,2.447,1,2000,128,3,0.8
engramdb,9059,2.842,1,2000,128,3,0.8
engramdb,9060,2.394,1,2000,128,3,0.8
engramdb,9061,2.808,1,2000,128,3,0.8
engramdb,9062,4.988,0,2000,128,3,0.8
engramdb,9063,2.299,0,2000,128,3,0.8
engramdb,9064,2.839,1,2000,128,3,0.8
engramdb,9065,2.360,1,2000,128,3,0.8
engramdb,9066,2.230,1,2000,128,3,0.8
engramdb,9067,4.749,1,2000,128,3,0.8
engramdb,9068,2.818,0,2000,128,3,0.8
engramdb,9069,2.227,0,2000,128,3,0.8
engramdb,9070,2.903,1,2000,128,3,0.8
engramdb,9071,2.228,1,2000,128,3,0.8
engramdb,9072,6.706,1,2000,128,3,0.8
engramdb,9073,2.775,0,2000,128,3,0.8
engramdb,9074,2.231,1,2000,128,3,0.8
engramdb,9075,2.960,0,2000,128,3,0.8
engramdb,9076,2.326,1,2000,128,3,0.8
engramdb,9077,2.851,1,2000,128,3,0.8
engramdb,9078,2.318,0,2000,128,3,0.8
engramdb,9079,5.438,1,2000,128,3,0.8
engramdb,9080,4.978,1,2000,128,3,0.8
engramdb,9081,5.394,0,2000,128,3,0.8
engramdb,9082,3.051,1,2000,128,3,0.8
engramdb,9083,2.332,0,2000,128,3,0.8
engramdb,9084,2.914,0,2000,128,3,0.8
engramdb,9085,2.862,1,2000,128,3,0.8
engramdb,9086,2.408,1,2000,128,3,0.8
engramdb,9087,2.897,0,2000,128,3,0.8
engramdb,9088,4.821,1,2000,128,3,0.8
engramdb,9089,5.438,0,2000,128,3,0.8
engramdb,9090,6.772,1,2000,128,3,0.8
engramdb,9091,2.657,1,2000,128,3,0.8
engramdb,9092,4.787,1,2000,128,3,0.8
engramdb,9093,2.772,0,2000,128,3,0.8
engramdb,9094,2.340,0,2000,128,3,0.8
engramdb,9095,2.941,1,2000,128,3,0.8
engramdb,9096,2.427,1,2000,128,3,0.8
engramdb,9097,3.380,1,2000,128,3,0.8
engramdb,9098,2.312,1,2000,128,3,0.8
engramdb,9099,2.201,0,2000,128,3,0.8
engramdb,9100,2.860,1,2000,128,3,0.8
engramdb,9101,2.303,1,2000,128,3,0.8
engramdb,9102,2.825,1,2000,128,3,0.8
engramdb,9103,2.322,1,2000,128,3,0.8
engramdb,9104,2.964,0,2000,128,3,0.8
engramdb,9105,2.862,0,2000,128,3,0.8
engramdb,9106,2.749,0,2000,128,3,0.8
engramdb,9107,3.027,1,2000,128,3,0.8
engramdb,9108,2.316,1,2000,128,3,0.8
engramdb,9109,2.856,1,2000,128,3,0.8
engramdb,9110,2.374,0,2000,128,3,0.8
engramdb,9111,2.875,1,2000,128,3,0.8
engramdb,9112,6.653,0,2000,128,3,0.8
engramdb,9113,4.804,1,2000,128,3,0.8
engramdb,9114,7.021,1,2000,128,3,0.8
engramdb,9115,5.029,0,2000,128,3,0.8
engramdb,9116,2.962,1,2000,128,3,0.8
engramdb,9117,2.312,1,2000,128,3,0.8
engramdb,9118,2.807,0,2000,128,3,0.8
engramdb,9119,2.371,1,2000,128,3,0.8
engramdb,9120,2.845,0,2000,128,3,0.8
engramdb,9121,2.340,0,2000,128,3,0.8
engramdb,9122,2.842,1,2000,128,3,0.8
engramdb,9123,6.669,1,2000,128,3,0.8
engramdb,9124,5.288,0,2000,128,3,0.8
engramdb,9125,6.684,0,2000,128,3,0.8
engramdb,9126,5.239,0,2000,128,3,0.8
engramdb,9127,2.842,1,2000,128,3,0.8
engramdb,9128,2.392,1,2000,128,3,0.8
engramdb,9129,2.879,1,2000,128,3,0.8
engramdb,9130,2.233,0,2000,128,3,0.8
engramdb,9131,2.907,0,2000,128,3,0.8
engramdb,9132,2.315,1,2000,128,3,0.8
engramdb,9133,5.438,1,2000,128,3,0.8
engramdb,9134,6.663,1,2000,128,3,0.8
engramdb,9135,5.019,1,2000,128,3,0.8
engramdb,9136,6.788,0,2000,128,3,0.8
engramdb,9137,5.286,0,2000,128,3,0.8
engramdb,9138,2.910,1,2000,128,3,0.8
engramdb,9139,2.375,1,2000,128,3,0.8
engramdb,9140,2.816,1,2000,128,3,0.8
engramdb,9141,2.300,0,2000,128,3,0.8
engramdb,9142,2.924,0,2000,128,3,0.8
engramdb,9143,2.283,0,2000,128,3,0.8
engramdb,9144,2.853,1,2000,128,3,0.8
engramdb,9145,2.338,1,2000,128,3,0.8
engramdb,9146,5.353,1,2000,128,3,0.8
engramdb,9147,2.350,0,2000,128,3,0.8
engramdb,9148,2.935,1,2000,128,3,0.8
engramdb,9149,2.290,0,2000,128,3,0.8
engramdb,9150,6.768,1,2000,128,3,0.8
engramdb,9151,2.535,1,2000,128,3,0.8
engramdb,9152,2.195,0,2000,128,3,0.8
engramdb,9153,2.884,1,2000,128,3,0.8
engramdb,9154,2.298,1,2000,128,3,0.8
engramdb,9155,2.788,0,2000,128,3,0.8
engramdb,9156,2.300,1,2000,128,3,0.8
engramdb,9157,2.984,0,2000,128,3,0.8
engramdb,9158,2.286,1,2000,128,3,0.8
engramdb,9159,2.779,1,2000,128,3,0.8
engramdb,9160,2.280,1,2000,128,3,0.8
engramdb,9161,2.860,0,2000,128,3,0.8
engramdb,9162,2.282,0,2000,128,3,0.8
engramdb,9163,2.818,0,2000,128,3,0.8
engramdb,9164,2.343,1,2000,128,3,0.8
engramdb,9165,2.892,1,2000,128,3,0.8
engramdb,9166,2.234,1,2000,128,3,0.8
engramdb,9167,2.869,0,2000,128,3,0.8
engramdb,9168,2.340,0,2000,128,3,0.8
engramdb,9169,2.930,1,2000,128,3,0.8
engramdb,9170,2.534,1,2000,128,3,0.8
engramdb,9171,2.243,1,2000,128,3,0.8
engramdb,9172,2.868,1,2000,128,3,0.8
engramdb,9173,2.327,0,2000,128,3,0.8
engramdb,9174,2.952,0,2000,128,3,0.8
engramdb,9175,2.320,1,2000,128,3,0.8
engramdb,9176,2.931,1,2000,128,3,0.8
engramdb,9177,2.255,1,2000,128,3,0.8
engramdb,9178,2.815,0,2000,128,3,0.8
engramdb,9179,2.393,1,2000,128,3,0.8
engramdb,9180,2.924,0,2000,128,3,0.8
engramdb,9181,2.466,1,2000,128,3,0.8
engramdb,9182,2.932,1,2000,128,3,0.8
engramdb,9183,6.961,0,2000,128,3,0.8
engramdb,9184,5.228,0,2000,128,3,0.8
engramdb,9185,2.198,1,2000,128,3,0.8
engramdb,9186,2.916,0,2000,128,3,0.8
engramdb,9187,2.296,1,2000,128,3,0.8
engramdb,9188,2.857,1,2000,128,3,0.8
engramdb,9189,2.315,0,2000,128,3,0.8
engramdb,9190,4.920,1,2000,128,3,0.8
engramdb,9191,2.315,1,2000,128,3,0.8
engramdb,9192,2.834,0,2000,128,3,0.8
engramdb,9193,2.553,1,2000,128,3,0.8
engramdb,9194,2.956,0,2000,128,3,0.8
engramdb,9195,2.364,1,2000,128,3,0.8
engramdb,9196,2.828,1,2000,128,3,0.8
engramdb,9197,2.276,1,2000,128,3,0.8
engramdb,9198,2.890,0,2000,128,3,0.8
engramdb,9199,2.279,0,2000,128,3,0.8
engramdb,9200,2.955,1,2000,128,3,0.8
engramdb,9201,2.342,1,2000,128,3,0.8
engramdb,9202,2.906,1,2000,128,3,0.8
engramdb,9203,2.270,1,2000,128,3,0.8
engramdb,9204,2.798,0,2000,128,3,0.8
engramdb,9205,2.386,0,2000,128,3,0.8
engramdb,9206,2.925,1,2000,128,3,0.8
engramdb,9207,2.317,1,2000,128,3,0.8
engramdb,9208,2.850,1,2000,128,3,0.8
engramdb,9209,2.276,1,2000,128,3,0.8
engramdb,9210,2.811,0,2000,128,3,0.8
engramdb,9211,2.287,0,2000,128,3,0.8
engramdb,9212,2.891,1,2000,128,3,0.8
engramdb,9213,2.510,1,2000,128,3,0.8
engramdb,9214,5.416,1,2000,128,3,0.8
engramdb,9215,2.815,0,2000,128,3,0.8
engramdb,9216,2.366,1,2000,128,3,0.8
engramdb,9217,2.890,0,2000,128,3,0.8
engramdb,9218,2.422,1,2000,128,3,0.8
engramdb,9219,3.182,1,2000,128,3,0.8
engramdb,9220,2.225,0,2000,128,3,0.8
engramdb,9221,2.964,0,2000,128,3,0.8
engramdb,9222,7.102,1,2000,128,3,0.8
engramdb,9223,2.401,0,2000,128,3,0.8
engramdb,9224,6.972,1,2000,128,3,0.8
engramdb,9225,5.007,0,2000,128,3,0.8
engramdb,9226,2.864,0,2000,128,3,0.8
engramdb,9227,4.726,1,2000,128,3,0.8
engramdb,9228,6.696,1,2000,128,3,0.8
engramdb,9229,2.490,0,2000,128,3,0.8
engramdb,9230,2.867,1,2000,128,3,0.8
engramdb,9231,2.217,0,2000,128,3,0.8
engramdb,9232,2.864,1,2000,128,3,0.8
engramdb,9233,6.444,1,2000,128,3,0.8
engramdb,9234,2.546,1,2000,128,3,0.8
engramdb,9235,6.762,0,2000,128,3,0.8
engramdb,9236,2.339,0,2000,128,3,0.8
engramdb,9237,2.194,1,2000,128,3,0.8
engramdb,9238,2.790,1,2000,128,3,0.8
engramdb,9239,2.253,1,2000,128,3,0.8
engramdb,9240,2.799,1,2000,128,3,0.8
engramdb,9241,2.234,0,2000,128,3,0.8
engramdb,9242,2.873,0,2000,128,3,0.8
engramdb,9243,2.280,1,2000,128,3,0.8
engramdb,9244,2.225,1,2000,128,3,0.8
engramdb,9245,2.232,1,2000,128,3,0.8
engramdb,9246,4.781,1,2000,128,3,0.8
engramdb,9247,5.576,0,2000,128,3,0.8
engramdb,9248,6.802,0,2000,128,3,0.8
engramdb,9249,2.532,1,2000,128,3,0.8
engramdb,9250,6.679,1,2000,128,3,0.8
engramdb,9251,2.625,1,2000,128,3,0.8
engramdb,9252,2.442,0,2000,128,3,0.8
engramdb,9253,2.912,1,2000,128,3,0.8
engramdb,9254,2.414,0,2000,128,3,0.8
engramdb,9255,4.955,1,2000,128,3,0.8
engramdb,9256,2.442,1,2000,128,3,0.8
engramdb,9257,2.206,0,2000,128,3,0.8
engramdb,9258,2.881,1,2000,128,3,0.8
engramdb,9259,2.213,1,2000,128,3,0.8
engramdb,9260,2.777,0,2000,128,3,0.8
engramdb,9261,2.446,1,2000,128,3,0.8
engramdb,9262,2.807,0,2000,128,3,0.8
engramdb,9263,2.225,0,2000,128,3,0.8
engramdb,9264,5.439,1,2000,128,3,0.8
engramdb,9265,2.819,1,2000,128,3,0.8
engramdb,9266,2.255,0,2000,128,3,0.8
engramdb,9267,2.826,1,2000,128,3,0.8
engramdb,9268,2.393,0,2000,128,3,0.8
engramdb,9269,2.871,1,2000,128,3,0.8
engramdb,9270,2.280,1,2000,128,3,0.8
engramdb,9271,6.763,1,2000,128,3,0.8
engramdb,9272,4.981,0,2000,128,3,0.8
engramdb,9273,4.500,0,2000,128,3,0.8
engramdb,9274,2.760,1,2000,128,3,0.8
engramdb,9275,2.424,1,2000,128,3,0.8
engramdb,9276,2.756,1,2000,128,3,0.8
engramdb,9277,2.305,1,2000,128,3,0.8
engramdb,9278,2.841,0,2000,128,3,0.8
engramdb,9279,2.280,0,2000,128,3,0.8
engramdb,9280,2.871,1,2000,128,3,0.8
engramdb,9281,2.291,1,2000,128,3,0.8
engramdb,9282,6.629,1,2000,128,3,0.8
engramdb,9283,2.570,0,2000,128,3,0.8
engramdb,9284,2.347,0,2000,128,3,0.8
engramdb,9285,2.789,0,2000,128,3,0.8
engramdb,9286,2.317,1,2000,128,3,0.8
engramdb,9287,6.981,1,2000,128,3,0.8
engramdb,9288,4.972,1,2000,128,3,0.8
engramdb,9289,2.369,0,2000,128,3,0.8
engramdb,9290,2.891,1,2000,128,3,0.8
engramdb,9291,2.220,0,2000,128,3,0.8
engramdb,9292,2.964,1,2000,128,3,0.8
engramdb,9293,2.378,1,2000,128,3,0.8
engramdb,9294,2.884,0,2000,128,3,0.8
engramdb,9295,2.228,1,2000,128,3,0.8
engramdb,9296,2.838,1,2000,128,3,0.8
engramdb,9297,2.256,0,2000,128,3,0.8
engramdb,9298,2.183,1,2000,128,3,0.8
engramdb,9299,2.835,0,2000,128,3,0.8
engramdb,9300,4.833,1,2000,128,3,0.8
engramdb,9301,6.885,1,2000,128,3,0.8
engramdb,9302,2.396,1,2000,128,3,0.8
engramdb,9303,2.205,0,2000,128,3,0.8
engramdb,9304,2.828,0,2000,128,3,0.8
engramdb,9305,2.245,0,2000,128,3,0.8
engramdb,9306,2.804,1,2000,128,3,0.8
engramdb,9307,2.266,1,2000,128,3,0.8
engramdb,9308,6.777,1,2000,128,3,0.8
engramdb,9309,2.630,0,2000,128,3,0.8
engramdb,9310,2.269,0,2000,128,3,0.8
engramdb,9311,2.861,1,2000,128,3,0.8
engramdb,9312,2.215,1,2000,128,3,0.8
engramdb,9313,2.833,1,2000,128,3,0.8
engramdb,9314,2.256,1,2000,128,3,0.8
engramdb,9315,2.469,0,2000,128,3,0.8
engramdb,9316,2.847,0,2000,128,3,0.8
engramdb,9317,2.361,1,2000,128,3,0.8
engramdb,9318,2.940,1,2000,128,3,0.8
engramdb,9319,2.224,1,2000,128,3,0.8
engramdb,9320,2.871,0,2000,128,3,0.8
engramdb,9321,2.253,0,2000,128,3,0.8
engramdb,9322,2.935,0,2000,128,3,0.8
engramdb,9323,2.349,1,2000,128,3,0.8
engramdb,9324,2.892,1,2000,128,3,0.8
engramdb,9325,2.458,0,2000,128,3,0.8
engramdb,9326,2.879,0,2000,128,3,0.8
engramdb,9327,2.313,1,2000,128,3,0.8
engramdb,9328,2.917,0,2000,128,3,0.8
engramdb,9329,2.341,1,2000,128,3,0.8
engramdb,9330,3.025,1,2000,128,3,0.8
engramdb,9331,2.311,0,2000,128,3,0.8
engramdb,9332,2.823,1,2000,128,3,0.8
engramdb,9333,2.305,1,2000,128,3,0.8
engramdb,9334,2.901,0,2000,128,3,0.8
engramdb,9335,4.788,1,2000,128,3,0.8
engramdb,9336,2.241,0,2000,128,3,0.8
engramdb,9337,2.852,1,2000,128,3,0.8
engramdb,9338,6.698,1,2000,128,3,0.8
engramdb,9339,2.552,1,2000,128,3,0.8
engramdb,9340,3.082,0,2000,128,3,0.8
engramdb,9341,5.589,0,2000,128,3,0.8
engramdb,9342,2.333,0,2000,128,3,0.8
engramdb,9343,2.891,1,2000,128,3,0.8
engramdb,9344,2.757,1,2000,128,3,0.8
engramdb,9345,2.321,1,2000,128,3,0.8
engramdb,9346,2.831,0,2000,128,3,0.8
engramdb,9347,4.863,0,2000,128,3,0.8
engramdb,9348,5.303,1,2000,128,3,0.8
engramdb,9349,4.838,1,2000,128,3,0.8
engramdb,9350,5.366,1,2000,128,3,0.8
engramdb,9351,2.865,1,2000,128,3,0.8
engramdb,9352,3.165,0,2000,128,3,0.8
engramdb,9353,4.321,0,2000,128,3,0.8
engramdb,9354,7.158,1,2000,128,3,0.8
engramdb,9355,5.141,1,2000,128,3,0.8
engramdb,9356,2.305,1,2000,128,3,0.8
engramdb,9357,2.868,0,2000,128,3,0.8
engramdb,9358,2.325,1,2000,128,3,0.8
engramdb,9359,2.870,0,2000,128,3,0.8
engramdb,9360,2.553,1,2000,128,3,0.8
engramdb,9361,2.926,1,2000,128,3,0.8
engramdb,9362,2.340,0,2000,128,3,0.8
engramdb,9363,3.057,0,2000,128,3,0.8
engramdb,9364,2.417,1,2000,128,3,0.8
engramdb,9365,2.800,0,2000,128,3,0.8
engramdb,9366,2.369,1,2000,128,3,0.8
engramdb,9367,2.300,1,2000,128,3,0.8
engramdb,9368,5.445,0,2000,128,3,0.8
engramdb,9369,6.816,1,2000,128,3,0.8
engramdb,9370,2.423,1,2000,128,3,0.8
engramdb,9371,2.780,0,2000,128,3,0.8
engramdb,9372,2.291,1,2000,128,3,0.8
engramdb,9373,2.930,0,2000,128,3,0.8
engramdb,9374,2.319,1,2000,128,3,0.8
engramdb,9375,2.811,1,2000,128,3,0.8
engramdb,9376,2.363,1,2000,128,3,0.8
engramdb,9377,2.854,0,2000,128,3,0.8
engramdb,9378,2.905,0,2000,128,3,0.8
engramdb,9379,2.417,1,2000,128,3,0.8
engramdb,9380,2.865,1,2000,128,3,0.8
engramdb,9381,2.388,1,2000,128,3,0.8
engramdb,9382,2.899,1,2000,128,3,0.8
engramdb,9383,2.260,0,2000,128,3,0.8
engramdb,9384,2.835,0,2000,128,3,0.8
engramdb,9385,2.264,1,2000,128,3,0.8
engramdb,9386,2.940,1,2000,128,3,0.8
engramdb,9387,2.234,1,2000,128,3,0.8
engramdb,9388,7.125,1,2000,128,3,0.8
engramdb,9389,2.465,0,2000,128,3,0.8
engramdb,9390,2.842,0,2000,128,3,0.8
engramdb,9391,4.870,1,2000,128,3,0.8
engramdb,9392,6.878,1,2000,128,3,0.8
engramdb,9393,2.504,1,2000,128,3,0.8
engramdb,9394,2.416,0,2000,128,3,0.8
engramdb,9395,2.920,1,2000,128,3,0.8
engramdb,9396,2.439,0,2000,128,3,0.8
engramdb,9397,2.923,1,2000,128,3,0.8
engramdb,9398,2.361,1,2000,128,3,0.8
engramdb,9399,2.792,0,2000,128,3,0.8
engramdb,9400,2.533,1,2000,128,3,0.8
engramdb,9401,2.871,1,2000,128,3,0.8
engramdb,9402,2.411,0,2000,128,3,0.8
engramdb,9403,2.952,1,2000,128,3,0.8
engramdb,9404,2.248,0,2000,128,3,0.8
engramdb,9405,2.248,0,2000,128,3,0.8
engramdb,9406,2.878,1,2000,128,3,0.8
engramdb,9407,2.403,1,2000,128,3,0.8
engramdb,9408,6.570,0,2000,128,3,0.8
engramdb,9409,2.630,1,2000,128,3,0.8
engramdb,9410,2.352,0,2000,128,3,0.8
engramdb,9411,2.900,1,2000,128,3,0.8
engramdb,9412,2.389,1,2000,128,3,0.8
engramdb,9413,6.916,1,2000,128,3,0.8
engramdb,9414,2.452,0,2000,128,3,0.8
engramdb,9415,2.352,0,2000,128,3,0.8
engramdb,9416,2.932,1,2000,128,3,0.8
engramdb,9417,2.516,1,2000,128,3,0.8
engramdb,9418,2.852,1,2000,128,3,0.8
engramdb,9419,2.277,1,2000,128,3,0.8
engramdb,9420,2.717,0,2000,128,3,0.8
engramdb,9421,4.993,0,2000,128,3,0.8
engramdb,9422,2.413,1,2000,128,3,0.8
engramdb,9423,2.961,1,2000,128,3,0.8
engramdb,9424,2.260,1,2000,128,3,0.8
engramdb,9425,2.847,0,2000,128,3,0.8
engramdb,9426,2.353,0,2000,128,3,0.8
engramdb,9427,2.852,0,2000,128,3,0.8
engramdb,9428,2.311,1,2000,128,3,0.8
engramdb,9429,2.890,1,2000,128,3,0.8
engramdb,9430,7.167,1,2000,128,3,0.8
engramdb,9431,6.895,0,2000,128,3,0.8
engramdb,9432,2.392,1,2000,128,3,0.8
engramdb,9433,2.424,0,2000,128,3,0.8
engramdb,9434,2.845,1,2000,128,3,0.8
engramdb,9435,2.315,1,2000,128,3,0.8
engramdb,9436,6.873,0,2000,128,3,0.8
engramdb,9437,4.984,1,2000,128,3,0.8
engramdb,9438,6.940,1,2000,128,3,0.8
engramdb,9439,4.921,0,2000,128,3,0.8
engramdb,9440,2.284,1,2000,128,3,0.8
engramdb,9441,2.822,0,2000,128,3,0.8
engramdb,9442,2.182,0,2000,128,3,0.8
engramdb,9443,2.913,1,2000,128,3,0.8
engramdb,9444,2.337,1,2000,128,3,0.8
engramdb,9445,2.957,0,2000,128,3,0.8
engramdb,9446,4.738,1,2000,128,3,0.8
engramdb,9447,2.241,0,2000,128,3,0.8
engramdb,9448,2.747,1,2000,128,3,0.8
engramdb,9449,2.327,1,2000,128,3,0.8
engramdb,9450,2.793,1,2000,128,3,0.8
engramdb,9451,2.217,0,2000,128,3,0.8
engramdb,9452,2.829,0,2000,128,3,0.8
engramdb,9453,2.303,1,2000,128,3,0.8
engramdb,9454,2.932,1,2000,128,3,0.8
engramdb,9455,2.287,1,2000,128,3,0.8
engramdb,9456,6.528,1,2000,128,3,0.8
engramdb,9457,2.678,0,2000,128,3,0.8
engramdb,9458,2.451,0,2000,128,3,0.8
engramdb,9459,2.956,1,2000,128,3,0.8
engramdb,9460,2.490,1,2000,128,3,0.8
engramdb,9461,2.798,1,2000,128,3,0.8
engramdb,9462,2.407,0,2000,128,3,0.8
engramdb,9463,2.838,0,2000,128,3,0.8
engramdb,9464,2.223,0,2000,128,3,0.8
engramdb,9465,2.935,1,2000,128,3,0.8
engramdb,9466,2.274,1,2000,128,3,0.8
engramdb,9467,2.785,1,2000,128,3,0.8
engramdb,9468,4.959,0,2000,128,3,0.8
engramdb,9469,3.543,1,2000,128,3,0.8
engramdb,9470,8.533,0,2000,128,3,0.8
engramdb,9471,2.793,1,2000,128,3,0.8
engramdb,9472,2.905,1,2000,128,3,0.8
engramdb,9473,2.292,0,2000,128,3,0.8
engramdb,9474,2.956,1,2000,128,3,0.8
engramdb,9475,2.278,1,2000,128,3,0.8
engramdb,9476,2.183,0,2000,128,3,0.8
engramdb,9477,2.259,1,2000,128,3,0.8
engramdb,9478,2.469,0,2000,128,3,0.8
engramdb,9479,2.275,1,2000,128,3,0.8
engramdb,9480,2.162,1,2000,128,3,0.8
engramdb,9481,2.255,1,2000,128,3,0.8
engramdb,9482,2.162,0,2000,128,3,0.8
engramdb,9483,2.130,0,2000,128,3,0.8
engramdb,9484,2.154,0,2000,128,3,0.8
engramdb,9485,2.298,1,2000,128,3,0.8
engramdb,9486,2.137,1,2000,128,3,0.8
engramdb,9487,2.136,1,2000,128,3,0.8
engramdb,9488,2.305,0,2000,128,3,0.8
engramdb,9489,2.151,0,2000,128,3,0.8
engramdb,9490,2.180,1,2000,128,3,0.8
engramdb,9491,2.221,1,2000,128,3,0.8
engramdb,9492,2.078,1,2000,128,3,0.8
engramdb,9493,2.273,1,2000,128,3,0.8
engramdb,9494,2.309,0,2000,128,3,0.8
engramdb,9495,2.105,0,2000,128,3,0.8
engramdb,9496,3.209,1,2000,128,3,0.8
engramdb,9497,2.905,1,2000,128,3,0.8
engramdb,9498,6.825,1,2000,128,3,0.8
engramdb,9499,2.388,0,2000,128,3,0.8
engramdb,9500,2.881,1,2000,128,3,0.8
engramdb,9501,2.267,0,2000,128,3,0.8
engramdb,9502,2.324,1,2000,128,3,0.8
engramdb,9503,2.312,1,2000,128,3,0.8
engramdb,9504,2.392,0,2000,128,3,0.8
engramdb,9505,2.180,0,2000,128,3,0.8
engramdb,9506,2.140,1,2000,128,3,0.8
engramdb,9507,2.234,0,2000,128,3,0.8
engramdb,9508,2.229,1,2000,128,3,0.8
engramdb,9509,2.322,1,2000,128,3,0.8
engramdb,9510,2.145,0,2000,128,3,0.8
engramdb,9511,2.183,1,2000,128,3,0.8
engramdb,9512,2.196,1,2000,128,3,0.8
engramdb,9513,2.132,0,2000,128,3,0.8
engramdb,9514,2.131,1,2000,128,3,0.8
engramdb,9515,2.114,0,2000,128,3,0.8
engramdb,9516,2.105,1,2000,128,3,0.8
engramdb,9517,2.149,1,2000,128,3,0.8
engramdb,9518,2.944,1,2000,128,3,0.8
engramdb,9519,2.254,0,2000,128,3,0.8
engramdb,9520,2.154,0,2000,128,3,0.8
engramdb,9521,3.005,0,2000,128,3,0.8
engramdb,9522,2.449,1,2000,128,3,0.8
engramdb,9523,2.776,1,2000,128,3,0.8
engramdb,9524,5.050,1,2000,128,3,0.8
engramdb,9525,2.435,0,2000,128,3,0.8
engramdb,9526,2.995,0,2000,128,3,0.8
engramdb,9527,2.252,1,2000,128,3,0.8
engramdb,9528,2.874,1,2000,128,3,0.8
engramdb,9529,2.308,1,2000,128,3,0.8
engramdb,9530,2.814,1,2000,128,3,0.8
engramdb,9531,2.427,0,2000,128,3,0.8
engramdb,9532,6.766,0,2000,128,3,0.8
engramdb,9533,2.553,1,2000,128,3,0.8
engramdb,9534,6.850,1,2000,128,3,0.8
engramdb,9535,2.354,1,2000,128,3,0.8
engramdb,9536,6.825,0,2000,128,3,0.8
engramdb,9537,5.322,1,2000,128,3,0.8
engramdb,9538,2.870,0,2000,128,3,0.8
engramdb,9539,2.324,1,2000,128,3,0.8
engramdb,9540,2.854,1,2000,128,3,0.8
engramdb,9541,2.281,0,2000,128,3,0.8
engramdb,9542,2.860,0,2000,128,3,0.8
engramdb,9543,2.303,1,2000,128,3,0.8
engramdb,9544,2.801,0,2000,128,3,0.8
engramdb,9545,2.334,1,2000,128,3,0.8
engramdb,9546,5.462,1,2000,128,3,0.8
engramdb,9547,6.978,0,2000,128,3,0.8
engramdb,9548,2.542,1,2000,128,3,0.8
engramdb,9549,2.841,1,2000,128,3,0.8
engramdb,9550,2.263,0,2000,128,3,0.8
engramdb,9551,2.864,1,2000,128,3,0.8
engramdb,9552,2.325,0,2000,128,3,0.8
engramdb,9553,3.036,1,2000,128,3,0.8
engramdb,9554,2.284,1,2000,128,3,0.8
engramdb,9555,6.968,1,2000,128,3,0.8
engramdb,9556,4.969,0,2000,128,3,0.8
engramdb,9557,6.790,0,2000,128,3,0.8
engramdb,9558,2.605,1,2000,128,3,0.8
engramdb,9559,6.886,1,2000,128,3,0.8
engramdb,9560,2.303,1,2000,128,3,0.8
engramdb,9561,2.884,1,2000,128,3,0.8
engramdb,9562,2.275,0,2000,128,3,0.8
engramdb,9563,6.722,0,2000,128,3,0.8
engramdb,9564,2.613,1,2000,128,3,0.8
engramdb,9565,2.244,1,2000,128,3,0.8
engramdb,9566,2.955,1,2000,128,3,0.8
engramdb,9567,2.325,1,2000,128,3,0.8
engramdb,9568,5.520,0,2000,128,3,0.8
engramdb,9569,4.744,0,2000,128,3,0.8
engramdb,9570,2.388,1,2000,128,3,0.8
engramdb,9571,4.743,1,2000,128,3,0.8
engramdb,9572,5.333,1,2000,128,3,0.8
engramdb,9573,6.835,0,2000,128,3,0.8
engramdb,9574,4.904,1,2000,128,3,0.8
engramdb,9575,2.199,0,2000,128,3,0.8
engramdb,9576,2.883,1,2000,128,3,0.8
engramdb,9577,2.379,1,2000,128,3,0.8
engramdb,9578,2.884,0,2000,128,3,0.8
engramdb,9579,2.260,1,2000,128,3,0.8
engramdb,9580,2.758,1,2000,128,3,0.8
engramdb,9581,2.377,0,2000,128,3,0.8
engramdb,9582,2.968,1,2000,128,3,0.8
engramdb,9583,5.045,0,2000,128,3,0.8
engramdb,9584,2.384,0,2000,128,3,0.8
engramdb,9585,2.904,1,2000,128,3,0.8
engramdb,9586,2.395,1,2000,128,3,0.8
engramdb,9587,2.898,0,2000,128,3,0.8
engramdb,9588,2.410,1,2000,128,3,0.8
engramdb,9589,2.938,0,2000,128,3,0.8
engramdb,9590,2.347,1,2000,128,3,0.8
engramdb,9591,6.648,1,2000,128,3,0.8
engramdb,9592,2.697,1,2000,128,3,0.8
engramdb,9593,2.291,0,2000,128,3,0.8
engramdb,9594,2.946,0,2000,128,3,0.8
engramdb,9595,2.438,1,2000,128,3,0.8
engramdb,9596,2.928,1,2000,128,3,0.8
engramdb,9597,2.229,1,2000,128,3,0.8
engramdb,9598,7.041,1,2000,128,3,0.8
engramdb,9599,4.871,0,2000,128,3,0.8
engramdb,9600,2.228,1,2000,128,3,0.8
engramdb,9601,2.925,1,2000,128,3,0.8
engramdb,9602,2.843,1,2000,128,3,0.8
engramdb,9603,5.000,1,2000,128,3,0.8
engramdb,9604,6.848,0,2000,128,3,0.8
engramdb,9605,4.974,0,2000,128,3,0.8
engramdb,9606,2.373,0,2000,128,3,0.8
engramdb,9607,3.065,1,2000,128,3,0.8
engramdb,9608,2.385,1,2000,128,3,0.8
engramdb,9609,3.132,1,2000,128,3,0.8
engramdb,9610,2.520,0,2000,128,3,0.8
engramdb,9611,2.967,1,2000,128,3,0.8
engramdb,9612,2.420,0,2000,128,3,0.8
engramdb,9613,2.905,1,2000,128,3,0.8
engramdb,9614,2.431,1,2000,128,3,0.8
engramdb,9615,2.865,0,2000,128,3,0.8
engramdb,9616,2.379,1,2000,128,3,0.8
engramdb,9617,2.883,1,2000,128,3,0.8
engramdb,9618,2.417,0,2000,128,3,0.8
engramdb,9619,6.501,1,2000,128,3,0.8
engramdb,9620,2.847,0,2000,128,3,0.8
engramdb,9621,2.303,0,2000,128,3,0.8
engramdb,9622,2.837,1,2000,128,3,0.8
engramdb,9623,2.369,1,2000,128,3,0.8
engramdb,9624,2.846,0,2000,128,3,0.8
engramdb,9625,4.725,0,2000,128,3,0.8
engramdb,9626,2.304,0,2000,128,3,0.8
engramdb,9627,2.904,1,2000,128,3,0.8
engramdb,9628,2.317,1,2000,128,3,0.8
engramdb,9629,2.811,1,2000,128,3,0.8
engramdb,9630,2.532,0,2000,128,3,0.8
engramdb,9631,2.262,0,2000,128,3,0.8
engramdb,9632,2.915,1,2000,128,3,0.8
engramdb,9633,5.021,1,2000,128,3,0.8
engramdb,9634,2.194,1,2000,128,3,0.8
engramdb,9635,2.855,1,2000,128,3,0.8
engramdb,9636,2.406,0,2000,128,3,0.8
engramdb,9637,2.845,0,2000,128,3,0.8
engramdb,9638,2.425,1,2000,128,3,0.8
engramdb,9639,3.053,1,2000,128,3,0.8
engramdb,9640,2.400,1,2000,128,3,0.8
engramdb,9641,2.897,0,2000,128,3,0.8
engramdb,9642,2.393,0,2000,128,3,0.8
engramdb,9643,3.198,0,2000,128,3,0.8
engramdb,9644,2.309,1,2000,128,3,0.8
engramdb,9645,2.945,1,2000,128,3,0.8
engramdb,9646,2.342,1,2000,128,3,0.8
engramdb,9647,2.952,0,2000,128,3,0.8
engramdb,9648,2.318,1,2000,128,3,0.8
engramdb,9649,2.771,0,2000,128,3,0.8
engramdb,9650,2.309,1,2000,128,3,0.8
engramdb,9651,2.862,1,2000,128,3,0.8
engramdb,9652,2.430,0,2000,128,3,0.8
engramdb,9653,2.881,1,2000,128,3,0.8
engramdb,9654,2.319,1,2000,128,3,0.8
engramdb,9655,2.841,0,2000,128,3,0.8
engramdb,9656,5.001,1,2000,128,3,0.8
engramdb,9657,5.350,0,2000,128,3,0.8
engramdb,9658,2.461,1,2000,128,3,0.8
engramdb,9659,5.497,1,2000,128,3,0.8
engramdb,9660,2.897,1,2000,128,3,0.8
engramdb,9661,2.301,0,2000,128,3,0.8
engramdb,9662,3.274,0,2000,128,3,0.8
engramdb,9663,5.040,0,2000,128,3,0.8
engramdb,9664,3.022,1,2000,128,3,0.8
engramdb,9665,2.306,1,2000,128,3,0.8
engramdb,9666,4.775,1,2000,128,3,0.8
engramdb,9667,5.267,0,2000,128,3,0.8
engramdb,9668,2.887,0,2000,128,3,0.8
engramdb,9669,2.360,1,2000,128,3,0.8
engramdb,9670,2.968,1,2000,128,3,0.8
engramdb,9671,2.387,1,2000,128,3,0.8
engramdb,9672,2.546,1,2000,128,3,0.8
engramdb,9673,2.218,0,2000,128,3,0.8
engramdb,9674,2.932,0,2000,128,3,0.8
engramdb,9675,2.306,1,2000,128,3,0.8
engramdb,9676,2.865,1,2000,128,3,0.8
engramdb,9677,2.322,1,2000,128,3,0.8
engramdb,9678,2.841,0,2000,128,3,0.8
engramdb,9679,2.366,1,2000,128,3,0.8
engramdb,9680,2.896,0,2000,128,3,0.8
engramdb,9681,2.540,1,2000,128,3,0.8
engramdb,9682,2.956,1,2000,128,3,0.8
engramdb,9683,2.264,0,2000,128,3,0.8
engramdb,9684,2.855,0,2000,128,3,0.8
engramdb,9685,2.421,1,2000,128,3,0.8
engramdb,9686,6.888,0,2000,128,3,0.8
engramdb,9687,4.901,1,2000,128,3,0.8
engramdb,9688,2.939,1,2000,128,3,0.8
engramdb,9689,2.267,0,2000,128,3,0.8
engramdb,9690,2.823,1,2000,128,3,0.8
engramdb,9691,2.259,1,2000,128,3,0.8
engramdb,9692,2.911,0,2000,128,3,0.8
engramdb,9693,2.304,1,2000,128,3,0.8
engramdb,9694,2.840,0,2000,128,3,0.8
engramdb,9695,2.355,1,2000,128,3,0.8
engramdb,9696,2.833,1,2000,128,3,0.8
engramdb,9697,2.281,1,2000,128,3,0.8
engramdb,9698,2.324,0,2000,128,3,0.8
engramdb,9699,2.828,0,2000,128,3,0.8
engramdb,9700,2.282,1,2000,128,3,0.8
engramdb,9701,2.789,1,2000,128,3,0.8
engramdb,9702,2.294,1,2000,128,3,0.8
engramdb,9703,2.251,1,2000,128,3,0.8
engramdb,9704,2.831,0,2000,128,3,0.8
engramdb,9705,2.296,0,2000,128,3,0.8
engramdb,9706,2.935,1,2000,128,3,0.8
engramdb,9707,2.348,1,2000,128,3,0.8
engramdb,9708,2.845,1,2000,128,3,0.8
engramdb,9709,2.230,1,2000,128,3,0.8
engramdb,9710,2.847,0,2000,128,3,0.8
engramdb,9711,2.257,0,2000,128,3,0.8
engramdb,9712,2.988,1,2000,128,3,0.8
engramdb,9713,2.212,1,2000,128,3,0.8
engramdb,9714,2.812,1,2000,128,3,0.8
engramdb,9715,2.278,0,2000,128,3,0.8
engramdb,9716,2.260,1,2000,128,3,0.8
engramdb,9717,2.831,0,2000,128,3,0.8
engramdb,9718,2.279,1,2000,128,3,0.8
engramdb,9719,2.855,1,2000,128,3,0.8
engramdb,9720,2.318,0,2000,128,3,0.8
engramdb,9721,2.869,0,2000,128,3,0.8
engramdb,9722,2.279,1,2000,128,3,0.8
engramdb,9723,2.793,0,2000,128,3,0.8
engramdb,9724,2.403,1,2000,128,3,0.8
engramdb,9725,2.787,0,2000,128,3,0.8
engramdb,9726,2.363,0,2000,128,3,0.8
engramdb,9727,2.900,1,2000,128,3,0.8
engramdb,9728,2.350,1,2000,128,3,0.8
engramdb,9729,2.855,0,2000,128,3,0.8
engramdb,9730,6.469,1,2000,128,3,0.8
engramdb,9731,2.751,0,2000,128,3,0.8
engramdb,9732,4.629,1,2000,128,3,0.8
engramdb,9733,4.780,1,2000,128,3,0.8
engramdb,9734,6.762,1,2000,128,3,0.8
engramdb,9735,2.573,0,2000,128,3,0.8
engramdb,9736,6.698,0,2000,128,3,0.8
engramdb,9737,2.797,1,2000,128,3,0.8
engramdb,9738,2.230,1,2000,128,3,0.8
engramdb,9739,6.880,1,2000,128,3,0.8
engramdb,9740,2.701,1,2000,128,3,0.8
engramdb,9741,2.243,0,2000,128,3,0.8
engramdb,9742,5.355,0,2000,128,3,0.8
engramdb,9743,2.880,1,2000,128,3,0.8
engramdb,9744,2.396,1,2000,128,3,0.8
engramdb,9745,2.866,1,2000,128,3,0.8
engramdb,9746,2.429,1,2000,128,3,0.8
engramdb,9747,4.692,0,2000,128,3,0.8
engramdb,9748,2.331,0,2000,128,3,0.8
engramdb,9749,2.874,1,2000,128,3,0.8
engramdb,9750,4.835,1,2000,128,3,0.8
engramdb,9751,4.949,1,2000,128,3,0.8
engramdb,9752,2.716,0,2000,128,3,0.8
engramdb,9753,2.178,1,2000,128,3,0.8
engramdb,9754,2.814,0,2000,128,3,0.8
engramdb,9755,2.205,1,2000,128,3,0.8
engramdb,9756,2.305,1,2000,128,3,0.8
engramdb,9757,2.878,0,2000,128,3,0.8
engramdb,9758,2.573,1,2000,128,3,0.8
engramdb,9759,2.802,1,2000,128,3,0.8
engramdb,9760,2.489,0,2000,128,3,0.8
engramdb,9761,2.874,1,2000,128,3,0.8
engramdb,9762,2.257,0,2000,128,3,0.8
engramdb,9763,6.693,0,2000,128,3,0.8
engramdb,9764,2.668,1,2000,128,3,0.8
engramdb,9765,2.258,1,2000,128,3,0.8
engramdb,9766,2.811,0,2000,128,3,0.8
engramdb,9767,2.292,1,2000,128,3,0.8
engramdb,9768,2.832,0,2000,128,3,0.8
engramdb,9769,2.170,1,2000,128,3,0.8
engramdb,9770,2.973,1,2000,128,3,0.8
engramdb,9771,2.305,1,2000,128,3,0.8
engramdb,9772,2.140,0,2000,128,3,0.8
engramdb,9773,2.803,0,2000,128,3,0.8
engramdb,9774,2.228,1,2000,128,3,0.8
engramdb,9775,2.938,1,2000,128,3,0.8
engramdb,9776,2.246,1,2000,128,3,0.8
engramdb,9777,2.812,1,2000,128,3,0.8
engramdb,9778,4.891,0,2000,128,3,0.8
engramdb,9779,2.889,0,2000,128,3,0.8
engramdb,9780,2.245,1,2000,128,3,0.8
engramdb,9781,2.340,1,2000,128,3,0.8
engramdb,9782,2.818,1,2000,128,3,0.8
engramdb,9783,2.315,0,2000,128,3,0.8
engramdb,9784,2.959,0,2000,128,3,0.8
engramdb,9785,2.320,0,2000,128,3,0.8
engramdb,9786,2.949,1,2000,128,3,0.8
engramdb,9787,2.240,1,2000,128,3,0.8
engramdb,9788,2.799,1,2000,128,3,0.8
engramdb,9789,2.358,0,2000,128,3,0.8
engramdb,9790,2.870,1,2000,128,3,0.8
engramdb,9791,2.269,0,2000,128,3,0.8
engramdb,9792,2.990,1,2000,128,3,0.8
engramdb,9793,2.257,1,2000,128,3,0.8
engramdb,9794,2.847,0,2000,128,3,0.8
engramdb,9795,4.930,1,2000,128,3,0.8
engramdb,9796,6.902,1,2000,128,3,0.8
engramdb,9797,4.942,0,2000,128,3,0.8
engramdb,9798,4.820,1,2000,128,3,0.8
engramdb,9799,3.450,0,2000,128,3,0.8
engramdb,9800,3.960,1,2000,128,3,0.8
engramdb,9801,4.091,1,2000,128,3,0.8
engramdb,9802,4.677,1,2000,128,3,0.8
engramdb,9803,5.058,0,2000,128,3,0.8
engramdb,9804,2.333,0,2000,128,3,0.8
engramdb,9805,2.968,0,2000,128,3,0.8
engramdb,9806,2.417,1,2000,128,3,0.8
engramdb,9807,2.824,1,2000,128,3,0.8
engramdb,9808,2.322,1,2000,128,3,0.8
engramdb,9809,2.913,0,2000,128,3,0.8
engramdb,9810,2.290,0,2000,128,3,0.8
engramdb,9811,2.976,1,2000,128,3,0.8
engramdb,9812,2.290,1,2000,128,3,0.8
engramdb,9813,2.881,1,2000,128,3,0.8
engramdb,9814,2.407,1,2000,128,3,0.8
engramdb,9815,2.268,0,2000,128,3,0.8
engramdb,9816,2.977,0,2000,128,3,0.8
engramdb,9817,4.952,1,2000,128,3,0.8
engramdb,9818,6.837,1,2000,128,3,0.8
engramdb,9819,5.335,1,2000,128,3,0.8
engramdb,9820,2.920,0,2000,128,3,0.8
engramdb,9821,2.273,0,2000,128,3,0.8
engramdb,9822,2.193,0,2000,128,3,0.8
engramdb,9823,2.215,1,2000,128,3,0.8
engramdb,9824,2.399,1,2000,128,3,0.8
engramdb,9825,2.188,0,2000,128,3,0.8
engramdb,9826,2.128,0,2000,128,3,0.8
engramdb,9827,2.179,1,2000,128,3,0.8
engramdb,9828,2.242,0,2000,128,3,0.8
engramdb,9829,2.213,1,2000,128,3,0.8
engramdb,9830,2.148,1,2000,128,3,0.8
engramdb,9831,2.160,0,2000,128,3,0.8
engramdb,9832,2.181,1,2000,128,3,0.8
engramdb,9833,2.273,1,2000,128,3,0.8
engramdb,9834,2.244,0,2000,128,3,0.8
engramdb,9835,2.956,1,2000,128,3,0.8
engramdb,9836,2.273,0,2000,128,3,0.8
engramdb,9837,2.917,1,2000,128,3,0.8
engramdb,9838,2.228,1,2000,128,3,0.8
engramdb,9839,2.912,1,2000,128,3,0.8
engramdb,9840,4.870,0,2000,128,3,0.8
engramdb,9841,4.612,0,2000,128,3,0.8
engramdb,9842,2.446,0,2000,128,3,0.8
engramdb,9843,2.823,1,2000,128,3,0.8
engramdb,9844,2.318,1,2000,128,3,0.8
engramdb,9845,2.413,1,2000,128,3,0.8
engramdb,9846,2.828,0,2000,128,3,0.8
engramdb,9847,2.322,0,2000,128,3,0.8
engramdb,9848,2.890,1,2000,128,3,0.8
engramdb,9849,2.720,1,2000,128,3,0.8
engramdb,9850,2.876,1,2000,128,3,0.8
engramdb,9851,2.323,1,2000,128,3,0.8
engramdb,9852,5.405,0,2000,128,3,0.8
engramdb,9853,6.766,0,2000,128,3,0.8
engramdb,9854,5.005,1,2000,128,3,0.8
engramdb,9855,2.840,1,2000,128,3,0.8
engramdb,9856,2.315,1,2000,128,3,0.8
engramdb,9857,6.931,0,2000,128,3,0.8
engramdb,9858,5.236,1,2000,128,3,0.8
engramdb,9859,2.799,0,2000,128,3,0.8
engramdb,9860,2.520,1,2000,128,3,0.8
engramdb,9861,2.293,1,2000,128,3,0.8
engramdb,9862,2.921,0,2000,128,3,0.8
engramdb,9863,2.580,0,2000,128,3,0.8
engramdb,9864,3.021,1,2000,128,3,0.8
engramdb,9865,2.212,0,2000,128,3,0.8
engramdb,9866,2.921,1,2000,128,3,0.8
engramdb,9867,2.332,1,2000,128,3,0.8
engramdb,9868,5.593,0,2000,128,3,0.8
engramdb,9869,3.097,1,2000,128,3,0.8
engramdb,9870,2.573,1,2000,128,3,0.8
engramdb,9871,2.914,0,2000,128,3,0.8
engramdb,9872,2.348,1,2000,128,3,0.8
engramdb,9873,2.829,0,2000,128,3,0.8
engramdb,9874,2.366,1,2000,128,3,0.8
engramdb,9875,2.790,1,2000,128,3,0.8
engramdb,9876,6.753,1,2000,128,3,0.8
engramdb,9877,2.547,0,2000,128,3,0.8
engramdb,9878,2.890,0,2000,128,3,0.8
engramdb,9879,4.869,1,2000,128,3,0.8
engramdb,9880,6.682,1,2000,128,3,0.8
engramdb,9881,5.254,1,2000,128,3,0.8
engramdb,9882,6.883,1,2000,128,3,0.8
engramdb,9883,2.416,0,2000,128,3,0.8
engramdb,9884,2.886,0,2000,128,3,0.8
engramdb,9885,2.319,1,2000,128,3,0.8
engramdb,9886,3.037,1,2000,128,3,0.8
engramdb,9887,2.403,1,2000,128,3,0.8
engramdb,9888,2.985,1,2000,128,3,0.8
engramdb,9889,4.955,0,2000,128,3,0.8
engramdb,9890,6.894,0,2000,128,3,0.8
engramdb,9891,5.161,1,2000,128,3,0.8
engramdb,9892,3.121,1,2000,128,3,0.8
engramdb,9893,2.432,1,2000,128,3,0.8
engramdb,9894,6.803,0,2000,128,3,0.8
engramdb,9895,4.797,1,2000,128,3,0.8
engramdb,9896,5.033,0,2000,128,3,0.8
engramdb,9897,4.964,1,2000,128,3,0.8
engramdb,9898,2.905,1,2000,128,3,0.8
engramdb,9899,2.237,0,2000,128,3,0.8
engramdb,9900,2.761,1,2000,128,3,0.8
engramdb,9901,2.217,1,2000,128,3,0.8
engramdb,9902,6.700,0,2000,128,3,0.8
engramdb,9903,5.183,1,2000,128,3,0.8
engramdb,9904,2.364,0,2000,128,3,0.8
engramdb,9905,2.881,0,2000,128,3,0.8
engramdb,9906,2.324,1,2000,128,3,0.8
engramdb,9907,2.796,1,2000,128,3,0.8
engramdb,9908,2.859,0,2000,128,3,0.8
engramdb,9909,2.247,1,2000,128,3,0.8
engramdb,9910,2.368,0,2000,128,3,0.8
engramdb,9911,5.634,1,2000,128,3,0.8
engramdb,9912,6.897,1,2000,128,3,0.8
engramdb,9913,5.184,1,2000,128,3,0.8
engramdb,9914,3.081,0,2000,128,3,0.8
engramdb,9915,4.824,0,2000,128,3,0.8
engramdb,9916,3.157,1,2000,128,3,0.8
engramdb,9917,2.373,1,2000,128,3,0.8
engramdb,9918,3.169,1,2000,128,3,0.8
engramdb,9919,2.285,1,2000,128,3,0.8
engramdb,9920,2.849,0,2000,128,3,0.8
engramdb,9921,2.216,0,2000,128,3,0.8
engramdb,9922,3.088,1,2000,128,3,0.8
engramdb,9923,2.317,1,2000,128,3,0.8
engramdb,9924,2.815,1,2000,128,3,0.8
engramdb,9925,2.451,0,2000,128,3,0.8
engramdb,9926,2.882,0,2000,128,3,0.8
engramdb,9927,6.983,0,2000,128,3,0.8
engramdb,9928,2.648,1,2000,128,3,0.8
engramdb,9929,2.306,1,2000,128,3,0.8
engramdb,9930,5.537,1,2000,128,3,0.8
engramdb,9931,2.445,0,2000,128,3,0.8
engramdb,9932,5.497,1,2000,128,3,0.8
engramdb,9933,6.769,0,2000,128,3,0.8
engramdb,9934,5.565,1,2000,128,3,0.8
engramdb,9935,2.831,1,2000,128,3,0.8
engramdb,9936,2.342,0,2000,128,3,0.8
engramdb,9937,2.918,1,2000,128,3,0.8
engramdb,9938,2.498,1,2000,128,3,0.8
engramdb,9939,2.813,0,2000,128,3,0.8
engramdb,9940,2.369,1,2000,128,3,0.8
engramdb,9941,2.900,0,2000,128,3,0.8
engramdb,9942,2.314,0,2000,128,3,0.8
engramdb,9943,2.902,1,2000,128,3,0.8
engramdb,9944,4.993,1,2000,128,3,0.8
engramdb,9945,6.599,0,2000,128,3,0.8
engramdb,9946,5.185,1,2000,128,3,0.8
engramdb,9947,6.644,0,2000,128,3,0.8
engramdb,9948,5.155,1,2000,128,3,0.8
engramdb,9949,2.398,1,2000,128,3,0.8
engramdb,9950,5.463,1,2000,128,3,0.8
engramdb,9951,6.688,0,2000,128,3,0.8
engramdb,9952,2.518,0,2000,128,3,0.8
engramdb,9953,2.972,1,2000,128,3,0.8
engramdb,9954,2.266,1,2000,128,3,0.8
engramdb,9955,2.797,1,2000,128,3,0.8
engramdb,9956,2.368,1,2000,128,3,0.8
engramdb,9957,2.829,0,2000,128,3,0.8
engramdb,9958,2.299,0,2000,128,3,0.8
engramdb,9959,2.287,1,2000,128,3,0.8
engramdb,9960,2.187,1,2000,128,3,0.8
engramdb,9961,2.186,1,2000,128,3,0.8
engramdb,9962,2.234,0,2000,128,3,0.8
engramdb,9963,2.234,0,2000,128,3,0.8
engramdb,9964,5.036,0,2000,128,3,0.8
engramdb,9965,2.208,1,2000,128,3,0.8
engramdb,9966,2.865,1,2000,128,3,0.8
engramdb,9967,4.871,1,2000,128,3,0.8
engramdb,9968,2.753,0,2000,128,3,0.8
engramdb,9969,2.293,1,2000,128,3,0.8
engramdb,9970,2.829,0,2000,128,3,0.8
engramdb,9971,2.308,1,2000,128,3,0.8
engramdb,9972,6.808,1,2000,128,3,0.8
engramdb,9973,4.942,0,2000,128,3,0.8
engramdb,9974,6.958,1,2000,128,3,0.8
engramdb,9975,4.935,1,2000,128,3,0.8
engramdb,9976,2.921,0,2000,128,3,0.8
engramdb,9977,2.268,1,2000,128,3,0.8
engramdb,9978,2.861,0,2000,128,3,0.8
engramdb,9979,2.284,1,2000,128,3,0.8
engramdb,9980,2.842,1,2000,128,3,0.8
engramdb,9981,2.281,1,2000,128,3,0.8
engramdb,9982,2.826,0,2000,128,3,0.8
engramdb,9983,2.483,0,2000,128,3,0.8
engramdb,9984,2.820,0,2000,128,3,0.8
engramdb,9985,2.263,1,2000,128,3,0.8
engramdb,9986,2.832,1,2000,128,3,0.8
engramdb,9987,2.240,1,2000,128,3,0.8
engramdb,9988,2.298,0,2000,128,3,0.8
engramdb,9989,2.930,0,2000,128,3,0.8
engramdb,9990,2.266,1,2000,128,3,0.8
engramdb,9991,2.198,1,2000,128,3,0.8
engramdb,9992,5.408,1,2000,128,3,0.8
engramdb,9993,5.157,1,2000,128,3,0.8
engramdb,9994,2.676,0,2000,128,3,0.8
engramdb,9995,2.290,0,2000,128,3,0.8
engramdb,9996,2.830,1,2000,128,3,0.8
engramdb,9997,2.358,1,2000,128,3,0.8
engramdb,9998,2.792,1,2000,128,3,0.8
engramdb,9999,2.257,0,2000,128,3,0.8
