product,query,latency_us,hits,visited_records,physical_block_reads,nodes,dimension,hops
engramdb,0,9834.079,36,1088,56,10000,128,3
engramdb,1,4435.346,37,1060,56,10000,128,3
engramdb,2,4287.975,36,1047,56,10000,128,3
engramdb,3,4255.369,32,1106,56,10000,128,3
engramdb,4,4444.408,27,1078,56,10000,128,3
engramdb,5,4572.459,36,1092,56,10000,128,3
engramdb,6,4343.472,33,1089,56,10000,128,3
engramdb,7,4202.548,36,1091,56,10000,128,3
engramdb,8,7235.494,33,1103,56,10000,128,3
engramdb,9,9656.926,35,1088,56,10000,128,3
engramdb,10,4194.303,35,1080,56,10000,128,3
engramdb,11,4639.868,33,1089,56,10000,128,3
engramdb,12,4900.621,34,1020,56,10000,128,3
engramdb,13,4555.761,36,1059,56,10000,128,3
engramdb,14,4206.721,39,1071,56,10000,128,3
engramdb,15,4217.336,32,1099,56,10000,128,3
engramdb,16,5152.422,35,1097,56,10000,128,3
engramdb,17,4404.392,32,1098,56,10000,128,3
engramdb,18,4267.027,36,1093,56,10000,128,3
engramdb,19,4294.355,37,1092,56,10000,128,3
engramdb,20,4266.082,30,1085,56,10000,128,3
engramdb,21,4405.317,36,1090,56,10000,128,3
engramdb,22,4378.609,30,1096,56,10000,128,3
engramdb,23,4401.746,31,1099,56,10000,128,3
engramdb,24,4799.097,36,1099,56,10000,128,3
engramdb,25,11131.718,27,1074,56,10000,128,3
engramdb,26,5287.383,31,1081,56,10000,128,3
engramdb,27,4491.849,38,1109,56,10000,128,3
engramdb,28,4979.095,32,1094,56,10000,128,3
engramdb,29,4314.796,31,1091,56,10000,128,3
engramdb,30,4156.520,35,1095,56,10000,128,3
engramdb,31,4155.467,33,1102,56,10000,128,3
engramdb,32,4130.532,36,1106,56,10000,128,3
engramdb,33,11482.770,35,1097,56,10000,128,3
engramdb,34,5625.430,39,1099,56,10000,128,3
engramdb,35,4516.122,33,1087,56,10000,128,3
engramdb,36,4472.257,28,1085,56,10000,128,3
engramdb,37,4282.868,34,1073,56,10000,128,3
engramdb,38,4227.743,35,1056,56,10000,128,3
engramdb,39,4123.920,35,1088,56,10000,128,3
engramdb,40,4124.886,31,1101,56,10000,128,3
engramdb,41,4126.719,33,1072,56,10000,128,3
engramdb,42,4519.247,38,1090,56,10000,128,3
engramdb,43,4237.292,33,1095,56,10000,128,3
engramdb,44,4354.272,37,1090,56,10000,128,3
engramdb,45,5550.958,35,1088,56,10000,128,3
engramdb,46,4290.472,36,1100,56,10000,128,3
engramdb,47,4492.932,29,1083,56,10000,128,3
engramdb,48,4120.513,32,1083,56,10000,128,3
engramdb,49,4105.339,34,1106,56,10000,128,3
engramdb,50,4147.837,34,1099,56,10000,128,3
engramdb,51,4220.120,29,1068,56,10000,128,3
engramdb,52,4187.350,35,1089,56,10000,128,3
engramdb,53,5046.613,40,1068,56,10000,128,3
engramdb,54,6183.929,34,1098,56,10000,128,3
engramdb,55,4396.222,35,1099,56,10000,128,3
engramdb,56,4137.632,33,1096,56,10000,128,3
engramdb,57,4299.494,39,1088,56,10000,128,3
engramdb,58,4296.812,36,1098,56,10000,128,3
engramdb,59,4431.094,35,1101,56,10000,128,3
engramdb,60,4878.627,32,1070,56,10000,128,3
engramdb,61,4235.558,37,1096,56,10000,128,3
engramdb,62,4262.671,32,1096,56,10000,128,3
engramdb,63,4100.233,32,1061,56,10000,128,3
engramdb,64,4168.905,29,1074,56,10000,128,3
engramdb,65,4136.167,34,1092,56,10000,128,3
engramdb,66,4175.014,40,1100,56,10000,128,3
engramdb,67,4148.440,33,1089,56,10000,128,3
engramdb,68,4314.406,33,1043,56,10000,128,3
engramdb,69,4181.845,32,1094,56,10000,128,3
engramdb,70,4149.758,37,1085,56,10000,128,3
engramdb,71,4103.881,36,1085,56,10000,128,3
engramdb,72,4438.483,31,1095,56,10000,128,3
engramdb,73,4290.700,29,1089,56,10000,128,3
engramdb,74,4881.142,35,1091,56,10000,128,3
engramdb,75,4460.770,32,1103,56,10000,128,3
engramdb,76,4305.304,36,1099,56,10000,128,3
engramdb,77,4270.035,42,1104,56,10000,128,3
engramdb,78,4278.554,38,1097,56,10000,128,3
engramdb,79,4237.043,34,1082,56,10000,128,3
engramdb,80,4290.497,35,1068,56,10000,128,3
engramdb,81,4343.928,37,1094,56,10000,128,3
engramdb,82,4388.226,29,1082,56,10000,128,3
engramdb,83,4753.124,32,1067,56,10000,128,3
engramdb,84,4357.998,36,1092,56,10000,128,3
engramdb,85,4472.059,40,1104,56,10000,128,3
engramdb,86,4208.021,38,1097,56,10000,128,3
engramdb,87,4225.242,31,1096,56,10000,128,3
engramdb,88,4193.270,39,1088,56,10000,128,3
engramdb,89,4447.953,43,1088,56,10000,128,3
engramdb,90,4300.440,40,1085,56,10000,128,3
engramdb,91,4324.024,41,1090,56,10000,128,3
engramdb,92,5728.446,27,1092,56,10000,128,3
engramdb,93,4855.682,38,1088,56,10000,128,3
engramdb,94,4322.654,40,1094,56,10000,128,3
engramdb,95,4293.452,36,1097,56,10000,128,3
engramdb,96,4303.947,31,1074,56,10000,128,3
engramdb,97,4287.933,31,1094,56,10000,128,3
engramdb,98,4683.149,36,1095,56,10000,128,3
engramdb,99,4226.369,33,1076,56,10000,128,3
engramdb,100,4219.595,32,1049,56,10000,128,3
engramdb,101,4214.522,33,1089,56,10000,128,3
engramdb,102,4231.732,32,1070,56,10000,128,3
engramdb,103,4174.142,34,1085,56,10000,128,3
engramdb,104,4173.080,32,1080,56,10000,128,3
engramdb,105,5644.798,31,1091,56,10000,128,3
engramdb,106,4190.122,31,1079,56,10000,128,3
engramdb,107,4307.668,36,1109,56,10000,128,3
engramdb,108,4200.241,34,1098,56,10000,128,3
engramdb,109,4183.039,42,1106,56,10000,128,3
engramdb,110,4138.120,31,1055,56,10000,128,3
engramdb,111,4395.478,28,1074,56,10000,128,3
engramdb,112,5204.412,27,1103,56,10000,128,3
engramdb,113,4239.429,38,1076,56,10000,128,3
engramdb,114,4204.091,35,1106,56,10000,128,3
engramdb,115,4140.674,33,1099,56,10000,128,3
engramdb,116,4142.679,39,1091,56,10000,128,3
engramdb,117,4560.150,34,1100,56,10000,128,3
engramdb,118,4389.797,33,1081,56,10000,128,3
engramdb,119,4175.910,29,1059,56,10000,128,3
engramdb,120,5631.625,35,1085,56,10000,128,3
engramdb,121,5284.730,35,1035,56,10000,128,3
engramdb,122,4630.183,40,1088,56,10000,128,3
engramdb,123,5860.406,25,1085,56,10000,128,3
engramdb,124,4196.164,36,1102,56,10000,128,3
engramdb,125,4177.111,34,1087,56,10000,128,3
engramdb,126,4588.911,35,1090,56,10000,128,3
engramdb,127,4405.902,29,1098,56,10000,128,3
engramdb,128,5725.689,32,1100,56,10000,128,3
engramdb,129,4210.914,35,1082,56,10000,128,3
engramdb,130,4772.866,31,1084,56,10000,128,3
engramdb,131,4433.732,33,1065,56,10000,128,3
engramdb,132,4523.701,30,1101,56,10000,128,3
engramdb,133,4346.009,37,1081,56,10000,128,3
engramdb,134,4379.766,33,1100,56,10000,128,3
engramdb,135,4313.473,36,1093,56,10000,128,3
engramdb,136,11180.945,31,1086,56,10000,128,3
engramdb,137,4500.486,39,1075,56,10000,128,3
engramdb,138,4310.083,38,1099,56,10000,128,3
engramdb,139,5940.739,39,1083,56,10000,128,3
engramdb,140,4365.355,35,1100,56,10000,128,3
engramdb,141,4310.381,40,1069,56,10000,128,3
engramdb,142,4281.165,37,1102,56,10000,128,3
engramdb,143,4212.413,38,1100,56,10000,128,3
engramdb,144,4447.778,35,1088,56,10000,128,3
engramdb,145,4047.390,34,1077,54,10000,128,3
engramdb,146,4345.554,42,1102,56,10000,128,3
engramdb,147,4283.281,35,1094,56,10000,128,3
engramdb,148,6261.079,31,1107,56,10000,128,3
engramdb,149,6329.872,35,1083,56,10000,128,3
engramdb,150,4414.234,40,1090,56,10000,128,3
engramdb,151,4193.444,33,1090,56,10000,128,3
engramdb,152,7256.016,43,1093,56,10000,128,3
engramdb,153,4312.601,35,1089,56,10000,128,3
engramdb,154,4231.796,37,1100,56,10000,128,3
engramdb,155,4305.743,32,1093,56,10000,128,3
engramdb,156,4271.783,33,1088,56,10000,128,3
engramdb,157,4272.139,33,1081,56,10000,128,3
engramdb,158,4320.851,36,1076,56,10000,128,3
engramdb,159,4294.649,35,1104,56,10000,128,3
engramdb,160,4249.484,34,1087,56,10000,128,3
engramdb,161,4238.525,34,1061,56,10000,128,3
engramdb,162,4349.730,35,1046,56,10000,128,3
engramdb,163,4764.089,33,1101,56,10000,128,3
engramdb,164,4282.192,32,1088,56,10000,128,3
engramdb,165,4308.681,38,1096,56,10000,128,3
engramdb,166,4271.607,37,1101,56,10000,128,3
engramdb,167,4324.214,35,1096,56,10000,128,3
engramdb,168,4363.320,33,1094,56,10000,128,3
engramdb,169,4232.324,39,1084,56,10000,128,3
engramdb,170,4197.325,34,1091,56,10000,128,3
engramdb,171,4210.909,34,1098,56,10000,128,3
engramdb,172,4334.559,32,1068,56,10000,128,3
engramdb,173,4881.936,36,1089,56,10000,128,3
engramdb,174,10241.634,41,1097,56,10000,128,3
engramdb,175,4380.939,28,1100,56,10000,128,3
engramdb,176,4221.316,32,1086,56,10000,128,3
engramdb,177,4128.973,39,1073,56,10000,128,3
engramdb,178,4117.544,39,1094,56,10000,128,3
engramdb,179,4101.432,35,1101,56,10000,128,3
engramdb,180,4102.343,34,1067,56,10000,128,3
engramdb,181,4525.359,33,1088,56,10000,128,3
engramdb,182,4230.000,34,1102,56,10000,128,3
engramdb,183,4111.040,33,1087,56,10000,128,3
engramdb,184,4104.524,38,1094,56,10000,128,3
engramdb,185,4085.150,38,1091,56,10000,128,3
engramdb,186,4124.763,39,1080,56,10000,128,3
engramdb,187,7995.709,29,1080,56,10000,128,3
engramdb,188,4155.460,29,1090,56,10000,128,3
engramdb,189,4034.255,38,1072,56,10000,128,3
engramdb,190,4084.522,39,1099,56,10000,128,3
engramdb,191,6527.131,35,1093,56,10000,128,3
engramdb,192,4078.984,33,1091,56,10000,128,3
engramdb,193,4066.259,37,1101,56,10000,128,3
engramdb,194,4095.664,38,1105,56,10000,128,3
engramdb,195,4283.024,39,1087,56,10000,128,3
engramdb,196,4352.445,30,1095,56,10000,128,3
engramdb,197,4155.873,40,1088,56,10000,128,3
engramdb,198,4156.914,38,1088,56,10000,128,3
engramdb,199,5573.169,32,1096,56,10000,128,3
engramdb,200,4308.267,31,1095,56,10000,128,3
engramdb,201,4308.323,35,1092,56,10000,128,3
engramdb,202,4226.143,39,1040,56,10000,128,3
engramdb,203,4203.441,33,1024,56,10000,128,3
engramdb,204,4085.313,29,1080,56,10000,128,3
engramdb,205,4512.779,33,1092,56,10000,128,3
engramdb,206,4410.425,29,1104,56,10000,128,3
engramdb,207,4277.275,28,1080,56,10000,128,3
engramdb,208,4282.093,33,1090,56,10000,128,3
engramdb,209,4232.279,35,1099,56,10000,128,3
engramdb,210,4281.679,35,1085,56,10000,128,3
engramdb,211,4275.422,36,1084,56,10000,128,3
engramdb,212,4270.297,31,1082,56,10000,128,3
engramdb,213,4469.849,34,1098,56,10000,128,3
engramdb,214,4293.507,32,1076,56,10000,128,3
engramdb,215,4601.065,35,1090,56,10000,128,3
engramdb,216,4262.657,37,1082,56,10000,128,3
engramdb,217,4263.539,41,1096,56,10000,128,3
engramdb,218,5884.974,31,1100,56,10000,128,3
engramdb,219,4892.058,31,1103,56,10000,128,3
engramdb,220,4679.204,39,1086,56,10000,128,3
engramdb,221,4251.567,37,1095,56,10000,128,3
engramdb,222,4285.456,41,1094,56,10000,128,3
engramdb,223,5320.176,35,1072,56,10000,128,3
engramdb,224,4433.402,33,1101,56,10000,128,3
engramdb,225,4508.816,37,1093,56,10000,128,3
engramdb,226,4912.028,31,1084,56,10000,128,3
engramdb,227,4274.515,35,1072,56,10000,128,3
engramdb,228,4264.993,35,1036,56,10000,128,3
engramdb,229,4229.264,42,1086,56,10000,128,3
engramdb,230,5208.818,31,1097,56,10000,128,3
engramdb,231,5470.770,35,1073,56,10000,128,3
engramdb,232,4335.518,34,1085,56,10000,128,3
engramdb,233,4280.765,37,1098,56,10000,128,3
engramdb,234,4326.844,35,1100,56,10000,128,3
engramdb,235,8125.672,36,1099,56,10000,128,3
engramdb,236,4316.886,34,1101,56,10000,128,3
engramdb,237,4208.942,37,1097,56,10000,128,3
engramdb,238,4271.374,37,1086,56,10000,128,3
engramdb,239,4060.014,37,1049,55,10000,128,3
engramdb,240,4184.727,35,1014,55,10000,128,3
engramdb,241,4283.014,33,1098,56,10000,128,3
engramdb,242,4160.082,40,1091,56,10000,128,3
engramdb,243,4600.627,28,1070,56,10000,128,3
engramdb,244,5175.285,41,1078,56,10000,128,3
engramdb,245,4266.073,35,1096,56,10000,128,3
engramdb,246,4354.808,38,1087,56,10000,128,3
engramdb,247,4287.736,34,1086,56,10000,128,3
engramdb,248,4358.255,39,1088,56,10000,128,3
engramdb,249,4262.178,37,1092,56,10000,128,3
engramdb,250,4303.682,37,1096,56,10000,128,3
engramdb,251,4273.187,25,1094,56,10000,128,3
engramdb,252,4371.905,35,1087,56,10000,128,3
engramdb,253,4283.072,36,1107,56,10000,128,3
engramdb,254,4177.074,41,1076,56,10000,128,3
engramdb,255,5701.388,37,1107,56,10000,128,3
engramdb,256,4293.741,33,1097,56,10000,128,3
engramdb,257,4245.753,35,1098,56,10000,128,3
engramdb,258,4302.789,39,1096,56,10000,128,3
engramdb,259,6834.182,37,1099,56,10000,128,3
engramdb,260,4160.105,30,1090,56,10000,128,3
engramdb,261,4092.794,35,1098,56,10000,128,3
engramdb,262,4336.410,36,1104,56,10000,128,3
engramdb,263,4204.009,26,1093,56,10000,128,3
engramdb,264,4837.950,32,1090,56,10000,128,3
engramdb,265,4336.347,36,1059,56,10000,128,3
engramdb,266,4304.335,33,1088,56,10000,128,3
engramdb,267,4139.039,30,1088,56,10000,128,3
engramdb,268,4130.179,36,1074,56,10000,128,3
engramdb,269,4129.013,40,1103,56,10000,128,3
engramdb,270,6878.362,30,1074,56,10000,128,3
engramdb,271,4181.617,35,1098,56,10000,128,3
engramdb,272,5445.227,33,1102,56,10000,128,3
engramdb,273,4276.642,42,1103,56,10000,128,3
engramdb,274,4196.874,32,1086,56,10000,128,3
engramdb,275,4314.752,32,1096,56,10000,128,3
engramdb,276,4344.526,33,1093,56,10000,128,3
engramdb,277,4212.232,40,1102,56,10000,128,3
engramdb,278,4128.162,36,1096,56,10000,128,3
engramdb,279,4125.207,35,1088,56,10000,128,3
engramdb,280,4188.115,37,1091,56,10000,128,3
engramdb,281,4178.390,32,1095,56,10000,128,3
engramdb,282,4138.196,34,1085,56,10000,128,3
engramdb,283,4137.766,38,1085,56,10000,128,3
engramdb,284,4139.235,39,1103,56,10000,128,3
engramdb,285,4199.701,34,1074,56,10000,128,3
engramdb,286,4728.206,40,1099,56,10000,128,3
engramdb,287,4793.643,37,1105,56,10000,128,3
engramdb,288,4305.463,29,1098,56,10000,128,3
engramdb,289,4209.394,34,1090,56,10000,128,3
engramdb,290,4395.854,39,1079,56,10000,128,3
engramdb,291,4228.146,29,1051,55,10000,128,3
engramdb,292,4265.216,34,1087,56,10000,128,3
engramdb,293,4551.227,35,1093,56,10000,128,3
engramdb,294,4241.819,30,1055,55,10000,128,3
engramdb,295,4314.675,34,1084,56,10000,128,3
engramdb,296,4324.485,35,1094,56,10000,128,3
engramdb,297,4614.099,37,1078,56,10000,128,3
engramdb,298,4106.919,36,1106,56,10000,128,3
engramdb,299,4053.375,37,1099,56,10000,128,3
engramdb,300,4074.150,33,1085,56,10000,128,3
engramdb,301,4094.508,38,1057,56,10000,128,3
engramdb,302,4226.108,37,1079,56,10000,128,3
engramdb,303,4123.555,35,1094,56,10000,128,3
engramdb,304,4154.317,38,1044,56,10000,128,3
engramdb,305,7490.255,42,1080,56,10000,128,3
engramdb,306,6554.964,38,1077,56,10000,128,3
engramdb,307,4988.238,37,1091,56,10000,128,3
engramdb,308,4296.411,33,1105,56,10000,128,3
engramdb,309,4282.403,36,1095,56,10000,128,3
engramdb,310,4244.091,34,1101,56,10000,128,3
engramdb,311,4281.679,41,1102,56,10000,128,3
engramdb,312,4235.766,37,1098,56,10000,128,3
engramdb,313,4438.866,34,1091,56,10000,128,3
engramdb,314,4291.783,38,1095,56,10000,128,3
engramdb,315,4297.775,29,1098,56,10000,128,3
engramdb,316,4311.811,40,1106,56,10000,128,3
engramdb,317,4263.327,39,1073,56,10000,128,3
engramdb,318,4302.549,37,1092,56,10000,128,3
engramdb,319,6059.722,33,1086,56,10000,128,3
engramdb,320,4315.824,34,1105,56,10000,128,3
engramdb,321,5765.945,37,1080,56,10000,128,3
engramdb,322,4284.027,31,1091,56,10000,128,3
engramdb,323,4086.384,33,1098,56,10000,128,3
engramdb,324,4094.428,31,1087,56,10000,128,3
engramdb,325,4425.049,36,1097,56,10000,128,3
engramdb,326,4196.846,30,1105,56,10000,128,3
engramdb,327,4118.142,30,1098,56,10000,128,3
engramdb,328,4544.563,36,1092,56,10000,128,3
engramdb,329,6160.120,38,1077,56,10000,128,3
engramdb,330,4306.978,35,1063,56,10000,128,3
engramdb,331,4345.239,31,1081,56,10000,128,3
engramdb,332,4175.000,30,1094,56,10000,128,3
engramdb,333,4154.243,32,1060,56,10000,128,3
engramdb,334,4115.810,34,1105,56,10000,128,3
engramdb,335,4355.029,34,1096,56,10000,128,3
engramdb,336,4315.114,36,1095,56,10000,128,3
engramdb,337,4274.898,33,1092,56,10000,128,3
engramdb,338,4290.285,39,1098,56,10000,128,3
engramdb,339,4085.157,38,1100,56,10000,128,3
engramdb,340,4051.340,31,1079,56,10000,128,3
engramdb,341,4081.041,35,1061,56,10000,128,3
engramdb,342,4408.707,40,1095,56,10000,128,3
engramdb,343,4361.135,33,1083,56,10000,128,3
engramdb,344,4322.420,40,1091,55,10000,128,3
engramdb,345,4489.905,34,1098,56,10000,128,3
engramdb,346,4376.609,32,1079,56,10000,128,3
engramdb,347,4295.653,34,1104,56,10000,128,3
engramdb,348,11023.923,37,1092,56,10000,128,3
engramdb,349,4074.306,37,1102,56,10000,128,3
engramdb,350,4339.959,34,1075,56,10000,128,3
engramdb,351,4293.501,35,1099,56,10000,128,3
engramdb,352,4332.796,37,1094,56,10000,128,3
engramdb,353,4267.439,32,1100,56,10000,128,3
engramdb,354,4104.812,39,1092,56,10000,128,3
engramdb,355,4125.769,33,1097,56,10000,128,3
engramdb,356,4169.052,35,1094,56,10000,128,3
engramdb,357,4100.261,37,1081,56,10000,128,3
engramdb,358,4121.443,29,1092,56,10000,128,3
engramdb,359,4139.076,39,1097,56,10000,128,3
engramdb,360,4148.163,33,1087,56,10000,128,3
engramdb,361,4278.855,41,1104,56,10000,128,3
engramdb,362,4080.316,39,1091,56,10000,128,3
engramdb,363,4080.619,36,1089,56,10000,128,3
engramdb,364,4092.727,32,1084,56,10000,128,3
engramdb,365,4156.747,30,1095,56,10000,128,3
engramdb,366,4133.321,32,1091,56,10000,128,3
engramdb,367,6284.946,34,1105,56,10000,128,3
engramdb,368,5660.125,32,1097,56,10000,128,3
engramdb,369,5049.831,33,1101,56,10000,128,3
engramdb,370,6960.998,30,1090,56,10000,128,3
engramdb,371,5636.490,34,1081,56,10000,128,3
engramdb,372,4979.256,41,1069,56,10000,128,3
engramdb,373,4865.854,37,1097,56,10000,128,3
engramdb,374,4476.512,36,1106,56,10000,128,3
engramdb,375,4350.498,35,1096,56,10000,128,3
engramdb,376,4329.220,37,1083,56,10000,128,3
engramdb,377,4406.416,40,1100,56,10000,128,3
engramdb,378,4357.448,36,1100,56,10000,128,3
engramdb,379,4472.531,36,1102,56,10000,128,3
engramdb,380,4357.056,33,1094,56,10000,128,3
engramdb,381,4429.406,42,1098,56,10000,128,3
engramdb,382,4237.557,32,1042,56,10000,128,3
engramdb,383,4163.215,35,1094,56,10000,128,3
engramdb,384,4150.649,34,1087,55,10000,128,3
engramdb,385,4288.044,38,1105,56,10000,128,3
engramdb,386,4258.865,36,1097,56,10000,128,3
engramdb,387,4243.466,38,1090,56,10000,128,3
engramdb,388,4621.531,32,1087,56,10000,128,3
engramdb,389,4270.621,40,1087,56,10000,128,3
engramdb,390,4269.933,32,1092,56,10000,128,3
engramdb,391,5821.655,32,1093,56,10000,128,3
engramdb,392,4459.273,33,1088,56,10000,128,3
engramdb,393,4251.155,34,1087,56,10000,128,3
engramdb,394,4123.959,35,1093,56,10000,128,3
engramdb,395,4561.814,29,1080,56,10000,128,3
engramdb,396,4391.978,34,1108,56,10000,128,3
engramdb,397,4594.021,38,1093,56,10000,128,3
engramdb,398,4541.959,35,1101,56,10000,128,3
engramdb,399,4614.881,34,1084,56,10000,128,3
engramdb,400,4240.179,37,1095,56,10000,128,3
engramdb,401,4649.475,34,1098,56,10000,128,3
engramdb,402,4404.894,35,1078,56,10000,128,3
engramdb,403,4242.199,32,1077,56,10000,128,3
engramdb,404,4228.109,38,1096,56,10000,128,3
engramdb,405,4206.474,35,1086,56,10000,128,3
engramdb,406,4614.045,33,1098,56,10000,128,3
engramdb,407,4385.240,31,1085,56,10000,128,3
engramdb,408,4387.644,34,1078,56,10000,128,3
engramdb,409,4410.734,36,1098,56,10000,128,3
engramdb,410,4724.941,35,1093,56,10000,128,3
engramdb,411,7529.304,37,1064,56,10000,128,3
engramdb,412,4312.243,33,1089,56,10000,128,3
engramdb,413,4200.960,39,1094,56,10000,128,3
engramdb,414,4632.621,35,1071,56,10000,128,3
engramdb,415,4193.588,36,1093,56,10000,128,3
engramdb,416,4153.340,33,1103,56,10000,128,3
engramdb,417,4187.925,35,1099,56,10000,128,3
engramdb,418,4155.572,41,1087,56,10000,128,3
engramdb,419,4171.352,32,1094,56,10000,128,3
engramdb,420,6125.304,35,1094,56,10000,128,3
engramdb,421,4210.068,37,1094,56,10000,128,3
engramdb,422,4454.343,33,1094,56,10000,128,3
engramdb,423,8106.690,31,1091,56,10000,128,3
engramdb,424,4712.438,37,1095,56,10000,128,3
engramdb,425,4333.144,33,1072,56,10000,128,3
engramdb,426,4208.843,36,1094,56,10000,128,3
engramdb,427,4545.343,29,1101,56,10000,128,3
engramdb,428,4245.978,35,1088,56,10000,128,3
engramdb,429,4508.819,36,1095,56,10000,128,3
engramdb,430,4086.725,37,1061,56,10000,128,3
engramdb,431,4142.905,33,1098,56,10000,128,3
engramdb,432,4130.575,36,1089,56,10000,128,3
engramdb,433,4135.641,41,1082,56,10000,128,3
engramdb,434,4326.424,38,1096,56,10000,128,3
engramdb,435,4245.252,33,1096,56,10000,128,3
engramdb,436,4425.996,38,1101,55,10000,128,3
engramdb,437,4134.323,36,1101,55,10000,128,3
engramdb,438,4194.744,43,1099,56,10000,128,3
engramdb,439,4712.885,36,1102,56,10000,128,3
engramdb,440,5796.467,32,1097,55,10000,128,3
engramdb,441,4510.106,37,1084,56,10000,128,3
engramdb,442,4209.016,30,1091,56,10000,128,3
engramdb,443,5740.610,36,1100,56,10000,128,3
engramdb,444,4127.962,42,1102,56,10000,128,3
engramdb,445,4611.920,39,1092,56,10000,128,3
engramdb,446,4189.411,30,1098,56,10000,128,3
engramdb,447,4462.464,34,1095,56,10000,128,3
engramdb,448,4332.366,38,1097,56,10000,128,3
engramdb,449,4265.414,42,1102,56,10000,128,3
engramdb,450,4536.601,35,1098,56,10000,128,3
engramdb,451,4432.146,40,1082,56,10000,128,3
engramdb,452,5656.166,42,1089,56,10000,128,3
engramdb,453,4890.820,29,1079,56,10000,128,3
engramdb,454,4365.212,38,1075,56,10000,128,3
engramdb,455,4458.581,33,1095,56,10000,128,3
engramdb,456,7796.143,41,1087,56,10000,128,3
engramdb,457,4359.601,39,1095,56,10000,128,3
engramdb,458,4473.219,35,1097,56,10000,128,3
engramdb,459,4310.996,28,1091,56,10000,128,3
engramdb,460,5295.666,38,1095,56,10000,128,3
engramdb,461,4567.177,41,1104,56,10000,128,3
engramdb,462,4524.752,41,1087,56,10000,128,3
engramdb,463,4444.497,34,1090,56,10000,128,3
engramdb,464,6071.083,34,1099,56,10000,128,3
engramdb,465,4409.205,36,1073,56,10000,128,3
engramdb,466,4347.056,35,1088,56,10000,128,3
engramdb,467,4279.472,37,1090,56,10000,128,3
engramdb,468,4396.253,32,1088,56,10000,128,3
engramdb,469,4333.064,43,1100,56,10000,128,3
engramdb,470,4316.094,37,1092,56,10000,128,3
engramdb,471,4264.417,40,1100,56,10000,128,3
engramdb,472,4212.452,30,1095,56,10000,128,3
engramdb,473,4185.778,36,1096,56,10000,128,3
engramdb,474,4190.128,31,1095,56,10000,128,3
engramdb,475,4131.766,39,1099,56,10000,128,3
engramdb,476,4178.909,35,1073,56,10000,128,3
engramdb,477,4187.848,37,1096,56,10000,128,3
engramdb,478,3940.328,35,1096,56,10000,128,3
engramdb,479,4294.735,37,1107,56,10000,128,3
engramdb,480,4311.279,40,1095,56,10000,128,3
engramdb,481,4339.945,36,1089,56,10000,128,3
engramdb,482,6622.751,40,1091,56,10000,128,3
engramdb,483,6327.941,34,1104,56,10000,128,3
engramdb,484,3487.624,40,1100,56,10000,128,3
engramdb,485,3307.719,36,1099,56,10000,128,3
engramdb,486,3350.184,30,1093,56,10000,128,3
engramdb,487,3276.671,33,1090,56,10000,128,3
engramdb,488,3274.621,38,1104,56,10000,128,3
engramdb,489,3276.187,35,1100,56,10000,128,3
engramdb,490,3301.161,36,1058,56,10000,128,3
engramdb,491,3227.825,30,1092,56,10000,128,3
engramdb,492,3241.764,34,1090,56,10000,128,3
engramdb,493,3240.672,36,1053,56,10000,128,3
engramdb,494,3247.930,41,1091,56,10000,128,3
engramdb,495,3283.705,40,1094,56,10000,128,3
engramdb,496,6109.069,32,1095,56,10000,128,3
engramdb,497,4401.798,35,1101,56,10000,128,3
engramdb,498,4428.575,32,1107,56,10000,128,3
engramdb,499,4360.890,31,1092,56,10000,128,3
engramdb,500,4354.735,38,1088,56,10000,128,3
engramdb,501,4611.012,36,1076,56,10000,128,3
engramdb,502,4338.728,33,1095,56,10000,128,3
engramdb,503,4227.063,38,1081,56,10000,128,3
engramdb,504,4303.407,35,1088,56,10000,128,3
engramdb,505,4211.828,29,1098,56,10000,128,3
engramdb,506,4235.813,43,1100,56,10000,128,3
engramdb,507,5035.253,38,1089,56,10000,128,3
engramdb,508,4333.465,37,1106,56,10000,128,3
engramdb,509,4249.072,34,1091,56,10000,128,3
engramdb,510,4523.822,34,1100,56,10000,128,3
engramdb,511,5363.883,34,1083,56,10000,128,3
engramdb,512,4386.236,36,1094,56,10000,128,3
engramdb,513,4402.117,34,1089,56,10000,128,3
engramdb,514,4522.422,39,1106,56,10000,128,3
engramdb,515,4165.694,35,1073,56,10000,128,3
engramdb,516,4433.679,31,1101,56,10000,128,3
engramdb,517,4425.496,41,1099,56,10000,128,3
engramdb,518,4764.535,33,1061,56,10000,128,3
engramdb,519,4463.156,33,1103,56,10000,128,3
engramdb,520,4358.822,40,1098,56,10000,128,3
engramdb,521,4386.737,36,1090,56,10000,128,3
engramdb,522,4414.841,34,1097,56,10000,128,3
engramdb,523,4348.441,37,1101,56,10000,128,3
engramdb,524,4308.381,34,1088,56,10000,128,3
engramdb,525,4239.898,41,1105,56,10000,128,3
engramdb,526,4475.736,37,1097,56,10000,128,3
engramdb,527,4411.220,30,1102,56,10000,128,3
engramdb,528,4463.210,40,1098,56,10000,128,3
engramdb,529,4322.358,35,1104,56,10000,128,3
engramdb,530,4300.688,36,1093,55,10000,128,3
engramdb,531,4333.445,37,1078,56,10000,128,3
engramdb,532,4335.146,30,1030,56,10000,128,3
engramdb,533,4387.086,30,1089,56,10000,128,3
engramdb,534,4174.545,34,1080,56,10000,128,3
engramdb,535,4232.863,27,1080,56,10000,128,3
engramdb,536,4174.035,36,1098,56,10000,128,3
engramdb,537,4174.223,34,1087,56,10000,128,3
engramdb,538,4395.654,39,1096,56,10000,128,3
engramdb,539,6052.485,41,1086,56,10000,128,3
engramdb,540,4278.893,36,1094,56,10000,128,3
engramdb,541,4157.621,33,1092,56,10000,128,3
engramdb,542,4157.167,37,1108,56,10000,128,3
engramdb,543,4156.256,38,1092,56,10000,128,3
engramdb,544,4157.245,32,1010,56,10000,128,3
engramdb,545,4150.412,43,1095,56,10000,128,3
engramdb,546,4321.807,37,1090,56,10000,128,3
engramdb,547,9000.132,34,1094,56,10000,128,3
engramdb,548,4641.024,32,1091,56,10000,128,3
engramdb,549,4363.196,36,1101,56,10000,128,3
engramdb,550,4301.589,37,1095,56,10000,128,3
engramdb,551,4230.567,37,1092,56,10000,128,3
engramdb,552,4561.598,37,1085,56,10000,128,3
engramdb,553,4380.734,32,1097,56,10000,128,3
engramdb,554,5468.612,32,1045,56,10000,128,3
engramdb,555,4777.135,39,1080,56,10000,128,3
engramdb,556,5668.418,38,1092,56,10000,128,3
engramdb,557,4371.089,36,1071,56,10000,128,3
engramdb,558,4327.090,34,1083,56,10000,128,3
engramdb,559,4313.642,34,1051,56,10000,128,3
engramdb,560,4318.059,32,1105,56,10000,128,3
engramdb,561,4321.485,35,1098,56,10000,128,3
engramdb,562,4404.386,30,1093,56,10000,128,3
engramdb,563,4278.081,32,1096,56,10000,128,3
engramdb,564,4250.754,36,1095,56,10000,128,3
engramdb,565,4190.225,33,1097,56,10000,128,3
engramdb,566,4161.984,35,1101,56,10000,128,3
engramdb,567,4146.852,34,1102,56,10000,128,3
engramdb,568,4168.344,33,1084,56,10000,128,3
engramdb,569,4236.545,32,1094,56,10000,128,3
engramdb,570,4239.040,36,1084,56,10000,128,3
engramdb,571,10211.576,27,1080,56,10000,128,3
engramdb,572,4214.399,32,1089,56,10000,128,3
engramdb,573,4269.068,43,1098,56,10000,128,3
engramdb,574,5123.479,33,1074,56,10000,128,3
engramdb,575,5701.490,34,1082,56,10000,128,3
engramdb,576,3630.469,36,1099,56,10000,128,3
engramdb,577,4094.239,35,1086,56,10000,128,3
engramdb,578,4364.262,33,1081,56,10000,128,3
engramdb,579,4613.589,37,1074,56,10000,128,3
engramdb,580,4308.842,31,1076,56,10000,128,3
engramdb,581,4346.110,35,1100,56,10000,128,3
engramdb,582,4384.669,34,1082,56,10000,128,3
engramdb,583,4349.530,38,1077,56,10000,128,3
engramdb,584,4341.356,37,1099,56,10000,128,3
engramdb,585,4322.728,34,1078,56,10000,128,3
engramdb,586,4679.596,31,1075,56,10000,128,3
engramdb,587,4409.507,30,1107,56,10000,128,3
engramdb,588,4312.473,40,1108,56,10000,128,3
engramdb,589,4136.712,42,1098,56,10000,128,3
engramdb,590,4084.166,31,1097,56,10000,128,3
engramdb,591,3541.567,34,1095,56,10000,128,3
engramdb,592,3493.649,32,1090,56,10000,128,3
engramdb,593,3413.283,34,1078,56,10000,128,3
engramdb,594,5054.358,42,1095,56,10000,128,3
engramdb,595,4387.448,32,1070,56,10000,128,3
engramdb,596,4395.677,34,1058,56,10000,128,3
engramdb,597,4276.083,35,1074,56,10000,128,3
engramdb,598,4371.316,38,1090,56,10000,128,3
engramdb,599,4335.595,38,1095,56,10000,128,3
engramdb,600,4359.572,38,1110,56,10000,128,3
engramdb,601,4616.453,40,1087,56,10000,128,3
engramdb,602,4327.642,36,1105,56,10000,128,3
engramdb,603,4395.175,36,1089,56,10000,128,3
engramdb,604,4282.141,32,1100,56,10000,128,3
engramdb,605,4332.610,35,1097,56,10000,128,3
engramdb,606,4414.762,33,1105,56,10000,128,3
engramdb,607,4394.529,36,1101,56,10000,128,3
engramdb,608,4390.258,34,1089,56,10000,128,3
engramdb,609,4289.351,33,1080,56,10000,128,3
engramdb,610,4411.937,30,1088,56,10000,128,3
engramdb,611,4343.908,30,1089,56,10000,128,3
engramdb,612,4374.511,30,1096,56,10000,128,3
engramdb,613,6409.868,37,1090,56,10000,128,3
engramdb,614,4287.190,35,1100,56,10000,128,3
engramdb,615,4342.494,37,1098,56,10000,128,3
engramdb,616,4340.910,47,1093,56,10000,128,3
engramdb,617,4355.930,33,1089,56,10000,128,3
engramdb,618,4357.901,31,1100,56,10000,128,3
engramdb,619,4264.488,36,1105,56,10000,128,3
engramdb,620,4222.879,36,1097,56,10000,128,3
engramdb,621,4248.141,37,1082,56,10000,128,3
engramdb,622,4235.563,37,1056,56,10000,128,3
engramdb,623,4199.072,28,1097,56,10000,128,3
engramdb,624,4198.125,36,1095,56,10000,128,3
engramdb,625,4200.493,32,1020,56,10000,128,3
engramdb,626,4223.538,35,1076,56,10000,128,3
engramdb,627,4225.949,34,1093,56,10000,128,3
engramdb,628,4197.296,39,1082,56,10000,128,3
engramdb,629,4166.209,31,1090,56,10000,128,3
engramdb,630,4200.646,34,1093,56,10000,128,3
engramdb,631,4180.952,34,1098,56,10000,128,3
engramdb,632,4217.379,35,1080,56,10000,128,3
engramdb,633,4996.618,32,1080,56,10000,128,3
engramdb,634,4523.959,31,1071,56,10000,128,3
engramdb,635,3354.279,33,1015,56,10000,128,3
engramdb,636,3313.010,37,1077,56,10000,128,3
engramdb,637,3209.399,26,1076,55,10000,128,3
engramdb,638,3282.525,32,1100,56,10000,128,3
engramdb,639,4648.860,41,1093,56,10000,128,3
engramdb,640,4240.475,32,1099,56,10000,128,3
engramdb,641,8136.712,36,1081,56,10000,128,3
engramdb,642,4374.600,29,1079,56,10000,128,3
engramdb,643,4385.548,35,1102,56,10000,128,3
engramdb,644,4197.500,35,1084,56,10000,128,3
engramdb,645,4069.026,36,1099,56,10000,128,3
engramdb,646,4152.281,37,1102,56,10000,128,3
engramdb,647,4159.124,29,1093,56,10000,128,3
engramdb,648,4164.515,36,1093,56,10000,128,3
engramdb,649,4114.985,38,1102,56,10000,128,3
engramdb,650,4139.163,35,1098,56,10000,128,3
engramdb,651,4169.657,31,1085,56,10000,128,3
engramdb,652,4194.627,34,1070,56,10000,128,3
engramdb,653,4160.927,33,1065,56,10000,128,3
engramdb,654,4155.926,37,1088,56,10000,128,3
engramdb,655,4115.188,33,1077,56,10000,128,3
engramdb,656,4121.563,32,1084,56,10000,128,3
engramdb,657,4174.441,38,1101,56,10000,128,3
engramdb,658,4183.140,35,1097,56,10000,128,3
engramdb,659,4435.575,35,1077,56,10000,128,3
engramdb,660,4306.493,36,1090,56,10000,128,3
engramdb,661,4267.407,38,1054,56,10000,128,3
engramdb,662,4270.978,32,1055,56,10000,128,3
engramdb,663,4302.597,37,1102,56,10000,128,3
engramdb,664,4454.162,36,1092,56,10000,128,3
engramdb,665,4276.805,38,1094,56,10000,128,3
engramdb,666,4276.993,31,1079,56,10000,128,3
engramdb,667,4264.978,34,1092,56,10000,128,3
engramdb,668,4473.410,35,1085,56,10000,128,3
engramdb,669,4270.509,33,1099,56,10000,128,3
engramdb,670,4166.143,31,1083,56,10000,128,3
engramdb,671,4149.310,35,1082,56,10000,128,3
engramdb,672,4752.120,40,1073,56,10000,128,3
engramdb,673,7165.159,33,1070,56,10000,128,3
engramdb,674,4281.933,36,1105,56,10000,128,3
engramdb,675,4471.249,32,1098,56,10000,128,3
engramdb,676,3488.392,37,1096,56,10000,128,3
engramdb,677,3418.791,40,1095,56,10000,128,3
engramdb,678,3371.419,38,1093,56,10000,128,3
engramdb,679,3529.580,35,1092,56,10000,128,3
engramdb,680,3423.030,37,1081,56,10000,128,3
engramdb,681,3385.264,28,1089,56,10000,128,3
engramdb,682,3498.112,42,1097,56,10000,128,3
engramdb,683,3386.375,33,1061,56,10000,128,3
engramdb,684,3404.530,36,1095,56,10000,128,3
engramdb,685,3470.538,40,1087,56,10000,128,3
engramdb,686,3391.359,34,1095,56,10000,128,3
engramdb,687,3428.668,32,1099,56,10000,128,3
engramdb,688,3524.227,33,1094,56,10000,128,3
engramdb,689,3409.319,39,1098,56,10000,128,3
engramdb,690,3427.715,36,1094,56,10000,128,3
engramdb,691,3467.289,36,1094,56,10000,128,3
engramdb,692,3397.376,34,1086,56,10000,128,3
engramdb,693,3748.656,31,1073,56,10000,128,3
engramdb,694,3475.792,32,1096,56,10000,128,3
engramdb,695,3378.864,34,1066,56,10000,128,3
engramdb,696,4019.758,36,1089,56,10000,128,3
engramdb,697,3428.470,32,1088,56,10000,128,3
engramdb,698,3429.064,36,1104,56,10000,128,3
engramdb,699,4884.577,28,1065,56,10000,128,3
engramdb,700,4329.157,36,1088,56,10000,128,3
engramdb,701,4360.432,43,1088,56,10000,128,3
engramdb,702,4132.685,34,1091,56,10000,128,3
engramdb,703,4169.582,29,1063,56,10000,128,3
engramdb,704,4189.348,34,1102,56,10000,128,3
engramdb,705,4157.461,40,1096,56,10000,128,3
engramdb,706,4212.946,33,1101,56,10000,128,3
engramdb,707,4177.000,33,1094,56,10000,128,3
engramdb,708,4157.756,42,1101,56,10000,128,3
engramdb,709,4181.865,33,1100,56,10000,128,3
engramdb,710,5647.938,37,1098,56,10000,128,3
engramdb,711,3489.453,36,1107,56,10000,128,3
engramdb,712,3431.206,29,1094,56,10000,128,3
engramdb,713,3460.039,36,1083,56,10000,128,3
engramdb,714,3430.805,33,1096,56,10000,128,3
engramdb,715,3408.785,34,1063,56,10000,128,3
engramdb,716,3470.063,45,1093,56,10000,128,3
engramdb,717,3390.086,36,1077,56,10000,128,3
engramdb,718,3380.810,30,1079,56,10000,128,3
engramdb,719,3439.352,36,1073,56,10000,128,3
engramdb,720,3367.994,37,1049,56,10000,128,3
engramdb,721,3385.640,38,1092,56,10000,128,3
engramdb,722,3468.861,32,1089,56,10000,128,3
engramdb,723,3389.861,31,1070,56,10000,128,3
engramdb,724,3452.252,33,1075,56,10000,128,3
engramdb,725,3488.529,29,1098,56,10000,128,3
engramdb,726,3415.300,38,1103,56,10000,128,3
engramdb,727,3433.299,31,1098,56,10000,128,3
engramdb,728,3822.837,33,1103,56,10000,128,3
engramdb,729,3431.415,38,1098,56,10000,128,3
engramdb,730,3328.320,29,1083,55,10000,128,3
engramdb,731,3471.822,31,1090,56,10000,128,3
engramdb,732,3411.285,36,1092,56,10000,128,3
engramdb,733,3410.945,35,1103,56,10000,128,3
engramdb,734,3435.266,34,1063,56,10000,128,3
engramdb,735,3434.015,29,1088,56,10000,128,3
engramdb,736,3499.388,36,1091,56,10000,128,3
engramdb,737,3462.891,36,1089,56,10000,128,3
engramdb,738,3424.235,43,1101,56,10000,128,3
engramdb,739,3467.513,36,1097,56,10000,128,3
engramdb,740,3402.952,31,1071,56,10000,128,3
engramdb,741,3433.561,40,1089,56,10000,128,3
engramdb,742,3511.912,39,1091,56,10000,128,3
engramdb,743,3400.596,35,1088,56,10000,128,3
engramdb,744,3388.248,34,1055,56,10000,128,3
engramdb,745,3452.101,32,1081,56,10000,128,3
engramdb,746,3383.801,31,1054,56,10000,128,3
engramdb,747,3482.251,36,1081,56,10000,128,3
engramdb,748,3489.349,42,1093,56,10000,128,3
engramdb,749,3389.329,36,1094,56,10000,128,3
engramdb,750,3405.526,29,1096,56,10000,128,3
engramdb,751,3434.637,37,1092,56,10000,128,3
engramdb,752,3416.239,37,1102,56,10000,128,3
engramdb,753,3396.673,39,1095,56,10000,128,3
engramdb,754,4752.580,35,1039,56,10000,128,3
engramdb,755,3494.727,40,1101,56,10000,128,3
engramdb,756,3471.140,32,1075,56,10000,128,3
engramdb,757,3808.312,36,1072,56,10000,128,3
engramdb,758,4127.026,35,1080,56,10000,128,3
engramdb,759,4179.252,37,1014,56,10000,128,3
engramdb,760,4188.922,41,1097,56,10000,128,3
engramdb,761,4548.733,31,1104,56,10000,128,3
engramdb,762,4189.541,38,1100,56,10000,128,3
engramdb,763,4240.139,35,1089,56,10000,128,3
engramdb,764,4205.448,39,1098,56,10000,128,3
engramdb,765,4170.759,38,1066,56,10000,128,3
engramdb,766,4168.905,38,1103,56,10000,128,3
engramdb,767,4183.751,46,1103,56,10000,128,3
engramdb,768,4203.504,31,1103,56,10000,128,3
engramdb,769,4163.718,31,1084,56,10000,128,3
engramdb,770,4213.284,29,1065,56,10000,128,3
engramdb,771,3547.423,34,1070,56,10000,128,3
engramdb,772,4579.119,37,1101,56,10000,128,3
engramdb,773,4259.385,34,1093,56,10000,128,3
engramdb,774,4180.411,34,1095,56,10000,128,3
engramdb,775,4242.197,37,1088,56,10000,128,3
engramdb,776,4212.906,33,1099,56,10000,128,3
engramdb,777,4202.359,31,1094,56,10000,128,3
engramdb,778,3567.388,43,1097,56,10000,128,3
engramdb,779,3455.085,35,1098,56,10000,128,3
engramdb,780,3456.001,35,1086,56,10000,128,3
engramdb,781,4619.717,33,1069,56,10000,128,3
engramdb,782,4341.134,29,1038,56,10000,128,3
engramdb,783,4413.457,33,1083,56,10000,128,3
engramdb,784,4330.921,38,1098,56,10000,128,3
engramdb,785,4428.486,37,1054,56,10000,128,3
engramdb,786,4332.998,41,1085,56,10000,128,3
engramdb,787,4174.500,27,1098,56,10000,128,3
engramdb,788,4351.855,38,1100,56,10000,128,3
engramdb,789,4195.859,33,1090,56,10000,128,3
engramdb,790,4238.061,35,1095,56,10000,128,3
engramdb,791,3811.973,30,1099,56,10000,128,3
engramdb,792,3399.317,35,1093,56,10000,128,3
engramdb,793,4025.529,40,1086,56,10000,128,3
engramdb,794,3454.066,33,1080,56,10000,128,3
engramdb,795,15537.003,32,1099,56,10000,128,3
engramdb,796,5754.907,31,1087,56,10000,128,3
engramdb,797,5300.245,37,1080,56,10000,128,3
engramdb,798,4636.026,38,1094,56,10000,128,3
engramdb,799,4983.235,40,1097,56,10000,128,3
engramdb,800,4470.764,32,1099,56,10000,128,3
engramdb,801,4322.496,33,1103,56,10000,128,3
engramdb,802,4594.466,30,1086,56,10000,128,3
engramdb,803,4399.303,39,1102,56,10000,128,3
engramdb,804,4267.732,34,1095,56,10000,128,3
engramdb,805,4629.690,34,1078,56,10000,128,3
engramdb,806,5109.067,35,1095,56,10000,128,3
engramdb,807,4693.623,31,1089,56,10000,128,3
engramdb,808,4243.904,41,1093,56,10000,128,3
engramdb,809,4233.977,33,1088,56,10000,128,3
engramdb,810,4301.210,35,1057,56,10000,128,3
engramdb,811,4197.787,44,1092,56,10000,128,3
engramdb,812,4231.070,35,1090,56,10000,128,3
engramdb,813,4145.216,36,1095,56,10000,128,3
engramdb,814,4191.463,39,1100,56,10000,128,3
engramdb,815,4079.323,39,1099,56,10000,128,3
engramdb,816,4097.865,36,1094,56,10000,128,3
engramdb,817,5321.434,39,1099,56,10000,128,3
engramdb,818,4340.992,31,1092,56,10000,128,3
engramdb,819,4380.298,36,1095,56,10000,128,3
engramdb,820,4328.305,39,1102,56,10000,128,3
engramdb,821,5630.843,39,1083,56,10000,128,3
engramdb,822,4153.921,32,1096,54,10000,128,3
engramdb,823,4476.714,39,1100,56,10000,128,3
engramdb,824,4264.133,36,1082,56,10000,128,3
engramdb,825,4321.423,35,1096,56,10000,128,3
engramdb,826,4281.980,32,1097,56,10000,128,3
engramdb,827,4567.871,33,1053,56,10000,128,3
engramdb,828,4828.569,31,1099,56,10000,128,3
engramdb,829,4327.752,34,1089,56,10000,128,3
engramdb,830,4343.917,34,1100,56,10000,128,3
engramdb,831,5855.735,38,1105,56,10000,128,3
engramdb,832,4338.669,40,1079,56,10000,128,3
engramdb,833,4317.107,35,1099,56,10000,128,3
engramdb,834,4353.426,33,1087,56,10000,128,3
engramdb,835,4282.876,33,1085,56,10000,128,3
engramdb,836,4335.066,38,1051,56,10000,128,3
engramdb,837,4318.460,35,1091,56,10000,128,3
engramdb,838,4300.010,37,1088,56,10000,128,3
engramdb,839,4298.021,35,1099,56,10000,128,3
engramdb,840,4246.348,39,1095,56,10000,128,3
engramdb,841,4280.606,37,1097,56,10000,128,3
engramdb,842,4274.203,38,1105,56,10000,128,3
engramdb,843,4331.521,33,1090,56,10000,128,3
engramdb,844,4289.557,40,1084,56,10000,128,3
engramdb,845,4313.467,35,1104,56,10000,128,3
engramdb,846,4499.844,35,1050,56,10000,128,3
engramdb,847,4243.652,31,1078,56,10000,128,3
engramdb,848,4318.315,41,1080,56,10000,128,3
engramdb,849,4298.428,35,1105,56,10000,128,3
engramdb,850,4365.801,34,1103,56,10000,128,3
engramdb,851,4324.423,36,1099,56,10000,128,3
engramdb,852,5957.517,35,1088,56,10000,128,3
engramdb,853,4300.459,31,1087,56,10000,128,3
engramdb,854,4444.898,33,1104,56,10000,128,3
engramdb,855,4335.291,40,1081,56,10000,128,3
engramdb,856,4316.773,34,1097,56,10000,128,3
engramdb,857,4685.904,39,1103,56,10000,128,3
engramdb,858,4333.817,30,1080,56,10000,128,3
engramdb,859,4396.324,37,1094,56,10000,128,3
engramdb,860,4269.165,37,1091,56,10000,128,3
engramdb,861,4321.843,35,1089,56,10000,128,3
engramdb,862,4297.980,35,1093,56,10000,128,3
engramdb,863,4248.272,29,1011,56,10000,128,3
engramdb,864,5990.039,34,1061,56,10000,128,3
engramdb,865,4331.908,38,1085,56,10000,128,3
engramdb,866,4252.952,38,1100,56,10000,128,3
engramdb,867,4379.110,35,1090,56,10000,128,3
engramdb,868,4291.928,39,1097,56,10000,128,3
engramdb,869,4244.567,36,1100,56,10000,128,3
engramdb,870,4240.566,37,1084,56,10000,128,3
engramdb,871,4294.531,31,1100,56,10000,128,3
engramdb,872,4341.641,42,1084,56,10000,128,3
engramdb,873,4243.462,31,1077,56,10000,128,3
engramdb,874,4310.308,35,1078,56,10000,128,3
engramdb,875,4312.866,36,1066,56,10000,128,3
engramdb,876,4255.286,42,1106,56,10000,128,3
engramdb,877,4474.919,27,1096,56,10000,128,3
engramdb,878,4268.354,28,1105,56,10000,128,3
engramdb,879,4223.284,33,1096,56,10000,128,3
engramdb,880,4171.996,35,1088,56,10000,128,3
engramdb,881,4145.905,37,1091,56,10000,128,3
engramdb,882,4204.768,36,1083,56,10000,128,3
engramdb,883,4130.528,37,1083,56,10000,128,3
engramdb,884,4138.108,36,1072,56,10000,128,3
engramdb,885,4139.206,32,1066,56,10000,128,3
engramdb,886,4178.860,33,1101,56,10000,128,3
engramdb,887,4208.273,35,1081,56,10000,128,3
engramdb,888,4153.831,35,1048,56,10000,128,3
engramdb,889,3987.147,30,1062,56,10000,128,3
engramdb,890,3924.497,32,1092,56,10000,128,3
engramdb,891,3991.075,34,1097,56,10000,128,3
engramdb,892,3951.265,36,1101,56,10000,128,3
engramdb,893,4128.830,37,1099,56,10000,128,3
engramdb,894,4169.827,38,1105,56,10000,128,3
engramdb,895,4032.882,32,1094,56,10000,128,3
engramdb,896,4293.825,33,1106,56,10000,128,3
engramdb,897,4170.170,36,1094,56,10000,128,3
engramdb,898,4171.467,40,1091,56,10000,128,3
engramdb,899,4674.548,34,1096,56,10000,128,3
engramdb,900,4476.230,41,1095,56,10000,128,3
engramdb,901,4259.166,30,1065,56,10000,128,3
engramdb,902,4442.828,34,1081,56,10000,128,3
engramdb,903,4398.190,36,1092,56,10000,128,3
engramdb,904,4376.639,34,1098,56,10000,128,3
engramdb,905,4283.132,36,1088,56,10000,128,3
engramdb,906,4261.391,35,1062,56,10000,128,3
engramdb,907,4522.727,37,1103,56,10000,128,3
engramdb,908,5999.240,28,1096,56,10000,128,3
engramdb,909,4303.540,31,1090,56,10000,128,3
engramdb,910,4295.306,30,1105,56,10000,128,3
engramdb,911,4280.464,41,1102,56,10000,128,3
engramdb,912,4354.229,33,1079,56,10000,128,3
engramdb,913,4779.539,37,1090,56,10000,128,3
engramdb,914,4329.964,31,1054,56,10000,128,3
engramdb,915,4327.458,36,1069,56,10000,128,3
engramdb,916,6091.252,39,1094,56,10000,128,3
engramdb,917,4133.783,42,1097,56,10000,128,3
engramdb,918,4166.260,34,1094,56,10000,128,3
engramdb,919,4117.063,36,1084,56,10000,128,3
engramdb,920,4092.904,34,1087,56,10000,128,3
engramdb,921,4139.972,39,1088,56,10000,128,3
engramdb,922,4109.863,32,1086,56,10000,128,3
engramdb,923,4100.773,29,1098,56,10000,128,3
engramdb,924,4122.732,38,1063,56,10000,128,3
engramdb,925,4109.866,34,1042,56,10000,128,3
engramdb,926,4361.071,31,1066,56,10000,128,3
engramdb,927,4117.824,37,1087,56,10000,128,3
engramdb,928,4140.697,29,1084,56,10000,128,3
engramdb,929,5145.879,35,1087,56,10000,128,3
engramdb,930,4180.818,35,1093,56,10000,128,3
engramdb,931,4146.091,42,1086,56,10000,128,3
engramdb,932,7977.028,38,1102,56,10000,128,3
engramdb,933,4304.281,36,1086,56,10000,128,3
engramdb,934,6083.736,31,1082,56,10000,128,3
engramdb,935,4339.571,32,1108,56,10000,128,3
engramdb,936,4263.680,36,1096,56,10000,128,3
engramdb,937,4297.352,31,1083,56,10000,128,3
engramdb,938,4306.831,40,1089,56,10000,128,3
engramdb,939,4292.178,33,1092,56,10000,128,3
engramdb,940,4256.699,33,1087,56,10000,128,3
engramdb,941,4299.852,34,1102,56,10000,128,3
engramdb,942,4543.854,35,1101,56,10000,128,3
engramdb,943,4291.104,37,1079,56,10000,128,3
engramdb,944,4298.268,40,1079,56,10000,128,3
engramdb,945,4292.014,38,1081,56,10000,128,3
engramdb,946,4243.545,30,1087,56,10000,128,3
engramdb,947,4302.129,31,1092,56,10000,128,3
engramdb,948,4293.357,35,1103,56,10000,128,3
engramdb,949,4288.945,40,1090,56,10000,128,3
engramdb,950,4309.464,39,1095,56,10000,128,3
engramdb,951,4280.276,37,1077,56,10000,128,3
engramdb,952,4355.016,35,1104,56,10000,128,3
engramdb,953,5417.421,36,1079,56,10000,128,3
engramdb,954,4353.115,39,1079,56,10000,128,3
engramdb,955,4309.260,32,1061,56,10000,128,3
engramdb,956,4365.753,44,1088,56,10000,128,3
engramdb,957,4263.975,37,1093,56,10000,128,3
engramdb,958,4243.254,38,1103,56,10000,128,3
engramdb,959,4324.479,38,1106,56,10000,128,3
engramdb,960,4319.010,35,1099,56,10000,128,3
engramdb,961,6129.825,34,1090,56,10000,128,3
engramdb,962,4478.903,35,1102,56,10000,128,3
engramdb,963,4509.791,36,1105,56,10000,128,3
engramdb,964,4787.289,33,1069,56,10000,128,3
engramdb,965,4161.037,34,1059,56,10000,128,3
engramdb,966,4140.809,30,1101,56,10000,128,3
engramdb,967,4159.615,36,1044,56,10000,128,3
engramdb,968,4451.596,38,1099,56,10000,128,3
engramdb,969,4699.842,37,1098,56,10000,128,3
engramdb,970,4465.258,31,1092,56,10000,128,3
engramdb,971,4337.485,33,1095,56,10000,128,3
engramdb,972,6469.487,34,1064,56,10000,128,3
engramdb,973,4325.214,39,1096,56,10000,128,3
engramdb,974,4324.268,37,1095,56,10000,128,3
engramdb,975,4359.290,34,1100,56,10000,128,3
engramdb,976,4286.399,40,1062,56,10000,128,3
engramdb,977,4442.199,32,1080,56,10000,128,3
engramdb,978,4435.674,33,1102,56,10000,128,3
engramdb,979,4173.638,37,1098,56,10000,128,3
engramdb,980,4122.276,37,1095,56,10000,128,3
engramdb,981,4137.191,34,1096,56,10000,128,3
engramdb,982,4132.628,38,1083,56,10000,128,3
engramdb,983,4160.255,35,1094,56,10000,128,3
engramdb,984,4105.060,32,1064,56,10000,128,3
engramdb,985,4126.000,33,1086,56,10000,128,3
engramdb,986,5911.483,31,1099,56,10000,128,3
engramdb,987,4179.026,31,1080,56,10000,128,3
engramdb,988,4146.036,40,1082,56,10000,128,3
engramdb,989,4189.610,35,1094,56,10000,128,3
engramdb,990,4111.207,33,1101,56,10000,128,3
engramdb,991,4083.966,31,1069,56,10000,128,3
engramdb,992,4185.242,33,1082,56,10000,128,3
engramdb,993,4064.196,36,1089,56,10000,128,3
engramdb,994,4144.171,35,1090,56,10000,128,3
engramdb,995,4005.037,34,1093,56,10000,128,3
engramdb,996,4140.360,31,1090,56,10000,128,3
engramdb,997,4067.866,30,1099,56,10000,128,3
engramdb,998,4319.804,30,1080,56,10000,128,3
engramdb,999,4363.329,40,1092,56,10000,128,3
engramdb,1000,4288.664,37,1107,56,10000,128,3
engramdb,1001,4345.377,36,1088,56,10000,128,3
engramdb,1002,4266.971,34,1101,56,10000,128,3
engramdb,1003,4244.510,31,1102,56,10000,128,3
engramdb,1004,4334.150,38,1098,56,10000,128,3
engramdb,1005,4837.540,28,1095,56,10000,128,3
engramdb,1006,4102.262,38,1089,56,10000,128,3
engramdb,1007,4428.943,35,1073,56,10000,128,3
engramdb,1008,4334.700,35,1090,56,10000,128,3
engramdb,1009,4301.529,33,1071,56,10000,128,3
engramdb,1010,4298.489,35,1085,56,10000,128,3
engramdb,1011,5749.613,35,1079,56,10000,128,3
engramdb,1012,4662.329,35,1073,56,10000,128,3
engramdb,1013,4230.444,28,1099,56,10000,128,3
engramdb,1014,4505.756,33,1097,56,10000,128,3
engramdb,1015,4536.559,40,1089,56,10000,128,3
engramdb,1016,4091.494,35,1081,56,10000,128,3
engramdb,1017,4026.544,38,1101,56,10000,128,3
engramdb,1018,4110.610,32,1085,56,10000,128,3
engramdb,1019,4176.573,41,1087,56,10000,128,3
engramdb,1020,4092.247,36,1097,56,10000,128,3
engramdb,1021,4113.710,39,1098,56,10000,128,3
engramdb,1022,4145.389,29,1104,56,10000,128,3
engramdb,1023,4065.720,39,1070,56,10000,128,3
engramdb,1024,4052.545,36,1101,56,10000,128,3
engramdb,1025,4040.654,38,1100,56,10000,128,3
engramdb,1026,4142.772,37,1096,56,10000,128,3
engramdb,1027,4072.339,35,1084,56,10000,128,3
engramdb,1028,4239.307,36,1080,56,10000,128,3
engramdb,1029,4403.947,30,1089,56,10000,128,3
engramdb,1030,4356.178,40,1088,56,10000,128,3
engramdb,1031,4183.999,40,1090,56,10000,128,3
engramdb,1032,4285.171,36,1095,56,10000,128,3
engramdb,1033,4377.227,34,1077,56,10000,128,3
engramdb,1034,4606.202,37,1088,56,10000,128,3
engramdb,1035,4384.600,35,1049,56,10000,128,3
engramdb,1036,4456.630,35,1091,56,10000,128,3
engramdb,1037,5198.819,34,1088,56,10000,128,3
engramdb,1038,4387.841,35,1078,56,10000,128,3
engramdb,1039,4412.892,39,1081,56,10000,128,3
engramdb,1040,5442.585,37,1106,56,10000,128,3
engramdb,1041,4396.423,29,1102,56,10000,128,3
engramdb,1042,4387.729,30,1093,56,10000,128,3
engramdb,1043,4440.931,38,1092,56,10000,128,3
engramdb,1044,4456.264,38,1101,56,10000,128,3
engramdb,1045,4583.852,36,1096,56,10000,128,3
engramdb,1046,4381.181,35,1079,56,10000,128,3
engramdb,1047,4147.137,31,1086,56,10000,128,3
engramdb,1048,4088.496,42,1095,56,10000,128,3
engramdb,1049,4129.329,33,1062,56,10000,128,3
engramdb,1050,4129.257,41,1088,56,10000,128,3
engramdb,1051,4126.386,39,1105,56,10000,128,3
engramdb,1052,4108.543,36,1104,56,10000,128,3
engramdb,1053,4160.501,35,1096,56,10000,128,3
engramdb,1054,4189.504,34,1094,56,10000,128,3
engramdb,1055,4150.328,36,1095,56,10000,128,3
engramdb,1056,4073.497,43,1104,56,10000,128,3
engramdb,1057,4169.218,30,1099,56,10000,128,3
engramdb,1058,4036.142,42,1100,56,10000,128,3
engramdb,1059,4118.712,36,1102,56,10000,128,3
engramdb,1060,4048.081,38,1092,56,10000,128,3
engramdb,1061,4167.485,35,1093,56,10000,128,3
engramdb,1062,4120.414,37,1096,56,10000,128,3
engramdb,1063,4867.941,31,1091,56,10000,128,3
engramdb,1064,5438.999,37,1094,56,10000,128,3
engramdb,1065,4253.588,33,1088,56,10000,128,3
engramdb,1066,4309.238,39,1089,56,10000,128,3
engramdb,1067,4141.513,34,1101,56,10000,128,3
engramdb,1068,4499.538,37,1102,56,10000,128,3
engramdb,1069,5021.755,35,1086,56,10000,128,3
engramdb,1070,4328.840,30,1093,56,10000,128,3
engramdb,1071,4274.340,39,1104,56,10000,128,3
engramdb,1072,4520.600,36,1091,56,10000,128,3
engramdb,1073,4226.255,32,1086,56,10000,128,3
engramdb,1074,5106.063,32,1067,56,10000,128,3
engramdb,1075,4319.162,33,1087,55,10000,128,3
engramdb,1076,4304.939,39,1044,56,10000,128,3
engramdb,1077,4288.722,41,1089,56,10000,128,3
engramdb,1078,4170.448,33,1091,56,10000,128,3
engramdb,1079,4293.213,37,1099,56,10000,128,3
engramdb,1080,5008.377,33,1105,56,10000,128,3
engramdb,1081,4304.582,38,1089,56,10000,128,3
engramdb,1082,4268.019,39,1101,56,10000,128,3
engramdb,1083,4279.549,34,1093,56,10000,128,3
engramdb,1084,4286.612,39,1092,56,10000,128,3
engramdb,1085,4535.023,29,1079,56,10000,128,3
engramdb,1086,6614.216,31,986,56,10000,128,3
engramdb,1087,4212.620,32,1094,56,10000,128,3
engramdb,1088,4310.418,31,1086,56,10000,128,3
engramdb,1089,4256.438,31,1096,55,10000,128,3
engramdb,1090,4232.110,35,1101,56,10000,128,3
engramdb,1091,4226.845,35,1089,56,10000,128,3
engramdb,1092,4254.439,40,1090,56,10000,128,3
engramdb,1093,5199.043,28,1085,56,10000,128,3
engramdb,1094,4494.139,32,1078,56,10000,128,3
engramdb,1095,4653.747,34,1098,56,10000,128,3
engramdb,1096,4206.371,34,1089,56,10000,128,3
engramdb,1097,4246.112,26,1083,56,10000,128,3
engramdb,1098,4297.568,32,1092,56,10000,128,3
engramdb,1099,7573.750,36,1095,56,10000,128,3
engramdb,1100,4332.682,34,1093,56,10000,128,3
engramdb,1101,4252.902,36,1099,56,10000,128,3
engramdb,1102,4676.797,31,1107,56,10000,128,3
engramdb,1103,4320.610,36,1100,56,10000,128,3
engramdb,1104,4225.852,33,1098,56,10000,128,3
engramdb,1105,4255.175,33,1099,56,10000,128,3
engramdb,1106,4344.948,29,1082,56,10000,128,3
engramdb,1107,4275.923,43,1092,56,10000,128,3
engramdb,1108,4255.344,34,1103,56,10000,128,3
engramdb,1109,4274.156,38,1094,56,10000,128,3
engramdb,1110,4236.915,31,1093,56,10000,128,3
engramdb,1111,4258.772,38,1093,56,10000,128,3
engramdb,1112,4285.814,38,1090,56,10000,128,3
engramdb,1113,4171.103,33,1089,56,10000,128,3
engramdb,1114,4118.747,36,1085,56,10000,128,3
engramdb,1115,4342.876,38,1084,56,10000,128,3
engramdb,1116,4283.401,41,1070,56,10000,128,3
engramdb,1117,4327.351,35,1085,56,10000,128,3
engramdb,1118,4283.338,39,1091,56,10000,128,3
engramdb,1119,6581.829,37,1098,56,10000,128,3
engramdb,1120,4357.537,40,1097,56,10000,128,3
engramdb,1121,4271.440,37,1093,56,10000,128,3
engramdb,1122,4224.754,32,1093,56,10000,128,3
engramdb,1123,4232.959,32,1097,56,10000,128,3
engramdb,1124,4224.841,33,1096,56,10000,128,3
engramdb,1125,5522.862,35,1097,56,10000,128,3
engramdb,1126,4258.273,37,1058,56,10000,128,3
engramdb,1127,4287.300,38,1094,56,10000,128,3
engramdb,1128,4207.590,41,1093,56,10000,128,3
engramdb,1129,4277.072,31,1087,56,10000,128,3
engramdb,1130,7874.866,31,1088,56,10000,128,3
engramdb,1131,4302.722,34,1100,56,10000,128,3
engramdb,1132,4336.204,36,1099,56,10000,128,3
engramdb,1133,4253.972,38,1101,56,10000,128,3
engramdb,1134,4111.528,38,1094,56,10000,128,3
engramdb,1135,4356.690,40,1097,56,10000,128,3
engramdb,1136,4594.728,30,1089,56,10000,128,3
engramdb,1137,5265.218,35,1103,56,10000,128,3
engramdb,1138,4384.628,33,1095,56,10000,128,3
engramdb,1139,5647.834,31,1082,56,10000,128,3
engramdb,1140,8106.310,38,1095,56,10000,128,3
engramdb,1141,4251.838,33,1086,56,10000,128,3
engramdb,1142,4529.742,36,1089,56,10000,128,3
engramdb,1143,4868.708,33,1102,56,10000,128,3
engramdb,1144,4065.889,39,1103,56,10000,128,3
engramdb,1145,4729.368,31,1094,56,10000,128,3
engramdb,1146,4265.167,36,1088,56,10000,128,3
engramdb,1147,4288.693,34,1098,56,10000,128,3
engramdb,1148,4310.597,37,1095,56,10000,128,3
engramdb,1149,4224.466,28,1104,56,10000,128,3
engramdb,1150,4308.389,32,1102,56,10000,128,3
engramdb,1151,5143.272,34,1078,56,10000,128,3
engramdb,1152,4334.277,39,1104,56,10000,128,3
engramdb,1153,4313.695,33,1073,56,10000,128,3
engramdb,1154,4792.848,38,1092,56,10000,128,3
engramdb,1155,8303.289,29,1103,56,10000,128,3
engramdb,1156,4322.778,39,1081,56,10000,128,3
engramdb,1157,4291.542,29,1087,56,10000,128,3
engramdb,1158,4370.035,42,1088,56,10000,128,3
engramdb,1159,4274.936,38,1087,56,10000,128,3
engramdb,1160,4221.285,33,1097,56,10000,128,3
engramdb,1161,4272.515,39,1105,56,10000,128,3
engramdb,1162,4893.131,30,1103,56,10000,128,3
engramdb,1163,4107.052,32,1097,56,10000,128,3
engramdb,1164,4097.370,33,1065,56,10000,128,3
engramdb,1165,4095.430,31,1096,56,10000,128,3
engramdb,1166,4063.817,34,1082,56,10000,128,3
engramdb,1167,5113.778,35,1045,56,10000,128,3
engramdb,1168,6975.798,36,1070,56,10000,128,3
engramdb,1169,4420.533,30,1100,56,10000,128,3
engramdb,1170,4242.823,33,1097,56,10000,128,3
engramdb,1171,4328.497,38,1097,56,10000,128,3
engramdb,1172,4285.813,42,1079,56,10000,128,3
engramdb,1173,4296.910,28,1098,56,10000,128,3
engramdb,1174,4291.702,39,1092,56,10000,128,3
engramdb,1175,4233.495,35,1098,56,10000,128,3
engramdb,1176,4290.214,36,1087,56,10000,128,3
engramdb,1177,4286.145,32,1095,56,10000,128,3
engramdb,1178,4224.162,36,1082,56,10000,128,3
engramdb,1179,4275.864,32,1077,56,10000,128,3
engramdb,1180,4355.733,37,1095,56,10000,128,3
engramdb,1181,4241.689,34,1099,56,10000,128,3
engramdb,1182,4285.682,34,1093,56,10000,128,3
engramdb,1183,4318.677,39,1098,56,10000,128,3
engramdb,1184,4258.707,38,1103,56,10000,128,3
engramdb,1185,4241.738,33,1104,56,10000,128,3
engramdb,1186,4261.738,31,1093,56,10000,128,3
engramdb,1187,4287.263,35,1093,56,10000,128,3
engramdb,1188,4244.915,36,1100,56,10000,128,3
engramdb,1189,4308.259,34,1101,56,10000,128,3
engramdb,1190,4318.365,35,1092,56,10000,128,3
engramdb,1191,4240.262,33,1092,56,10000,128,3
engramdb,1192,4331.462,43,1103,56,10000,128,3
engramdb,1193,4223.552,34,1087,56,10000,128,3
engramdb,1194,4436.790,33,1102,56,10000,128,3
engramdb,1195,4656.984,27,1097,56,10000,128,3
engramdb,1196,4287.844,39,1097,56,10000,128,3
engramdb,1197,4251.633,35,1095,56,10000,128,3
engramdb,1198,4217.038,30,1092,56,10000,128,3
engramdb,1199,4260.461,37,1094,56,10000,128,3
engramdb,1200,4239.176,35,1100,56,10000,128,3
engramdb,1201,4250.413,29,1095,56,10000,128,3
engramdb,1202,4209.442,37,1098,56,10000,128,3
engramdb,1203,4217.639,41,1099,56,10000,128,3
engramdb,1204,4314.904,35,1069,56,10000,128,3
engramdb,1205,4225.446,33,1092,56,10000,128,3
engramdb,1206,4268.904,34,1100,56,10000,128,3
engramdb,1207,4244.193,36,1101,56,10000,128,3
engramdb,1208,4249.359,36,1082,56,10000,128,3
engramdb,1209,4261.678,35,1094,56,10000,128,3
engramdb,1210,4633.139,36,1083,56,10000,128,3
engramdb,1211,4147.120,39,1099,56,10000,128,3
engramdb,1212,4122.401,33,1095,56,10000,128,3
engramdb,1213,4793.208,32,1099,56,10000,128,3
engramdb,1214,4209.330,34,1062,56,10000,128,3
engramdb,1215,4309.265,44,1069,56,10000,128,3
engramdb,1216,4222.668,37,1100,56,10000,128,3
engramdb,1217,4289.454,35,1068,56,10000,128,3
engramdb,1218,4318.711,34,1072,56,10000,128,3
engramdb,1219,4079.881,35,1096,56,10000,128,3
engramdb,1220,4035.103,33,1100,56,10000,128,3
engramdb,1221,4111.804,35,1094,56,10000,128,3
engramdb,1222,10451.751,35,1088,56,10000,128,3
engramdb,1223,5507.555,39,1102,56,10000,128,3
engramdb,1224,4126.511,35,1104,56,10000,128,3
engramdb,1225,4800.842,32,1079,56,10000,128,3
engramdb,1226,4129.378,34,1087,56,10000,128,3
engramdb,1227,4170.497,38,1091,56,10000,128,3
engramdb,1228,4112.682,41,1095,56,10000,128,3
engramdb,1229,9850.672,30,1087,56,10000,128,3
engramdb,1230,4749.578,34,1088,56,10000,128,3
engramdb,1231,6097.023,40,1097,56,10000,128,3
engramdb,1232,3872.637,31,1091,56,10000,128,3
engramdb,1233,4531.037,33,1096,56,10000,128,3
engramdb,1234,3491.650,31,1098,56,10000,128,3
engramdb,1235,3437.320,33,1087,56,10000,128,3
engramdb,1236,4102.285,33,1091,56,10000,128,3
engramdb,1237,4449.229,34,1080,56,10000,128,3
engramdb,1238,4299.073,31,1080,56,10000,128,3
engramdb,1239,4205.904,39,1100,56,10000,128,3
engramdb,1240,4325.163,35,1106,56,10000,128,3
engramdb,1241,4235.767,33,1091,56,10000,128,3
engramdb,1242,4300.270,36,1099,56,10000,128,3
engramdb,1243,4258.012,34,1098,56,10000,128,3
engramdb,1244,4138.756,29,1090,56,10000,128,3
engramdb,1245,4680.805,32,1072,56,10000,128,3
engramdb,1246,4204.094,36,1093,56,10000,128,3
engramdb,1247,4217.808,42,1100,56,10000,128,3
engramdb,1248,4153.892,34,1097,56,10000,128,3
engramdb,1249,4279.822,33,1086,56,10000,128,3
engramdb,1250,4363.136,38,1102,56,10000,128,3
engramdb,1251,3408.735,39,1096,56,10000,128,3
engramdb,1252,3530.831,32,1102,56,10000,128,3
engramdb,1253,3351.586,36,1080,56,10000,128,3
engramdb,1254,3709.106,37,1095,56,10000,128,3
engramdb,1255,4106.117,31,1082,56,10000,128,3
engramdb,1256,4119.256,38,1093,56,10000,128,3
engramdb,1257,4464.319,31,1074,56,10000,128,3
engramdb,1258,4567.170,36,1098,56,10000,128,3
engramdb,1259,4589.382,37,1081,56,10000,128,3
engramdb,1260,3491.470,37,1089,56,10000,128,3
engramdb,1261,3302.143,37,1099,56,10000,128,3
engramdb,1262,3367.897,31,1090,56,10000,128,3
engramdb,1263,3330.764,32,1100,56,10000,128,3
engramdb,1264,3282.298,35,1094,56,10000,128,3
engramdb,1265,3651.342,33,1078,56,10000,128,3
engramdb,1266,3297.860,39,1097,56,10000,128,3
engramdb,1267,3305.578,29,1098,56,10000,128,3
engramdb,1268,3440.227,31,1101,56,10000,128,3
engramdb,1269,3345.540,38,1090,56,10000,128,3
engramdb,1270,3299.543,31,1083,56,10000,128,3
engramdb,1271,3450.038,41,1097,56,10000,128,3
engramdb,1272,3281.256,34,1094,55,10000,128,3
engramdb,1273,3295.123,37,1097,56,10000,128,3
engramdb,1274,3404.885,37,1096,56,10000,128,3
engramdb,1275,3289.218,38,1095,56,10000,128,3
engramdb,1276,3289.338,31,1074,56,10000,128,3
engramdb,1277,3447.740,35,1078,56,10000,128,3
engramdb,1278,3301.662,36,1087,56,10000,128,3
engramdb,1279,3289.039,39,1087,56,10000,128,3
engramdb,1280,3496.252,39,1085,56,10000,128,3
engramdb,1281,4085.746,32,1080,56,10000,128,3
engramdb,1282,4164.298,39,1101,56,10000,128,3
engramdb,1283,4105.249,33,1092,56,10000,128,3
engramdb,1284,4086.755,36,1086,56,10000,128,3
engramdb,1285,4139.056,31,1091,56,10000,128,3
engramdb,1286,4096.199,40,1091,56,10000,128,3
engramdb,1287,4162.769,34,1087,56,10000,128,3
engramdb,1288,4057.094,30,1059,56,10000,128,3
engramdb,1289,4078.399,30,1100,56,10000,128,3
engramdb,1290,4548.566,34,1063,56,10000,128,3
engramdb,1291,4550.553,34,1096,56,10000,128,3
engramdb,1292,3949.123,37,1099,56,10000,128,3
engramdb,1293,3323.812,40,1106,56,10000,128,3
engramdb,1294,3374.789,33,1108,56,10000,128,3
engramdb,1295,3354.422,33,1102,56,10000,128,3
engramdb,1296,3426.594,30,1085,56,10000,128,3
engramdb,1297,3466.419,40,1093,56,10000,128,3
engramdb,1298,3391.548,30,1086,56,10000,128,3
engramdb,1299,3349.009,41,1098,56,10000,128,3
engramdb,1300,3416.069,29,1095,56,10000,128,3
engramdb,1301,3321.978,30,1099,56,10000,128,3
engramdb,1302,3305.918,32,1096,56,10000,128,3
engramdb,1303,3385.634,37,1082,56,10000,128,3
engramdb,1304,3300.510,38,1103,56,10000,128,3
engramdb,1305,3292.113,33,1100,56,10000,128,3
engramdb,1306,3317.842,37,1099,56,10000,128,3
engramdb,1307,3953.845,34,1095,56,10000,128,3
engramdb,1308,4389.777,39,1076,56,10000,128,3
engramdb,1309,4195.133,32,1096,56,10000,128,3
engramdb,1310,4100.884,38,1092,56,10000,128,3
engramdb,1311,4129.153,36,1103,56,10000,128,3
engramdb,1312,4118.346,40,1100,56,10000,128,3
engramdb,1313,4131.082,28,1097,56,10000,128,3
engramdb,1314,4143.599,28,1086,56,10000,128,3
engramdb,1315,4077.170,34,1077,56,10000,128,3
engramdb,1316,4203.976,44,1083,56,10000,128,3
engramdb,1317,4174.780,32,1103,56,10000,128,3
engramdb,1318,3408.826,37,1085,56,10000,128,3
engramdb,1319,3352.586,38,1071,56,10000,128,3
engramdb,1320,3284.409,31,1087,56,10000,128,3
engramdb,1321,3326.083,37,1083,56,10000,128,3
engramdb,1322,3384.374,34,1086,56,10000,128,3
engramdb,1323,4182.431,38,1099,56,10000,128,3
engramdb,1324,4192.437,38,1096,56,10000,128,3
engramdb,1325,4165.944,35,1099,56,10000,128,3
engramdb,1326,4211.755,29,1088,56,10000,128,3
engramdb,1327,4146.274,37,1066,56,10000,128,3
engramdb,1328,4160.311,33,1067,56,10000,128,3
engramdb,1329,4279.775,30,1095,56,10000,128,3
engramdb,1330,4168.983,36,1105,56,10000,128,3
engramdb,1331,4193.768,41,1097,56,10000,128,3
engramdb,1332,4176.739,34,1108,56,10000,128,3
engramdb,1333,4222.871,36,1091,56,10000,128,3
engramdb,1334,4177.218,36,1099,56,10000,128,3
engramdb,1335,4105.042,35,1099,56,10000,128,3
engramdb,1336,4139.386,38,1094,56,10000,128,3
engramdb,1337,4098.870,33,1091,56,10000,128,3
engramdb,1338,4112.170,33,1048,56,10000,128,3
engramdb,1339,4110.792,28,1043,56,10000,128,3
engramdb,1340,4123.092,33,1097,56,10000,128,3
engramdb,1341,4085.063,33,1083,56,10000,128,3
engramdb,1342,4124.114,32,1089,56,10000,128,3
engramdb,1343,4134.976,35,1098,56,10000,128,3
engramdb,1344,4109.354,33,1094,56,10000,128,3
engramdb,1345,4103.026,32,1089,56,10000,128,3
engramdb,1346,4139.937,35,1102,56,10000,128,3
engramdb,1347,4103.917,32,1071,56,10000,128,3
engramdb,1348,4144.096,35,1077,56,10000,128,3
engramdb,1349,4467.513,39,1088,56,10000,128,3
engramdb,1350,4690.902,33,1099,56,10000,128,3
engramdb,1351,4880.888,39,1091,56,10000,128,3
engramdb,1352,3998.277,38,1099,56,10000,128,3
engramdb,1353,3731.716,38,1093,56,10000,128,3
engramdb,1354,3350.560,36,1098,56,10000,128,3
engramdb,1355,3453.683,41,1079,56,10000,128,3
engramdb,1356,3297.801,30,1092,56,10000,128,3
engramdb,1357,3327.688,32,1102,56,10000,128,3
engramdb,1358,3339.676,35,1092,56,10000,128,3
engramdb,1359,3315.650,41,1083,56,10000,128,3
engramdb,1360,3300.242,33,1092,56,10000,128,3
engramdb,1361,3327.118,29,1099,56,10000,128,3
engramdb,1362,3437.693,35,1104,56,10000,128,3
engramdb,1363,3324.041,34,1097,56,10000,128,3
engramdb,1364,3353.681,36,1062,56,10000,128,3
engramdb,1365,3314.367,28,1084,56,10000,128,3
engramdb,1366,3321.733,31,1059,56,10000,128,3
engramdb,1367,3353.565,38,1073,56,10000,128,3
engramdb,1368,3284.778,41,1083,56,10000,128,3
engramdb,1369,3293.965,32,1104,56,10000,128,3
engramdb,1370,3364.192,32,1058,56,10000,128,3
engramdb,1371,3302.325,31,1093,56,10000,128,3
engramdb,1372,3309.846,32,1095,56,10000,128,3
engramdb,1373,3380.870,37,1091,56,10000,128,3
engramdb,1374,3307.226,35,1094,56,10000,128,3
engramdb,1375,3301.353,36,1102,56,10000,128,3
engramdb,1376,3419.150,34,1097,56,10000,128,3
engramdb,1377,3328.242,34,1094,56,10000,128,3
engramdb,1378,3288.631,39,1049,56,10000,128,3
engramdb,1379,3311.626,33,1093,56,10000,128,3
engramdb,1380,3290.495,32,1074,56,10000,128,3
engramdb,1381,3279.657,32,1096,56,10000,128,3
engramdb,1382,3352.392,38,1096,56,10000,128,3
engramdb,1383,3324.508,38,1102,56,10000,128,3
engramdb,1384,3405.582,35,1100,56,10000,128,3
engramdb,1385,3212.176,35,1100,56,10000,128,3
engramdb,1386,3189.589,35,1096,56,10000,128,3
engramdb,1387,3197.514,39,1105,56,10000,128,3
engramdb,1388,4833.400,31,1100,56,10000,128,3
engramdb,1389,3190.344,27,1075,56,10000,128,3
engramdb,1390,3194.864,31,1095,56,10000,128,3
engramdb,1391,3194.043,33,1098,56,10000,128,3
engramdb,1392,3167.940,42,1095,56,10000,128,3
engramdb,1393,3151.533,39,1096,56,10000,128,3
engramdb,1394,3150.283,35,1064,56,10000,128,3
engramdb,1395,3186.836,31,1091,56,10000,128,3
engramdb,1396,3161.606,36,1104,56,10000,128,3
engramdb,1397,3211.211,28,1095,56,10000,128,3
engramdb,1398,3145.017,38,1094,56,10000,128,3
engramdb,1399,3175.938,37,1077,56,10000,128,3
engramdb,1400,3159.953,39,1099,56,10000,128,3
engramdb,1401,3183.218,35,1101,56,10000,128,3
engramdb,1402,3163.159,34,1087,56,10000,128,3
engramdb,1403,3129.830,32,1086,56,10000,128,3
engramdb,1404,3152.319,28,1081,56,10000,128,3
engramdb,1405,3135.715,34,1067,56,10000,128,3
engramdb,1406,3171.682,38,1072,56,10000,128,3
engramdb,1407,3160.198,34,1097,56,10000,128,3
engramdb,1408,3278.929,40,1099,56,10000,128,3
engramdb,1409,3322.619,35,1086,56,10000,128,3
engramdb,1410,3217.810,35,1089,56,10000,128,3
engramdb,1411,3196.659,39,1090,56,10000,128,3
engramdb,1412,3155.543,31,1093,56,10000,128,3
engramdb,1413,2953.561,36,1101,56,10000,128,3
engramdb,1414,2964.078,37,1091,56,10000,128,3
engramdb,1415,4175.625,41,1106,56,10000,128,3
engramdb,1416,4139.466,37,1093,56,10000,128,3
engramdb,1417,4124.933,30,1055,56,10000,128,3
engramdb,1418,4135.383,38,1104,56,10000,128,3
engramdb,1419,4104.864,34,1085,56,10000,128,3
engramdb,1420,3921.200,36,1081,55,10000,128,3
engramdb,1421,4009.490,30,1095,56,10000,128,3
engramdb,1422,4038.693,32,1100,56,10000,128,3
engramdb,1423,4216.656,35,1100,56,10000,128,3
engramdb,1424,4156.140,39,1085,56,10000,128,3
engramdb,1425,4067.186,31,1072,56,10000,128,3
engramdb,1426,3987.672,38,1079,56,10000,128,3
engramdb,1427,4031.324,32,1095,56,10000,128,3
engramdb,1428,4271.091,31,1091,56,10000,128,3
engramdb,1429,4092.150,31,1079,56,10000,128,3
engramdb,1430,4019.926,39,1086,56,10000,128,3
engramdb,1431,4092.706,39,1094,56,10000,128,3
engramdb,1432,4068.747,35,1087,56,10000,128,3
engramdb,1433,4105.526,31,1101,56,10000,128,3
engramdb,1434,4093.428,37,1105,56,10000,128,3
engramdb,1435,4161.007,37,1092,56,10000,128,3
engramdb,1436,4101.192,36,1096,56,10000,128,3
engramdb,1437,3506.436,35,1094,56,10000,128,3
engramdb,1438,2978.574,34,1102,56,10000,128,3
engramdb,1439,2977.375,35,1093,56,10000,128,3
engramdb,1440,2979.874,33,1080,56,10000,128,3
engramdb,1441,4137.790,36,1086,56,10000,128,3
engramdb,1442,4036.288,34,1099,56,10000,128,3
engramdb,1443,4188.116,37,1053,56,10000,128,3
engramdb,1444,3008.154,37,1086,56,10000,128,3
engramdb,1445,4077.544,31,1038,56,10000,128,3
engramdb,1446,3983.461,30,1079,56,10000,128,3
engramdb,1447,3992.902,36,1061,56,10000,128,3
engramdb,1448,4037.761,34,1073,56,10000,128,3
engramdb,1449,3180.540,34,1094,56,10000,128,3
engramdb,1450,3807.163,37,1094,56,10000,128,3
engramdb,1451,4047.471,34,1106,56,10000,128,3
engramdb,1452,4027.682,36,1101,56,10000,128,3
engramdb,1453,4085.649,27,1096,56,10000,128,3
engramdb,1454,4008.277,27,1104,56,10000,128,3
engramdb,1455,3969.309,43,1099,56,10000,128,3
engramdb,1456,3973.467,35,1078,56,10000,128,3
engramdb,1457,3973.647,32,1069,56,10000,128,3
engramdb,1458,4487.371,37,1082,56,10000,128,3
engramdb,1459,3798.264,34,1088,56,10000,128,3
engramdb,1460,3353.568,34,1092,56,10000,128,3
engramdb,1461,3496.284,36,1101,56,10000,128,3
engramdb,1462,3352.262,36,1085,56,10000,128,3
engramdb,1463,3354.185,33,1094,56,10000,128,3
engramdb,1464,3510.894,31,1085,56,10000,128,3
engramdb,1465,3341.021,36,1086,56,10000,128,3
engramdb,1466,3378.986,31,1101,56,10000,128,3
engramdb,1467,3465.180,32,1074,56,10000,128,3
engramdb,1468,2995.396,31,1059,56,10000,128,3
engramdb,1469,2980.641,35,1095,56,10000,128,3
engramdb,1470,3088.610,36,1094,56,10000,128,3
engramdb,1471,3235.113,35,1080,56,10000,128,3
engramdb,1472,4612.104,27,1086,56,10000,128,3
engramdb,1473,3529.960,29,1107,56,10000,128,3
engramdb,1474,3220.558,36,1089,56,10000,128,3
engramdb,1475,3273.789,35,1103,56,10000,128,3
engramdb,1476,3255.443,39,1084,56,10000,128,3
engramdb,1477,3250.145,35,1106,56,10000,128,3
engramdb,1478,3281.488,29,1091,56,10000,128,3
engramdb,1479,3480.685,31,1096,56,10000,128,3
engramdb,1480,3215.716,31,1100,56,10000,128,3
engramdb,1481,3248.786,38,1099,56,10000,128,3
engramdb,1482,3269.031,38,1064,56,10000,128,3
engramdb,1483,3225.378,33,1070,56,10000,128,3
engramdb,1484,3207.739,35,1092,56,10000,128,3
engramdb,1485,10687.629,39,1085,56,10000,128,3
engramdb,1486,3943.618,34,1083,56,10000,128,3
engramdb,1487,4115.391,34,1075,56,10000,128,3
engramdb,1488,4228.708,33,1055,56,10000,128,3
engramdb,1489,3923.584,40,1095,56,10000,128,3
engramdb,1490,3992.156,30,1095,56,10000,128,3
engramdb,1491,4081.705,38,1099,56,10000,128,3
engramdb,1492,3895.196,35,1098,56,10000,128,3
engramdb,1493,3449.487,39,1089,56,10000,128,3
engramdb,1494,3208.489,32,1102,56,10000,128,3
engramdb,1495,3259.274,39,1099,56,10000,128,3
engramdb,1496,3328.254,37,1086,56,10000,128,3
engramdb,1497,3256.699,32,1083,56,10000,128,3
engramdb,1498,3219.572,35,1101,56,10000,128,3
engramdb,1499,3221.416,39,1063,56,10000,128,3
engramdb,1500,3318.186,40,1102,56,10000,128,3
engramdb,1501,3641.302,27,1091,56,10000,128,3
engramdb,1502,3941.109,38,1103,56,10000,128,3
engramdb,1503,3207.146,33,1067,56,10000,128,3
engramdb,1504,3412.448,30,1095,56,10000,128,3
engramdb,1505,4121.175,31,1099,56,10000,128,3
engramdb,1506,3253.963,36,1071,56,10000,128,3
engramdb,1507,3286.675,28,1058,56,10000,128,3
engramdb,1508,3213.890,36,1092,56,10000,128,3
engramdb,1509,3146.795,29,1019,55,10000,128,3
engramdb,1510,3087.687,32,1094,54,10000,128,3
engramdb,1511,3256.377,42,1091,56,10000,128,3
engramdb,1512,3160.102,32,1098,56,10000,128,3
engramdb,1513,3173.709,34,1100,56,10000,128,3
engramdb,1514,3241.603,28,1105,56,10000,128,3
engramdb,1515,3189.925,40,1091,56,10000,128,3
engramdb,1516,3187.730,32,1096,56,10000,128,3
engramdb,1517,3552.677,38,1101,56,10000,128,3
engramdb,1518,3977.673,35,1095,56,10000,128,3
engramdb,1519,4082.053,42,1098,56,10000,128,3
engramdb,1520,3500.016,35,1092,56,10000,128,3
engramdb,1521,3494.100,36,1096,56,10000,128,3
engramdb,1522,3963.086,34,1072,56,10000,128,3
engramdb,1523,4249.346,38,1093,56,10000,128,3
engramdb,1524,4412.041,35,1087,56,10000,128,3
engramdb,1525,3292.297,34,1090,56,10000,128,3
engramdb,1526,3217.299,32,1075,56,10000,128,3
engramdb,1527,3233.234,34,1096,56,10000,128,3
engramdb,1528,3178.927,32,1083,56,10000,128,3
engramdb,1529,3183.968,27,1089,56,10000,128,3
engramdb,1530,3256.472,35,1088,56,10000,128,3
engramdb,1531,3194.221,37,1092,56,10000,128,3
engramdb,1532,3227.243,41,1102,56,10000,128,3
engramdb,1533,3210.905,34,1063,56,10000,128,3
engramdb,1534,3186.103,34,1092,56,10000,128,3
engramdb,1535,4252.384,31,1090,56,10000,128,3
engramdb,1536,4502.785,34,1105,56,10000,128,3
engramdb,1537,4425.975,31,1097,56,10000,128,3
engramdb,1538,5033.081,37,1050,56,10000,128,3
engramdb,1539,5848.990,32,1094,56,10000,128,3
engramdb,1540,4506.455,28,1083,56,10000,128,3
engramdb,1541,4457.824,34,1087,56,10000,128,3
engramdb,1542,6351.653,34,1103,56,10000,128,3
engramdb,1543,4507.225,38,1091,56,10000,128,3
engramdb,1544,4590.667,33,1099,56,10000,128,3
engramdb,1545,4465.005,35,1087,56,10000,128,3
engramdb,1546,4447.515,40,1101,56,10000,128,3
engramdb,1547,4477.161,35,1078,56,10000,128,3
engramdb,1548,4403.996,27,1082,55,10000,128,3
engramdb,1549,8343.352,35,1048,56,10000,128,3
engramdb,1550,4174.724,29,1076,56,10000,128,3
engramdb,1551,4190.457,36,1100,56,10000,128,3
engramdb,1552,4200.937,32,1097,56,10000,128,3
engramdb,1553,4099.463,32,1091,56,10000,128,3
engramdb,1554,4185.981,35,1088,56,10000,128,3
engramdb,1555,4137.548,32,1095,56,10000,128,3
engramdb,1556,4145.016,27,1098,56,10000,128,3
engramdb,1557,4168.463,33,1096,56,10000,128,3
engramdb,1558,4200.661,41,1094,56,10000,128,3
engramdb,1559,4223.563,32,1098,56,10000,128,3
engramdb,1560,4151.951,35,1094,56,10000,128,3
engramdb,1561,4149.435,34,1093,56,10000,128,3
engramdb,1562,4186.271,39,1094,56,10000,128,3
engramdb,1563,3606.632,32,1082,56,10000,128,3
engramdb,1564,3303.333,36,1093,56,10000,128,3
engramdb,1565,3339.885,37,1093,56,10000,128,3
engramdb,1566,3556.013,39,1053,56,10000,128,3
engramdb,1567,3966.176,33,1097,56,10000,128,3
engramdb,1568,5428.632,36,1088,56,10000,128,3
engramdb,1569,4268.169,33,1093,56,10000,128,3
engramdb,1570,4134.900,36,1094,56,10000,128,3
engramdb,1571,4176.374,39,1108,56,10000,128,3
engramdb,1572,4083.985,33,1085,56,10000,128,3
engramdb,1573,4189.847,29,1082,56,10000,128,3
engramdb,1574,4166.144,33,1056,56,10000,128,3
engramdb,1575,4242.852,42,1097,56,10000,128,3
engramdb,1576,4096.808,31,1079,56,10000,128,3
engramdb,1577,4012.083,39,1095,56,10000,128,3
engramdb,1578,3943.802,34,1078,56,10000,128,3
engramdb,1579,3973.496,35,1092,56,10000,128,3
engramdb,1580,3938.583,37,1058,56,10000,128,3
engramdb,1581,3970.234,28,1097,56,10000,128,3
engramdb,1582,4186.181,31,1093,56,10000,128,3
engramdb,1583,3948.713,38,1109,56,10000,128,3
engramdb,1584,4110.036,35,1103,56,10000,128,3
engramdb,1585,4008.123,29,1093,56,10000,128,3
engramdb,1586,4028.558,29,1102,56,10000,128,3
engramdb,1587,4082.080,34,1106,56,10000,128,3
engramdb,1588,4210.646,40,1096,56,10000,128,3
engramdb,1589,4280.018,38,1093,56,10000,128,3
engramdb,1590,3631.171,46,1103,56,10000,128,3
engramdb,1591,3362.409,33,1059,56,10000,128,3
engramdb,1592,3399.326,39,1081,56,10000,128,3
engramdb,1593,3357.182,34,1101,56,10000,128,3
engramdb,1594,3379.704,37,1085,56,10000,128,3
engramdb,1595,3374.384,33,1101,56,10000,128,3
engramdb,1596,3351.283,34,1092,56,10000,128,3
engramdb,1597,3402.531,32,1098,56,10000,128,3
engramdb,1598,3372.969,34,1096,56,10000,128,3
engramdb,1599,3348.048,35,1098,56,10000,128,3
engramdb,1600,3492.741,34,1109,56,10000,128,3
engramdb,1601,3392.008,30,1075,56,10000,128,3
engramdb,1602,3375.189,37,1105,56,10000,128,3
engramdb,1603,3441.778,35,1090,56,10000,128,3
engramdb,1604,3349.077,30,1094,56,10000,128,3
engramdb,1605,3319.450,30,1097,56,10000,128,3
engramdb,1606,3361.657,26,1099,56,10000,128,3
engramdb,1607,3368.900,40,1077,56,10000,128,3
engramdb,1608,3380.839,26,1079,56,10000,128,3
engramdb,1609,3445.234,31,1080,56,10000,128,3
engramdb,1610,3342.224,35,1076,56,10000,128,3
engramdb,1611,3343.337,29,1063,56,10000,128,3
engramdb,1612,3515.438,33,1091,56,10000,128,3
engramdb,1613,4042.354,31,1092,56,10000,128,3
engramdb,1614,4008.585,37,1104,56,10000,128,3
engramdb,1615,4071.831,34,1088,56,10000,128,3
engramdb,1616,4082.445,32,1063,56,10000,128,3
engramdb,1617,3991.761,33,1087,56,10000,128,3
engramdb,1618,4095.211,40,1092,56,10000,128,3
engramdb,1619,4017.903,33,1069,56,10000,128,3
engramdb,1620,3961.715,33,1093,56,10000,128,3
engramdb,1621,4010.555,42,1098,56,10000,128,3
engramdb,1622,4007.752,35,1103,56,10000,128,3
engramdb,1623,4049.998,37,1099,56,10000,128,3
engramdb,1624,4004.818,29,1106,56,10000,128,3
engramdb,1625,7098.750,36,1089,56,10000,128,3
engramdb,1626,3572.554,39,1097,56,10000,128,3
engramdb,1627,3991.892,39,1069,56,10000,128,3
engramdb,1628,4083.272,34,1028,56,10000,128,3
engramdb,1629,4059.129,30,1102,56,10000,128,3
engramdb,1630,3977.256,34,1095,56,10000,128,3
engramdb,1631,4033.771,36,1079,56,10000,128,3
engramdb,1632,4000.698,27,1065,56,10000,128,3
engramdb,1633,3951.669,37,1098,56,10000,128,3
engramdb,1634,3562.823,35,1095,56,10000,128,3
engramdb,1635,3338.001,38,1098,56,10000,128,3
engramdb,1636,3317.987,41,1095,56,10000,128,3
engramdb,1637,3522.511,35,1095,56,10000,128,3
engramdb,1638,3393.080,34,1093,56,10000,128,3
engramdb,1639,3405.995,36,1085,56,10000,128,3
engramdb,1640,3418.988,34,1092,56,10000,128,3
engramdb,1641,3419.517,35,1106,56,10000,128,3
engramdb,1642,3417.333,32,1101,56,10000,128,3
engramdb,1643,3417.346,33,1058,56,10000,128,3
engramdb,1644,3362.155,34,1105,56,10000,128,3
engramdb,1645,3803.921,37,1104,56,10000,128,3
engramdb,1646,3369.160,40,1097,56,10000,128,3
engramdb,1647,3356.411,36,1085,56,10000,128,3
engramdb,1648,3841.217,39,1065,56,10000,128,3
engramdb,1649,3279.134,32,1095,56,10000,128,3
engramdb,1650,3198.656,41,1096,56,10000,128,3
engramdb,1651,3224.021,40,1102,56,10000,128,3
engramdb,1652,3207.458,33,1080,56,10000,128,3
engramdb,1653,3185.491,35,1101,56,10000,128,3
engramdb,1654,7075.404,36,1082,56,10000,128,3
engramdb,1655,7427.723,37,1097,56,10000,128,3
engramdb,1656,4196.980,28,1070,56,10000,128,3
engramdb,1657,4142.087,36,1084,56,10000,128,3
engramdb,1658,4128.739,32,1084,56,10000,128,3
engramdb,1659,4130.999,41,1083,56,10000,128,3
engramdb,1660,4197.805,36,1104,56,10000,128,3
engramdb,1661,4169.774,34,1097,56,10000,128,3
engramdb,1662,4131.966,32,1085,56,10000,128,3
engramdb,1663,4156.272,33,1104,56,10000,128,3
engramdb,1664,4135.198,35,1093,56,10000,128,3
engramdb,1665,4150.040,38,1095,56,10000,128,3
engramdb,1666,4158.975,34,1085,56,10000,128,3
engramdb,1667,4149.056,31,1050,56,10000,128,3
engramdb,1668,4143.581,36,1096,56,10000,128,3
engramdb,1669,4098.005,31,1096,56,10000,128,3
engramdb,1670,3898.721,35,1083,56,10000,128,3
engramdb,1671,4150.137,33,1089,56,10000,128,3
engramdb,1672,4834.994,31,1097,56,10000,128,3
engramdb,1673,4121.728,30,1092,56,10000,128,3
engramdb,1674,4187.201,36,1102,56,10000,128,3
engramdb,1675,4153.248,30,1096,56,10000,128,3
engramdb,1676,4777.820,38,1091,56,10000,128,3
engramdb,1677,4173.798,29,1102,56,10000,128,3
engramdb,1678,4082.043,32,1068,56,10000,128,3
engramdb,1679,4156.423,34,1101,56,10000,128,3
engramdb,1680,4225.557,32,1102,56,10000,128,3
engramdb,1681,4994.659,35,1097,56,10000,128,3
engramdb,1682,4138.402,39,1081,56,10000,128,3
engramdb,1683,4156.405,35,1070,56,10000,128,3
engramdb,1684,4145.410,34,1091,56,10000,128,3
engramdb,1685,4070.054,37,1093,56,10000,128,3
engramdb,1686,8080.941,36,1098,56,10000,128,3
engramdb,1687,4303.486,41,1102,56,10000,128,3
engramdb,1688,4186.439,34,1093,56,10000,128,3
engramdb,1689,4253.470,32,1085,56,10000,128,3
engramdb,1690,4251.311,38,1093,56,10000,128,3
engramdb,1691,4237.467,36,1093,56,10000,128,3
engramdb,1692,4127.952,34,1081,56,10000,128,3
engramdb,1693,4146.340,35,1103,56,10000,128,3
engramdb,1694,4202.119,36,1105,56,10000,128,3
engramdb,1695,4266.265,33,1064,56,10000,128,3
engramdb,1696,4487.656,38,1087,56,10000,128,3
engramdb,1697,5662.302,37,1080,56,10000,128,3
engramdb,1698,4227.005,38,1081,56,10000,128,3
engramdb,1699,4139.261,31,1049,56,10000,128,3
engramdb,1700,4237.686,33,1098,56,10000,128,3
engramdb,1701,4259.358,36,1094,56,10000,128,3
engramdb,1702,4644.157,36,1098,56,10000,128,3
engramdb,1703,4392.262,34,1096,56,10000,128,3
engramdb,1704,4251.533,34,1105,56,10000,128,3
engramdb,1705,4294.776,28,1087,56,10000,128,3
engramdb,1706,4175.867,38,1099,56,10000,128,3
engramdb,1707,4214.536,36,1104,56,10000,128,3
engramdb,1708,4330.077,37,1076,56,10000,128,3
engramdb,1709,4256.876,32,997,56,10000,128,3
engramdb,1710,4262.855,38,1085,56,10000,128,3
engramdb,1711,4249.158,38,1090,56,10000,128,3
engramdb,1712,7152.984,40,1072,56,10000,128,3
engramdb,1713,4191.104,31,1088,56,10000,128,3
engramdb,1714,4051.595,33,1087,56,10000,128,3
engramdb,1715,4605.927,35,1078,56,10000,128,3
engramdb,1716,4199.750,36,1101,56,10000,128,3
engramdb,1717,4657.632,35,1087,56,10000,128,3
engramdb,1718,4073.168,37,1081,56,10000,128,3
engramdb,1719,4148.390,36,1087,56,10000,128,3
engramdb,1720,4352.095,32,1088,56,10000,128,3
engramdb,1721,4431.766,31,1027,56,10000,128,3
engramdb,1722,4648.954,40,1097,56,10000,128,3
engramdb,1723,4335.390,38,1103,56,10000,128,3
engramdb,1724,4245.154,35,1097,56,10000,128,3
engramdb,1725,4269.214,38,1093,56,10000,128,3
engramdb,1726,4290.960,29,1093,56,10000,128,3
engramdb,1727,4211.574,39,1091,56,10000,128,3
engramdb,1728,4280.931,34,1094,56,10000,128,3
engramdb,1729,4239.692,37,1072,56,10000,128,3
engramdb,1730,4299.830,40,1100,56,10000,128,3
engramdb,1731,4260.256,39,1102,56,10000,128,3
engramdb,1732,4340.899,29,1095,56,10000,128,3
engramdb,1733,4156.573,40,1092,56,10000,128,3
engramdb,1734,5401.847,39,1097,56,10000,128,3
engramdb,1735,4280.495,36,1060,56,10000,128,3
engramdb,1736,4231.429,36,1092,56,10000,128,3
engramdb,1737,4142.676,32,1093,56,10000,128,3
engramdb,1738,4339.053,34,1099,56,10000,128,3
engramdb,1739,4307.828,29,1099,56,10000,128,3
engramdb,1740,4279.450,34,1065,56,10000,128,3
engramdb,1741,4140.215,37,1099,56,10000,128,3
engramdb,1742,6238.264,36,1099,56,10000,128,3
engramdb,1743,4422.419,34,1091,56,10000,128,3
engramdb,1744,4374.584,30,1097,56,10000,128,3
engramdb,1745,4372.607,28,1105,56,10000,128,3
engramdb,1746,4567.857,34,1086,56,10000,128,3
engramdb,1747,4818.162,32,1091,56,10000,128,3
engramdb,1748,4556.315,37,1073,56,10000,128,3
engramdb,1749,4492.082,33,1069,56,10000,128,3
engramdb,1750,4526.915,33,1096,56,10000,128,3
engramdb,1751,4482.085,33,1080,56,10000,128,3
engramdb,1752,4489.777,32,1103,56,10000,128,3
engramdb,1753,4868.631,37,1093,56,10000,128,3
engramdb,1754,4627.169,40,1096,56,10000,128,3
engramdb,1755,4590.409,33,1100,56,10000,128,3
engramdb,1756,4616.891,32,1095,56,10000,128,3
engramdb,1757,4334.198,31,1098,56,10000,128,3
engramdb,1758,4260.487,42,1098,56,10000,128,3
engramdb,1759,4280.064,33,1084,56,10000,128,3
engramdb,1760,4306.152,30,1079,56,10000,128,3
engramdb,1761,4660.298,35,1090,56,10000,128,3
engramdb,1762,4821.920,31,1101,56,10000,128,3
engramdb,1763,4393.498,25,1097,56,10000,128,3
engramdb,1764,4237.642,27,1094,56,10000,128,3
engramdb,1765,4926.990,30,1090,56,10000,128,3
engramdb,1766,4296.758,36,1070,56,10000,128,3
engramdb,1767,4361.396,35,1095,56,10000,128,3
engramdb,1768,4276.908,30,1095,56,10000,128,3
engramdb,1769,4443.204,33,1100,56,10000,128,3
engramdb,1770,4275.728,33,1105,56,10000,128,3
engramdb,1771,4634.679,34,1086,56,10000,128,3
engramdb,1772,4608.941,31,1050,56,10000,128,3
engramdb,1773,4472.143,35,1090,56,10000,128,3
engramdb,1774,4508.595,40,1103,56,10000,128,3
engramdb,1775,4323.890,31,1090,56,10000,128,3
engramdb,1776,4198.797,32,1064,56,10000,128,3
engramdb,1777,8881.287,33,1067,56,10000,128,3
engramdb,1778,4487.857,42,1090,56,10000,128,3
engramdb,1779,4470.599,33,1086,56,10000,128,3
engramdb,1780,4874.987,30,1082,56,10000,128,3
engramdb,1781,4355.840,32,1094,56,10000,128,3
engramdb,1782,4262.355,36,1099,56,10000,128,3
engramdb,1783,4213.156,32,1098,56,10000,128,3
engramdb,1784,4194.820,35,1098,56,10000,128,3
engramdb,1785,7844.906,36,1101,56,10000,128,3
engramdb,1786,4806.477,41,1095,56,10000,128,3
engramdb,1787,5372.268,35,1067,56,10000,128,3
engramdb,1788,4297.296,38,1079,56,10000,128,3
engramdb,1789,4535.660,35,1098,56,10000,128,3
engramdb,1790,4687.739,31,1093,56,10000,128,3
engramdb,1791,4560.562,39,1064,56,10000,128,3
engramdb,1792,4625.712,40,1092,56,10000,128,3
engramdb,1793,4914.575,33,1093,56,10000,128,3
engramdb,1794,4540.954,32,1099,56,10000,128,3
engramdb,1795,6874.429,33,1092,56,10000,128,3
engramdb,1796,4555.746,29,1089,56,10000,128,3
engramdb,1797,5645.033,39,1074,56,10000,128,3
engramdb,1798,4473.741,36,1079,56,10000,128,3
engramdb,1799,4563.705,34,1069,56,10000,128,3
engramdb,1800,4393.379,33,1090,56,10000,128,3
engramdb,1801,4350.568,35,1084,56,10000,128,3
engramdb,1802,4276.232,37,1086,56,10000,128,3
engramdb,1803,4384.138,34,1089,56,10000,128,3
engramdb,1804,4394.975,34,1105,56,10000,128,3
engramdb,1805,4343.990,36,1095,56,10000,128,3
engramdb,1806,4369.527,36,1100,56,10000,128,3
engramdb,1807,4356.960,34,1099,56,10000,128,3
engramdb,1808,4354.366,35,1109,56,10000,128,3
engramdb,1809,4307.522,33,1094,56,10000,128,3
engramdb,1810,4314.556,42,1095,56,10000,128,3
engramdb,1811,4580.501,31,1073,56,10000,128,3
engramdb,1812,6215.943,40,1100,56,10000,128,3
engramdb,1813,4329.513,32,1103,56,10000,128,3
engramdb,1814,6805.397,36,1109,56,10000,128,3
engramdb,1815,4411.522,35,1101,56,10000,128,3
engramdb,1816,4376.521,35,1088,56,10000,128,3
engramdb,1817,4358.465,37,1096,56,10000,128,3
engramdb,1818,9607.737,34,1095,56,10000,128,3
engramdb,1819,4084.491,37,1091,56,10000,128,3
engramdb,1820,5349.459,30,1066,56,10000,128,3
engramdb,1821,4312.431,26,1101,56,10000,128,3
engramdb,1822,4257.562,32,1084,56,10000,128,3
engramdb,1823,4285.984,36,1088,56,10000,128,3
engramdb,1824,4417.208,29,1096,56,10000,128,3
engramdb,1825,4237.024,38,1102,56,10000,128,3
engramdb,1826,4330.143,38,1102,56,10000,128,3
engramdb,1827,4271.858,28,1085,56,10000,128,3
engramdb,1828,4254.359,30,1094,56,10000,128,3
engramdb,1829,4232.529,37,1089,56,10000,128,3
engramdb,1830,4242.461,37,1086,56,10000,128,3
engramdb,1831,4242.183,33,1093,56,10000,128,3
engramdb,1832,4131.881,28,1085,56,10000,128,3
engramdb,1833,4036.240,36,1089,56,10000,128,3
engramdb,1834,4311.053,36,1087,56,10000,128,3
engramdb,1835,4239.998,34,1096,56,10000,128,3
engramdb,1836,4258.040,34,1101,56,10000,128,3
engramdb,1837,4245.075,34,1093,56,10000,128,3
engramdb,1838,4266.398,38,1083,56,10000,128,3
engramdb,1839,4262.402,28,1086,56,10000,128,3
engramdb,1840,5901.998,32,1094,56,10000,128,3
engramdb,1841,4988.051,28,1055,56,10000,128,3
engramdb,1842,6967.375,30,1083,56,10000,128,3
engramdb,1843,4248.815,33,1100,56,10000,128,3
engramdb,1844,12511.373,34,1097,56,10000,128,3
engramdb,1845,4296.870,30,1087,56,10000,128,3
engramdb,1846,4280.498,30,1091,56,10000,128,3
engramdb,1847,4255.857,39,1099,56,10000,128,3
engramdb,1848,4270.086,35,1104,56,10000,128,3
engramdb,1849,4272.069,33,1102,56,10000,128,3
engramdb,1850,5451.945,34,1093,56,10000,128,3
engramdb,1851,4261.032,37,1100,56,10000,128,3
engramdb,1852,4216.270,28,1067,56,10000,128,3
engramdb,1853,4256.202,40,1093,56,10000,128,3
engramdb,1854,4279.470,35,1094,56,10000,128,3
engramdb,1855,4186.340,38,1094,55,10000,128,3
engramdb,1856,4268.542,31,1091,56,10000,128,3
engramdb,1857,4328.929,39,1091,56,10000,128,3
engramdb,1858,4283.979,32,1077,56,10000,128,3
engramdb,1859,4111.124,33,1074,56,10000,128,3
engramdb,1860,4059.496,34,1102,56,10000,128,3
engramdb,1861,4105.930,37,1090,56,10000,128,3
engramdb,1862,4493.920,37,1104,56,10000,128,3
engramdb,1863,4259.475,35,1087,56,10000,128,3
engramdb,1864,4266.547,29,1108,56,10000,128,3
engramdb,1865,4229.598,30,1075,56,10000,128,3
engramdb,1866,4266.643,35,1093,56,10000,128,3
engramdb,1867,7864.299,33,1092,56,10000,128,3
engramdb,1868,4541.947,35,1096,56,10000,128,3
engramdb,1869,7379.371,25,1048,56,10000,128,3
engramdb,1870,4306.613,38,1102,56,10000,128,3
engramdb,1871,4241.639,35,1097,56,10000,128,3
engramdb,1872,4307.141,26,1089,56,10000,128,3
engramdb,1873,4268.104,32,1086,56,10000,128,3
engramdb,1874,4312.130,41,1103,56,10000,128,3
engramdb,1875,4536.253,37,1098,56,10000,128,3
engramdb,1876,4242.055,31,1099,56,10000,128,3
engramdb,1877,4172.726,33,1089,56,10000,128,3
engramdb,1878,4274.289,35,1076,56,10000,128,3
engramdb,1879,4267.559,35,1099,56,10000,128,3
engramdb,1880,4260.418,33,1084,56,10000,128,3
engramdb,1881,4325.512,42,1098,56,10000,128,3
engramdb,1882,4248.663,28,1096,56,10000,128,3
engramdb,1883,4081.264,32,1092,56,10000,128,3
engramdb,1884,4161.854,32,1090,56,10000,128,3
engramdb,1885,4074.444,30,1085,56,10000,128,3
engramdb,1886,4137.121,43,1100,56,10000,128,3
engramdb,1887,4053.501,34,1097,56,10000,128,3
engramdb,1888,4257.797,38,1100,56,10000,128,3
engramdb,1889,3855.599,36,1082,56,10000,128,3
engramdb,1890,4289.497,34,1089,56,10000,128,3
engramdb,1891,4250.930,37,1091,56,10000,128,3
engramdb,1892,4524.427,36,1092,56,10000,128,3
engramdb,1893,5229.497,37,1094,56,10000,128,3
engramdb,1894,5264.500,40,1093,56,10000,128,3
engramdb,1895,4302.660,37,1095,56,10000,128,3
engramdb,1896,4278.721,29,1096,56,10000,128,3
engramdb,1897,4119.315,33,1071,56,10000,128,3
engramdb,1898,4279.047,40,1070,56,10000,128,3
engramdb,1899,4289.655,38,1091,56,10000,128,3
engramdb,1900,4240.867,32,1077,56,10000,128,3
engramdb,1901,4241.995,33,1079,56,10000,128,3
engramdb,1902,4285.070,38,1094,56,10000,128,3
engramdb,1903,4250.723,35,1072,56,10000,128,3
engramdb,1904,4281.178,31,1095,56,10000,128,3
engramdb,1905,4256.680,40,1096,56,10000,128,3
engramdb,1906,4252.093,32,1093,56,10000,128,3
engramdb,1907,4215.499,33,1084,56,10000,128,3
engramdb,1908,4225.884,36,1094,56,10000,128,3
engramdb,1909,4261.597,31,1094,56,10000,128,3
engramdb,1910,4248.135,37,1090,56,10000,128,3
engramdb,1911,4263.505,33,1075,56,10000,128,3
engramdb,1912,4149.811,29,1094,56,10000,128,3
engramdb,1913,4487.369,39,1108,56,10000,128,3
engramdb,1914,10905.811,36,1088,56,10000,128,3
engramdb,1915,4499.176,24,1102,56,10000,128,3
engramdb,1916,4277.805,31,1098,56,10000,128,3
engramdb,1917,4274.315,33,1086,56,10000,128,3
engramdb,1918,4536.622,38,1098,56,10000,128,3
engramdb,1919,4495.062,36,1095,56,10000,128,3
engramdb,1920,4283.929,38,1075,56,10000,128,3
engramdb,1921,4286.070,32,1086,56,10000,128,3
engramdb,1922,4281.528,39,1090,56,10000,128,3
engramdb,1923,4290.520,30,1071,56,10000,128,3
engramdb,1924,3941.893,38,1099,56,10000,128,3
engramdb,1925,4211.936,39,1101,56,10000,128,3
engramdb,1926,4146.243,31,1088,56,10000,128,3
engramdb,1927,7101.788,37,1103,56,10000,128,3
engramdb,1928,4787.066,31,1090,56,10000,128,3
engramdb,1929,4255.835,38,1095,56,10000,128,3
engramdb,1930,4160.192,36,1103,56,10000,128,3
engramdb,1931,4265.262,32,1101,56,10000,128,3
engramdb,1932,4226.107,33,1075,56,10000,128,3
engramdb,1933,4254.123,36,1105,56,10000,128,3
engramdb,1934,4352.982,27,1085,56,10000,128,3
engramdb,1935,4230.830,40,1097,56,10000,128,3
engramdb,1936,4146.091,36,1067,56,10000,128,3
engramdb,1937,4230.537,35,1081,56,10000,128,3
engramdb,1938,4174.077,42,1095,56,10000,128,3
engramdb,1939,4241.638,26,1092,56,10000,128,3
engramdb,1940,4634.369,34,1096,56,10000,128,3
engramdb,1941,4318.724,34,1097,56,10000,128,3
engramdb,1942,4249.004,36,1084,56,10000,128,3
engramdb,1943,4268.509,34,1099,56,10000,128,3
engramdb,1944,4301.631,29,1097,56,10000,128,3
engramdb,1945,4513.103,34,1083,56,10000,128,3
engramdb,1946,4773.754,35,1085,56,10000,128,3
engramdb,1947,4346.028,32,1102,56,10000,128,3
engramdb,1948,4279.778,36,1073,56,10000,128,3
engramdb,1949,4216.130,26,1015,56,10000,128,3
engramdb,1950,4402.043,41,1095,56,10000,128,3
engramdb,1951,7152.093,38,1080,56,10000,128,3
engramdb,1952,4396.179,39,1090,56,10000,128,3
engramdb,1953,4315.523,36,1099,56,10000,128,3
engramdb,1954,4228.541,39,1099,56,10000,128,3
engramdb,1955,3941.077,31,1097,56,10000,128,3
engramdb,1956,3969.947,32,1096,56,10000,128,3
engramdb,1957,4240.817,37,1093,56,10000,128,3
engramdb,1958,4249.329,32,1091,56,10000,128,3
engramdb,1959,4327.486,32,1063,56,10000,128,3
engramdb,1960,4318.152,31,1083,56,10000,128,3
engramdb,1961,4292.915,29,1095,56,10000,128,3
engramdb,1962,4359.023,36,1074,56,10000,128,3
engramdb,1963,4363.939,35,1079,56,10000,128,3
engramdb,1964,4272.688,30,1101,56,10000,128,3
engramdb,1965,4314.218,40,1100,56,10000,128,3
engramdb,1966,4287.682,32,1095,56,10000,128,3
engramdb,1967,4211.332,30,1092,56,10000,128,3
engramdb,1968,4314.399,32,1077,56,10000,128,3
engramdb,1969,4302.296,40,1100,56,10000,128,3
engramdb,1970,4271.289,39,1100,56,10000,128,3
engramdb,1971,4042.371,35,1093,56,10000,128,3
engramdb,1972,4303.026,26,1085,56,10000,128,3
engramdb,1973,4269.452,32,1092,56,10000,128,3
engramdb,1974,4261.246,37,1072,56,10000,128,3
engramdb,1975,4367.514,36,1084,56,10000,128,3
engramdb,1976,4289.069,38,1107,56,10000,128,3
engramdb,1977,4290.157,31,1100,56,10000,128,3
engramdb,1978,4274.893,39,1101,56,10000,128,3
engramdb,1979,5404.342,34,1085,56,10000,128,3
engramdb,1980,4206.918,37,1101,56,10000,128,3
engramdb,1981,4240.983,38,1103,56,10000,128,3
engramdb,1982,4424.602,38,1095,56,10000,128,3
engramdb,1983,4348.984,34,1101,56,10000,128,3
engramdb,1984,4255.797,33,1098,56,10000,128,3
engramdb,1985,4423.121,34,1092,56,10000,128,3
engramdb,1986,4262.385,29,1087,56,10000,128,3
engramdb,1987,7271.731,38,1085,56,10000,128,3
engramdb,1988,4307.214,36,1079,56,10000,128,3
engramdb,1989,4248.931,35,1099,56,10000,128,3
engramdb,1990,4240.830,32,1078,56,10000,128,3
engramdb,1991,4232.196,34,1090,56,10000,128,3
engramdb,1992,4225.140,35,1094,56,10000,128,3
engramdb,1993,4310.450,37,1095,56,10000,128,3
engramdb,1994,4261.242,38,1090,56,10000,128,3
engramdb,1995,4223.117,33,1090,56,10000,128,3
engramdb,1996,4270.441,36,1099,56,10000,128,3
engramdb,1997,4253.550,38,1089,56,10000,128,3
engramdb,1998,4231.593,34,1093,56,10000,128,3
engramdb,1999,4243.843,34,1056,56,10000,128,3
engramdb,2000,4185.111,33,1099,55,10000,128,3
engramdb,2001,4260.323,33,1051,56,10000,128,3
engramdb,2002,4223.924,40,1081,56,10000,128,3
engramdb,2003,4239.128,26,1087,56,10000,128,3
engramdb,2004,9660.389,37,1097,56,10000,128,3
engramdb,2005,7020.443,36,1092,56,10000,128,3
engramdb,2006,4396.227,37,1091,56,10000,128,3
engramdb,2007,4333.382,30,1094,56,10000,128,3
engramdb,2008,4260.558,31,1095,56,10000,128,3
engramdb,2009,4150.053,33,1082,56,10000,128,3
engramdb,2010,4351.737,32,1101,56,10000,128,3
engramdb,2011,4255.094,34,1103,56,10000,128,3
engramdb,2012,4502.285,33,1095,56,10000,128,3
engramdb,2013,4489.358,39,1069,56,10000,128,3
engramdb,2014,4387.851,37,1096,56,10000,128,3
engramdb,2015,4795.598,32,1099,56,10000,128,3
engramdb,2016,5938.352,28,1091,56,10000,128,3
engramdb,2017,4327.643,38,1100,56,10000,128,3
engramdb,2018,4164.717,33,1095,56,10000,128,3
engramdb,2019,4237.259,32,1102,56,10000,128,3
engramdb,2020,4352.617,38,1093,56,10000,128,3
engramdb,2021,4216.772,34,1100,56,10000,128,3
engramdb,2022,4173.527,36,1083,56,10000,128,3
engramdb,2023,5652.688,31,1102,56,10000,128,3
engramdb,2024,4328.746,36,1087,56,10000,128,3
engramdb,2025,4308.137,34,1025,56,10000,128,3
engramdb,2026,5956.773,39,1085,56,10000,128,3
engramdb,2027,4330.663,33,1091,56,10000,128,3
engramdb,2028,5213.577,33,1097,56,10000,128,3
engramdb,2029,13366.437,30,1073,56,10000,128,3
engramdb,2030,4301.445,42,1050,56,10000,128,3
engramdb,2031,4253.479,38,1092,56,10000,128,3
engramdb,2032,8674.817,36,1103,56,10000,128,3
engramdb,2033,4234.773,37,1099,56,10000,128,3
engramdb,2034,4321.996,28,1095,56,10000,128,3
engramdb,2035,4270.587,34,1105,56,10000,128,3
engramdb,2036,4247.021,35,1104,56,10000,128,3
engramdb,2037,4282.152,35,1096,56,10000,128,3
engramdb,2038,6242.190,36,1102,56,10000,128,3
engramdb,2039,4265.970,33,1087,55,10000,128,3
engramdb,2040,4216.341,27,1056,56,10000,128,3
engramdb,2041,4195.162,37,1087,56,10000,128,3
engramdb,2042,4305.500,34,1095,56,10000,128,3
engramdb,2043,3956.033,36,1098,56,10000,128,3
engramdb,2044,4073.248,28,1083,56,10000,128,3
engramdb,2045,3982.734,36,1085,56,10000,128,3
engramdb,2046,4210.836,34,1101,56,10000,128,3
engramdb,2047,4032.740,31,1093,56,10000,128,3
engramdb,2048,5500.551,32,1087,56,10000,128,3
engramdb,2049,4105.343,36,1079,56,10000,128,3
engramdb,2050,4151.343,34,1065,56,10000,128,3
engramdb,2051,4096.408,38,1106,56,10000,128,3
engramdb,2052,3988.479,34,1081,56,10000,128,3
engramdb,2053,3955.141,36,1101,56,10000,128,3
engramdb,2054,4170.581,38,1092,56,10000,128,3
engramdb,2055,4142.367,37,1094,56,10000,128,3
engramdb,2056,4198.888,33,1093,56,10000,128,3
engramdb,2057,4129.908,37,1099,56,10000,128,3
engramdb,2058,4187.834,36,1092,56,10000,128,3
engramdb,2059,4201.444,33,1077,56,10000,128,3
engramdb,2060,5263.487,38,1095,56,10000,128,3
engramdb,2061,4195.260,35,1060,56,10000,128,3
engramdb,2062,4184.679,35,1103,56,10000,128,3
engramdb,2063,4191.547,33,1100,56,10000,128,3
engramdb,2064,3989.362,37,1085,56,10000,128,3
engramdb,2065,4185.427,32,1084,56,10000,128,3
engramdb,2066,4076.168,31,1075,56,10000,128,3
engramdb,2067,4168.821,32,1096,56,10000,128,3
engramdb,2068,4298.031,29,1095,56,10000,128,3
engramdb,2069,4222.086,38,1104,56,10000,128,3
engramdb,2070,4225.955,32,1104,56,10000,128,3
engramdb,2071,4397.241,33,1090,56,10000,128,3
engramdb,2072,4260.460,33,1097,56,10000,128,3
engramdb,2073,4224.774,36,1097,56,10000,128,3
engramdb,2074,4089.836,33,1104,56,10000,128,3
engramdb,2075,4220.940,41,1102,56,10000,128,3
engramdb,2076,4125.760,33,1087,56,10000,128,3
engramdb,2077,4194.595,38,1094,56,10000,128,3
engramdb,2078,5286.595,38,1100,56,10000,128,3
engramdb,2079,5788.441,31,1104,56,10000,128,3
engramdb,2080,3909.981,28,1090,56,10000,128,3
engramdb,2081,3999.440,34,1092,56,10000,128,3
engramdb,2082,4645.827,37,1093,56,10000,128,3
engramdb,2083,4343.623,34,1078,56,10000,128,3
engramdb,2084,4257.923,29,1075,56,10000,128,3
engramdb,2085,4150.696,34,1091,56,10000,128,3
engramdb,2086,4281.958,38,1097,56,10000,128,3
engramdb,2087,4019.308,38,1086,56,10000,128,3
engramdb,2088,4609.630,39,1092,56,10000,128,3
engramdb,2089,4009.291,39,1095,56,10000,128,3
engramdb,2090,3983.476,34,1091,56,10000,128,3
engramdb,2091,4815.957,34,1055,56,10000,128,3
engramdb,2092,8248.327,36,1080,56,10000,128,3
engramdb,2093,4271.862,32,1098,56,10000,128,3
engramdb,2094,4161.303,34,1092,56,10000,128,3
engramdb,2095,4042.891,33,1078,56,10000,128,3
engramdb,2096,4119.403,32,1092,56,10000,128,3
engramdb,2097,4196.293,43,1102,56,10000,128,3
engramdb,2098,3948.684,37,1101,56,10000,128,3
engramdb,2099,4004.274,30,1093,56,10000,128,3
engramdb,2100,4300.433,28,1096,56,10000,128,3
engramdb,2101,4254.419,31,1097,56,10000,128,3
engramdb,2102,4194.640,38,1093,56,10000,128,3
engramdb,2103,4233.759,36,1078,56,10000,128,3
engramdb,2104,4252.153,27,1085,56,10000,128,3
engramdb,2105,4157.487,35,1061,56,10000,128,3
engramdb,2106,4238.301,38,1076,56,10000,128,3
engramdb,2107,4201.087,33,1089,56,10000,128,3
engramdb,2108,4145.270,33,1071,56,10000,128,3
engramdb,2109,4097.189,37,1096,56,10000,128,3
engramdb,2110,4226.869,36,1094,56,10000,128,3
engramdb,2111,4262.236,34,1097,56,10000,128,3
engramdb,2112,3908.408,29,1064,56,10000,128,3
engramdb,2113,4399.395,41,1097,56,10000,128,3
engramdb,2114,4243.198,39,1105,56,10000,128,3
engramdb,2115,4257.250,31,1085,56,10000,128,3
engramdb,2116,4215.659,37,1096,56,10000,128,3
engramdb,2117,4189.848,30,1084,56,10000,128,3
engramdb,2118,5204.522,40,1080,56,10000,128,3
engramdb,2119,4251.121,35,1095,56,10000,128,3
engramdb,2120,4592.510,35,1090,56,10000,128,3
engramdb,2121,4421.209,33,1098,56,10000,128,3
engramdb,2122,4298.442,33,1069,56,10000,128,3
engramdb,2123,4270.184,31,1075,56,10000,128,3
engramdb,2124,6699.083,31,1086,56,10000,128,3
engramdb,2125,4269.478,35,1095,56,10000,128,3
engramdb,2126,4171.900,34,1102,56,10000,128,3
engramdb,2127,4023.832,34,1105,56,10000,128,3
engramdb,2128,4050.368,35,1093,56,10000,128,3
engramdb,2129,4106.013,36,1095,56,10000,128,3
engramdb,2130,4082.952,42,1073,56,10000,128,3
engramdb,2131,4289.996,30,1098,56,10000,128,3
engramdb,2132,4261.148,35,1068,56,10000,128,3
engramdb,2133,4128.301,40,1092,56,10000,128,3
engramdb,2134,5466.492,31,1071,56,10000,128,3
engramdb,2135,4273.475,38,1084,56,10000,128,3
engramdb,2136,3953.859,35,1098,56,10000,128,3
engramdb,2137,4034.842,35,1093,56,10000,128,3
engramdb,2138,4204.446,35,1098,56,10000,128,3
engramdb,2139,4083.631,36,1093,56,10000,128,3
engramdb,2140,4018.642,31,1098,56,10000,128,3
engramdb,2141,8019.244,38,1099,56,10000,128,3
engramdb,2142,4238.525,33,1072,56,10000,128,3
engramdb,2143,4275.761,32,1090,56,10000,128,3
engramdb,2144,4884.335,32,1096,56,10000,128,3
engramdb,2145,4175.222,40,1102,55,10000,128,3
engramdb,2146,4289.833,37,1094,56,10000,128,3
engramdb,2147,4298.073,31,1088,56,10000,128,3
engramdb,2148,4178.901,36,1097,55,10000,128,3
engramdb,2149,4215.142,34,1101,56,10000,128,3
engramdb,2150,4268.082,31,1095,56,10000,128,3
engramdb,2151,4235.911,31,1072,56,10000,128,3
engramdb,2152,4216.852,34,1099,56,10000,128,3
engramdb,2153,4257.894,44,1073,56,10000,128,3
engramdb,2154,4251.590,33,1056,56,10000,128,3
engramdb,2155,4074.992,31,1102,56,10000,128,3
engramdb,2156,4085.194,34,1091,56,10000,128,3
engramdb,2157,4261.380,35,1094,56,10000,128,3
engramdb,2158,4253.572,33,1055,56,10000,128,3
engramdb,2159,3995.175,28,1094,56,10000,128,3
engramdb,2160,4263.143,32,1094,56,10000,128,3
engramdb,2161,4130.673,34,1077,56,10000,128,3
engramdb,2162,4069.852,33,1103,56,10000,128,3
engramdb,2163,4238.648,32,1092,56,10000,128,3
engramdb,2164,4243.867,33,1078,56,10000,128,3
engramdb,2165,4269.280,38,1103,56,10000,128,3
engramdb,2166,4438.071,42,1103,56,10000,128,3
engramdb,2167,4272.932,35,1087,56,10000,128,3
engramdb,2168,4231.405,33,1098,56,10000,128,3
engramdb,2169,4186.519,35,1077,56,10000,128,3
engramdb,2170,4304.356,33,1071,56,10000,128,3
engramdb,2171,4150.766,33,1084,56,10000,128,3
engramdb,2172,4331.627,34,1098,56,10000,128,3
engramdb,2173,6890.950,31,1046,56,10000,128,3
engramdb,2174,4350.374,39,1077,56,10000,128,3
engramdb,2175,4265.879,35,1095,56,10000,128,3
engramdb,2176,4299.019,37,1094,56,10000,128,3
engramdb,2177,7476.524,39,1091,56,10000,128,3
engramdb,2178,4309.681,37,1100,56,10000,128,3
engramdb,2179,4244.738,35,1079,56,10000,128,3
engramdb,2180,4308.882,33,1101,56,10000,128,3
engramdb,2181,9990.236,36,1079,56,10000,128,3
engramdb,2182,4344.892,34,1080,56,10000,128,3
engramdb,2183,4420.716,31,1086,56,10000,128,3
engramdb,2184,4363.950,33,1100,56,10000,128,3
engramdb,2185,4246.981,44,1097,56,10000,128,3
engramdb,2186,4283.028,31,1096,56,10000,128,3
engramdb,2187,4307.197,27,1083,56,10000,128,3
engramdb,2188,4272.681,34,1070,56,10000,128,3
engramdb,2189,4207.401,37,1048,56,10000,128,3
engramdb,2190,4233.646,36,1036,56,10000,128,3
engramdb,2191,6159.715,39,1086,56,10000,128,3
engramdb,2192,4089.109,35,1078,56,10000,128,3
engramdb,2193,4009.270,31,1072,56,10000,128,3
engramdb,2194,3949.440,36,1084,56,10000,128,3
engramdb,2195,4076.192,36,1093,56,10000,128,3
engramdb,2196,4073.381,41,1100,56,10000,128,3
engramdb,2197,4105.052,36,1095,56,10000,128,3
engramdb,2198,4232.249,34,1053,56,10000,128,3
engramdb,2199,4177.083,25,1086,56,10000,128,3
engramdb,2200,6704.329,37,1063,56,10000,128,3
engramdb,2201,3950.882,33,1095,56,10000,128,3
engramdb,2202,8001.622,32,1098,56,10000,128,3
engramdb,2203,5513.997,32,1104,56,10000,128,3
engramdb,2204,5239.441,32,1088,56,10000,128,3
engramdb,2205,5232.590,37,1096,56,10000,128,3
engramdb,2206,5166.314,28,1090,56,10000,128,3
engramdb,2207,5160.852,33,1106,56,10000,128,3
engramdb,2208,5080.312,32,1101,56,10000,128,3
engramdb,2209,5529.648,41,1089,56,10000,128,3
engramdb,2210,5406.961,34,1057,56,10000,128,3
engramdb,2211,5195.364,31,1093,56,10000,128,3
engramdb,2212,5226.358,31,1075,56,10000,128,3
engramdb,2213,5091.177,37,1102,56,10000,128,3
engramdb,2214,6563.449,39,1092,56,10000,128,3
engramdb,2215,5341.919,35,1093,56,10000,128,3
engramdb,2216,5225.860,33,1084,56,10000,128,3
engramdb,2217,5195.193,31,1102,56,10000,128,3
engramdb,2218,5278.461,38,1090,56,10000,128,3
engramdb,2219,5326.743,35,1098,56,10000,128,3
engramdb,2220,5294.534,37,1098,56,10000,128,3
engramdb,2221,6248.181,34,1103,56,10000,128,3
engramdb,2222,5681.409,41,1090,56,10000,128,3
engramdb,2223,5342.136,32,1094,56,10000,128,3
engramdb,2224,5757.502,34,1103,56,10000,128,3
engramdb,2225,5549.230,35,1100,56,10000,128,3
engramdb,2226,5456.370,34,1097,56,10000,128,3
engramdb,2227,5337.322,30,1068,56,10000,128,3
engramdb,2228,6839.776,39,1085,56,10000,128,3
engramdb,2229,7816.657,37,1068,56,10000,128,3
engramdb,2230,4620.697,31,1097,56,10000,128,3
engramdb,2231,4267.964,34,1076,56,10000,128,3
engramdb,2232,4342.795,28,1085,56,10000,128,3
engramdb,2233,4285.020,37,1099,56,10000,128,3
engramdb,2234,4275.903,35,1093,56,10000,128,3
engramdb,2235,4296.107,35,1100,56,10000,128,3
engramdb,2236,4282.969,35,1105,56,10000,128,3
engramdb,2237,4428.719,40,1099,56,10000,128,3
engramdb,2238,4267.081,36,1100,56,10000,128,3
engramdb,2239,4330.463,30,1090,56,10000,128,3
engramdb,2240,4253.107,33,1088,56,10000,128,3
engramdb,2241,4743.317,35,1039,56,10000,128,3
engramdb,2242,5842.187,38,1108,56,10000,128,3
engramdb,2243,4288.313,36,1103,56,10000,128,3
engramdb,2244,4343.599,34,1100,56,10000,128,3
engramdb,2245,4371.459,31,1103,56,10000,128,3
engramdb,2246,4610.227,40,1098,56,10000,128,3
engramdb,2247,4498.544,39,1094,56,10000,128,3
engramdb,2248,10373.177,35,1085,56,10000,128,3
engramdb,2249,4514.004,37,1095,56,10000,128,3
engramdb,2250,4306.372,34,1095,56,10000,128,3
engramdb,2251,4351.691,35,1016,56,10000,128,3
engramdb,2252,4266.562,34,1056,56,10000,128,3
engramdb,2253,4323.659,39,1070,56,10000,128,3
engramdb,2254,4277.511,40,1091,56,10000,128,3
engramdb,2255,4294.998,34,1068,56,10000,128,3
engramdb,2256,7670.222,32,1083,56,10000,128,3
engramdb,2257,4327.358,36,1095,56,10000,128,3
engramdb,2258,4267.907,38,1106,56,10000,128,3
engramdb,2259,4266.066,32,1081,56,10000,128,3
engramdb,2260,4275.107,36,1097,56,10000,128,3
engramdb,2261,4279.976,36,1086,56,10000,128,3
engramdb,2262,4335.695,42,1103,56,10000,128,3
engramdb,2263,4276.613,31,1061,56,10000,128,3
engramdb,2264,4305.799,30,1096,56,10000,128,3
engramdb,2265,4306.388,45,1103,56,10000,128,3
engramdb,2266,4343.171,37,1068,56,10000,128,3
engramdb,2267,4294.258,39,1078,56,10000,128,3
engramdb,2268,4243.149,31,1081,56,10000,128,3
engramdb,2269,6490.453,35,1099,56,10000,128,3
engramdb,2270,4387.691,35,1089,56,10000,128,3
engramdb,2271,4283.055,32,1091,56,10000,128,3
engramdb,2272,4229.623,36,1101,56,10000,128,3
engramdb,2273,4353.840,35,1094,56,10000,128,3
engramdb,2274,4257.486,36,1078,56,10000,128,3
engramdb,2275,4335.968,34,1097,56,10000,128,3
engramdb,2276,4291.893,30,1099,56,10000,128,3
engramdb,2277,4240.660,37,1095,56,10000,128,3
engramdb,2278,4288.085,35,1079,56,10000,128,3
engramdb,2279,4303.849,33,1099,56,10000,128,3
engramdb,2280,4316.343,40,1090,56,10000,128,3
engramdb,2281,6996.829,28,1077,56,10000,128,3
engramdb,2282,7731.356,34,1097,56,10000,128,3
engramdb,2283,4374.366,30,1078,56,10000,128,3
engramdb,2284,4211.605,37,1097,56,10000,128,3
engramdb,2285,4245.983,37,1093,56,10000,128,3
engramdb,2286,4431.946,35,1091,56,10000,128,3
engramdb,2287,4638.364,33,1078,56,10000,128,3
engramdb,2288,4315.094,36,1100,56,10000,128,3
engramdb,2289,4293.181,40,1092,56,10000,128,3
engramdb,2290,4340.280,34,1090,56,10000,128,3
engramdb,2291,4274.343,33,1042,56,10000,128,3
engramdb,2292,4716.098,34,1068,56,10000,128,3
engramdb,2293,4277.944,38,1063,56,10000,128,3
engramdb,2294,4280.695,35,1067,56,10000,128,3
engramdb,2295,4305.503,38,1097,56,10000,128,3
engramdb,2296,4301.684,36,1101,56,10000,128,3
engramdb,2297,4353.982,38,1092,56,10000,128,3
engramdb,2298,4281.243,45,1098,56,10000,128,3
engramdb,2299,4338.103,28,1088,56,10000,128,3
engramdb,2300,4262.762,34,1102,56,10000,128,3
engramdb,2301,4344.921,36,1099,56,10000,128,3
engramdb,2302,7088.780,34,1060,56,10000,128,3
engramdb,2303,4431.645,29,1096,56,10000,128,3
engramdb,2304,4473.162,39,1097,56,10000,128,3
engramdb,2305,5073.285,37,1101,56,10000,128,3
engramdb,2306,4317.920,36,1095,56,10000,128,3
engramdb,2307,4232.634,28,1091,56,10000,128,3
engramdb,2308,4278.828,36,1097,56,10000,128,3
engramdb,2309,4298.819,34,1097,56,10000,128,3
engramdb,2310,4241.447,43,1096,56,10000,128,3
engramdb,2311,4167.268,30,1080,56,10000,128,3
engramdb,2312,4144.007,37,1096,56,10000,128,3
engramdb,2313,4087.686,40,1100,56,10000,128,3
engramdb,2314,4151.679,36,1093,56,10000,128,3
engramdb,2315,4108.064,32,1084,56,10000,128,3
engramdb,2316,4149.108,31,1094,56,10000,128,3
engramdb,2317,4099.567,36,1062,56,10000,128,3
engramdb,2318,4114.322,36,1066,56,10000,128,3
engramdb,2319,4560.844,32,1034,56,10000,128,3
engramdb,2320,4339.510,33,1082,56,10000,128,3
engramdb,2321,4352.165,33,1080,56,10000,128,3
engramdb,2322,4274.459,37,1084,56,10000,128,3
engramdb,2323,4261.877,43,1106,56,10000,128,3
engramdb,2324,4342.623,34,1084,56,10000,128,3
engramdb,2325,4438.208,32,1089,56,10000,128,3
engramdb,2326,4855.433,37,1097,56,10000,128,3
engramdb,2327,3995.032,31,1102,56,10000,128,3
engramdb,2328,4513.944,37,1097,56,10000,128,3
engramdb,2329,4388.323,40,1088,56,10000,128,3
engramdb,2330,4278.855,33,1093,56,10000,128,3
engramdb,2331,4347.954,35,1102,56,10000,128,3
engramdb,2332,3839.056,39,1092,56,10000,128,3
engramdb,2333,4088.398,29,1076,56,10000,128,3
engramdb,2334,4301.643,39,1089,56,10000,128,3
engramdb,2335,4352.881,37,1099,56,10000,128,3
engramdb,2336,4251.866,39,1087,56,10000,128,3
engramdb,2337,4318.131,38,1088,56,10000,128,3
engramdb,2338,6328.835,32,1082,56,10000,128,3
engramdb,2339,4297.893,31,1085,56,10000,128,3
engramdb,2340,4270.947,38,1105,56,10000,128,3
engramdb,2341,4280.354,38,1077,56,10000,128,3
engramdb,2342,4320.582,38,1087,56,10000,128,3
engramdb,2343,4327.865,35,1081,56,10000,128,3
engramdb,2344,4353.074,35,1084,56,10000,128,3
engramdb,2345,4307.784,35,1091,56,10000,128,3
engramdb,2346,4331.640,34,1099,56,10000,128,3
engramdb,2347,4353.079,36,1099,56,10000,128,3
engramdb,2348,4303.759,30,1094,56,10000,128,3
engramdb,2349,4347.980,36,1086,56,10000,128,3
engramdb,2350,4303.338,36,1102,56,10000,128,3
engramdb,2351,4293.442,32,1096,56,10000,128,3
engramdb,2352,4510.757,30,1103,56,10000,128,3
engramdb,2353,4306.726,40,1081,56,10000,128,3
engramdb,2354,4358.457,36,1084,56,10000,128,3
engramdb,2355,4284.092,34,1039,56,10000,128,3
engramdb,2356,4364.112,38,1080,56,10000,128,3
engramdb,2357,4287.039,35,1096,56,10000,128,3
engramdb,2358,4153.015,36,1066,56,10000,128,3
engramdb,2359,3934.474,35,1093,56,10000,128,3
engramdb,2360,4016.138,33,1043,56,10000,128,3
engramdb,2361,3918.107,37,1101,56,10000,128,3
engramdb,2362,4064.277,37,1099,56,10000,128,3
engramdb,2363,4101.615,32,1083,56,10000,128,3
engramdb,2364,3962.027,35,1092,56,10000,128,3
engramdb,2365,4199.196,38,1086,56,10000,128,3
engramdb,2366,4178.728,33,1100,56,10000,128,3
engramdb,2367,4052.391,34,1099,56,10000,128,3
engramdb,2368,4286.595,34,1099,56,10000,128,3
engramdb,2369,4254.273,39,1071,56,10000,128,3
engramdb,2370,4388.260,38,1067,56,10000,128,3
engramdb,2371,4336.151,32,1094,56,10000,128,3
engramdb,2372,4349.906,31,1079,56,10000,128,3
engramdb,2373,4268.133,34,1079,56,10000,128,3
engramdb,2374,4331.085,41,1092,56,10000,128,3
engramdb,2375,4315.314,34,1090,56,10000,128,3
engramdb,2376,4268.560,25,1075,56,10000,128,3
engramdb,2377,4321.253,32,1101,56,10000,128,3
engramdb,2378,4288.504,33,1091,56,10000,128,3
engramdb,2379,4296.189,37,1094,56,10000,128,3
engramdb,2380,4267.535,41,1063,56,10000,128,3
engramdb,2381,4357.399,38,1094,56,10000,128,3
engramdb,2382,4311.462,31,1079,56,10000,128,3
engramdb,2383,4292.486,38,1103,56,10000,128,3
engramdb,2384,6705.631,33,1079,56,10000,128,3
engramdb,2385,4262.143,35,1096,56,10000,128,3
engramdb,2386,4319.874,39,1091,56,10000,128,3
engramdb,2387,4299.187,40,1105,56,10000,128,3
engramdb,2388,4311.149,33,1099,56,10000,128,3
engramdb,2389,4320.209,40,1096,56,10000,128,3
engramdb,2390,4293.244,36,1092,56,10000,128,3
engramdb,2391,4313.034,38,1099,56,10000,128,3
engramdb,2392,4341.066,38,1073,56,10000,128,3
engramdb,2393,4187.000,33,1108,56,10000,128,3
engramdb,2394,4362.470,37,1085,56,10000,128,3
engramdb,2395,4303.571,30,1061,56,10000,128,3
engramdb,2396,12275.152,38,1088,56,10000,128,3
engramdb,2397,8428.049,38,1091,56,10000,128,3
engramdb,2398,5034.172,35,1091,56,10000,128,3
engramdb,2399,6230.272,33,1086,56,10000,128,3
engramdb,2400,4370.978,39,1078,56,10000,128,3
engramdb,2401,4166.681,39,1085,56,10000,128,3
engramdb,2402,4219.577,34,1065,56,10000,128,3
engramdb,2403,4219.244,31,1090,56,10000,128,3
engramdb,2404,4213.865,34,1086,56,10000,128,3
engramdb,2405,4899.175,43,1097,56,10000,128,3
engramdb,2406,4434.376,36,1098,56,10000,128,3
engramdb,2407,4430.050,30,1093,56,10000,128,3
engramdb,2408,4318.163,32,1087,56,10000,128,3
engramdb,2409,4135.444,35,1096,56,10000,128,3
engramdb,2410,4173.304,33,1102,56,10000,128,3
engramdb,2411,3883.319,28,1074,56,10000,128,3
engramdb,2412,4190.560,39,1039,56,10000,128,3
engramdb,2413,4250.206,35,1098,56,10000,128,3
engramdb,2414,4916.149,33,1093,56,10000,128,3
engramdb,2415,4198.891,30,1087,56,10000,128,3
engramdb,2416,4181.296,35,1105,56,10000,128,3
engramdb,2417,4753.812,35,1101,56,10000,128,3
engramdb,2418,4296.421,38,1095,56,10000,128,3
engramdb,2419,4517.466,38,1103,56,10000,128,3
engramdb,2420,4384.541,40,1087,56,10000,128,3
engramdb,2421,4739.923,32,1064,56,10000,128,3
engramdb,2422,4316.452,30,1081,55,10000,128,3
engramdb,2423,6437.184,34,1080,56,10000,128,3
engramdb,2424,4871.896,33,1078,56,10000,128,3
engramdb,2425,4369.357,39,1090,56,10000,128,3
engramdb,2426,4338.108,36,1103,56,10000,128,3
engramdb,2427,4375.933,30,1083,56,10000,128,3
engramdb,2428,4297.083,34,1096,56,10000,128,3
engramdb,2429,4371.137,39,1099,56,10000,128,3
engramdb,2430,4303.598,44,1093,56,10000,128,3
engramdb,2431,4286.944,37,1077,56,10000,128,3
engramdb,2432,4323.226,36,1105,56,10000,128,3
engramdb,2433,4381.445,32,1102,56,10000,128,3
engramdb,2434,4369.508,29,1068,56,10000,128,3
engramdb,2435,4281.199,37,1074,56,10000,128,3
engramdb,2436,4376.337,34,1089,56,10000,128,3
engramdb,2437,4221.527,37,1094,56,10000,128,3
engramdb,2438,4228.222,40,1095,56,10000,128,3
engramdb,2439,4307.316,33,1090,56,10000,128,3
engramdb,2440,4239.790,35,1097,56,10000,128,3
engramdb,2441,5471.560,32,1076,56,10000,128,3
engramdb,2442,4408.388,33,1086,56,10000,128,3
engramdb,2443,4408.543,32,1071,56,10000,128,3
engramdb,2444,4372.995,36,1102,56,10000,128,3
engramdb,2445,4275.529,31,1101,56,10000,128,3
engramdb,2446,4163.603,36,1096,56,10000,128,3
engramdb,2447,4180.251,37,1091,56,10000,128,3
engramdb,2448,4294.026,37,1098,56,10000,128,3
engramdb,2449,4664.224,35,1099,56,10000,128,3
engramdb,2450,4312.139,38,1103,56,10000,128,3
engramdb,2451,4326.489,36,1091,56,10000,128,3
engramdb,2452,4365.490,33,1090,56,10000,128,3
engramdb,2453,6008.742,42,1050,56,10000,128,3
engramdb,2454,4283.524,34,1093,56,10000,128,3
engramdb,2455,4262.689,36,1089,56,10000,128,3
engramdb,2456,4689.097,35,1076,56,10000,128,3
engramdb,2457,4542.859,42,1086,56,10000,128,3
engramdb,2458,4310.946,31,1084,56,10000,128,3
engramdb,2459,4324.664,35,1093,56,10000,128,3
engramdb,2460,4367.657,37,1089,56,10000,128,3
engramdb,2461,4238.809,36,1104,56,10000,128,3
engramdb,2462,4203.180,40,1048,56,10000,128,3
engramdb,2463,4417.585,39,1078,56,10000,128,3
engramdb,2464,4334.842,36,1095,56,10000,128,3
engramdb,2465,4349.631,34,1100,56,10000,128,3
engramdb,2466,4620.888,37,1098,56,10000,128,3
engramdb,2467,4544.017,34,1099,56,10000,128,3
engramdb,2468,4623.635,43,1105,56,10000,128,3
engramdb,2469,4344.430,35,1100,56,10000,128,3
engramdb,2470,4362.686,38,1097,56,10000,128,3
engramdb,2471,4239.305,33,1101,56,10000,128,3
engramdb,2472,4394.184,32,1065,56,10000,128,3
engramdb,2473,4298.230,36,1073,56,10000,128,3
engramdb,2474,4405.168,35,1096,56,10000,128,3
engramdb,2475,4408.485,34,1105,56,10000,128,3
engramdb,2476,4205.783,32,1091,56,10000,128,3
engramdb,2477,4175.776,29,1098,56,10000,128,3
engramdb,2478,4200.484,38,1101,56,10000,128,3
engramdb,2479,4223.899,31,1079,56,10000,128,3
engramdb,2480,8256.878,32,1091,56,10000,128,3
engramdb,2481,4216.906,43,1093,56,10000,128,3
engramdb,2482,4134.098,34,1065,56,10000,128,3
engramdb,2483,4130.755,31,1090,56,10000,128,3
engramdb,2484,4153.789,32,1092,56,10000,128,3
engramdb,2485,4169.653,35,1084,56,10000,128,3
engramdb,2486,4104.339,38,1099,56,10000,128,3
engramdb,2487,4137.413,36,1084,56,10000,128,3
engramdb,2488,4192.763,37,1093,56,10000,128,3
engramdb,2489,4133.407,36,1097,56,10000,128,3
engramdb,2490,5534.567,33,1086,56,10000,128,3
engramdb,2491,4972.672,37,1103,56,10000,128,3
engramdb,2492,5321.048,33,1065,55,10000,128,3
engramdb,2493,4318.690,33,1072,56,10000,128,3
engramdb,2494,4299.306,39,1090,56,10000,128,3
engramdb,2495,4360.100,33,1098,56,10000,128,3
engramdb,2496,4363.492,38,1100,56,10000,128,3
engramdb,2497,4280.780,36,1098,56,10000,128,3
engramdb,2498,4314.783,33,1086,56,10000,128,3
engramdb,2499,4196.389,29,1097,56,10000,128,3
engramdb,2500,4717.947,38,1107,56,10000,128,3
engramdb,2501,4055.929,32,1084,56,10000,128,3
engramdb,2502,6761.637,38,1093,56,10000,128,3
engramdb,2503,4397.649,28,1101,56,10000,128,3
engramdb,2504,4273.059,34,1071,56,10000,128,3
engramdb,2505,4338.016,35,1083,56,10000,128,3
engramdb,2506,4317.003,42,1096,56,10000,128,3
engramdb,2507,4322.813,37,1101,56,10000,128,3
engramdb,2508,4269.868,33,1101,56,10000,128,3
engramdb,2509,4289.806,42,1105,56,10000,128,3
engramdb,2510,4249.719,35,1101,56,10000,128,3
engramdb,2511,4663.532,31,1091,56,10000,128,3
engramdb,2512,4122.131,36,1096,56,10000,128,3
engramdb,2513,4277.424,36,1066,56,10000,128,3
engramdb,2514,4422.711,41,1092,56,10000,128,3
engramdb,2515,4177.055,32,1098,56,10000,128,3
engramdb,2516,4378.687,25,1061,56,10000,128,3
engramdb,2517,4313.870,37,1094,56,10000,128,3
engramdb,2518,4259.219,34,1056,56,10000,128,3
engramdb,2519,4261.918,38,1096,56,10000,128,3
engramdb,2520,4299.828,39,1089,56,10000,128,3
engramdb,2521,4275.795,34,1090,56,10000,128,3
engramdb,2522,5218.754,36,1093,56,10000,128,3
engramdb,2523,4524.625,28,1095,56,10000,128,3
engramdb,2524,4282.171,39,1082,56,10000,128,3
engramdb,2525,4289.154,38,1100,56,10000,128,3
engramdb,2526,4693.980,36,1088,56,10000,128,3
engramdb,2527,4308.529,32,1091,56,10000,128,3
engramdb,2528,4343.181,34,1091,56,10000,128,3
engramdb,2529,4276.629,40,1100,56,10000,128,3
engramdb,2530,4325.709,37,1103,56,10000,128,3
engramdb,2531,4288.441,31,1043,56,10000,128,3
engramdb,2532,4321.282,36,1100,56,10000,128,3
engramdb,2533,4322.226,32,1094,56,10000,128,3
engramdb,2534,4293.863,33,1097,56,10000,128,3
engramdb,2535,4332.625,35,1058,56,10000,128,3
engramdb,2536,4362.158,35,1088,56,10000,128,3
engramdb,2537,4304.686,42,1089,56,10000,128,3
engramdb,2538,4304.365,34,1090,56,10000,128,3
engramdb,2539,4273.972,38,1095,56,10000,128,3
engramdb,2540,4341.156,41,1091,56,10000,128,3
engramdb,2541,4325.763,32,1075,56,10000,128,3
engramdb,2542,4652.563,37,1098,56,10000,128,3
engramdb,2543,4313.582,35,1068,56,10000,128,3
engramdb,2544,4403.153,29,1072,56,10000,128,3
engramdb,2545,4327.457,38,1079,56,10000,128,3
engramdb,2546,4383.557,29,1093,56,10000,128,3
engramdb,2547,4307.828,35,1086,56,10000,128,3
engramdb,2548,4931.587,36,1099,56,10000,128,3
engramdb,2549,4331.558,33,1088,56,10000,128,3
engramdb,2550,4363.518,34,1100,56,10000,128,3
engramdb,2551,4329.946,30,1094,56,10000,128,3
engramdb,2552,4291.402,37,1082,56,10000,128,3
engramdb,2553,4264.111,39,1097,56,10000,128,3
engramdb,2554,4258.650,32,1107,56,10000,128,3
engramdb,2555,4290.044,36,1100,56,10000,128,3
engramdb,2556,4275.004,39,1083,56,10000,128,3
engramdb,2557,4298.753,43,1091,56,10000,128,3
engramdb,2558,4236.739,37,1096,56,10000,128,3
engramdb,2559,4297.738,30,1099,56,10000,128,3
engramdb,2560,4252.641,38,1099,56,10000,128,3
engramdb,2561,4285.092,32,1103,56,10000,128,3
engramdb,2562,4298.314,35,1089,56,10000,128,3
engramdb,2563,4225.486,33,1091,56,10000,128,3
engramdb,2564,4309.444,35,1091,56,10000,128,3
engramdb,2565,4262.679,43,1101,56,10000,128,3
engramdb,2566,4276.609,35,1100,56,10000,128,3
engramdb,2567,4270.295,35,1105,56,10000,128,3
engramdb,2568,4272.299,32,1102,56,10000,128,3
engramdb,2569,4279.672,35,1088,56,10000,128,3
engramdb,2570,4283.164,40,1096,56,10000,128,3
engramdb,2571,4218.781,34,1088,56,10000,128,3
engramdb,2572,6608.855,26,1022,56,10000,128,3
engramdb,2573,4339.033,33,1099,56,10000,128,3
engramdb,2574,4304.707,28,1089,56,10000,128,3
engramdb,2575,5513.739,32,1088,56,10000,128,3
engramdb,2576,4308.015,38,1101,56,10000,128,3
engramdb,2577,4828.453,34,1105,56,10000,128,3
engramdb,2578,4330.533,36,1102,56,10000,128,3
engramdb,2579,4292.664,36,1092,56,10000,128,3
engramdb,2580,4286.093,33,1081,56,10000,128,3
engramdb,2581,4293.517,35,1088,56,10000,128,3
engramdb,2582,4264.138,37,1065,56,10000,128,3
engramdb,2583,4262.654,34,1063,56,10000,128,3
engramdb,2584,4287.757,33,1068,56,10000,128,3
engramdb,2585,5694.350,36,1098,56,10000,128,3
engramdb,2586,4347.765,36,1052,56,10000,128,3
engramdb,2587,4253.599,31,1099,56,10000,128,3
engramdb,2588,4279.235,38,1101,56,10000,128,3
engramdb,2589,4283.352,34,1107,56,10000,128,3
engramdb,2590,4606.747,35,1098,56,10000,128,3
engramdb,2591,4356.539,34,1090,56,10000,128,3
engramdb,2592,4296.129,33,1099,56,10000,128,3
engramdb,2593,4302.857,36,1097,56,10000,128,3
engramdb,2594,4331.319,31,1105,56,10000,128,3
engramdb,2595,5124.468,35,1093,56,10000,128,3
engramdb,2596,5988.885,38,1087,56,10000,128,3
engramdb,2597,4282.191,38,1093,56,10000,128,3
engramdb,2598,4419.318,30,1098,56,10000,128,3
engramdb,2599,4395.692,36,1095,56,10000,128,3
engramdb,2600,6073.130,35,1102,56,10000,128,3
engramdb,2601,4356.578,35,1099,56,10000,128,3
engramdb,2602,4538.080,35,1105,56,10000,128,3
engramdb,2603,4352.334,34,1083,56,10000,128,3
engramdb,2604,4477.305,34,1101,56,10000,128,3
engramdb,2605,5302.756,29,1094,56,10000,128,3
engramdb,2606,4504.261,37,1101,56,10000,128,3
engramdb,2607,4364.198,35,1104,56,10000,128,3
engramdb,2608,5026.282,37,1087,56,10000,128,3
engramdb,2609,4619.099,39,1102,56,10000,128,3
engramdb,2610,4632.897,36,1087,56,10000,128,3
engramdb,2611,4547.069,27,1068,56,10000,128,3
engramdb,2612,4643.047,39,1100,56,10000,128,3
engramdb,2613,4454.253,35,1082,56,10000,128,3
engramdb,2614,4588.854,40,1094,56,10000,128,3
engramdb,2615,4601.194,36,1100,56,10000,128,3
engramdb,2616,4522.216,38,1095,56,10000,128,3
engramdb,2617,4509.991,37,1100,56,10000,128,3
engramdb,2618,4565.188,35,1099,56,10000,128,3
engramdb,2619,7587.207,34,1095,56,10000,128,3
engramdb,2620,4630.313,29,1097,56,10000,128,3
engramdb,2621,4542.645,36,1089,56,10000,128,3
engramdb,2622,4521.281,33,1076,56,10000,128,3
engramdb,2623,5370.994,31,1070,56,10000,128,3
engramdb,2624,4458.266,35,1092,56,10000,128,3
engramdb,2625,4482.045,42,1090,56,10000,128,3
engramdb,2626,4547.223,34,1095,56,10000,128,3
engramdb,2627,4836.764,41,1088,56,10000,128,3
engramdb,2628,4140.190,41,1094,56,10000,128,3
engramdb,2629,4142.400,36,1090,56,10000,128,3
engramdb,2630,5145.157,36,1101,56,10000,128,3
engramdb,2631,4384.548,32,1097,56,10000,128,3
engramdb,2632,4497.356,36,1096,56,10000,128,3
engramdb,2633,4324.241,38,1094,56,10000,128,3
engramdb,2634,4287.282,27,1063,56,10000,128,3
engramdb,2635,4346.723,31,1097,56,10000,128,3
engramdb,2636,4739.486,33,1093,56,10000,128,3
engramdb,2637,4354.966,32,1087,56,10000,128,3
engramdb,2638,4255.393,33,1081,56,10000,128,3
engramdb,2639,4282.741,33,1099,56,10000,128,3
engramdb,2640,4495.868,37,1105,56,10000,128,3
engramdb,2641,4512.902,37,1098,56,10000,128,3
engramdb,2642,4357.092,36,1085,56,10000,128,3
engramdb,2643,4378.700,33,1085,56,10000,128,3
engramdb,2644,4228.951,28,1093,56,10000,128,3
engramdb,2645,4676.240,37,1077,56,10000,128,3
engramdb,2646,5737.450,37,1092,56,10000,128,3
engramdb,2647,4554.936,36,1083,56,10000,128,3
engramdb,2648,4670.040,31,1076,56,10000,128,3
engramdb,2649,4537.401,32,1082,56,10000,128,3
engramdb,2650,4553.405,40,1097,56,10000,128,3
engramdb,2651,4524.942,37,1094,56,10000,128,3
engramdb,2652,5624.761,37,1102,56,10000,128,3
engramdb,2653,4650.695,40,1105,56,10000,128,3
engramdb,2654,4560.248,32,1094,56,10000,128,3
engramdb,2655,4567.507,38,1093,56,10000,128,3
engramdb,2656,4563.629,37,1095,56,10000,128,3
engramdb,2657,4582.400,36,1099,56,10000,128,3
engramdb,2658,4573.749,39,1097,56,10000,128,3
engramdb,2659,4478.462,32,1098,56,10000,128,3
engramdb,2660,4365.428,38,1097,56,10000,128,3
engramdb,2661,4645.832,40,1101,56,10000,128,3
engramdb,2662,4408.663,28,1075,56,10000,128,3
engramdb,2663,4535.294,33,1098,56,10000,128,3
engramdb,2664,4612.206,35,1089,56,10000,128,3
engramdb,2665,4580.865,40,1090,56,10000,128,3
engramdb,2666,4437.081,36,1090,56,10000,128,3
engramdb,2667,4238.900,32,1091,56,10000,128,3
engramdb,2668,5678.276,37,1097,56,10000,128,3
engramdb,2669,6402.861,31,1089,56,10000,128,3
engramdb,2670,4087.463,33,1097,56,10000,128,3
engramdb,2671,4058.347,36,1098,56,10000,128,3
engramdb,2672,4117.980,31,1090,56,10000,128,3
engramdb,2673,4186.438,42,1083,56,10000,128,3
engramdb,2674,4533.154,39,1054,56,10000,128,3
engramdb,2675,6519.777,35,1091,56,10000,128,3
engramdb,2676,4181.267,37,1104,56,10000,128,3
engramdb,2677,4151.322,38,1104,56,10000,128,3
engramdb,2678,4096.381,32,1095,56,10000,128,3
engramdb,2679,4164.822,37,1093,56,10000,128,3
engramdb,2680,4066.758,32,1092,56,10000,128,3
engramdb,2681,4102.696,30,1097,56,10000,128,3
engramdb,2682,4342.179,33,1088,56,10000,128,3
engramdb,2683,4143.769,35,1089,56,10000,128,3
engramdb,2684,4169.706,35,1079,56,10000,128,3
engramdb,2685,4302.944,28,1070,56,10000,128,3
engramdb,2686,4421.425,31,1087,56,10000,128,3
engramdb,2687,4178.360,33,1100,56,10000,128,3
engramdb,2688,4312.997,37,1094,56,10000,128,3
engramdb,2689,4166.218,36,1104,56,10000,128,3
engramdb,2690,4146.932,33,1095,56,10000,128,3
engramdb,2691,4377.226,32,1103,56,10000,128,3
engramdb,2692,4301.769,36,1093,56,10000,128,3
engramdb,2693,6511.957,27,1066,56,10000,128,3
engramdb,2694,4151.067,37,1107,56,10000,128,3
engramdb,2695,6461.258,31,1082,56,10000,128,3
engramdb,2696,4339.110,30,1077,56,10000,128,3
engramdb,2697,4277.810,41,1103,56,10000,128,3
engramdb,2698,4378.175,37,1107,56,10000,128,3
engramdb,2699,4622.528,34,1092,56,10000,128,3
engramdb,2700,4532.422,32,1093,56,10000,128,3
engramdb,2701,4497.840,39,1097,56,10000,128,3
engramdb,2702,4548.336,33,1093,56,10000,128,3
engramdb,2703,4565.134,33,1098,56,10000,128,3
engramdb,2704,4405.706,34,1088,56,10000,128,3
engramdb,2705,4475.486,39,1078,56,10000,128,3
engramdb,2706,4119.367,30,1079,56,10000,128,3
engramdb,2707,7995.178,36,1087,56,10000,128,3
engramdb,2708,4768.658,36,1106,56,10000,128,3
engramdb,2709,3518.461,37,1095,56,10000,128,3
engramdb,2710,3452.827,31,1091,56,10000,128,3
engramdb,2711,4185.741,29,1101,56,10000,128,3
engramdb,2712,4222.939,34,1101,56,10000,128,3
engramdb,2713,4366.696,32,1079,56,10000,128,3
engramdb,2714,3926.819,36,1093,56,10000,128,3
engramdb,2715,4320.510,34,1092,56,10000,128,3
engramdb,2716,4360.075,41,1086,56,10000,128,3
engramdb,2717,4350.999,29,1090,56,10000,128,3
engramdb,2718,4492.399,37,1092,56,10000,128,3
engramdb,2719,4308.738,33,1097,56,10000,128,3
engramdb,2720,4316.659,36,1081,56,10000,128,3
engramdb,2721,4522.537,32,1103,56,10000,128,3
engramdb,2722,4366.903,42,1106,56,10000,128,3
engramdb,2723,4318.422,33,1087,56,10000,128,3
engramdb,2724,4307.757,33,1095,56,10000,128,3
engramdb,2725,5892.169,36,1087,56,10000,128,3
engramdb,2726,4341.865,32,1093,56,10000,128,3
engramdb,2727,4362.910,36,1093,56,10000,128,3
engramdb,2728,4286.952,38,1102,56,10000,128,3
engramdb,2729,4472.590,34,1093,56,10000,128,3
engramdb,2730,4500.909,36,1095,56,10000,128,3
engramdb,2731,4351.964,32,1076,56,10000,128,3
engramdb,2732,6339.183,30,1068,56,10000,128,3
engramdb,2733,4348.873,37,1068,56,10000,128,3
engramdb,2734,4486.237,30,1101,56,10000,128,3
engramdb,2735,4244.421,35,1081,56,10000,128,3
engramdb,2736,4152.640,30,1082,56,10000,128,3
engramdb,2737,4545.362,35,1089,56,10000,128,3
engramdb,2738,4475.884,31,1101,56,10000,128,3
engramdb,2739,4013.225,36,1096,56,10000,128,3
engramdb,2740,3887.454,35,1084,56,10000,128,3
engramdb,2741,4373.805,32,1086,56,10000,128,3
engramdb,2742,4516.980,37,1093,56,10000,128,3
engramdb,2743,4125.308,31,1074,56,10000,128,3
engramdb,2744,4079.518,35,1104,56,10000,128,3
engramdb,2745,4367.949,36,1082,56,10000,128,3
engramdb,2746,4296.563,35,1092,56,10000,128,3
engramdb,2747,4193.930,36,1098,56,10000,128,3
engramdb,2748,4082.573,34,1104,56,10000,128,3
engramdb,2749,4313.916,39,1098,56,10000,128,3
engramdb,2750,4396.975,36,1106,56,10000,128,3
engramdb,2751,3964.156,29,1085,56,10000,128,3
engramdb,2752,4189.562,39,1089,56,10000,128,3
engramdb,2753,5169.224,39,1104,56,10000,128,3
engramdb,2754,4378.426,35,1092,56,10000,128,3
engramdb,2755,4625.740,38,1091,56,10000,128,3
engramdb,2756,3827.562,34,1089,56,10000,128,3
engramdb,2757,3734.259,34,1104,56,10000,128,3
engramdb,2758,5464.364,31,1094,56,10000,128,3
engramdb,2759,4523.500,36,1095,56,10000,128,3
engramdb,2760,3728.329,43,1101,56,10000,128,3
engramdb,2761,3845.895,38,1103,56,10000,128,3
engramdb,2762,3886.535,33,1084,56,10000,128,3
engramdb,2763,3956.686,41,1094,56,10000,128,3
engramdb,2764,3665.340,39,1088,56,10000,128,3
engramdb,2765,3857.194,37,1099,56,10000,128,3
engramdb,2766,4002.876,36,1093,56,10000,128,3
engramdb,2767,4136.561,36,1093,56,10000,128,3
engramdb,2768,4216.365,39,1101,56,10000,128,3
engramdb,2769,4717.154,38,1065,56,10000,128,3
engramdb,2770,4325.755,29,1098,56,10000,128,3
engramdb,2771,4364.030,30,1072,56,10000,128,3
engramdb,2772,4401.310,37,1097,56,10000,128,3
engramdb,2773,4368.001,32,1079,56,10000,128,3
engramdb,2774,4176.059,42,1073,56,10000,128,3
engramdb,2775,4066.409,29,1096,56,10000,128,3
engramdb,2776,4399.157,30,1096,56,10000,128,3
engramdb,2777,4302.451,33,1092,56,10000,128,3
engramdb,2778,4166.465,36,1090,56,10000,128,3
engramdb,2779,3833.832,38,1105,56,10000,128,3
engramdb,2780,3619.356,39,1103,56,10000,128,3
engramdb,2781,3677.065,30,1101,55,10000,128,3
engramdb,2782,3626.479,37,1072,56,10000,128,3
engramdb,2783,4495.658,37,1074,56,10000,128,3
engramdb,2784,3867.880,35,1079,56,10000,128,3
engramdb,2785,3608.562,32,1082,56,10000,128,3
engramdb,2786,3659.154,33,1088,56,10000,128,3
engramdb,2787,3836.892,36,1096,56,10000,128,3
engramdb,2788,3726.768,32,1086,56,10000,128,3
engramdb,2789,3588.607,35,1088,56,10000,128,3
engramdb,2790,3579.445,33,1102,56,10000,128,3
engramdb,2791,3756.411,45,1103,56,10000,128,3
engramdb,2792,3957.210,36,1089,56,10000,128,3
engramdb,2793,4323.675,34,1073,56,10000,128,3
engramdb,2794,4329.237,33,1079,56,10000,128,3
engramdb,2795,4275.334,38,1099,56,10000,128,3
engramdb,2796,4027.945,41,1100,56,10000,128,3
engramdb,2797,4312.892,37,1084,56,10000,128,3
engramdb,2798,4285.812,30,1102,56,10000,128,3
engramdb,2799,4197.958,35,1089,56,10000,128,3
engramdb,2800,3965.552,36,1099,56,10000,128,3
engramdb,2801,4504.329,33,1077,56,10000,128,3
engramdb,2802,4151.436,35,1089,56,10000,128,3
engramdb,2803,3988.024,31,1086,56,10000,128,3
engramdb,2804,3597.781,42,1105,56,10000,128,3
engramdb,2805,3368.953,41,1085,56,10000,128,3
engramdb,2806,3398.948,34,1096,56,10000,128,3
engramdb,2807,3396.872,37,1085,56,10000,128,3
engramdb,2808,3707.163,35,1101,56,10000,128,3
engramdb,2809,5322.423,34,1077,56,10000,128,3
engramdb,2810,5466.326,33,1088,56,10000,128,3
engramdb,2811,5862.381,36,1084,56,10000,128,3
engramdb,2812,5001.496,41,1090,56,10000,128,3
engramdb,2813,4563.397,29,1036,56,10000,128,3
engramdb,2814,4207.737,30,1091,56,10000,128,3
engramdb,2815,4448.320,34,1093,56,10000,128,3
engramdb,2816,3762.467,40,1074,56,10000,128,3
engramdb,2817,3763.939,29,1084,56,10000,128,3
engramdb,2818,3428.125,34,1094,56,10000,128,3
engramdb,2819,3585.848,36,1100,56,10000,128,3
engramdb,2820,3817.899,38,1101,56,10000,128,3
engramdb,2821,3364.390,35,1099,55,10000,128,3
engramdb,2822,3432.150,34,1101,56,10000,128,3
engramdb,2823,4923.931,37,1086,56,10000,128,3
engramdb,2824,3841.983,34,1091,56,10000,128,3
engramdb,2825,3462.699,33,1065,56,10000,128,3
engramdb,2826,3718.242,35,1098,56,10000,128,3
engramdb,2827,3611.458,31,1102,56,10000,128,3
engramdb,2828,3848.682,36,1092,56,10000,128,3
engramdb,2829,3396.084,35,1084,56,10000,128,3
engramdb,2830,3966.066,42,1072,56,10000,128,3
engramdb,2831,3470.642,32,1098,56,10000,128,3
engramdb,2832,3399.271,40,1094,56,10000,128,3
engramdb,2833,3836.726,31,1065,56,10000,128,3
engramdb,2834,3351.114,36,1075,56,10000,128,3
engramdb,2835,3418.835,38,1065,55,10000,128,3
engramdb,2836,3354.261,34,1042,56,10000,128,3
engramdb,2837,4065.373,35,1098,56,10000,128,3
engramdb,2838,4511.563,40,1092,56,10000,128,3
engramdb,2839,3661.973,41,1100,56,10000,128,3
engramdb,2840,3555.444,38,1095,56,10000,128,3
engramdb,2841,3813.855,37,1099,56,10000,128,3
engramdb,2842,4045.990,38,1100,56,10000,128,3
engramdb,2843,3373.854,38,1101,56,10000,128,3
engramdb,2844,3409.327,33,1097,56,10000,128,3
engramdb,2845,3378.677,29,1091,56,10000,128,3
engramdb,2846,3645.010,28,1086,56,10000,128,3
engramdb,2847,3990.146,32,1074,56,10000,128,3
engramdb,2848,4424.793,39,1099,56,10000,128,3
engramdb,2849,5265.938,34,1082,56,10000,128,3
engramdb,2850,4032.307,34,1072,56,10000,128,3
engramdb,2851,3837.068,32,1086,56,10000,128,3
engramdb,2852,8273.714,42,1095,56,10000,128,3
engramdb,2853,3834.345,31,1080,56,10000,128,3
engramdb,2854,4075.989,40,1091,56,10000,128,3
engramdb,2855,5246.893,33,1094,56,10000,128,3
engramdb,2856,4657.489,37,1088,56,10000,128,3
engramdb,2857,4050.321,37,1083,56,10000,128,3
engramdb,2858,3453.703,35,1101,56,10000,128,3
engramdb,2859,3615.590,35,1102,56,10000,128,3
engramdb,2860,3618.326,37,1086,56,10000,128,3
engramdb,2861,4013.800,30,1091,56,10000,128,3
engramdb,2862,3532.099,45,1108,56,10000,128,3
engramdb,2863,4242.904,35,1094,56,10000,128,3
engramdb,2864,3720.428,38,1093,56,10000,128,3
engramdb,2865,3754.885,34,1089,56,10000,128,3
engramdb,2866,3921.523,38,1093,56,10000,128,3
engramdb,2867,3536.840,40,1096,56,10000,128,3
engramdb,2868,4234.782,43,1095,56,10000,128,3
engramdb,2869,4494.777,39,1103,56,10000,128,3
engramdb,2870,3942.763,29,1101,56,10000,128,3
engramdb,2871,3632.827,31,1105,56,10000,128,3
engramdb,2872,3619.174,31,1097,56,10000,128,3
engramdb,2873,3596.836,35,1062,56,10000,128,3
engramdb,2874,3748.831,37,1054,56,10000,128,3
engramdb,2875,4700.798,32,1049,56,10000,128,3
engramdb,2876,4393.911,26,1031,56,10000,128,3
engramdb,2877,4248.564,33,1083,56,10000,128,3
engramdb,2878,5257.254,31,1099,56,10000,128,3
engramdb,2879,4236.462,32,1096,56,10000,128,3
engramdb,2880,4788.337,34,1086,56,10000,128,3
engramdb,2881,4743.269,38,1094,56,10000,128,3
engramdb,2882,3907.909,35,1083,56,10000,128,3
engramdb,2883,4202.426,31,1090,56,10000,128,3
engramdb,2884,4632.134,34,1085,56,10000,128,3
engramdb,2885,3970.329,36,1095,56,10000,128,3
engramdb,2886,4194.254,31,1059,56,10000,128,3
engramdb,2887,4291.034,35,1068,56,10000,128,3
engramdb,2888,4317.120,39,1072,56,10000,128,3
engramdb,2889,3961.932,32,1103,56,10000,128,3
engramdb,2890,4123.718,34,1092,56,10000,128,3
engramdb,2891,4330.657,37,1108,56,10000,128,3
engramdb,2892,4103.680,37,1090,56,10000,128,3
engramdb,2893,3786.965,41,1105,56,10000,128,3
engramdb,2894,3854.438,27,1103,56,10000,128,3
engramdb,2895,4170.402,37,1100,56,10000,128,3
engramdb,2896,4159.899,41,1106,56,10000,128,3
engramdb,2897,3801.819,39,1097,56,10000,128,3
engramdb,2898,3371.800,31,1073,56,10000,128,3
engramdb,2899,3389.455,41,1080,56,10000,128,3
engramdb,2900,3550.818,41,1068,56,10000,128,3
engramdb,2901,4369.280,35,1067,56,10000,128,3
engramdb,2902,4338.706,33,1094,56,10000,128,3
engramdb,2903,6987.087,29,1080,56,10000,128,3
engramdb,2904,4631.202,32,1084,56,10000,128,3
engramdb,2905,4012.721,37,1096,56,10000,128,3
engramdb,2906,4425.587,34,1104,56,10000,128,3
engramdb,2907,4347.263,35,1089,56,10000,128,3
engramdb,2908,4335.173,32,1098,56,10000,128,3
engramdb,2909,3899.480,37,1082,56,10000,128,3
engramdb,2910,3555.999,37,1092,56,10000,128,3
engramdb,2911,3551.847,31,1063,56,10000,128,3
engramdb,2912,3618.325,38,1058,56,10000,128,3
engramdb,2913,3892.844,39,1091,56,10000,128,3
engramdb,2914,3769.406,36,1103,56,10000,128,3
engramdb,2915,3608.478,38,1073,56,10000,128,3
engramdb,2916,3597.400,34,1093,56,10000,128,3
engramdb,2917,3609.652,36,1057,56,10000,128,3
engramdb,2918,4015.057,44,1092,56,10000,128,3
engramdb,2919,3769.693,32,1086,56,10000,128,3
engramdb,2920,3704.481,33,1100,56,10000,128,3
engramdb,2921,4015.208,32,1095,56,10000,128,3
engramdb,2922,3996.537,35,1089,56,10000,128,3
engramdb,2923,3537.213,39,1090,56,10000,128,3
engramdb,2924,3421.456,37,1108,56,10000,128,3
engramdb,2925,3425.154,34,1103,56,10000,128,3
engramdb,2926,3804.347,32,1099,56,10000,128,3
engramdb,2927,3880.218,36,1082,56,10000,128,3
engramdb,2928,3405.573,38,1090,56,10000,128,3
engramdb,2929,3407.233,34,1093,56,10000,128,3
engramdb,2930,3428.146,34,1079,56,10000,128,3
engramdb,2931,3487.037,36,1091,56,10000,128,3
engramdb,2932,6045.816,39,1103,56,10000,128,3
engramdb,2933,3769.892,40,1094,56,10000,128,3
engramdb,2934,3478.031,35,1085,56,10000,128,3
engramdb,2935,3800.324,32,1083,56,10000,128,3
engramdb,2936,3540.183,38,1088,56,10000,128,3
engramdb,2937,3455.293,28,1036,56,10000,128,3
engramdb,2938,3402.333,38,1032,56,10000,128,3
engramdb,2939,3440.535,37,1085,56,10000,128,3
engramdb,2940,3862.891,38,1091,56,10000,128,3
engramdb,2941,3461.160,24,1103,56,10000,128,3
engramdb,2942,3476.782,33,1046,56,10000,128,3
engramdb,2943,3450.472,38,1097,56,10000,128,3
engramdb,2944,3565.565,39,1092,56,10000,128,3
engramdb,2945,4455.119,31,1087,56,10000,128,3
engramdb,2946,3650.221,33,1105,56,10000,128,3
engramdb,2947,3602.400,35,1097,56,10000,128,3
engramdb,2948,3788.186,38,1095,56,10000,128,3
engramdb,2949,4055.949,32,1102,56,10000,128,3
engramdb,2950,3723.335,33,1095,56,10000,128,3
engramdb,2951,3712.237,41,1100,56,10000,128,3
engramdb,2952,3752.495,30,1095,56,10000,128,3
engramdb,2953,3933.700,28,1094,56,10000,128,3
engramdb,2954,5018.377,34,1069,56,10000,128,3
engramdb,2955,4360.221,34,1086,56,10000,128,3
engramdb,2956,5441.423,43,1098,56,10000,128,3
engramdb,2957,4439.018,38,1090,56,10000,128,3
engramdb,2958,4364.490,37,1092,56,10000,128,3
engramdb,2959,4369.305,34,1106,56,10000,128,3
engramdb,2960,4065.917,36,1101,56,10000,128,3
engramdb,2961,4148.900,36,1105,56,10000,128,3
engramdb,2962,4486.412,33,1091,56,10000,128,3
engramdb,2963,4174.217,35,1092,56,10000,128,3
engramdb,2964,4199.425,36,1084,56,10000,128,3
engramdb,2965,3806.555,36,1094,56,10000,128,3
engramdb,2966,3591.245,37,1066,56,10000,128,3
engramdb,2967,3635.931,34,1082,56,10000,128,3
engramdb,2968,3647.130,36,1090,56,10000,128,3
engramdb,2969,3997.044,41,1090,56,10000,128,3
engramdb,2970,3646.849,39,1105,56,10000,128,3
engramdb,2971,3580.553,26,1101,56,10000,128,3
engramdb,2972,3657.760,33,1094,56,10000,128,3
engramdb,2973,3727.021,31,1080,56,10000,128,3
engramdb,2974,3878.742,39,1049,56,10000,128,3
engramdb,2975,4156.811,36,1100,56,10000,128,3
engramdb,2976,4452.650,36,1095,56,10000,128,3
engramdb,2977,4576.122,27,1083,56,10000,128,3
engramdb,2978,3486.599,26,1090,56,10000,128,3
engramdb,2979,3696.556,37,1101,56,10000,128,3
engramdb,2980,3811.330,28,1090,56,10000,128,3
engramdb,2981,5793.262,37,1100,56,10000,128,3
engramdb,2982,5460.474,31,1104,56,10000,128,3
engramdb,2983,4213.472,39,1096,56,10000,128,3
engramdb,2984,6676.266,32,1066,56,10000,128,3
engramdb,2985,3483.245,32,1066,56,10000,128,3
engramdb,2986,3437.268,25,1096,56,10000,128,3
engramdb,2987,3432.640,45,1096,56,10000,128,3
engramdb,2988,3468.720,34,1104,56,10000,128,3
engramdb,2989,3907.981,34,1090,56,10000,128,3
engramdb,2990,4664.440,39,1092,56,10000,128,3
engramdb,2991,3655.045,40,1083,56,10000,128,3
engramdb,2992,3568.855,36,1089,56,10000,128,3
engramdb,2993,4431.363,29,1062,56,10000,128,3
engramdb,2994,6992.831,40,1091,56,10000,128,3
engramdb,2995,6479.079,37,1074,56,10000,128,3
engramdb,2996,7433.257,36,1065,56,10000,128,3
engramdb,2997,5155.928,30,1075,56,10000,128,3
engramdb,2998,7728.008,35,1087,56,10000,128,3
engramdb,2999,4947.756,37,1082,56,10000,128,3
engramdb,3000,4430.909,39,1104,56,10000,128,3
engramdb,3001,4542.088,36,1100,56,10000,128,3
engramdb,3002,4368.940,32,1098,56,10000,128,3
engramdb,3003,4605.446,35,1077,56,10000,128,3
engramdb,3004,4489.245,31,1082,56,10000,128,3
engramdb,3005,4400.194,35,1070,56,10000,128,3
engramdb,3006,4389.632,37,1099,56,10000,128,3
engramdb,3007,4337.088,41,1088,56,10000,128,3
engramdb,3008,4497.758,36,1101,56,10000,128,3
engramdb,3009,5030.757,34,1092,56,10000,128,3
engramdb,3010,4430.331,29,1099,56,10000,128,3
engramdb,3011,4298.720,35,1098,56,10000,128,3
engramdb,3012,4468.031,40,1102,56,10000,128,3
engramdb,3013,6470.508,35,1093,56,10000,128,3
engramdb,3014,4388.657,37,1095,56,10000,128,3
engramdb,3015,4428.643,34,1087,56,10000,128,3
engramdb,3016,4061.313,35,1095,56,10000,128,3
engramdb,3017,4893.509,40,1108,56,10000,128,3
engramdb,3018,4344.080,39,1069,56,10000,128,3
engramdb,3019,4302.902,34,1078,56,10000,128,3
engramdb,3020,4302.769,39,1099,56,10000,128,3
engramdb,3021,4375.486,32,1095,56,10000,128,3
engramdb,3022,4374.611,33,1075,56,10000,128,3
engramdb,3023,4267.579,31,1084,56,10000,128,3
engramdb,3024,4336.353,40,1075,56,10000,128,3
engramdb,3025,4315.581,31,1080,56,10000,128,3
engramdb,3026,4396.383,36,1091,56,10000,128,3
engramdb,3027,4218.141,32,1091,56,10000,128,3
engramdb,3028,4322.670,42,1087,56,10000,128,3
engramdb,3029,4186.768,30,1098,56,10000,128,3
engramdb,3030,4192.993,33,1099,56,10000,128,3
engramdb,3031,4279.245,35,1089,56,10000,128,3
engramdb,3032,4199.898,40,1089,56,10000,128,3
engramdb,3033,4265.963,35,1100,56,10000,128,3
engramdb,3034,4217.687,36,1105,56,10000,128,3
engramdb,3035,4265.557,37,1061,56,10000,128,3
engramdb,3036,4982.376,33,1039,56,10000,128,3
engramdb,3037,4303.491,34,1081,56,10000,128,3
engramdb,3038,4165.839,31,1095,56,10000,128,3
engramdb,3039,4140.897,40,1104,56,10000,128,3
engramdb,3040,4174.312,38,1098,56,10000,128,3
engramdb,3041,4369.550,32,1103,56,10000,128,3
engramdb,3042,4447.593,34,1089,56,10000,128,3
engramdb,3043,4380.721,29,1097,56,10000,128,3
engramdb,3044,6338.640,36,1079,56,10000,128,3
engramdb,3045,4351.522,34,1086,56,10000,128,3
engramdb,3046,4424.448,38,1102,56,10000,128,3
engramdb,3047,4006.313,27,1074,56,10000,128,3
engramdb,3048,4148.861,35,1101,56,10000,128,3
engramdb,3049,4258.200,33,1093,56,10000,128,3
engramdb,3050,5632.284,41,1088,56,10000,128,3
engramdb,3051,4303.205,36,1109,56,10000,128,3
engramdb,3052,4306.042,43,1098,56,10000,128,3
engramdb,3053,4504.338,27,1105,56,10000,128,3
engramdb,3054,4465.176,34,1076,56,10000,128,3
engramdb,3055,4414.177,31,1080,56,10000,128,3
engramdb,3056,4399.303,33,1080,56,10000,128,3
engramdb,3057,4223.802,36,1098,56,10000,128,3
engramdb,3058,4673.545,36,1102,56,10000,128,3
engramdb,3059,4276.740,32,1092,56,10000,128,3
engramdb,3060,4462.063,38,1087,56,10000,128,3
engramdb,3061,4285.064,27,1072,56,10000,128,3
engramdb,3062,4260.682,39,1094,56,10000,128,3
engramdb,3063,4293.676,40,1086,56,10000,128,3
engramdb,3064,5519.039,41,1091,56,10000,128,3
engramdb,3065,4260.504,33,1097,56,10000,128,3
engramdb,3066,4250.019,33,1045,56,10000,128,3
engramdb,3067,4191.778,38,1097,56,10000,128,3
engramdb,3068,4240.914,38,1101,56,10000,128,3
engramdb,3069,4708.460,31,1093,56,10000,128,3
engramdb,3070,4438.760,41,1088,56,10000,128,3
engramdb,3071,4501.198,30,1066,56,10000,128,3
engramdb,3072,4330.473,34,1091,56,10000,128,3
engramdb,3073,4213.830,34,1103,56,10000,128,3
engramdb,3074,4437.100,32,1091,56,10000,128,3
engramdb,3075,4354.814,35,1087,56,10000,128,3
engramdb,3076,6370.565,36,1083,56,10000,128,3
engramdb,3077,4307.440,39,1052,56,10000,128,3
engramdb,3078,4372.854,36,1078,56,10000,128,3
engramdb,3079,4347.490,37,1096,56,10000,128,3
engramdb,3080,4277.219,34,1085,56,10000,128,3
engramdb,3081,4319.129,29,1096,56,10000,128,3
engramdb,3082,4229.915,40,1089,56,10000,128,3
engramdb,3083,4179.188,40,1084,56,10000,128,3
engramdb,3084,4256.197,32,1097,56,10000,128,3
engramdb,3085,5535.059,23,1088,56,10000,128,3
engramdb,3086,4237.367,35,1089,56,10000,128,3
engramdb,3087,4408.638,33,1055,56,10000,128,3
engramdb,3088,4401.336,35,1094,56,10000,128,3
engramdb,3089,6095.362,34,1089,56,10000,128,3
engramdb,3090,4495.951,36,1086,56,10000,128,3
engramdb,3091,4367.340,37,1091,56,10000,128,3
engramdb,3092,4328.368,35,1093,56,10000,128,3
engramdb,3093,4206.431,36,1084,56,10000,128,3
engramdb,3094,4415.487,35,1098,56,10000,128,3
engramdb,3095,5392.347,33,1090,56,10000,128,3
engramdb,3096,5920.105,37,1093,56,10000,128,3
engramdb,3097,4351.854,40,1090,56,10000,128,3
engramdb,3098,4350.495,32,1093,56,10000,128,3
engramdb,3099,4339.977,38,1098,56,10000,128,3
engramdb,3100,4311.293,35,1083,56,10000,128,3
engramdb,3101,4352.735,38,1086,56,10000,128,3
engramdb,3102,5345.213,31,1032,56,10000,128,3
engramdb,3103,4328.719,32,1067,56,10000,128,3
engramdb,3104,4370.511,36,1099,56,10000,128,3
engramdb,3105,5223.574,36,1081,56,10000,128,3
engramdb,3106,4399.215,35,1082,56,10000,128,3
engramdb,3107,4287.285,40,1090,56,10000,128,3
engramdb,3108,4414.208,43,1093,56,10000,128,3
engramdb,3109,4131.147,32,1099,56,10000,128,3
engramdb,3110,4183.771,33,1092,56,10000,128,3
engramdb,3111,4122.171,38,1093,56,10000,128,3
engramdb,3112,4143.967,35,1101,56,10000,128,3
engramdb,3113,4080.541,36,1061,56,10000,128,3
engramdb,3114,4123.730,31,1067,56,10000,128,3
engramdb,3115,4089.542,38,1101,56,10000,128,3
engramdb,3116,4171.420,32,1100,56,10000,128,3
engramdb,3117,4841.825,34,1062,56,10000,128,3
engramdb,3118,4171.421,32,1078,56,10000,128,3
engramdb,3119,4930.893,36,1098,56,10000,128,3
engramdb,3120,4008.116,36,1088,56,10000,128,3
engramdb,3121,3954.727,37,1084,56,10000,128,3
engramdb,3122,4020.062,34,1096,56,10000,128,3
engramdb,3123,3924.076,35,1084,56,10000,128,3
engramdb,3124,3993.111,40,1085,56,10000,128,3
engramdb,3125,3925.106,31,1094,56,10000,128,3
engramdb,3126,4185.586,37,1053,56,10000,128,3
engramdb,3127,4158.557,40,1105,56,10000,128,3
engramdb,3128,4845.205,31,1069,56,10000,128,3
engramdb,3129,4232.813,32,1095,56,10000,128,3
engramdb,3130,4278.733,33,1095,56,10000,128,3
engramdb,3131,4333.028,38,1103,55,10000,128,3
engramdb,3132,4271.506,35,1082,56,10000,128,3
engramdb,3133,4266.381,24,1094,56,10000,128,3
engramdb,3134,6203.419,42,1091,56,10000,128,3
engramdb,3135,4090.026,37,1097,56,10000,128,3
engramdb,3136,6798.160,34,1093,56,10000,128,3
engramdb,3137,4063.615,28,1088,56,10000,128,3
engramdb,3138,4116.570,32,1096,56,10000,128,3
engramdb,3139,4550.973,40,1062,56,10000,128,3
engramdb,3140,4247.544,37,1083,56,10000,128,3
engramdb,3141,4442.795,31,1081,56,10000,128,3
engramdb,3142,4351.383,25,1088,56,10000,128,3
engramdb,3143,4283.026,35,1105,56,10000,128,3
engramdb,3144,4299.250,37,1101,56,10000,128,3
engramdb,3145,4123.602,37,1091,56,10000,128,3
engramdb,3146,4191.205,34,1102,56,10000,128,3
engramdb,3147,4517.472,32,1098,56,10000,128,3
engramdb,3148,4662.071,30,1080,56,10000,128,3
engramdb,3149,4486.159,33,1091,56,10000,128,3
engramdb,3150,4255.724,32,1101,56,10000,128,3
engramdb,3151,4335.670,36,1107,56,10000,128,3
engramdb,3152,4217.463,40,1104,56,10000,128,3
engramdb,3153,4210.911,33,1075,56,10000,128,3
engramdb,3154,6263.356,36,1082,56,10000,128,3
engramdb,3155,5113.312,32,1098,56,10000,128,3
engramdb,3156,4088.124,37,1089,56,10000,128,3
engramdb,3157,4095.606,39,1095,56,10000,128,3
engramdb,3158,7585.081,37,1096,56,10000,128,3
engramdb,3159,4424.188,38,1081,56,10000,128,3
engramdb,3160,4622.548,42,1096,56,10000,128,3
engramdb,3161,4067.672,28,1097,56,10000,128,3
engramdb,3162,4204.881,35,1100,56,10000,128,3
engramdb,3163,4341.764,35,1094,56,10000,128,3
engramdb,3164,8855.493,36,1074,56,10000,128,3
engramdb,3165,4495.978,35,1037,56,10000,128,3
engramdb,3166,4259.706,34,1091,56,10000,128,3
engramdb,3167,5212.038,44,1064,56,10000,128,3
engramdb,3168,4253.471,42,1057,56,10000,128,3
engramdb,3169,4236.177,33,1089,56,10000,128,3
engramdb,3170,4201.113,35,1103,56,10000,128,3
engramdb,3171,5127.253,32,1073,56,10000,128,3
engramdb,3172,5261.937,36,1107,56,10000,128,3
engramdb,3173,4346.796,36,1093,56,10000,128,3
engramdb,3174,4574.304,35,1097,56,10000,128,3
engramdb,3175,3764.049,32,1058,56,10000,128,3
engramdb,3176,3987.096,31,1063,56,10000,128,3
engramdb,3177,4064.926,37,1097,56,10000,128,3
engramdb,3178,4037.366,37,1103,56,10000,128,3
engramdb,3179,3993.326,37,1055,56,10000,128,3
engramdb,3180,3921.153,29,1093,56,10000,128,3
engramdb,3181,4078.428,32,1090,56,10000,128,3
engramdb,3182,4073.087,39,1098,56,10000,128,3
engramdb,3183,4247.706,40,1090,56,10000,128,3
engramdb,3184,4318.219,36,1104,56,10000,128,3
engramdb,3185,4356.544,33,1091,56,10000,128,3
engramdb,3186,4443.152,36,1097,56,10000,128,3
engramdb,3187,4203.602,35,1096,56,10000,128,3
engramdb,3188,4198.839,35,1104,56,10000,128,3
engramdb,3189,4194.377,32,1097,56,10000,128,3
engramdb,3190,4184.094,41,1092,56,10000,128,3
engramdb,3191,4184.051,37,1106,56,10000,128,3
engramdb,3192,4448.816,34,1095,56,10000,128,3
engramdb,3193,4282.961,32,1099,56,10000,128,3
engramdb,3194,4121.719,37,1095,56,10000,128,3
engramdb,3195,8874.020,36,1075,56,10000,128,3
engramdb,3196,5681.021,38,1100,56,10000,128,3
engramdb,3197,4319.049,32,1096,56,10000,128,3
engramdb,3198,4496.876,32,1098,56,10000,128,3
engramdb,3199,4375.460,37,1092,56,10000,128,3
engramdb,3200,4330.042,34,1101,56,10000,128,3
engramdb,3201,4523.792,38,1093,56,10000,128,3
engramdb,3202,4380.530,30,1098,56,10000,128,3
engramdb,3203,4360.260,39,1092,56,10000,128,3
engramdb,3204,5165.947,40,1067,56,10000,128,3
engramdb,3205,10976.271,33,1062,56,10000,128,3
engramdb,3206,7707.851,30,1095,56,10000,128,3
engramdb,3207,4389.262,37,1082,56,10000,128,3
engramdb,3208,4446.574,35,1087,56,10000,128,3
engramdb,3209,4430.586,35,1091,56,10000,128,3
engramdb,3210,4708.119,37,1078,56,10000,128,3
engramdb,3211,4264.837,44,1098,56,10000,128,3
engramdb,3212,6611.779,33,1101,56,10000,128,3
engramdb,3213,4253.800,26,1101,56,10000,128,3
engramdb,3214,4120.125,39,1105,56,10000,128,3
engramdb,3215,4140.136,36,1091,56,10000,128,3
engramdb,3216,4111.131,38,1050,56,10000,128,3
engramdb,3217,4136.552,36,1101,56,10000,128,3
engramdb,3218,4050.182,32,1094,55,10000,128,3
engramdb,3219,4152.081,34,1098,56,10000,128,3
engramdb,3220,3997.394,36,1076,55,10000,128,3
engramdb,3221,4226.205,31,1105,56,10000,128,3
engramdb,3222,4735.703,38,1095,56,10000,128,3
engramdb,3223,4404.968,33,1099,56,10000,128,3
engramdb,3224,5282.240,35,1076,56,10000,128,3
engramdb,3225,4556.525,30,1099,56,10000,128,3
engramdb,3226,4422.746,38,1085,56,10000,128,3
engramdb,3227,4216.254,39,1072,56,10000,128,3
engramdb,3228,4257.411,32,1086,56,10000,128,3
engramdb,3229,5017.685,45,1081,56,10000,128,3
engramdb,3230,4370.686,39,1092,56,10000,128,3
engramdb,3231,4648.084,34,1088,56,10000,128,3
engramdb,3232,4549.499,35,1092,56,10000,128,3
engramdb,3233,4491.725,36,1097,56,10000,128,3
engramdb,3234,4153.192,35,1082,56,10000,128,3
engramdb,3235,4058.042,36,1104,56,10000,128,3
engramdb,3236,4472.555,34,1100,56,10000,128,3
engramdb,3237,4324.651,31,1089,56,10000,128,3
engramdb,3238,4438.678,36,1087,56,10000,128,3
engramdb,3239,4319.647,33,1099,56,10000,128,3
engramdb,3240,4663.779,31,1080,56,10000,128,3
engramdb,3241,4461.042,36,1097,56,10000,128,3
engramdb,3242,4457.006,39,1095,56,10000,128,3
engramdb,3243,4340.586,34,1103,56,10000,128,3
engramdb,3244,4597.293,38,1095,56,10000,128,3
engramdb,3245,4316.900,32,1094,56,10000,128,3
engramdb,3246,4389.913,35,1059,56,10000,128,3
engramdb,3247,4465.857,32,1088,56,10000,128,3
engramdb,3248,3988.410,37,1099,56,10000,128,3
engramdb,3249,4474.989,28,1084,56,10000,128,3
engramdb,3250,4790.139,31,1100,56,10000,128,3
engramdb,3251,4382.246,32,1079,56,10000,128,3
engramdb,3252,4484.429,31,1088,56,10000,128,3
engramdb,3253,4314.900,32,1101,56,10000,128,3
engramdb,3254,4383.598,33,1087,56,10000,128,3
engramdb,3255,4185.560,37,1078,56,10000,128,3
engramdb,3256,4666.380,34,1090,56,10000,128,3
engramdb,3257,4065.971,38,1089,56,10000,128,3
engramdb,3258,4051.981,36,1103,55,10000,128,3
engramdb,3259,5273.123,42,1102,56,10000,128,3
engramdb,3260,4360.426,32,1085,56,10000,128,3
engramdb,3261,4339.321,30,1102,56,10000,128,3
engramdb,3262,4163.460,36,1075,56,10000,128,3
engramdb,3263,4054.455,37,1097,56,10000,128,3
engramdb,3264,4138.645,28,1088,56,10000,128,3
engramdb,3265,4114.454,32,1099,56,10000,128,3
engramdb,3266,4594.244,35,1085,56,10000,128,3
engramdb,3267,5356.455,39,1081,56,10000,128,3
engramdb,3268,4426.563,38,1078,56,10000,128,3
engramdb,3269,4375.438,27,1088,56,10000,128,3
engramdb,3270,4324.032,36,1090,56,10000,128,3
engramdb,3271,4368.409,36,1096,56,10000,128,3
engramdb,3272,4594.556,37,1094,56,10000,128,3
engramdb,3273,4326.930,36,1091,56,10000,128,3
engramdb,3274,4176.414,34,1093,56,10000,128,3
engramdb,3275,4670.640,34,1054,56,10000,128,3
engramdb,3276,4619.061,33,1097,56,10000,128,3
engramdb,3277,4425.415,32,1072,56,10000,128,3
engramdb,3278,4376.720,34,1094,56,10000,128,3
engramdb,3279,4543.360,35,1093,56,10000,128,3
engramdb,3280,4514.307,35,1102,56,10000,128,3
engramdb,3281,4319.938,29,1090,56,10000,128,3
engramdb,3282,4557.835,32,1082,56,10000,128,3
engramdb,3283,4598.491,40,1104,56,10000,128,3
engramdb,3284,4739.890,32,1103,56,10000,128,3
engramdb,3285,4565.557,32,1076,56,10000,128,3
engramdb,3286,4626.806,34,1089,56,10000,128,3
engramdb,3287,4798.687,40,1089,56,10000,128,3
engramdb,3288,4428.424,29,1088,56,10000,128,3
engramdb,3289,4454.253,36,1082,56,10000,128,3
engramdb,3290,4283.178,35,1101,56,10000,128,3
engramdb,3291,4137.389,43,1105,56,10000,128,3
engramdb,3292,4213.266,38,1087,56,10000,128,3
engramdb,3293,4937.691,30,1099,56,10000,128,3
engramdb,3294,4550.381,29,1093,56,10000,128,3
engramdb,3295,4380.219,32,1092,56,10000,128,3
engramdb,3296,4453.633,35,1091,56,10000,128,3
engramdb,3297,4383.670,27,1090,56,10000,128,3
engramdb,3298,4300.335,34,1092,56,10000,128,3
engramdb,3299,4212.366,40,1103,56,10000,128,3
engramdb,3300,6447.252,36,1094,56,10000,128,3
engramdb,3301,4298.417,27,1084,56,10000,128,3
engramdb,3302,4547.960,31,1098,56,10000,128,3
engramdb,3303,4333.392,35,1099,56,10000,128,3
engramdb,3304,4233.426,40,1096,56,10000,128,3
engramdb,3305,4305.571,32,1098,56,10000,128,3
engramdb,3306,5944.316,37,1093,56,10000,128,3
engramdb,3307,5831.159,30,1064,56,10000,128,3
engramdb,3308,4429.057,34,1100,56,10000,128,3
engramdb,3309,4447.625,34,1098,56,10000,128,3
engramdb,3310,4330.942,34,1101,56,10000,128,3
engramdb,3311,4356.072,35,1083,56,10000,128,3
engramdb,3312,4310.428,32,1098,56,10000,128,3
engramdb,3313,4376.107,31,1102,56,10000,128,3
engramdb,3314,4277.576,35,1095,56,10000,128,3
engramdb,3315,4409.131,33,1100,56,10000,128,3
engramdb,3316,4481.659,33,1086,56,10000,128,3
engramdb,3317,4263.301,39,1098,56,10000,128,3
engramdb,3318,5455.011,30,1100,56,10000,128,3
engramdb,3319,4485.074,36,1098,56,10000,128,3
engramdb,3320,4473.401,27,1096,56,10000,128,3
engramdb,3321,4738.412,35,1095,56,10000,128,3
engramdb,3322,4630.999,40,1097,56,10000,128,3
engramdb,3323,4527.992,36,1103,56,10000,128,3
engramdb,3324,6342.347,36,1092,56,10000,128,3
engramdb,3325,4412.248,36,1093,56,10000,128,3
engramdb,3326,4360.768,33,1093,56,10000,128,3
engramdb,3327,4454.043,40,1075,56,10000,128,3
engramdb,3328,4379.724,34,1054,56,10000,128,3
engramdb,3329,4373.489,33,1079,56,10000,128,3
engramdb,3330,4366.265,37,1099,56,10000,128,3
engramdb,3331,4380.856,31,1101,56,10000,128,3
engramdb,3332,4380.977,39,1091,56,10000,128,3
engramdb,3333,4413.282,35,1088,56,10000,128,3
engramdb,3334,4277.375,34,1093,56,10000,128,3
engramdb,3335,3924.230,37,1098,56,10000,128,3
engramdb,3336,3926.736,38,1089,56,10000,128,3
engramdb,3337,4098.843,28,1096,56,10000,128,3
engramdb,3338,4224.667,34,1093,56,10000,128,3
engramdb,3339,4411.407,33,1075,56,10000,128,3
engramdb,3340,4389.574,27,1101,56,10000,128,3
engramdb,3341,4400.559,33,1095,56,10000,128,3
engramdb,3342,4382.591,36,1099,56,10000,128,3
engramdb,3343,4303.818,38,1090,56,10000,128,3
engramdb,3344,4302.109,32,1089,56,10000,128,3
engramdb,3345,4576.494,32,1093,56,10000,128,3
engramdb,3346,4356.319,33,1100,56,10000,128,3
engramdb,3347,4367.007,43,1096,56,10000,128,3
engramdb,3348,4329.871,30,1094,56,10000,128,3
engramdb,3349,5487.329,36,1097,56,10000,128,3
engramdb,3350,4387.544,37,1084,56,10000,128,3
engramdb,3351,4247.073,36,1094,56,10000,128,3
engramdb,3352,4224.396,32,1098,56,10000,128,3
engramdb,3353,4335.427,28,1100,56,10000,128,3
engramdb,3354,4300.367,29,1092,56,10000,128,3
engramdb,3355,4342.367,36,1076,56,10000,128,3
engramdb,3356,4526.784,35,1089,56,10000,128,3
engramdb,3357,4342.982,31,1106,56,10000,128,3
engramdb,3358,4347.196,37,1101,56,10000,128,3
engramdb,3359,4378.932,34,1099,56,10000,128,3
engramdb,3360,4411.922,39,1084,56,10000,128,3
engramdb,3361,4384.537,36,1088,56,10000,128,3
engramdb,3362,4795.790,36,1095,56,10000,128,3
engramdb,3363,4143.970,38,1098,56,10000,128,3
engramdb,3364,4120.278,31,1090,56,10000,128,3
engramdb,3365,4661.043,34,1076,56,10000,128,3
engramdb,3366,4360.000,34,1071,56,10000,128,3
engramdb,3367,4314.569,32,1066,55,10000,128,3
engramdb,3368,4326.143,37,1092,56,10000,128,3
engramdb,3369,4392.457,41,1089,56,10000,128,3
engramdb,3370,4367.747,33,1099,56,10000,128,3
engramdb,3371,4369.880,34,1097,56,10000,128,3
engramdb,3372,4861.288,35,1097,56,10000,128,3
engramdb,3373,4373.117,39,1097,56,10000,128,3
engramdb,3374,4337.002,41,1087,56,10000,128,3
engramdb,3375,4301.012,28,1092,56,10000,128,3
engramdb,3376,5209.148,36,1093,56,10000,128,3
engramdb,3377,4441.999,34,1099,56,10000,128,3
engramdb,3378,4368.736,30,1102,56,10000,128,3
engramdb,3379,4346.047,34,1101,56,10000,128,3
engramdb,3380,4412.112,38,1097,56,10000,128,3
engramdb,3381,4319.218,31,1095,56,10000,128,3
engramdb,3382,4346.064,35,1107,56,10000,128,3
engramdb,3383,5522.083,36,1095,56,10000,128,3
engramdb,3384,4404.619,32,1089,56,10000,128,3
engramdb,3385,4187.138,34,1090,56,10000,128,3
engramdb,3386,4098.651,33,1098,56,10000,128,3
engramdb,3387,4161.264,30,1072,56,10000,128,3
engramdb,3388,4063.537,32,1095,56,10000,128,3
engramdb,3389,4118.497,31,1093,56,10000,128,3
engramdb,3390,4145.273,33,1086,56,10000,128,3
engramdb,3391,4105.324,39,1089,56,10000,128,3
engramdb,3392,5644.997,30,1070,56,10000,128,3
engramdb,3393,4522.652,36,1091,56,10000,128,3
engramdb,3394,4024.915,42,1099,56,10000,128,3
engramdb,3395,4654.788,39,1082,56,10000,128,3
engramdb,3396,4342.740,35,1093,56,10000,128,3
engramdb,3397,4365.132,34,1098,56,10000,128,3
engramdb,3398,4409.493,39,1089,56,10000,128,3
engramdb,3399,4351.327,39,1108,56,10000,128,3
engramdb,3400,4348.684,37,1099,56,10000,128,3
engramdb,3401,4573.861,31,1099,56,10000,128,3
engramdb,3402,4499.964,33,1099,56,10000,128,3
engramdb,3403,4790.230,32,1098,56,10000,128,3
engramdb,3404,4332.292,40,1100,56,10000,128,3
engramdb,3405,4372.589,33,1092,56,10000,128,3
engramdb,3406,4413.861,35,1031,56,10000,128,3
engramdb,3407,4462.177,37,1086,56,10000,128,3
engramdb,3408,4321.987,35,1098,56,10000,128,3
engramdb,3409,4305.390,27,1089,56,10000,128,3
engramdb,3410,4298.572,35,1104,56,10000,128,3
engramdb,3411,4352.539,37,1096,56,10000,128,3
engramdb,3412,4369.497,40,1092,56,10000,128,3
engramdb,3413,4344.592,30,1097,56,10000,128,3
engramdb,3414,4517.968,32,1092,56,10000,128,3
engramdb,3415,4301.090,30,1100,56,10000,128,3
engramdb,3416,4288.148,35,1103,56,10000,128,3
engramdb,3417,4898.919,40,1097,56,10000,128,3
engramdb,3418,4263.452,29,993,55,10000,128,3
engramdb,3419,4680.723,40,1096,56,10000,128,3
engramdb,3420,4239.472,33,1099,56,10000,128,3
engramdb,3421,4190.190,37,1094,56,10000,128,3
engramdb,3422,4142.185,33,1087,56,10000,128,3
engramdb,3423,4090.903,35,1098,56,10000,128,3
engramdb,3424,4197.546,37,1100,56,10000,128,3
engramdb,3425,4159.922,35,1092,56,10000,128,3
engramdb,3426,4079.431,34,1085,56,10000,128,3
engramdb,3427,4045.486,42,1094,56,10000,128,3
engramdb,3428,4214.871,33,1058,56,10000,128,3
engramdb,3429,4153.849,35,1081,56,10000,128,3
engramdb,3430,4240.136,30,1046,56,10000,128,3
engramdb,3431,4182.123,36,1075,56,10000,128,3
engramdb,3432,4210.373,38,1081,56,10000,128,3
engramdb,3433,4399.280,31,1101,56,10000,128,3
engramdb,3434,5111.684,31,1093,56,10000,128,3
engramdb,3435,4158.727,40,1099,56,10000,128,3
engramdb,3436,4141.690,35,1089,56,10000,128,3
engramdb,3437,4179.765,35,1094,56,10000,128,3
engramdb,3438,4135.268,37,1101,56,10000,128,3
engramdb,3439,4084.288,29,1098,56,10000,128,3
engramdb,3440,4356.762,38,1100,56,10000,128,3
engramdb,3441,4388.367,33,1093,56,10000,128,3
engramdb,3442,4390.591,35,1085,56,10000,128,3
engramdb,3443,4177.806,32,1082,56,10000,128,3
engramdb,3444,4207.543,35,1090,56,10000,128,3
engramdb,3445,5312.334,35,1103,56,10000,128,3
engramdb,3446,4276.513,32,1099,56,10000,128,3
engramdb,3447,4256.418,32,1095,56,10000,128,3
engramdb,3448,4652.911,29,1092,56,10000,128,3
engramdb,3449,6550.389,35,1075,56,10000,128,3
engramdb,3450,4315.221,40,1092,56,10000,128,3
engramdb,3451,4257.563,39,1093,56,10000,128,3
engramdb,3452,4247.488,30,1092,56,10000,128,3
engramdb,3453,4327.335,33,1092,56,10000,128,3
engramdb,3454,4310.620,32,1065,56,10000,128,3
engramdb,3455,4303.627,40,1065,56,10000,128,3
engramdb,3456,4118.671,38,1087,55,10000,128,3
engramdb,3457,4111.432,33,1056,56,10000,128,3
engramdb,3458,6984.961,32,1098,56,10000,128,3
engramdb,3459,4751.627,35,1072,56,10000,128,3
engramdb,3460,4387.836,40,1064,56,10000,128,3
engramdb,3461,4368.194,32,1095,56,10000,128,3
engramdb,3462,4307.802,37,1100,56,10000,128,3
engramdb,3463,4434.303,34,1098,56,10000,128,3
engramdb,3464,4453.892,36,1103,56,10000,128,3
engramdb,3465,4341.234,28,1084,56,10000,128,3
engramdb,3466,4370.748,36,1087,56,10000,128,3
engramdb,3467,4353.907,39,1101,56,10000,128,3
engramdb,3468,4575.428,39,1097,56,10000,128,3
engramdb,3469,4432.158,35,1077,56,10000,128,3
engramdb,3470,4515.062,35,1084,56,10000,128,3
engramdb,3471,4365.973,36,1076,56,10000,128,3
engramdb,3472,4377.059,34,1093,56,10000,128,3
engramdb,3473,6390.836,34,1094,56,10000,128,3
engramdb,3474,4460.058,45,1107,56,10000,128,3
engramdb,3475,4331.144,36,1098,56,10000,128,3
engramdb,3476,4354.266,41,1105,56,10000,128,3
engramdb,3477,4374.991,35,1076,56,10000,128,3
engramdb,3478,5612.066,35,1106,56,10000,128,3
engramdb,3479,4385.042,38,1102,56,10000,128,3
engramdb,3480,4353.134,26,1088,56,10000,128,3
engramdb,3481,4297.835,32,1078,56,10000,128,3
engramdb,3482,4269.562,38,1091,56,10000,128,3
engramdb,3483,4557.244,38,1092,56,10000,128,3
engramdb,3484,4400.294,32,1052,56,10000,128,3
engramdb,3485,4783.072,29,1089,56,10000,128,3
engramdb,3486,4418.542,35,1102,56,10000,128,3
engramdb,3487,4349.614,34,1097,56,10000,128,3
engramdb,3488,4362.285,35,1097,56,10000,128,3
engramdb,3489,4325.556,33,1087,56,10000,128,3
engramdb,3490,4777.324,30,1096,56,10000,128,3
engramdb,3491,4378.429,34,1097,56,10000,128,3
engramdb,3492,4369.835,35,1100,56,10000,128,3
engramdb,3493,4569.059,32,1102,56,10000,128,3
engramdb,3494,4348.361,37,1099,56,10000,128,3
engramdb,3495,4373.288,35,1083,56,10000,128,3
engramdb,3496,4341.038,37,1063,56,10000,128,3
engramdb,3497,4338.342,33,1083,56,10000,128,3
engramdb,3498,4345.983,36,1095,56,10000,128,3
engramdb,3499,4349.270,36,1016,56,10000,128,3
engramdb,3500,4313.475,35,1072,56,10000,128,3
engramdb,3501,4296.928,37,1083,56,10000,128,3
engramdb,3502,4272.233,41,1096,56,10000,128,3
engramdb,3503,4343.152,31,1093,56,10000,128,3
engramdb,3504,4307.505,33,1094,56,10000,128,3
engramdb,3505,4308.862,31,1100,56,10000,128,3
engramdb,3506,4371.496,31,1085,56,10000,128,3
engramdb,3507,4348.142,38,1099,56,10000,128,3
engramdb,3508,4373.106,31,1088,56,10000,128,3
engramdb,3509,4306.943,33,1106,56,10000,128,3
engramdb,3510,4342.455,36,1085,56,10000,128,3
engramdb,3511,4384.012,39,1086,56,10000,128,3
engramdb,3512,4337.984,38,1099,56,10000,128,3
engramdb,3513,7884.207,33,1101,56,10000,128,3
engramdb,3514,4430.573,33,1097,56,10000,128,3
engramdb,3515,4582.265,33,1077,56,10000,128,3
engramdb,3516,4369.698,31,1054,56,10000,128,3
engramdb,3517,4338.779,33,1095,56,10000,128,3
engramdb,3518,4356.030,30,1090,56,10000,128,3
engramdb,3519,4383.730,35,1101,56,10000,128,3
engramdb,3520,4353.426,36,1066,56,10000,128,3
engramdb,3521,4443.287,29,1088,56,10000,128,3
engramdb,3522,4358.961,35,1102,56,10000,128,3
engramdb,3523,4364.805,29,1088,56,10000,128,3
engramdb,3524,4249.759,32,1095,56,10000,128,3
engramdb,3525,4758.439,37,1091,56,10000,128,3
engramdb,3526,4372.448,40,1070,56,10000,128,3
engramdb,3527,4364.299,34,1073,56,10000,128,3
engramdb,3528,6708.224,34,1088,56,10000,128,3
engramdb,3529,4862.548,36,1092,56,10000,128,3
engramdb,3530,4178.275,36,1084,56,10000,128,3
engramdb,3531,4176.937,40,1085,56,10000,128,3
engramdb,3532,4142.267,36,1087,56,10000,128,3
engramdb,3533,4174.441,41,1102,56,10000,128,3
engramdb,3534,4218.716,37,1092,56,10000,128,3
engramdb,3535,4210.294,39,1063,56,10000,128,3
engramdb,3536,4161.376,29,1073,56,10000,128,3
engramdb,3537,4204.301,33,1097,56,10000,128,3
engramdb,3538,4205.606,34,1100,56,10000,128,3
engramdb,3539,4224.891,38,1088,56,10000,128,3
engramdb,3540,5261.125,35,1092,56,10000,128,3
engramdb,3541,4560.812,32,1101,56,10000,128,3
engramdb,3542,4465.635,30,1079,56,10000,128,3
engramdb,3543,4390.762,37,1102,56,10000,128,3
engramdb,3544,4317.638,36,1096,56,10000,128,3
engramdb,3545,4322.979,34,1073,56,10000,128,3
engramdb,3546,4755.765,30,1067,56,10000,128,3
engramdb,3547,4349.886,31,1065,56,10000,128,3
engramdb,3548,4381.351,31,1102,56,10000,128,3
engramdb,3549,4370.176,27,1093,56,10000,128,3
engramdb,3550,4335.212,39,1095,56,10000,128,3
engramdb,3551,4321.470,40,1101,56,10000,128,3
engramdb,3552,4296.098,35,1096,56,10000,128,3
engramdb,3553,4269.209,30,1067,56,10000,128,3
engramdb,3554,4321.288,30,1093,56,10000,128,3
engramdb,3555,5586.572,32,1086,56,10000,128,3
engramdb,3556,4366.805,36,1091,56,10000,128,3
engramdb,3557,6289.632,31,1062,56,10000,128,3
engramdb,3558,4322.556,41,1075,56,10000,128,3
engramdb,3559,4353.542,40,1074,56,10000,128,3
engramdb,3560,4363.507,32,1093,56,10000,128,3
engramdb,3561,4851.959,37,1062,56,10000,128,3
engramdb,3562,4498.418,35,1087,56,10000,128,3
engramdb,3563,4398.724,39,1104,56,10000,128,3
engramdb,3564,4308.775,33,1094,56,10000,128,3
engramdb,3565,4226.841,27,1097,56,10000,128,3
engramdb,3566,4125.503,36,1101,56,10000,128,3
engramdb,3567,4140.476,39,1086,56,10000,128,3
engramdb,3568,4154.817,39,1097,56,10000,128,3
engramdb,3569,4122.210,36,1093,56,10000,128,3
engramdb,3570,4910.190,33,1078,56,10000,128,3
engramdb,3571,4206.451,36,1099,56,10000,128,3
engramdb,3572,4254.673,37,1101,56,10000,128,3
engramdb,3573,4439.263,34,1078,56,10000,128,3
engramdb,3574,4210.528,36,1095,56,10000,128,3
engramdb,3575,4833.959,37,1083,56,10000,128,3
engramdb,3576,4192.127,40,1084,56,10000,128,3
engramdb,3577,4157.796,33,1077,56,10000,128,3
engramdb,3578,4150.787,34,1048,56,10000,128,3
engramdb,3579,4225.442,27,1081,56,10000,128,3
engramdb,3580,4206.247,35,1107,56,10000,128,3
engramdb,3581,4175.420,32,1099,56,10000,128,3
engramdb,3582,4176.406,40,1099,56,10000,128,3
engramdb,3583,4104.821,33,1107,56,10000,128,3
engramdb,3584,4134.688,33,1093,56,10000,128,3
engramdb,3585,4474.090,27,1105,56,10000,128,3
engramdb,3586,4523.474,37,1088,56,10000,128,3
engramdb,3587,4501.149,35,1080,56,10000,128,3
engramdb,3588,4448.486,29,1097,56,10000,128,3
engramdb,3589,4184.540,35,1062,56,10000,128,3
engramdb,3590,4132.384,34,1097,56,10000,128,3
engramdb,3591,3989.609,34,1085,56,10000,128,3
engramdb,3592,4151.566,32,1083,56,10000,128,3
engramdb,3593,4185.480,29,1070,56,10000,128,3
engramdb,3594,4113.530,34,1071,56,10000,128,3
engramdb,3595,4157.763,40,1096,56,10000,128,3
engramdb,3596,4107.326,36,1091,56,10000,128,3
engramdb,3597,4118.424,30,1074,56,10000,128,3
engramdb,3598,4152.182,33,1073,56,10000,128,3
engramdb,3599,4150.794,38,1102,56,10000,128,3
engramdb,3600,4160.803,29,1100,56,10000,128,3
engramdb,3601,4162.880,36,1088,56,10000,128,3
engramdb,3602,4188.702,31,1104,56,10000,128,3
engramdb,3603,3450.277,31,1099,56,10000,128,3
engramdb,3604,3402.320,34,1076,56,10000,128,3
engramdb,3605,3436.003,33,1086,56,10000,128,3
engramdb,3606,3408.595,34,1102,56,10000,128,3
engramdb,3607,3402.451,40,1101,56,10000,128,3
engramdb,3608,3468.984,38,1100,56,10000,128,3
engramdb,3609,3407.940,35,1096,56,10000,128,3
engramdb,3610,3672.644,42,1095,56,10000,128,3
engramdb,3611,5291.733,32,1092,56,10000,128,3
engramdb,3612,4596.039,30,1096,56,10000,128,3
engramdb,3613,4337.948,36,1100,56,10000,128,3
engramdb,3614,4331.364,38,1086,56,10000,128,3
engramdb,3615,4354.511,39,1087,56,10000,128,3
engramdb,3616,4321.642,38,1099,56,10000,128,3
engramdb,3617,4314.034,36,1083,56,10000,128,3
engramdb,3618,4341.369,34,1031,56,10000,128,3
engramdb,3619,5455.454,35,1081,56,10000,128,3
engramdb,3620,4403.630,34,1062,56,10000,128,3
engramdb,3621,4322.118,36,1086,56,10000,128,3
engramdb,3622,4340.230,33,1079,56,10000,128,3
engramdb,3623,4360.027,36,1090,56,10000,128,3
engramdb,3624,4347.274,28,1104,56,10000,128,3
engramdb,3625,4353.763,39,1097,56,10000,128,3
engramdb,3626,4234.192,34,1101,56,10000,128,3
engramdb,3627,4086.010,35,1098,56,10000,128,3
engramdb,3628,4098.898,34,1090,56,10000,128,3
engramdb,3629,4099.598,28,1070,56,10000,128,3
engramdb,3630,3520.647,36,1101,56,10000,128,3
engramdb,3631,3401.098,32,1098,56,10000,128,3
engramdb,3632,3483.347,39,1091,56,10000,128,3
engramdb,3633,3407.145,37,1101,56,10000,128,3
engramdb,3634,3415.085,40,1099,56,10000,128,3
engramdb,3635,3431.148,42,1102,56,10000,128,3
engramdb,3636,3385.092,33,1106,56,10000,128,3
engramdb,3637,3439.786,39,1092,56,10000,128,3
engramdb,3638,3421.293,36,1098,56,10000,128,3
engramdb,3639,3382.200,31,1071,56,10000,128,3
engramdb,3640,3433.550,37,1095,56,10000,128,3
engramdb,3641,3436.865,38,1099,56,10000,128,3
engramdb,3642,3385.849,29,1104,56,10000,128,3
engramdb,3643,3456.484,41,1084,56,10000,128,3
engramdb,3644,3399.156,29,1058,56,10000,128,3
engramdb,3645,3377.003,35,1059,56,10000,128,3
engramdb,3646,3454.909,35,1095,56,10000,128,3
engramdb,3647,3391.675,37,1073,56,10000,128,3
engramdb,3648,3365.246,30,1085,56,10000,128,3
engramdb,3649,3457.509,26,1092,56,10000,128,3
engramdb,3650,3295.119,28,1099,56,10000,128,3
engramdb,3651,3257.062,38,1103,56,10000,128,3
engramdb,3652,3309.194,34,1099,56,10000,128,3
engramdb,3653,3258.367,32,1096,56,10000,128,3
engramdb,3654,4399.332,36,1102,56,10000,128,3
engramdb,3655,4449.932,33,1090,56,10000,128,3
engramdb,3656,4336.009,30,1065,56,10000,128,3
engramdb,3657,4395.749,28,1104,56,10000,128,3
engramdb,3658,4321.565,35,1103,56,10000,128,3
engramdb,3659,6109.965,35,1042,56,10000,128,3
engramdb,3660,4378.590,32,1087,56,10000,128,3
engramdb,3661,4354.349,31,1099,56,10000,128,3
engramdb,3662,4357.028,35,1088,56,10000,128,3
engramdb,3663,4597.836,30,1091,56,10000,128,3
engramdb,3664,4266.836,35,1095,56,10000,128,3
engramdb,3665,4166.966,38,1099,56,10000,128,3
engramdb,3666,4201.420,40,1102,56,10000,128,3
engramdb,3667,3747.434,37,1103,56,10000,128,3
engramdb,3668,3414.090,33,1084,56,10000,128,3
engramdb,3669,3680.869,36,1084,56,10000,128,3
engramdb,3670,3440.582,36,1080,56,10000,128,3
engramdb,3671,3444.560,35,1094,56,10000,128,3
engramdb,3672,3998.500,33,1096,56,10000,128,3
engramdb,3673,4300.146,29,1092,56,10000,128,3
engramdb,3674,4554.727,29,1098,56,10000,128,3
engramdb,3675,5329.527,33,1102,56,10000,128,3
engramdb,3676,4403.431,34,1091,56,10000,128,3
engramdb,3677,4369.558,31,1097,56,10000,128,3
engramdb,3678,4348.691,36,1104,56,10000,128,3
engramdb,3679,4359.212,34,1080,56,10000,128,3
engramdb,3680,4365.591,31,1086,56,10000,128,3
engramdb,3681,4367.551,27,1065,56,10000,128,3
engramdb,3682,4549.092,36,1043,56,10000,128,3
engramdb,3683,4525.639,38,1087,56,10000,128,3
engramdb,3684,4606.886,33,1047,56,10000,128,3
engramdb,3685,3478.869,31,1093,56,10000,128,3
engramdb,3686,3386.998,39,1079,56,10000,128,3
engramdb,3687,3401.477,35,1094,56,10000,128,3
engramdb,3688,3434.477,36,1108,56,10000,128,3
engramdb,3689,3388.300,33,1103,56,10000,128,3
engramdb,3690,3585.904,43,1097,56,10000,128,3
engramdb,3691,4373.907,43,1097,56,10000,128,3
engramdb,3692,4366.797,36,1098,56,10000,128,3
engramdb,3693,4392.605,31,1102,56,10000,128,3
engramdb,3694,4355.585,42,1101,56,10000,128,3
engramdb,3695,4341.141,35,1082,56,10000,128,3
engramdb,3696,4334.528,30,1096,56,10000,128,3
engramdb,3697,4338.741,39,1087,56,10000,128,3
engramdb,3698,4315.619,34,1084,56,10000,128,3
engramdb,3699,4348.473,40,1099,56,10000,128,3
engramdb,3700,4336.386,32,1089,56,10000,128,3
engramdb,3701,4311.965,32,1092,56,10000,128,3
engramdb,3702,4348.313,35,1086,56,10000,128,3
engramdb,3703,3580.493,37,1085,56,10000,128,3
engramdb,3704,3407.935,36,1105,56,10000,128,3
engramdb,3705,3396.184,31,1092,56,10000,128,3
engramdb,3706,3387.466,28,1084,56,10000,128,3
engramdb,3707,3391.704,35,1061,56,10000,128,3
engramdb,3708,3432.913,33,1080,56,10000,128,3
engramdb,3709,3374.241,40,1102,56,10000,128,3
engramdb,3710,3353.260,37,1053,56,10000,128,3
engramdb,3711,3398.339,39,1080,56,10000,128,3
engramdb,3712,3368.507,34,1087,56,10000,128,3
engramdb,3713,3449.555,36,1103,56,10000,128,3
engramdb,3714,3385.275,35,1093,56,10000,128,3
engramdb,3715,3377.011,31,1096,56,10000,128,3
engramdb,3716,4100.968,34,1100,56,10000,128,3
engramdb,3717,3421.464,32,1096,56,10000,128,3
engramdb,3718,3397.920,39,1089,56,10000,128,3
engramdb,3719,3465.210,28,1097,56,10000,128,3
engramdb,3720,3429.601,30,1091,56,10000,128,3
engramdb,3721,3410.447,37,1072,56,10000,128,3
engramdb,3722,3435.114,37,1066,56,10000,128,3
engramdb,3723,3416.905,36,1095,56,10000,128,3
engramdb,3724,3394.767,33,1093,56,10000,128,3
engramdb,3725,3456.047,36,1084,56,10000,128,3
engramdb,3726,3398.840,41,1095,56,10000,128,3
engramdb,3727,3410.198,39,1086,56,10000,128,3
engramdb,3728,3439.755,34,1105,56,10000,128,3
engramdb,3729,3412.968,39,1098,56,10000,128,3
engramdb,3730,3423.087,31,1092,56,10000,128,3
engramdb,3731,3414.385,35,1105,56,10000,128,3
engramdb,3732,3413.829,32,1096,56,10000,128,3
engramdb,3733,3863.644,35,1066,56,10000,128,3
engramdb,3734,3421.319,38,1098,56,10000,128,3
engramdb,3735,3523.643,38,1093,56,10000,128,3
engramdb,3736,3494.615,33,1097,56,10000,128,3
engramdb,3737,3396.808,34,1083,56,10000,128,3
engramdb,3738,3374.845,35,1055,56,10000,128,3
engramdb,3739,3456.358,34,1099,56,10000,128,3
engramdb,3740,3382.026,37,1103,56,10000,128,3
engramdb,3741,3379.625,34,1100,56,10000,128,3
engramdb,3742,3490.539,41,1097,56,10000,128,3
engramdb,3743,3424.247,27,1097,56,10000,128,3
engramdb,3744,3396.309,33,1086,56,10000,128,3
engramdb,3745,3497.740,32,1103,56,10000,128,3
engramdb,3746,3410.156,42,1092,56,10000,128,3
engramdb,3747,3379.194,31,1080,56,10000,128,3
engramdb,3748,3436.027,32,1048,56,10000,128,3
engramdb,3749,3356.377,30,1072,55,10000,128,3
engramdb,3750,3377.519,31,1098,56,10000,128,3
engramdb,3751,3471.118,32,1092,56,10000,128,3
engramdb,3752,3399.673,33,1100,56,10000,128,3
engramdb,3753,3404.182,28,1098,56,10000,128,3
engramdb,3754,4558.903,37,1093,56,10000,128,3
engramdb,3755,5574.422,37,1095,56,10000,128,3
engramdb,3756,4396.669,31,1098,56,10000,128,3
engramdb,3757,4362.381,35,1082,56,10000,128,3
engramdb,3758,4412.750,33,1087,56,10000,128,3
engramdb,3759,4403.001,37,1075,56,10000,128,3
engramdb,3760,4368.917,37,1098,56,10000,128,3
engramdb,3761,4355.639,34,1064,56,10000,128,3
engramdb,3762,4440.979,31,1093,56,10000,128,3
engramdb,3763,4385.675,30,1071,56,10000,128,3
engramdb,3764,4386.418,36,1090,56,10000,128,3
engramdb,3765,4399.886,36,1100,56,10000,128,3
engramdb,3766,4354.220,40,1090,56,10000,128,3
engramdb,3767,4341.738,36,1101,56,10000,128,3
engramdb,3768,4475.085,42,1093,56,10000,128,3
engramdb,3769,4401.499,37,1098,56,10000,128,3
engramdb,3770,6756.819,38,1091,56,10000,128,3
engramdb,3771,7340.935,35,1095,56,10000,128,3
engramdb,3772,4415.298,43,1099,56,10000,128,3
engramdb,3773,4383.597,41,1097,56,10000,128,3
engramdb,3774,4361.336,39,1093,56,10000,128,3
engramdb,3775,4413.425,32,1082,56,10000,128,3
engramdb,3776,4359.180,39,1102,56,10000,128,3
engramdb,3777,4406.287,34,1103,56,10000,128,3
engramdb,3778,4866.409,36,1101,56,10000,128,3
engramdb,3779,4278.250,37,1095,56,10000,128,3
engramdb,3780,4308.985,32,1074,56,10000,128,3
engramdb,3781,4363.799,32,1076,56,10000,128,3
engramdb,3782,4275.793,35,1064,56,10000,128,3
engramdb,3783,4308.005,37,1072,56,10000,128,3
engramdb,3784,4374.328,36,1101,56,10000,128,3
engramdb,3785,4296.247,35,1104,56,10000,128,3
engramdb,3786,4620.609,36,1090,56,10000,128,3
engramdb,3787,4345.482,41,1103,56,10000,128,3
engramdb,3788,4379.562,29,1033,56,10000,128,3
engramdb,3789,4399.070,30,1054,56,10000,128,3
engramdb,3790,4400.710,35,1056,56,10000,128,3
engramdb,3791,4632.859,36,1100,56,10000,128,3
engramdb,3792,5934.367,30,1091,56,10000,128,3
engramdb,3793,4331.720,34,1090,56,10000,128,3
engramdb,3794,4287.856,39,1088,56,10000,128,3
engramdb,3795,4338.115,33,1098,56,10000,128,3
engramdb,3796,4352.320,33,1096,56,10000,128,3
engramdb,3797,4376.006,39,1102,56,10000,128,3
engramdb,3798,4324.528,41,1094,56,10000,128,3
engramdb,3799,4309.723,33,1066,56,10000,128,3
engramdb,3800,6468.223,37,1069,56,10000,128,3
engramdb,3801,4456.713,38,1093,56,10000,128,3
engramdb,3802,4379.013,25,1073,56,10000,128,3
engramdb,3803,4222.269,39,1086,55,10000,128,3
engramdb,3804,4364.907,33,1091,56,10000,128,3
engramdb,3805,4351.866,33,1097,56,10000,128,3
engramdb,3806,4390.607,39,1093,56,10000,128,3
engramdb,3807,4317.639,30,1088,56,10000,128,3
engramdb,3808,4303.945,28,1083,56,10000,128,3
engramdb,3809,4360.291,34,1100,56,10000,128,3
engramdb,3810,4463.978,39,1094,56,10000,128,3
engramdb,3811,4380.249,41,1087,56,10000,128,3
engramdb,3812,4354.973,35,1080,56,10000,128,3
engramdb,3813,4514.132,33,1072,56,10000,128,3
engramdb,3814,4381.649,28,1092,56,10000,128,3
engramdb,3815,4304.673,29,1102,56,10000,128,3
engramdb,3816,4424.988,36,1090,56,10000,128,3
engramdb,3817,5428.368,35,1089,56,10000,128,3
engramdb,3818,4568.892,31,1079,56,10000,128,3
engramdb,3819,4348.978,32,1068,56,10000,128,3
engramdb,3820,5101.887,28,1071,56,10000,128,3
engramdb,3821,4658.901,32,1093,56,10000,128,3
engramdb,3822,4349.726,35,1105,56,10000,128,3
engramdb,3823,4380.838,35,1106,56,10000,128,3
engramdb,3824,4337.660,34,1084,56,10000,128,3
engramdb,3825,4362.967,29,1078,56,10000,128,3
engramdb,3826,4410.093,38,1089,56,10000,128,3
engramdb,3827,4383.914,37,1100,56,10000,128,3
engramdb,3828,4399.952,35,1070,56,10000,128,3
engramdb,3829,4365.428,32,1063,56,10000,128,3
engramdb,3830,4359.746,39,1095,56,10000,128,3
engramdb,3831,4318.807,37,1053,56,10000,128,3
engramdb,3832,4309.153,33,1103,56,10000,128,3
engramdb,3833,4317.266,31,1102,56,10000,128,3
engramdb,3834,4354.032,42,1104,56,10000,128,3
engramdb,3835,4347.241,38,1104,56,10000,128,3
engramdb,3836,4363.600,35,1093,56,10000,128,3
engramdb,3837,4338.328,36,1087,56,10000,128,3
engramdb,3838,4361.321,28,1105,56,10000,128,3
engramdb,3839,4406.514,36,1060,56,10000,128,3
engramdb,3840,4726.995,25,1077,56,10000,128,3
engramdb,3841,4526.731,36,1055,56,10000,128,3
engramdb,3842,4330.224,39,1100,56,10000,128,3
engramdb,3843,4373.213,36,1092,56,10000,128,3
engramdb,3844,6431.114,34,1060,56,10000,128,3
engramdb,3845,6459.805,37,1096,56,10000,128,3
engramdb,3846,5279.210,34,1058,56,10000,128,3
engramdb,3847,4457.490,31,1088,56,10000,128,3
engramdb,3848,4364.209,37,1095,56,10000,128,3
engramdb,3849,4297.368,41,1091,56,10000,128,3
engramdb,3850,4343.219,37,1050,56,10000,128,3
engramdb,3851,4349.401,32,1077,56,10000,128,3
engramdb,3852,4393.424,34,1098,56,10000,128,3
engramdb,3853,4347.922,34,1097,56,10000,128,3
engramdb,3854,4346.317,44,1098,56,10000,128,3
engramdb,3855,4370.890,38,1096,56,10000,128,3
engramdb,3856,4363.497,35,1099,56,10000,128,3
engramdb,3857,4289.900,31,1084,55,10000,128,3
engramdb,3858,4352.547,37,1075,56,10000,128,3
engramdb,3859,5060.466,38,1082,56,10000,128,3
engramdb,3860,4472.653,37,1101,56,10000,128,3
engramdb,3861,7682.994,32,1077,56,10000,128,3
engramdb,3862,4252.124,38,1079,56,10000,128,3
engramdb,3863,5142.768,32,1082,56,10000,128,3
engramdb,3864,4449.832,28,1104,56,10000,128,3
engramdb,3865,4323.694,33,1067,56,10000,128,3
engramdb,3866,5620.792,30,1101,56,10000,128,3
engramdb,3867,4335.104,40,1091,56,10000,128,3
engramdb,3868,4385.913,36,1101,56,10000,128,3
engramdb,3869,9875.565,34,1101,56,10000,128,3
engramdb,3870,4377.519,37,1064,56,10000,128,3
engramdb,3871,4176.740,36,1094,56,10000,128,3
engramdb,3872,4211.843,36,1073,56,10000,128,3
engramdb,3873,4151.760,38,1090,56,10000,128,3
engramdb,3874,4967.364,34,1091,56,10000,128,3
engramdb,3875,5458.019,35,1099,56,10000,128,3
engramdb,3876,4643.715,35,1098,56,10000,128,3
engramdb,3877,4366.873,39,1106,56,10000,128,3
engramdb,3878,4276.299,41,1097,56,10000,128,3
engramdb,3879,4261.798,30,1090,56,10000,128,3
engramdb,3880,4507.041,31,1084,56,10000,128,3
engramdb,3881,4299.803,30,1087,56,10000,128,3
engramdb,3882,4258.347,35,1056,56,10000,128,3
engramdb,3883,4252.275,32,1094,56,10000,128,3
engramdb,3884,4362.131,32,1096,56,10000,128,3
engramdb,3885,4204.199,38,1099,56,10000,128,3
engramdb,3886,4191.890,37,1090,56,10000,128,3
engramdb,3887,4175.358,31,1100,56,10000,128,3
engramdb,3888,4185.203,39,1105,56,10000,128,3
engramdb,3889,4175.888,38,1078,56,10000,128,3
engramdb,3890,4259.697,34,1080,56,10000,128,3
engramdb,3891,4175.239,39,1100,56,10000,128,3
engramdb,3892,4211.471,30,1090,56,10000,128,3
engramdb,3893,4175.622,37,1093,56,10000,128,3
engramdb,3894,4294.745,33,1091,56,10000,128,3
engramdb,3895,5100.181,32,1099,56,10000,128,3
engramdb,3896,4365.044,27,1109,56,10000,128,3
engramdb,3897,4375.426,29,1073,56,10000,128,3
engramdb,3898,4365.860,38,1091,56,10000,128,3
engramdb,3899,5216.213,34,1095,56,10000,128,3
engramdb,3900,4667.171,37,1098,56,10000,128,3
engramdb,3901,7239.490,35,1080,56,10000,128,3
engramdb,3902,4400.063,34,1101,56,10000,128,3
engramdb,3903,4387.224,37,1102,56,10000,128,3
engramdb,3904,4297.681,39,1091,56,10000,128,3
engramdb,3905,4324.464,33,1093,56,10000,128,3
engramdb,3906,4327.352,43,1087,56,10000,128,3
engramdb,3907,4370.218,35,1097,56,10000,128,3
engramdb,3908,4335.460,27,1078,56,10000,128,3
engramdb,3909,6069.363,34,1056,56,10000,128,3
engramdb,3910,4976.596,34,1064,56,10000,128,3
engramdb,3911,4237.475,36,1092,56,10000,128,3
engramdb,3912,4182.164,30,1067,56,10000,128,3
engramdb,3913,4181.332,35,1075,56,10000,128,3
engramdb,3914,4211.092,29,1106,56,10000,128,3
engramdb,3915,4152.265,27,1100,56,10000,128,3
engramdb,3916,4585.616,34,1101,56,10000,128,3
engramdb,3917,4182.322,29,1076,56,10000,128,3
engramdb,3918,4579.373,33,1099,56,10000,128,3
engramdb,3919,4193.577,37,1101,56,10000,128,3
engramdb,3920,4618.001,30,1098,56,10000,128,3
engramdb,3921,4251.851,36,1088,56,10000,128,3
engramdb,3922,4202.230,32,1095,56,10000,128,3
engramdb,3923,5785.520,31,1054,56,10000,128,3
engramdb,3924,4253.083,32,1087,56,10000,128,3
engramdb,3925,4234.930,42,1097,56,10000,128,3
engramdb,3926,4702.372,38,1099,56,10000,128,3
engramdb,3927,4255.801,33,1098,56,10000,128,3
engramdb,3928,4521.063,32,1103,56,10000,128,3
engramdb,3929,4241.149,36,1100,56,10000,128,3
engramdb,3930,4323.696,34,1100,56,10000,128,3
engramdb,3931,4561.815,29,1059,56,10000,128,3
engramdb,3932,4580.491,35,1099,56,10000,128,3
engramdb,3933,4277.647,34,1092,56,10000,128,3
engramdb,3934,4293.699,44,1090,56,10000,128,3
engramdb,3935,4250.886,30,1100,56,10000,128,3
engramdb,3936,4292.887,36,1094,56,10000,128,3
engramdb,3937,4258.600,36,1083,56,10000,128,3
engramdb,3938,4756.607,38,1083,56,10000,128,3
engramdb,3939,5975.729,36,1097,56,10000,128,3
engramdb,3940,4398.254,34,1092,56,10000,128,3
engramdb,3941,4332.840,28,1099,56,10000,128,3
engramdb,3942,4346.127,37,1109,56,10000,128,3
engramdb,3943,4205.057,33,1088,56,10000,128,3
engramdb,3944,4183.426,39,1102,56,10000,128,3
engramdb,3945,4222.725,32,1096,56,10000,128,3
engramdb,3946,4395.973,33,1101,56,10000,128,3
engramdb,3947,4318.605,38,1096,56,10000,128,3
engramdb,3948,4293.861,28,1061,56,10000,128,3
engramdb,3949,4380.289,43,1073,56,10000,128,3
engramdb,3950,4315.721,39,1033,56,10000,128,3
engramdb,3951,4342.718,37,1081,56,10000,128,3
engramdb,3952,4308.795,39,1087,56,10000,128,3
engramdb,3953,4201.026,31,1095,56,10000,128,3
engramdb,3954,4205.398,28,1106,56,10000,128,3
engramdb,3955,4153.419,39,1084,56,10000,128,3
engramdb,3956,4346.703,35,1100,56,10000,128,3
engramdb,3957,4414.558,29,1083,56,10000,128,3
engramdb,3958,4365.909,38,1099,56,10000,128,3
engramdb,3959,4416.509,30,1101,56,10000,128,3
engramdb,3960,4392.615,34,1029,56,10000,128,3
engramdb,3961,5131.014,37,1105,56,10000,128,3
engramdb,3962,4425.908,37,1088,56,10000,128,3
engramdb,3963,4288.232,33,1068,55,10000,128,3
engramdb,3964,4342.292,30,1091,56,10000,128,3
engramdb,3965,4306.726,33,1091,56,10000,128,3
engramdb,3966,4347.159,41,1102,56,10000,128,3
engramdb,3967,4336.008,35,1095,56,10000,128,3
engramdb,3968,4375.242,36,1084,56,10000,128,3
engramdb,3969,4656.139,35,1094,56,10000,128,3
engramdb,3970,4335.831,36,1088,56,10000,128,3
engramdb,3971,4330.665,34,1085,56,10000,128,3
engramdb,3972,4357.226,34,1097,56,10000,128,3
engramdb,3973,4161.067,32,1089,56,10000,128,3
engramdb,3974,3542.842,37,1092,56,10000,128,3
engramdb,3975,3517.743,36,1095,56,10000,128,3
engramdb,3976,3493.619,35,1101,56,10000,128,3
engramdb,3977,3466.441,44,1098,56,10000,128,3
engramdb,3978,3425.358,35,1090,56,10000,128,3
engramdb,3979,3452.162,33,1088,56,10000,128,3
engramdb,3980,3555.788,35,1093,56,10000,128,3
engramdb,3981,3584.783,41,1097,56,10000,128,3
engramdb,3982,3214.829,36,1102,56,10000,128,3
engramdb,3983,3256.556,32,1108,56,10000,128,3
engramdb,3984,3196.903,32,1091,56,10000,128,3
engramdb,3985,4288.049,36,1077,56,10000,128,3
engramdb,3986,3468.303,36,1072,56,10000,128,3
engramdb,3987,3222.054,35,1092,56,10000,128,3
engramdb,3988,3184.247,33,1082,56,10000,128,3
engramdb,3989,3189.488,31,1099,56,10000,128,3
engramdb,3990,3185.239,36,1064,56,10000,128,3
engramdb,3991,3189.115,33,1082,56,10000,128,3
engramdb,3992,3390.205,28,1092,56,10000,128,3
engramdb,3993,4232.066,38,1096,56,10000,128,3
engramdb,3994,4198.062,42,1099,56,10000,128,3
engramdb,3995,4256.984,30,1099,56,10000,128,3
engramdb,3996,4589.378,36,1093,56,10000,128,3
engramdb,3997,4924.062,30,1103,56,10000,128,3
engramdb,3998,4516.770,31,1099,56,10000,128,3
engramdb,3999,6291.940,36,1075,56,10000,128,3
engramdb,4000,5404.962,33,1086,56,10000,128,3
engramdb,4001,6146.914,35,1098,56,10000,128,3
engramdb,4002,4324.123,36,1104,56,10000,128,3
engramdb,4003,4316.271,36,1070,56,10000,128,3
engramdb,4004,4359.058,33,1099,56,10000,128,3
engramdb,4005,4393.479,31,1099,56,10000,128,3
engramdb,4006,4315.524,36,1096,56,10000,128,3
engramdb,4007,4305.279,37,1102,56,10000,128,3
engramdb,4008,4289.632,27,1093,56,10000,128,3
engramdb,4009,4366.556,38,1094,56,10000,128,3
engramdb,4010,4214.673,34,1079,56,10000,128,3
engramdb,4011,4187.143,40,1071,56,10000,128,3
engramdb,4012,4184.444,33,1067,56,10000,128,3
engramdb,4013,4200.038,39,1093,56,10000,128,3
engramdb,4014,4695.892,36,1097,56,10000,128,3
engramdb,4015,4401.075,34,1092,56,10000,128,3
engramdb,4016,7095.096,34,1097,56,10000,128,3
engramdb,4017,4782.369,38,1094,56,10000,128,3
engramdb,4018,4362.332,33,1102,56,10000,128,3
engramdb,4019,4323.575,37,1097,56,10000,128,3
engramdb,4020,5054.255,36,1094,56,10000,128,3
engramdb,4021,4293.746,38,1075,56,10000,128,3
engramdb,4022,3679.492,35,1084,56,10000,128,3
engramdb,4023,3640.513,30,1105,56,10000,128,3
engramdb,4024,3529.749,38,1100,56,10000,128,3
engramdb,4025,3603.841,29,1100,56,10000,128,3
engramdb,4026,4356.875,40,1104,56,10000,128,3
engramdb,4027,4354.694,40,1090,56,10000,128,3
engramdb,4028,4323.391,35,1097,56,10000,128,3
engramdb,4029,4262.597,36,1100,56,10000,128,3
engramdb,4030,4334.156,30,1083,56,10000,128,3
engramdb,4031,4316.398,31,1095,56,10000,128,3
engramdb,4032,4369.288,36,1097,56,10000,128,3
engramdb,4033,4337.370,36,1088,56,10000,128,3
engramdb,4034,4384.788,30,1102,56,10000,128,3
engramdb,4035,4335.128,36,1105,56,10000,128,3
engramdb,4036,4356.211,32,1098,56,10000,128,3
engramdb,4037,4328.772,38,1101,56,10000,128,3
engramdb,4038,4312.655,32,1079,56,10000,128,3
engramdb,4039,4334.867,37,1080,56,10000,128,3
engramdb,4040,4316.531,37,1079,56,10000,128,3
engramdb,4041,4379.744,34,1100,56,10000,128,3
engramdb,4042,4334.489,39,1076,56,10000,128,3
engramdb,4043,4307.544,36,1099,56,10000,128,3
engramdb,4044,5810.210,36,1096,56,10000,128,3
engramdb,4045,6495.877,32,1092,56,10000,128,3
engramdb,4046,5712.823,38,1073,56,10000,128,3
engramdb,4047,4553.054,36,1094,56,10000,128,3
engramdb,4048,4366.125,31,1098,56,10000,128,3
engramdb,4049,4381.712,34,1099,56,10000,128,3
engramdb,4050,4379.970,36,1076,56,10000,128,3
engramdb,4051,4544.172,35,1100,56,10000,128,3
engramdb,4052,4507.668,30,1083,56,10000,128,3
engramdb,4053,4368.469,42,1079,56,10000,128,3
engramdb,4054,4425.520,36,1095,56,10000,128,3
engramdb,4055,4359.327,36,1095,56,10000,128,3
engramdb,4056,3491.469,27,1092,56,10000,128,3
engramdb,4057,3015.893,34,1101,56,10000,128,3
engramdb,4058,2953.158,39,1102,56,10000,128,3
engramdb,4059,3275.025,38,1105,56,10000,128,3
engramdb,4060,3235.073,28,1101,56,10000,128,3
engramdb,4061,3203.722,34,1090,56,10000,128,3
engramdb,4062,3288.813,34,1096,56,10000,128,3
engramdb,4063,3214.763,34,1095,56,10000,128,3
engramdb,4064,3232.968,35,1097,56,10000,128,3
engramdb,4065,3488.800,38,1096,56,10000,128,3
engramdb,4066,3300.225,41,1093,56,10000,128,3
engramdb,4067,3331.031,27,1088,56,10000,128,3
engramdb,4068,3249.940,35,1092,56,10000,128,3
engramdb,4069,2972.624,42,1099,56,10000,128,3
engramdb,4070,3338.678,35,1078,56,10000,128,3
engramdb,4071,3402.844,37,1101,56,10000,128,3
engramdb,4072,3275.497,35,1088,56,10000,128,3
engramdb,4073,3249.232,32,1089,56,10000,128,3
engramdb,4074,3315.129,37,1094,56,10000,128,3
engramdb,4075,3434.554,35,1098,56,10000,128,3
engramdb,4076,3496.613,32,1085,56,10000,128,3
engramdb,4077,3578.226,37,1092,56,10000,128,3
engramdb,4078,4679.588,38,1075,56,10000,128,3
engramdb,4079,3456.538,29,1068,56,10000,128,3
engramdb,4080,3261.420,27,1096,56,10000,128,3
engramdb,4081,3183.249,34,1094,56,10000,128,3
engramdb,4082,3197.226,36,1096,56,10000,128,3
engramdb,4083,3212.019,35,1085,56,10000,128,3
engramdb,4084,3193.137,39,1088,56,10000,128,3
engramdb,4085,3175.949,31,1104,56,10000,128,3
engramdb,4086,3201.726,37,1096,56,10000,128,3
engramdb,4087,3207.697,31,1101,56,10000,128,3
engramdb,4088,3178.932,36,1092,56,10000,128,3
engramdb,4089,3236.728,37,1053,56,10000,128,3
engramdb,4090,3192.825,38,1103,56,10000,128,3
engramdb,4091,3179.633,34,1078,56,10000,128,3
engramdb,4092,3428.808,21,1063,56,10000,128,3
engramdb,4093,4182.445,39,1092,56,10000,128,3
engramdb,4094,4252.014,42,1095,56,10000,128,3
engramdb,4095,4235.260,30,1101,56,10000,128,3
engramdb,4096,4097.937,39,1094,56,10000,128,3
engramdb,4097,3322.763,34,1098,56,10000,128,3
engramdb,4098,3208.375,36,1093,56,10000,128,3
engramdb,4099,3194.779,36,1093,56,10000,128,3
engramdb,4100,3188.457,37,1080,56,10000,128,3
engramdb,4101,3200.531,34,1088,56,10000,128,3
engramdb,4102,3168.361,40,1095,56,10000,128,3
engramdb,4103,4187.475,33,1097,56,10000,128,3
engramdb,4104,4233.800,35,1066,56,10000,128,3
engramdb,4105,5877.017,30,1097,56,10000,128,3
engramdb,4106,4479.411,33,1095,56,10000,128,3
engramdb,4107,4392.756,34,1098,56,10000,128,3
engramdb,4108,4317.825,36,1098,55,10000,128,3
engramdb,4109,4574.979,39,1078,56,10000,128,3
engramdb,4110,5657.468,30,1095,56,10000,128,3
engramdb,4111,4384.160,27,1089,56,10000,128,3
engramdb,4112,4317.661,35,1081,56,10000,128,3
engramdb,4113,4305.149,37,1085,56,10000,128,3
engramdb,4114,4348.789,35,1107,56,10000,128,3
engramdb,4115,4300.469,32,1066,56,10000,128,3
engramdb,4116,4338.655,34,1098,56,10000,128,3
engramdb,4117,4351.859,37,1102,56,10000,128,3
engramdb,4118,4399.434,34,1089,56,10000,128,3
engramdb,4119,4320.248,30,1082,56,10000,128,3
engramdb,4120,4566.323,29,1082,56,10000,128,3
engramdb,4121,4834.039,37,1102,56,10000,128,3
engramdb,4122,4513.719,32,1105,56,10000,128,3
engramdb,4123,6493.396,25,1083,56,10000,128,3
engramdb,4124,4659.420,31,1092,56,10000,128,3
engramdb,4125,4501.335,33,1097,56,10000,128,3
engramdb,4126,4309.437,39,1096,56,10000,128,3
engramdb,4127,4340.691,34,1105,56,10000,128,3
engramdb,4128,4376.113,33,1102,56,10000,128,3
engramdb,4129,4199.111,34,1082,56,10000,128,3
engramdb,4130,3453.296,32,1102,56,10000,128,3
engramdb,4131,4014.280,36,1099,56,10000,128,3
engramdb,4132,3607.436,33,1094,56,10000,128,3
engramdb,4133,3630.545,36,1092,56,10000,128,3
engramdb,4134,3519.462,39,1086,56,10000,128,3
engramdb,4135,3557.590,26,1079,56,10000,128,3
engramdb,4136,3485.079,38,1103,56,10000,128,3
engramdb,4137,3590.799,37,1094,56,10000,128,3
engramdb,4138,3482.417,36,1096,56,10000,128,3
engramdb,4139,3447.895,37,1083,56,10000,128,3
engramdb,4140,4757.935,33,1084,56,10000,128,3
engramdb,4141,3545.726,40,1095,56,10000,128,3
engramdb,4142,3491.069,33,1098,56,10000,128,3
engramdb,4143,3473.482,34,1083,56,10000,128,3
engramdb,4144,3441.543,28,1089,56,10000,128,3
engramdb,4145,3466.116,46,1098,56,10000,128,3
engramdb,4146,4379.912,37,1101,56,10000,128,3
engramdb,4147,4327.292,32,1092,56,10000,128,3
engramdb,4148,6289.065,38,1098,56,10000,128,3
engramdb,4149,4373.224,37,1096,56,10000,128,3
engramdb,4150,4364.199,36,1068,56,10000,128,3
engramdb,4151,4305.050,34,1098,56,10000,128,3
engramdb,4152,4328.756,30,1096,56,10000,128,3
engramdb,4153,3924.584,34,1095,56,10000,128,3
engramdb,4154,3555.630,39,1074,56,10000,128,3
engramdb,4155,3574.997,33,1062,56,10000,128,3
engramdb,4156,3625.519,33,1103,56,10000,128,3
engramdb,4157,3809.561,35,1088,56,10000,128,3
engramdb,4158,3789.307,38,1084,56,10000,128,3
engramdb,4159,3520.032,39,1084,56,10000,128,3
engramdb,4160,3598.401,35,1083,56,10000,128,3
engramdb,4161,3536.488,34,1100,56,10000,128,3
engramdb,4162,3655.026,31,1061,56,10000,128,3
engramdb,4163,3540.649,36,1092,56,10000,128,3
engramdb,4164,3502.245,34,1093,56,10000,128,3
engramdb,4165,3519.307,40,1082,56,10000,128,3
engramdb,4166,3525.281,39,1097,56,10000,128,3
engramdb,4167,3510.009,32,1109,56,10000,128,3
engramdb,4168,3689.331,29,1106,56,10000,128,3
engramdb,4169,3540.244,39,1100,56,10000,128,3
engramdb,4170,3532.195,32,1108,56,10000,128,3
engramdb,4171,3557.220,38,1092,56,10000,128,3
engramdb,4172,3495.002,33,1091,56,10000,128,3
engramdb,4173,3522.867,35,1087,56,10000,128,3
engramdb,4174,3541.737,31,1080,56,10000,128,3
engramdb,4175,3551.730,36,1089,56,10000,128,3
engramdb,4176,4333.197,36,1076,56,10000,128,3
engramdb,4177,4343.166,36,1089,56,10000,128,3
engramdb,4178,4294.545,41,1088,56,10000,128,3
engramdb,4179,4035.308,32,1083,56,10000,128,3
engramdb,4180,3522.266,33,1090,56,10000,128,3
engramdb,4181,3410.473,31,1057,56,10000,128,3
engramdb,4182,3274.759,35,1070,56,10000,128,3
engramdb,4183,3509.688,27,1086,56,10000,128,3
engramdb,4184,3366.458,34,1086,56,10000,128,3
engramdb,4185,3369.597,36,1109,56,10000,128,3
engramdb,4186,3321.196,37,1102,56,10000,128,3
engramdb,4187,3318.953,34,1098,56,10000,128,3
engramdb,4188,3289.643,30,1096,56,10000,128,3
engramdb,4189,3266.330,34,1088,56,10000,128,3
engramdb,4190,3640.843,38,1093,56,10000,128,3
engramdb,4191,3304.099,35,1107,56,10000,128,3
engramdb,4192,3246.712,30,1096,56,10000,128,3
engramdb,4193,3291.864,36,1087,56,10000,128,3
engramdb,4194,3262.845,36,1096,56,10000,128,3
engramdb,4195,3330.333,26,1091,56,10000,128,3
engramdb,4196,3347.854,36,1091,56,10000,128,3
engramdb,4197,4542.606,39,1099,56,10000,128,3
engramdb,4198,3272.674,34,1101,56,10000,128,3
engramdb,4199,3303.447,31,1075,56,10000,128,3
engramdb,4200,3303.669,33,1083,56,10000,128,3
engramdb,4201,3929.374,34,1068,56,10000,128,3
engramdb,4202,3543.202,35,1060,56,10000,128,3
engramdb,4203,3668.379,36,1075,56,10000,128,3
engramdb,4204,3775.860,32,1106,56,10000,128,3
engramdb,4205,3852.077,38,1092,56,10000,128,3
engramdb,4206,3746.809,42,1102,56,10000,128,3
engramdb,4207,3901.966,34,1093,56,10000,128,3
engramdb,4208,3700.528,33,1094,56,10000,128,3
engramdb,4209,3325.731,36,1097,56,10000,128,3
engramdb,4210,10797.080,36,1087,56,10000,128,3
engramdb,4211,4071.197,34,1078,56,10000,128,3
engramdb,4212,4087.976,41,1092,56,10000,128,3
engramdb,4213,4116.090,30,1047,56,10000,128,3
engramdb,4214,4128.614,36,1082,56,10000,128,3
engramdb,4215,3462.620,34,1085,56,10000,128,3
engramdb,4216,4195.610,36,1099,56,10000,128,3
engramdb,4217,4236.034,33,1100,56,10000,128,3
engramdb,4218,4260.853,34,1092,56,10000,128,3
engramdb,4219,4303.491,31,1084,56,10000,128,3
engramdb,4220,4245.438,36,1104,56,10000,128,3
engramdb,4221,7172.275,37,1080,56,10000,128,3
engramdb,4222,4318.093,35,1099,56,10000,128,3
engramdb,4223,4290.199,32,1090,56,10000,128,3
engramdb,4224,4259.211,32,1085,56,10000,128,3
engramdb,4225,4502.258,36,1097,56,10000,128,3
engramdb,4226,4305.605,35,1096,56,10000,128,3
engramdb,4227,10179.333,38,1096,56,10000,128,3
engramdb,4228,4644.300,33,1109,56,10000,128,3
engramdb,4229,4856.342,38,1081,56,10000,128,3
engramdb,4230,4351.175,40,1097,56,10000,128,3
engramdb,4231,4136.444,36,1102,56,10000,128,3
engramdb,4232,4102.279,34,1104,56,10000,128,3
engramdb,4233,5368.027,42,1088,56,10000,128,3
engramdb,4234,4082.245,38,1090,56,10000,128,3
engramdb,4235,4270.218,38,1090,56,10000,128,3
engramdb,4236,4291.726,38,1096,56,10000,128,3
engramdb,4237,7739.896,32,1102,56,10000,128,3
engramdb,4238,4105.110,36,1054,56,10000,128,3
engramdb,4239,4205.257,32,1099,56,10000,128,3
engramdb,4240,4331.005,37,1071,56,10000,128,3
engramdb,4241,4277.099,36,1085,56,10000,128,3
engramdb,4242,4260.660,35,1065,56,10000,128,3
engramdb,4243,4340.166,38,1096,56,10000,128,3
engramdb,4244,4256.949,34,1059,56,10000,128,3
engramdb,4245,4403.148,37,1088,56,10000,128,3
engramdb,4246,4314.593,32,1082,56,10000,128,3
engramdb,4247,4380.191,32,1097,56,10000,128,3
engramdb,4248,4257.504,42,1096,56,10000,128,3
engramdb,4249,4306.587,40,1105,56,10000,128,3
engramdb,4250,4312.443,31,1099,56,10000,128,3
engramdb,4251,4251.445,36,1091,56,10000,128,3
engramdb,4252,4236.121,33,1036,56,10000,128,3
engramdb,4253,4252.658,41,1099,56,10000,128,3
engramdb,4254,4312.190,38,1079,56,10000,128,3
engramdb,4255,4285.506,40,1101,56,10000,128,3
engramdb,4256,4306.080,24,1097,56,10000,128,3
engramdb,4257,4221.288,34,1081,56,10000,128,3
engramdb,4258,4234.779,34,1081,56,10000,128,3
engramdb,4259,4329.243,35,1099,56,10000,128,3
engramdb,4260,4290.406,31,1090,56,10000,128,3
engramdb,4261,4239.545,38,1081,56,10000,128,3
engramdb,4262,5511.655,33,1093,56,10000,128,3
engramdb,4263,4554.710,30,1064,56,10000,128,3
engramdb,4264,4280.681,32,1023,56,10000,128,3
engramdb,4265,4273.195,34,1100,56,10000,128,3
engramdb,4266,4346.189,38,1108,56,10000,128,3
engramdb,4267,4262.661,35,1097,56,10000,128,3
engramdb,4268,5785.090,33,1047,56,10000,128,3
engramdb,4269,4340.012,34,1089,56,10000,128,3
engramdb,4270,4526.083,32,1098,56,10000,128,3
engramdb,4271,4317.752,33,1094,56,10000,128,3
engramdb,4272,4254.273,30,1075,56,10000,128,3
engramdb,4273,4206.647,38,1059,56,10000,128,3
engramdb,4274,4230.424,37,1092,56,10000,128,3
engramdb,4275,4297.840,28,1100,56,10000,128,3
engramdb,4276,4326.591,38,1101,56,10000,128,3
engramdb,4277,4265.745,39,1100,56,10000,128,3
engramdb,4278,4466.795,38,1102,56,10000,128,3
engramdb,4279,4286.814,34,1103,56,10000,128,3
engramdb,4280,4274.288,34,1085,56,10000,128,3
engramdb,4281,4379.829,34,1047,56,10000,128,3
engramdb,4282,4263.371,37,1096,56,10000,128,3
engramdb,4283,4231.421,29,1086,56,10000,128,3
engramdb,4284,4288.586,34,1092,56,10000,128,3
engramdb,4285,4273.722,40,1096,56,10000,128,3
engramdb,4286,4282.937,36,1096,56,10000,128,3
engramdb,4287,4225.888,32,1098,56,10000,128,3
engramdb,4288,4306.450,37,1093,56,10000,128,3
engramdb,4289,4290.426,38,1080,56,10000,128,3
engramdb,4290,4607.796,38,1095,56,10000,128,3
engramdb,4291,4127.577,35,1077,56,10000,128,3
engramdb,4292,5441.749,37,1099,56,10000,128,3
engramdb,4293,4302.994,39,1088,56,10000,128,3
engramdb,4294,4458.676,33,1082,55,10000,128,3
engramdb,4295,4307.919,28,1095,56,10000,128,3
engramdb,4296,4324.427,37,1099,56,10000,128,3
engramdb,4297,4328.394,40,1096,56,10000,128,3
engramdb,4298,4268.123,38,1096,56,10000,128,3
engramdb,4299,4264.638,36,1094,56,10000,128,3
engramdb,4300,4267.890,38,1065,56,10000,128,3
engramdb,4301,4179.932,38,1098,56,10000,128,3
engramdb,4302,6108.283,38,1095,56,10000,128,3
engramdb,4303,4315.413,34,1075,56,10000,128,3
engramdb,4304,4294.814,40,1077,56,10000,128,3
engramdb,4305,4234.455,38,1090,56,10000,128,3
engramdb,4306,4422.081,36,1080,56,10000,128,3
engramdb,4307,4342.381,33,1096,56,10000,128,3
engramdb,4308,5424.464,34,1107,56,10000,128,3
engramdb,4309,4298.174,34,1087,56,10000,128,3
engramdb,4310,4856.571,46,1104,56,10000,128,3
engramdb,4311,8354.652,34,1095,56,10000,128,3
engramdb,4312,4388.364,39,1096,56,10000,128,3
engramdb,4313,4763.625,36,1095,56,10000,128,3
engramdb,4314,4495.427,37,1090,56,10000,128,3
engramdb,4315,4247.121,32,1064,56,10000,128,3
engramdb,4316,4109.655,30,1098,56,10000,128,3
engramdb,4317,4273.241,36,1065,56,10000,128,3
engramdb,4318,4978.798,41,1099,56,10000,128,3
engramdb,4319,4569.065,30,1091,56,10000,128,3
engramdb,4320,4402.000,38,1074,56,10000,128,3
engramdb,4321,6814.086,36,1095,56,10000,128,3
engramdb,4322,4479.567,30,1058,56,10000,128,3
engramdb,4323,4599.435,34,1094,56,10000,128,3
engramdb,4324,4527.656,41,1101,56,10000,128,3
engramdb,4325,4450.872,33,1091,56,10000,128,3
engramdb,4326,4445.646,34,1086,56,10000,128,3
engramdb,4327,4591.582,31,1098,56,10000,128,3
engramdb,4328,4573.894,36,1097,56,10000,128,3
engramdb,4329,4333.298,41,1103,56,10000,128,3
engramdb,4330,6205.763,37,1088,56,10000,128,3
engramdb,4331,4258.478,29,1067,56,10000,128,3
engramdb,4332,4231.991,28,1051,56,10000,128,3
engramdb,4333,4406.076,37,1084,56,10000,128,3
engramdb,4334,4387.118,33,1088,56,10000,128,3
engramdb,4335,4385.045,35,1100,56,10000,128,3
engramdb,4336,4425.313,37,1092,56,10000,128,3
engramdb,4337,4430.949,44,1094,56,10000,128,3
engramdb,4338,4363.839,35,1080,56,10000,128,3
engramdb,4339,4331.757,33,1097,56,10000,128,3
engramdb,4340,4011.102,35,1103,56,10000,128,3
engramdb,4341,3631.803,43,1091,56,10000,128,3
engramdb,4342,4713.801,38,1069,56,10000,128,3
engramdb,4343,4385.668,39,1088,56,10000,128,3
engramdb,4344,3874.324,34,1102,56,10000,128,3
engramdb,4345,4202.918,31,1054,56,10000,128,3
engramdb,4346,4234.736,31,1088,56,10000,128,3
engramdb,4347,6645.663,32,1094,56,10000,128,3
engramdb,4348,4150.277,38,1084,56,10000,128,3
engramdb,4349,4239.308,32,1080,56,10000,128,3
engramdb,4350,4167.378,38,1084,56,10000,128,3
engramdb,4351,4030.297,33,1089,56,10000,128,3
engramdb,4352,3868.321,37,1106,56,10000,128,3
engramdb,4353,4218.821,32,1101,56,10000,128,3
engramdb,4354,3622.241,42,1100,56,10000,128,3
engramdb,4355,3446.905,36,1088,56,10000,128,3
engramdb,4356,4146.018,38,1095,56,10000,128,3
engramdb,4357,3768.891,34,1059,56,10000,128,3
engramdb,4358,4101.991,28,1091,56,10000,128,3
engramdb,4359,3557.105,33,1101,56,10000,128,3
engramdb,4360,4365.282,32,1089,56,10000,128,3
engramdb,4361,4440.749,43,1101,56,10000,128,3
engramdb,4362,3646.077,34,1050,56,10000,128,3
engramdb,4363,4022.221,31,1066,56,10000,128,3
engramdb,4364,4153.497,29,1095,56,10000,128,3
engramdb,4365,3873.140,40,1088,56,10000,128,3
engramdb,4366,3850.892,34,1101,56,10000,128,3
engramdb,4367,3613.064,35,1090,56,10000,128,3
engramdb,4368,4462.405,33,1088,56,10000,128,3
engramdb,4369,3705.918,36,1090,56,10000,128,3
engramdb,4370,3693.021,36,1082,56,10000,128,3
engramdb,4371,3750.931,38,1078,56,10000,128,3
engramdb,4372,4260.512,39,1105,56,10000,128,3
engramdb,4373,4502.235,29,1030,56,10000,128,3
engramdb,4374,4264.870,35,1091,56,10000,128,3
engramdb,4375,4232.930,31,1096,56,10000,128,3
engramdb,4376,4335.998,40,1098,56,10000,128,3
engramdb,4377,3739.906,34,1097,56,10000,128,3
engramdb,4378,3782.215,31,1095,56,10000,128,3
engramdb,4379,3697.227,29,1103,56,10000,128,3
engramdb,4380,3523.633,40,1082,56,10000,128,3
engramdb,4381,3839.359,39,1055,56,10000,128,3
engramdb,4382,3689.371,35,1091,56,10000,128,3
engramdb,4383,3477.620,32,1045,56,10000,128,3
engramdb,4384,3488.889,34,1081,56,10000,128,3
engramdb,4385,3697.949,38,1089,56,10000,128,3
engramdb,4386,4063.138,42,1083,56,10000,128,3
engramdb,4387,4349.473,34,1092,56,10000,128,3
engramdb,4388,4265.465,33,1102,56,10000,128,3
engramdb,4389,5454.218,42,1087,56,10000,128,3
engramdb,4390,3561.598,35,1088,56,10000,128,3
engramdb,4391,3833.710,32,1089,56,10000,128,3
engramdb,4392,3540.167,36,1088,56,10000,128,3
engramdb,4393,3603.184,35,1081,56,10000,128,3
engramdb,4394,4052.767,33,1103,56,10000,128,3
engramdb,4395,4220.287,35,1102,56,10000,128,3
engramdb,4396,4280.004,33,1088,56,10000,128,3
engramdb,4397,5059.068,32,1082,56,10000,128,3
engramdb,4398,3676.231,44,1101,56,10000,128,3
engramdb,4399,3709.524,37,1089,56,10000,128,3
engramdb,4400,3591.920,34,1088,56,10000,128,3
engramdb,4401,3700.022,36,1098,56,10000,128,3
engramdb,4402,4378.258,33,1100,56,10000,128,3
engramdb,4403,4254.533,34,1085,56,10000,128,3
engramdb,4404,4184.829,35,1088,56,10000,128,3
engramdb,4405,4062.359,34,1095,56,10000,128,3
engramdb,4406,4161.063,39,1104,56,10000,128,3
engramdb,4407,5449.978,29,1067,56,10000,128,3
engramdb,4408,4328.877,34,1084,56,10000,128,3
engramdb,4409,4555.872,34,1071,56,10000,128,3
engramdb,4410,5450.831,35,1105,56,10000,128,3
engramdb,4411,3613.104,35,1082,56,10000,128,3
engramdb,4412,3808.012,31,1054,56,10000,128,3
engramdb,4413,3832.925,36,1070,56,10000,128,3
engramdb,4414,4110.309,36,1079,56,10000,128,3
engramdb,4415,4151.637,30,1093,56,10000,128,3
engramdb,4416,4027.232,34,1081,56,10000,128,3
engramdb,4417,3858.219,40,1085,56,10000,128,3
engramdb,4418,4345.351,36,1102,56,10000,128,3
engramdb,4419,4478.758,35,1095,56,10000,128,3
engramdb,4420,4437.481,37,1099,56,10000,128,3
engramdb,4421,3943.244,37,1095,56,10000,128,3
engramdb,4422,4552.793,31,1091,56,10000,128,3
engramdb,4423,4037.980,38,1067,56,10000,128,3
engramdb,4424,3985.377,30,1078,56,10000,128,3
engramdb,4425,3573.347,33,1088,56,10000,128,3
engramdb,4426,4049.420,35,1101,56,10000,128,3
engramdb,4427,4096.363,36,1096,56,10000,128,3
engramdb,4428,4061.491,32,1086,56,10000,128,3
engramdb,4429,4264.850,38,1065,56,10000,128,3
engramdb,4430,5270.301,35,1102,56,10000,128,3
engramdb,4431,4111.144,42,1081,56,10000,128,3
engramdb,4432,3951.266,40,1073,56,10000,128,3
engramdb,4433,3758.091,34,1093,56,10000,128,3
engramdb,4434,4113.547,35,1093,56,10000,128,3
engramdb,4435,4137.859,30,1104,56,10000,128,3
engramdb,4436,4781.766,35,1093,56,10000,128,3
engramdb,4437,4121.284,40,1097,56,10000,128,3
engramdb,4438,4294.079,38,1073,56,10000,128,3
engramdb,4439,6010.292,33,1086,56,10000,128,3
engramdb,4440,3980.274,35,1064,56,10000,128,3
engramdb,4441,4067.038,41,1099,56,10000,128,3
engramdb,4442,4260.788,39,1098,56,10000,128,3
engramdb,4443,8397.108,37,1090,56,10000,128,3
engramdb,4444,4887.637,34,1064,56,10000,128,3
engramdb,4445,5634.928,43,1093,56,10000,128,3
engramdb,4446,4102.834,37,1095,56,10000,128,3
engramdb,4447,4394.270,38,1078,56,10000,128,3
engramdb,4448,5100.535,35,1091,56,10000,128,3
engramdb,4449,5857.403,39,1066,56,10000,128,3
engramdb,4450,5668.023,38,1087,56,10000,128,3
engramdb,4451,4151.766,35,1091,56,10000,128,3
engramdb,4452,4280.368,35,1086,56,10000,128,3
engramdb,4453,4174.520,34,1085,56,10000,128,3
engramdb,4454,3907.531,33,1070,56,10000,128,3
engramdb,4455,3978.620,28,1069,56,10000,128,3
engramdb,4456,4286.517,36,1100,56,10000,128,3
engramdb,4457,4220.925,38,1107,56,10000,128,3
engramdb,4458,4133.941,34,1105,56,10000,128,3
engramdb,4459,4390.018,33,1101,56,10000,128,3
engramdb,4460,4414.391,33,1099,56,10000,128,3
engramdb,4461,15872.312,32,1110,56,10000,128,3
engramdb,4462,5026.753,39,1090,56,10000,128,3
engramdb,4463,4575.825,28,1097,56,10000,128,3
engramdb,4464,5370.256,35,1092,56,10000,128,3
engramdb,4465,4440.185,39,1065,56,10000,128,3
engramdb,4466,4348.697,33,1070,56,10000,128,3
engramdb,4467,4324.090,33,1080,56,10000,128,3
engramdb,4468,8952.168,38,1091,56,10000,128,3
engramdb,4469,4570.031,36,1094,56,10000,128,3
engramdb,4470,4097.676,33,1074,56,10000,128,3
engramdb,4471,4687.489,37,1103,56,10000,128,3
engramdb,4472,3988.758,33,1084,56,10000,128,3
engramdb,4473,3969.359,39,1096,56,10000,128,3
engramdb,4474,4117.373,36,1059,56,10000,128,3
engramdb,4475,4430.040,33,1059,56,10000,128,3
engramdb,4476,4242.758,34,1086,56,10000,128,3
engramdb,4477,4156.233,39,1086,56,10000,128,3
engramdb,4478,4191.945,31,1087,56,10000,128,3
engramdb,4479,6530.429,29,1091,56,10000,128,3
engramdb,4480,3923.495,32,1093,56,10000,128,3
engramdb,4481,4037.571,35,1103,56,10000,128,3
engramdb,4482,4095.220,31,1086,56,10000,128,3
engramdb,4483,4452.397,33,1090,56,10000,128,3
engramdb,4484,5746.798,35,1092,56,10000,128,3
engramdb,4485,4310.103,28,1085,56,10000,128,3
engramdb,4486,3997.060,35,1087,56,10000,128,3
engramdb,4487,4385.896,31,1097,56,10000,128,3
engramdb,4488,4193.037,39,1104,56,10000,128,3
engramdb,4489,5768.157,39,1099,56,10000,128,3
engramdb,4490,6800.908,39,1094,56,10000,128,3
engramdb,4491,5399.553,26,1074,56,10000,128,3
engramdb,4492,4831.207,29,1018,56,10000,128,3
engramdb,4493,5647.424,42,1103,56,10000,128,3
engramdb,4494,4246.706,32,1067,56,10000,128,3
engramdb,4495,6468.343,34,1084,56,10000,128,3
engramdb,4496,4298.384,38,1088,56,10000,128,3
engramdb,4497,7772.615,30,1097,56,10000,128,3
engramdb,4498,4280.407,41,1093,56,10000,128,3
engramdb,4499,4085.727,37,1086,56,10000,128,3
engramdb,4500,4287.306,35,1079,56,10000,128,3
engramdb,4501,4162.216,39,1084,56,10000,128,3
engramdb,4502,4114.538,35,1026,56,10000,128,3
engramdb,4503,5041.979,36,1098,56,10000,128,3
engramdb,4504,4452.134,40,1090,56,10000,128,3
engramdb,4505,4523.411,37,1066,56,10000,128,3
engramdb,4506,4291.983,38,1080,56,10000,128,3
engramdb,4507,4301.283,35,1104,56,10000,128,3
engramdb,4508,4324.980,44,1106,56,10000,128,3
engramdb,4509,4488.901,34,1099,56,10000,128,3
engramdb,4510,4431.743,24,1094,56,10000,128,3
engramdb,4511,4462.375,36,1098,56,10000,128,3
engramdb,4512,4333.577,30,1095,56,10000,128,3
engramdb,4513,4327.867,35,1079,56,10000,128,3
engramdb,4514,4288.239,36,1098,56,10000,128,3
engramdb,4515,4350.707,33,1107,56,10000,128,3
engramdb,4516,4303.990,38,1099,56,10000,128,3
engramdb,4517,4315.900,39,1103,56,10000,128,3
engramdb,4518,4209.554,30,1093,56,10000,128,3
engramdb,4519,6617.850,32,1098,56,10000,128,3
engramdb,4520,4313.552,44,1095,56,10000,128,3
engramdb,4521,4273.371,36,1101,56,10000,128,3
engramdb,4522,4183.351,35,1087,56,10000,128,3
engramdb,4523,6488.809,33,1091,56,10000,128,3
engramdb,4524,4395.810,35,1104,56,10000,128,3
engramdb,4525,10711.038,33,1101,56,10000,128,3
engramdb,4526,4317.202,37,1094,56,10000,128,3
engramdb,4527,4230.435,34,1103,56,10000,128,3
engramdb,4528,6587.157,32,1089,56,10000,128,3
engramdb,4529,4332.590,35,1085,56,10000,128,3
engramdb,4530,4210.168,31,1054,56,10000,128,3
engramdb,4531,4278.008,42,1066,56,10000,128,3
engramdb,4532,4301.128,27,1082,56,10000,128,3
engramdb,4533,4236.921,34,1088,56,10000,128,3
engramdb,4534,4293.642,32,1090,56,10000,128,3
engramdb,4535,4275.931,33,1094,56,10000,128,3
engramdb,4536,4232.739,39,1088,56,10000,128,3
engramdb,4537,4658.073,39,1086,56,10000,128,3
engramdb,4538,4242.954,35,1101,56,10000,128,3
engramdb,4539,4218.966,40,1103,56,10000,128,3
engramdb,4540,4264.431,34,1090,56,10000,128,3
engramdb,4541,4296.956,38,1080,56,10000,128,3
engramdb,4542,4229.348,37,1090,56,10000,128,3
engramdb,4543,4283.131,31,1102,56,10000,128,3
engramdb,4544,4259.657,42,1080,56,10000,128,3
engramdb,4545,4150.313,40,1086,56,10000,128,3
engramdb,4546,9116.110,30,1058,56,10000,128,3
engramdb,4547,4294.658,35,1088,56,10000,128,3
engramdb,4548,4265.202,35,1103,56,10000,128,3
engramdb,4549,4217.172,39,1098,56,10000,128,3
engramdb,4550,4243.858,43,1101,56,10000,128,3
engramdb,4551,4297.059,30,1100,56,10000,128,3
engramdb,4552,4269.610,30,1080,56,10000,128,3
engramdb,4553,4203.297,36,1096,56,10000,128,3
engramdb,4554,4240.321,34,1093,56,10000,128,3
engramdb,4555,4235.517,35,1090,56,10000,128,3
engramdb,4556,4244.881,31,1076,56,10000,128,3
engramdb,4557,4268.686,40,1080,56,10000,128,3
engramdb,4558,4256.526,29,1094,56,10000,128,3
engramdb,4559,4213.435,32,1090,56,10000,128,3
engramdb,4560,4243.466,36,1097,56,10000,128,3
engramdb,4561,4216.069,30,1105,56,10000,128,3
engramdb,4562,4254.243,33,1102,56,10000,128,3
engramdb,4563,4272.224,38,1095,56,10000,128,3
engramdb,4564,4263.931,37,1089,56,10000,128,3
engramdb,4565,4186.218,31,1091,56,10000,128,3
engramdb,4566,4239.362,35,1102,56,10000,128,3
engramdb,4567,4265.214,35,1094,56,10000,128,3
engramdb,4568,4229.781,34,1054,56,10000,128,3
engramdb,4569,4258.734,36,1077,56,10000,128,3
engramdb,4570,4252.052,35,1087,56,10000,128,3
engramdb,4571,4265.779,36,1098,56,10000,128,3
engramdb,4572,4261.068,33,1075,56,10000,128,3
engramdb,4573,4503.461,32,1034,56,10000,128,3
engramdb,4574,4209.500,34,1101,56,10000,128,3
engramdb,4575,5780.635,35,1097,56,10000,128,3
engramdb,4576,4385.608,34,1087,56,10000,128,3
engramdb,4577,5107.383,39,1096,56,10000,128,3
engramdb,4578,4271.009,38,1107,56,10000,128,3
engramdb,4579,4253.312,34,1086,56,10000,128,3
engramdb,4580,4103.688,32,1092,56,10000,128,3
engramdb,4581,4068.454,40,1082,56,10000,128,3
engramdb,4582,4079.962,40,1102,56,10000,128,3
engramdb,4583,4069.128,31,1015,56,10000,128,3
engramdb,4584,4089.293,34,1090,56,10000,128,3
engramdb,4585,4093.313,35,1050,56,10000,128,3
engramdb,4586,4038.071,34,1093,56,10000,128,3
engramdb,4587,4118.712,31,1088,56,10000,128,3
engramdb,4588,4092.763,39,1082,56,10000,128,3
engramdb,4589,7033.311,34,1072,56,10000,128,3
engramdb,4590,4344.499,44,1106,56,10000,128,3
engramdb,4591,4270.330,28,1086,56,10000,128,3
engramdb,4592,4250.720,36,1085,56,10000,128,3
engramdb,4593,4286.005,36,1082,56,10000,128,3
engramdb,4594,4511.866,29,1083,56,10000,128,3
engramdb,4595,4443.760,30,1058,56,10000,128,3
engramdb,4596,4307.166,45,1099,56,10000,128,3
engramdb,4597,4275.974,34,1098,56,10000,128,3
engramdb,4598,4278.374,33,1098,56,10000,128,3
engramdb,4599,4244.216,34,1097,56,10000,128,3
engramdb,4600,4257.481,33,1096,56,10000,128,3
engramdb,4601,4237.310,37,1091,56,10000,128,3
engramdb,4602,4241.837,38,1103,56,10000,128,3
engramdb,4603,4215.755,37,1074,56,10000,128,3
engramdb,4604,4201.906,35,1105,56,10000,128,3
engramdb,4605,4222.173,37,1093,56,10000,128,3
engramdb,4606,4276.596,36,1102,56,10000,128,3
engramdb,4607,6453.122,34,1101,56,10000,128,3
engramdb,4608,4276.256,43,1072,56,10000,128,3
engramdb,4609,4261.532,40,1104,56,10000,128,3
engramdb,4610,4270.213,35,1092,56,10000,128,3
engramdb,4611,4218.281,40,1101,56,10000,128,3
engramdb,4612,4231.912,32,1088,56,10000,128,3
engramdb,4613,4288.434,41,1092,56,10000,128,3
engramdb,4614,4232.080,41,1099,56,10000,128,3
engramdb,4615,4664.580,33,1088,56,10000,128,3
engramdb,4616,4329.237,37,1099,56,10000,128,3
engramdb,4617,4227.863,31,1098,56,10000,128,3
engramdb,4618,4246.592,34,1093,56,10000,128,3
engramdb,4619,4295.126,33,1099,56,10000,128,3
engramdb,4620,4270.010,34,1093,56,10000,128,3
engramdb,4621,4271.915,38,1076,56,10000,128,3
engramdb,4622,4195.388,32,1099,56,10000,128,3
engramdb,4623,4249.985,33,1068,56,10000,128,3
engramdb,4624,4197.837,33,1087,56,10000,128,3
engramdb,4625,6762.832,34,1098,56,10000,128,3
engramdb,4626,4328.704,38,1078,56,10000,128,3
engramdb,4627,4274.140,38,1090,56,10000,128,3
engramdb,4628,4280.092,37,1095,56,10000,128,3
engramdb,4629,4260.994,38,1099,56,10000,128,3
engramdb,4630,4249.493,34,1094,56,10000,128,3
engramdb,4631,4324.090,29,1073,56,10000,128,3
engramdb,4632,4315.389,40,1095,56,10000,128,3
engramdb,4633,4340.742,38,1097,56,10000,128,3
engramdb,4634,4342.990,38,1071,56,10000,128,3
engramdb,4635,4310.729,34,1091,56,10000,128,3
engramdb,4636,4320.300,33,1098,56,10000,128,3
engramdb,4637,4332.715,37,1098,56,10000,128,3
engramdb,4638,4331.466,31,1095,56,10000,128,3
engramdb,4639,4351.352,37,1089,56,10000,128,3
engramdb,4640,4296.989,36,1090,56,10000,128,3
engramdb,4641,4327.840,38,1093,56,10000,128,3
engramdb,4642,4294.816,36,1089,56,10000,128,3
engramdb,4643,4332.264,38,1097,56,10000,128,3
engramdb,4644,4322.426,37,1098,56,10000,128,3
engramdb,4645,4316.164,38,1086,56,10000,128,3
engramdb,4646,4300.656,31,1061,56,10000,128,3
engramdb,4647,4298.283,33,1102,56,10000,128,3
engramdb,4648,4317.184,37,1099,56,10000,128,3
engramdb,4649,4311.123,34,1099,56,10000,128,3
engramdb,4650,4287.773,36,1090,56,10000,128,3
engramdb,4651,4288.676,33,1076,56,10000,128,3
engramdb,4652,4333.003,38,1098,56,10000,128,3
engramdb,4653,4295.144,29,1091,56,10000,128,3
engramdb,4654,4582.726,39,1082,56,10000,128,3
engramdb,4655,4292.765,32,1089,56,10000,128,3
engramdb,4656,4322.487,35,1094,56,10000,128,3
engramdb,4657,4371.904,39,1097,56,10000,128,3
engramdb,4658,4342.597,42,1098,56,10000,128,3
engramdb,4659,4327.983,32,1087,56,10000,128,3
engramdb,4660,4309.226,36,1099,56,10000,128,3
engramdb,4661,4309.863,32,1090,56,10000,128,3
engramdb,4662,4345.526,34,1091,56,10000,128,3
engramdb,4663,4358.628,36,1090,56,10000,128,3
engramdb,4664,4299.506,35,1095,56,10000,128,3
engramdb,4665,4315.296,38,1075,56,10000,128,3
engramdb,4666,5480.964,33,1078,56,10000,128,3
engramdb,4667,4314.496,37,1092,56,10000,128,3
engramdb,4668,4303.843,36,1097,56,10000,128,3
engramdb,4669,4275.662,36,1091,56,10000,128,3
engramdb,4670,4379.531,33,1093,56,10000,128,3
engramdb,4671,4325.251,35,1088,56,10000,128,3
engramdb,4672,4356.466,39,1099,56,10000,128,3
engramdb,4673,4322.626,36,1066,55,10000,128,3
engramdb,4674,4200.920,32,1089,56,10000,128,3
engramdb,4675,4092.586,35,1075,55,10000,128,3
engramdb,4676,4172.203,33,1095,56,10000,128,3
engramdb,4677,4217.539,41,1098,56,10000,128,3
engramdb,4678,4152.762,38,1099,56,10000,128,3
engramdb,4679,4223.214,33,1101,56,10000,128,3
engramdb,4680,6482.208,39,1101,56,10000,128,3
engramdb,4681,4602.089,28,1090,56,10000,128,3
engramdb,4682,4397.681,37,1081,56,10000,128,3
engramdb,4683,4303.113,35,1095,56,10000,128,3
engramdb,4684,4350.654,34,1100,56,10000,128,3
engramdb,4685,4324.577,38,1100,56,10000,128,3
engramdb,4686,4333.646,33,1097,56,10000,128,3
engramdb,4687,4338.547,27,1104,56,10000,128,3
engramdb,4688,4431.168,38,1107,56,10000,128,3
engramdb,4689,4304.461,37,1101,56,10000,128,3
engramdb,4690,6025.528,29,1085,56,10000,128,3
engramdb,4691,4330.847,36,1092,56,10000,128,3
engramdb,4692,4316.681,34,1091,56,10000,128,3
engramdb,4693,4389.448,35,1092,56,10000,128,3
engramdb,4694,4282.295,31,1071,56,10000,128,3
engramdb,4695,4248.463,34,1092,56,10000,128,3
engramdb,4696,4278.596,32,1085,56,10000,128,3
engramdb,4697,6908.632,32,1056,56,10000,128,3
engramdb,4698,4427.349,34,1092,56,10000,128,3
engramdb,4699,4271.840,34,1104,56,10000,128,3
engramdb,4700,5081.814,31,1098,56,10000,128,3
engramdb,4701,4510.581,36,1083,56,10000,128,3
engramdb,4702,4376.399,36,1070,56,10000,128,3
engramdb,4703,4321.046,40,1092,56,10000,128,3
engramdb,4704,4147.214,34,1096,56,10000,128,3
engramdb,4705,4173.166,35,1090,56,10000,128,3
engramdb,4706,4159.843,34,1103,56,10000,128,3
engramdb,4707,4044.228,34,1088,56,10000,128,3
engramdb,4708,4478.032,33,1088,56,10000,128,3
engramdb,4709,4063.066,37,1090,56,10000,128,3
engramdb,4710,4070.174,38,1098,56,10000,128,3
engramdb,4711,4055.171,32,1104,56,10000,128,3
engramdb,4712,4052.437,33,1093,56,10000,128,3
engramdb,4713,4088.430,38,1096,56,10000,128,3
engramdb,4714,4057.689,36,1089,56,10000,128,3
engramdb,4715,4108.123,37,1094,56,10000,128,3
engramdb,4716,4062.797,41,1070,56,10000,128,3
engramdb,4717,4094.759,35,1093,56,10000,128,3
engramdb,4718,4301.250,37,1096,56,10000,128,3
engramdb,4719,5145.844,33,1074,56,10000,128,3
engramdb,4720,5786.338,36,1089,56,10000,128,3
engramdb,4721,4293.711,37,1088,56,10000,128,3
engramdb,4722,4292.442,30,1098,56,10000,128,3
engramdb,4723,4293.560,36,1107,56,10000,128,3
engramdb,4724,4306.971,37,1081,56,10000,128,3
engramdb,4725,4238.797,35,1093,56,10000,128,3
engramdb,4726,4277.622,33,1098,56,10000,128,3
engramdb,4727,4226.694,38,1101,55,10000,128,3
engramdb,4728,4255.004,37,1099,56,10000,128,3
engramdb,4729,4344.438,38,1092,56,10000,128,3
engramdb,4730,4199.852,32,1096,55,10000,128,3
engramdb,4731,6948.894,36,1104,56,10000,128,3
engramdb,4732,4323.756,30,1061,56,10000,128,3
engramdb,4733,4312.971,31,1062,56,10000,128,3
engramdb,4734,5372.344,35,1102,56,10000,128,3
engramdb,4735,4202.060,36,1097,56,10000,128,3
engramdb,4736,4235.845,41,1090,56,10000,128,3
engramdb,4737,8074.857,32,1084,56,10000,128,3
engramdb,4738,4339.785,37,1093,56,10000,128,3
engramdb,4739,4887.091,32,1080,56,10000,128,3
engramdb,4740,4617.157,42,1082,56,10000,128,3
engramdb,4741,4337.022,35,1085,56,10000,128,3
engramdb,4742,4322.001,40,1105,56,10000,128,3
engramdb,4743,4307.506,34,1096,56,10000,128,3
engramdb,4744,4299.579,35,1099,56,10000,128,3
engramdb,4745,6476.299,37,1097,56,10000,128,3
engramdb,4746,4340.551,39,1106,56,10000,128,3
engramdb,4747,4296.228,40,1082,56,10000,128,3
engramdb,4748,4311.463,38,1104,56,10000,128,3
engramdb,4749,4293.665,41,1093,56,10000,128,3
engramdb,4750,4272.454,29,1101,56,10000,128,3
engramdb,4751,4290.255,43,1100,56,10000,128,3
engramdb,4752,4671.776,33,1104,56,10000,128,3
engramdb,4753,4309.571,33,1082,56,10000,128,3
engramdb,4754,4316.450,29,1088,56,10000,128,3
engramdb,4755,4322.192,35,1073,56,10000,128,3
engramdb,4756,6087.637,32,1067,56,10000,128,3
engramdb,4757,4342.423,32,1076,56,10000,128,3
engramdb,4758,4284.503,33,1098,56,10000,128,3
engramdb,4759,4191.437,33,1093,56,10000,128,3
engramdb,4760,4182.142,40,1104,56,10000,128,3
engramdb,4761,4165.603,36,1078,56,10000,128,3
engramdb,4762,4738.030,36,1102,56,10000,128,3
engramdb,4763,4395.885,31,1082,56,10000,128,3
engramdb,4764,4355.539,35,1085,56,10000,128,3
engramdb,4765,9009.212,35,1097,56,10000,128,3
engramdb,4766,4330.505,34,1099,56,10000,128,3
engramdb,4767,4216.441,32,1059,56,10000,128,3
engramdb,4768,4271.046,38,1100,56,10000,128,3
engramdb,4769,4198.596,30,1096,56,10000,128,3
engramdb,4770,4185.530,36,1103,56,10000,128,3
engramdb,4771,4162.208,37,1081,56,10000,128,3
engramdb,4772,4202.961,32,1089,56,10000,128,3
engramdb,4773,7710.557,40,1093,56,10000,128,3
engramdb,4774,4211.791,27,1066,56,10000,128,3
engramdb,4775,4214.478,34,1077,56,10000,128,3
engramdb,4776,4257.941,33,1100,56,10000,128,3
engramdb,4777,7965.711,34,1097,56,10000,128,3
engramdb,4778,4144.131,27,1086,56,10000,128,3
engramdb,4779,4060.582,38,1085,56,10000,128,3
engramdb,4780,4076.572,39,1095,56,10000,128,3
engramdb,4781,4008.153,33,1076,55,10000,128,3
engramdb,4782,5040.513,32,1101,56,10000,128,3
engramdb,4783,4350.582,31,1092,56,10000,128,3
engramdb,4784,4118.314,33,1082,56,10000,128,3
engramdb,4785,4076.097,35,1105,56,10000,128,3
engramdb,4786,14524.584,35,1094,56,10000,128,3
engramdb,4787,4417.583,33,1088,56,10000,128,3
engramdb,4788,7403.419,36,1100,56,10000,128,3
engramdb,4789,4044.452,31,1101,56,10000,128,3
engramdb,4790,4259.296,33,1092,56,10000,128,3
engramdb,4791,4592.180,35,1100,56,10000,128,3
engramdb,4792,4220.980,38,1096,56,10000,128,3
engramdb,4793,4272.410,34,1098,56,10000,128,3
engramdb,4794,4234.142,35,1051,56,10000,128,3
engramdb,4795,4323.881,34,1090,56,10000,128,3
engramdb,4796,4229.519,34,1086,56,10000,128,3
engramdb,4797,4419.190,36,1074,56,10000,128,3
engramdb,4798,5139.432,38,1090,56,10000,128,3
engramdb,4799,4387.001,38,1094,56,10000,128,3
engramdb,4800,4386.033,31,1092,56,10000,128,3
engramdb,4801,4338.202,36,1084,56,10000,128,3
engramdb,4802,4316.394,32,1093,56,10000,128,3
engramdb,4803,4676.898,43,1087,56,10000,128,3
engramdb,4804,4360.380,37,1103,56,10000,128,3
engramdb,4805,4282.381,37,1103,56,10000,128,3
engramdb,4806,4190.648,37,1077,56,10000,128,3
engramdb,4807,4526.101,35,1100,56,10000,128,3
engramdb,4808,4376.709,42,1099,56,10000,128,3
engramdb,4809,4315.166,37,1095,56,10000,128,3
engramdb,4810,5898.457,36,1085,56,10000,128,3
engramdb,4811,4433.396,34,1101,56,10000,128,3
engramdb,4812,3895.422,33,1092,56,10000,128,3
engramdb,4813,4228.670,39,1093,56,10000,128,3
engramdb,4814,3423.857,34,1088,56,10000,128,3
engramdb,4815,3339.010,29,1098,56,10000,128,3
engramdb,4816,3901.865,40,1085,56,10000,128,3
engramdb,4817,4319.126,37,1098,56,10000,128,3
engramdb,4818,3316.697,35,1101,56,10000,128,3
engramdb,4819,3283.882,36,1096,56,10000,128,3
engramdb,4820,3190.741,33,1099,56,10000,128,3
engramdb,4821,3178.327,37,1099,56,10000,128,3
engramdb,4822,3299.213,43,1079,56,10000,128,3
engramdb,4823,3165.167,32,1035,56,10000,128,3
engramdb,4824,3163.412,38,1102,56,10000,128,3
engramdb,4825,3297.641,35,1078,56,10000,128,3
engramdb,4826,4731.708,33,1081,56,10000,128,3
engramdb,4827,3236.567,31,1095,56,10000,128,3
engramdb,4828,3264.716,39,1097,56,10000,128,3
engramdb,4829,3187.108,33,1091,56,10000,128,3
engramdb,4830,3156.510,37,1082,56,10000,128,3
engramdb,4831,3299.249,40,1096,56,10000,128,3
engramdb,4832,3181.524,38,1094,56,10000,128,3
engramdb,4833,3177.133,29,1074,56,10000,128,3
engramdb,4834,3326.093,31,1056,56,10000,128,3
engramdb,4835,3195.454,34,1099,56,10000,128,3
engramdb,4836,3146.679,39,1069,56,10000,128,3
engramdb,4837,3307.405,39,1084,56,10000,128,3
engramdb,4838,3184.938,34,1101,56,10000,128,3
engramdb,4839,3172.577,34,1099,56,10000,128,3
engramdb,4840,3291.557,37,1099,56,10000,128,3
engramdb,4841,3166.696,40,1096,56,10000,128,3
engramdb,4842,3388.324,34,1090,56,10000,128,3
engramdb,4843,3305.161,36,1098,56,10000,128,3
engramdb,4844,3215.467,38,1100,56,10000,128,3
engramdb,4845,3216.834,31,1096,56,10000,128,3
engramdb,4846,3345.954,36,1091,56,10000,128,3
engramdb,4847,3205.472,31,1095,56,10000,128,3
engramdb,4848,3202.905,41,1086,56,10000,128,3
engramdb,4849,3318.082,41,1107,56,10000,128,3
engramdb,4850,4138.300,37,1093,56,10000,128,3
engramdb,4851,4121.942,22,1097,56,10000,128,3
engramdb,4852,3544.636,37,1094,56,10000,128,3
engramdb,4853,3127.653,34,1098,56,10000,128,3
engramdb,4854,3251.226,32,1106,56,10000,128,3
engramdb,4855,3310.234,34,1092,56,10000,128,3
engramdb,4856,3250.905,36,1087,56,10000,128,3
engramdb,4857,3226.062,33,1101,56,10000,128,3
engramdb,4858,4320.010,35,1096,56,10000,128,3
engramdb,4859,3366.320,37,1056,56,10000,128,3
engramdb,4860,3290.146,31,1093,56,10000,128,3
engramdb,4861,3261.373,36,1079,56,10000,128,3
engramdb,4862,3233.281,31,1089,56,10000,128,3
engramdb,4863,3427.572,35,1051,56,10000,128,3
engramdb,4864,4448.025,37,1088,56,10000,128,3
engramdb,4865,3401.229,38,1088,56,10000,128,3
engramdb,4866,3455.794,30,1090,56,10000,128,3
engramdb,4867,3272.938,33,1099,56,10000,128,3
engramdb,4868,3237.393,44,1098,56,10000,128,3
engramdb,4869,3560.794,29,1088,56,10000,128,3
engramdb,4870,3569.291,31,1089,56,10000,128,3
engramdb,4871,3468.582,35,1092,56,10000,128,3
engramdb,4872,3325.712,38,1095,56,10000,128,3
engramdb,4873,4364.352,36,1080,56,10000,128,3
engramdb,4874,5614.926,39,1100,56,10000,128,3
engramdb,4875,4282.836,33,1098,56,10000,128,3
engramdb,4876,4295.820,36,1076,56,10000,128,3
engramdb,4877,4314.429,30,1092,56,10000,128,3
engramdb,4878,4302.345,35,1095,56,10000,128,3
engramdb,4879,4277.916,38,1091,56,10000,128,3
engramdb,4880,3911.026,44,1085,56,10000,128,3
engramdb,4881,3306.538,36,1096,56,10000,128,3
engramdb,4882,3204.344,37,1087,56,10000,128,3
engramdb,4883,3203.911,39,1088,56,10000,128,3
engramdb,4884,3531.936,29,1048,56,10000,128,3
engramdb,4885,3827.798,38,1096,56,10000,128,3
engramdb,4886,4287.300,32,1089,56,10000,128,3
engramdb,4887,4351.331,38,1104,56,10000,128,3
engramdb,4888,4332.820,36,1077,56,10000,128,3
engramdb,4889,4348.406,33,1082,56,10000,128,3
engramdb,4890,4425.010,32,1098,56,10000,128,3
engramdb,4891,3317.433,36,1106,56,10000,128,3
engramdb,4892,3234.730,38,1076,56,10000,128,3
engramdb,4893,3199.228,37,1079,56,10000,128,3
engramdb,4894,3195.113,34,1091,56,10000,128,3
engramdb,4895,3287.279,32,1101,56,10000,128,3
engramdb,4896,3198.864,36,1102,56,10000,128,3
engramdb,4897,3215.013,33,1104,56,10000,128,3
engramdb,4898,4686.377,43,1097,56,10000,128,3
engramdb,4899,4348.495,38,1027,56,10000,128,3
engramdb,4900,4402.135,37,1090,56,10000,128,3
engramdb,4901,4202.961,36,1076,56,10000,128,3
engramdb,4902,4456.956,37,1094,56,10000,128,3
engramdb,4903,4358.468,35,1087,56,10000,128,3
engramdb,4904,4268.661,37,1045,56,10000,128,3
engramdb,4905,4164.667,39,1104,56,10000,128,3
engramdb,4906,4471.615,42,1104,56,10000,128,3
engramdb,4907,4160.584,39,1098,56,10000,128,3
engramdb,4908,4149.783,40,1104,56,10000,128,3
engramdb,4909,4173.124,32,1105,56,10000,128,3
engramdb,4910,4129.904,39,1105,56,10000,128,3
engramdb,4911,4548.194,39,1098,56,10000,128,3
engramdb,4912,4285.258,37,1104,56,10000,128,3
engramdb,4913,4294.524,34,1079,56,10000,128,3
engramdb,4914,4242.535,33,1078,56,10000,128,3
engramdb,4915,4261.314,41,1094,56,10000,128,3
engramdb,4916,4248.177,35,1090,56,10000,128,3
engramdb,4917,4246.189,36,1087,56,10000,128,3
engramdb,4918,4275.866,35,1101,56,10000,128,3
engramdb,4919,5371.183,35,1080,56,10000,128,3
engramdb,4920,4660.147,41,1095,56,10000,128,3
engramdb,4921,4318.062,31,1097,56,10000,128,3
engramdb,4922,4108.300,33,1089,56,10000,128,3
engramdb,4923,4138.064,30,1067,56,10000,128,3
engramdb,4924,4232.947,35,1055,56,10000,128,3
engramdb,4925,5279.597,30,1073,56,10000,128,3
engramdb,4926,4160.579,38,1082,56,10000,128,3
engramdb,4927,4412.714,36,1070,56,10000,128,3
engramdb,4928,4331.080,30,1087,56,10000,128,3
engramdb,4929,4272.554,35,1093,56,10000,128,3
engramdb,4930,6452.678,43,1093,56,10000,128,3
engramdb,4931,6192.009,37,1099,56,10000,128,3
engramdb,4932,4401.195,41,1083,56,10000,128,3
engramdb,4933,4335.445,28,1104,56,10000,128,3
engramdb,4934,4383.951,39,1106,56,10000,128,3
engramdb,4935,4340.299,30,1078,56,10000,128,3
engramdb,4936,4330.873,40,1102,56,10000,128,3
engramdb,4937,4332.767,34,1094,56,10000,128,3
engramdb,4938,4542.845,40,1101,56,10000,128,3
engramdb,4939,4328.278,28,1095,56,10000,128,3
engramdb,4940,4360.584,31,1077,56,10000,128,3
engramdb,4941,4437.703,41,1093,56,10000,128,3
engramdb,4942,4477.613,31,1086,56,10000,128,3
engramdb,4943,4356.186,40,1100,56,10000,128,3
engramdb,4944,4336.290,34,1089,56,10000,128,3
engramdb,4945,7853.605,35,1092,56,10000,128,3
engramdb,4946,4307.299,32,1097,56,10000,128,3
engramdb,4947,4122.430,31,1079,56,10000,128,3
engramdb,4948,4070.652,38,1099,56,10000,128,3
engramdb,4949,4993.886,39,1093,56,10000,128,3
engramdb,4950,4285.004,37,1099,56,10000,128,3
engramdb,4951,4264.012,36,1092,56,10000,128,3
engramdb,4952,4234.615,29,1085,56,10000,128,3
engramdb,4953,4221.358,38,1098,56,10000,128,3
engramdb,4954,4245.264,40,1101,56,10000,128,3
engramdb,4955,4037.566,33,1067,56,10000,128,3
engramdb,4956,3734.635,39,1098,56,10000,128,3
engramdb,4957,4251.738,33,1086,56,10000,128,3
engramdb,4958,6934.074,35,1083,56,10000,128,3
engramdb,4959,4133.445,36,1093,56,10000,128,3
engramdb,4960,4245.935,36,1105,56,10000,128,3
engramdb,4961,4241.667,28,1096,56,10000,128,3
engramdb,4962,4269.445,38,1082,56,10000,128,3
engramdb,4963,4278.482,36,1095,56,10000,128,3
engramdb,4964,4221.815,35,1101,56,10000,128,3
engramdb,4965,4368.000,37,1074,56,10000,128,3
engramdb,4966,4301.815,31,1087,56,10000,128,3
engramdb,4967,5230.472,37,1092,56,10000,128,3
engramdb,4968,5084.855,38,1095,56,10000,128,3
engramdb,4969,4297.619,35,1069,56,10000,128,3
engramdb,4970,4440.261,36,1078,56,10000,128,3
engramdb,4971,4304.939,42,1074,56,10000,128,3
engramdb,4972,4395.668,33,1098,56,10000,128,3
engramdb,4973,4685.941,33,1098,56,10000,128,3
engramdb,4974,4396.764,38,1084,56,10000,128,3
engramdb,4975,4346.617,39,1083,56,10000,128,3
engramdb,4976,4237.578,40,1095,56,10000,128,3
engramdb,4977,4314.191,30,1098,56,10000,128,3
engramdb,4978,4314.925,34,1092,56,10000,128,3
engramdb,4979,4345.765,35,1101,56,10000,128,3
engramdb,4980,4243.755,29,1081,56,10000,128,3
engramdb,4981,3938.018,40,1081,54,10000,128,3
engramdb,4982,4242.414,34,1053,55,10000,128,3
engramdb,4983,4322.815,36,1065,55,10000,128,3
engramdb,4984,4394.767,36,1080,56,10000,128,3
engramdb,4985,4389.456,38,1094,56,10000,128,3
engramdb,4986,4406.121,34,1059,56,10000,128,3
engramdb,4987,4397.292,40,1091,56,10000,128,3
engramdb,4988,4438.929,34,1085,56,10000,128,3
engramdb,4989,4316.826,33,1087,56,10000,128,3
engramdb,4990,4246.639,33,1089,56,10000,128,3
engramdb,4991,4352.805,33,1093,56,10000,128,3
engramdb,4992,4448.022,37,1096,56,10000,128,3
engramdb,4993,4358.934,33,1084,56,10000,128,3
engramdb,4994,4345.549,28,1073,56,10000,128,3
engramdb,4995,4372.965,35,1102,56,10000,128,3
engramdb,4996,4347.905,33,1062,56,10000,128,3
engramdb,4997,4369.674,34,1081,56,10000,128,3
engramdb,4998,4393.189,36,1089,56,10000,128,3
engramdb,4999,4376.881,34,1091,56,10000,128,3
engramdb,5000,4378.219,41,1101,56,10000,128,3
engramdb,5001,4376.191,37,1102,56,10000,128,3
engramdb,5002,4361.693,34,1101,56,10000,128,3
engramdb,5003,4366.666,35,1101,56,10000,128,3
engramdb,5004,4365.502,36,1093,56,10000,128,3
engramdb,5005,4364.355,37,1089,56,10000,128,3
engramdb,5006,4383.524,38,1079,56,10000,128,3
engramdb,5007,4394.731,41,1095,56,10000,128,3
engramdb,5008,5325.288,39,1060,56,10000,128,3
engramdb,5009,4403.982,32,1086,56,10000,128,3
engramdb,5010,4390.121,38,1089,56,10000,128,3
engramdb,5011,4168.569,35,1033,56,10000,128,3
engramdb,5012,4142.481,37,1097,56,10000,128,3
engramdb,5013,4359.635,34,1086,56,10000,128,3
engramdb,5014,4204.911,39,1100,56,10000,128,3
engramdb,5015,4407.145,39,1095,56,10000,128,3
engramdb,5016,4224.598,35,1082,56,10000,128,3
engramdb,5017,4222.689,35,1063,56,10000,128,3
engramdb,5018,4224.314,38,1099,56,10000,128,3
engramdb,5019,4209.343,38,1105,56,10000,128,3
engramdb,5020,7565.733,36,1099,56,10000,128,3
engramdb,5021,4292.274,33,1095,56,10000,128,3
engramdb,5022,4223.778,35,1094,56,10000,128,3
engramdb,5023,4154.104,34,1103,56,10000,128,3
engramdb,5024,4120.345,35,1102,56,10000,128,3
engramdb,5025,4132.555,32,1077,56,10000,128,3
engramdb,5026,4384.531,35,1085,56,10000,128,3
engramdb,5027,4305.489,35,1063,56,10000,128,3
engramdb,5028,4288.851,37,1060,56,10000,128,3
engramdb,5029,4295.026,34,1099,56,10000,128,3
engramdb,5030,4123.217,30,1092,56,10000,128,3
engramdb,5031,4081.955,36,1083,56,10000,128,3
engramdb,5032,4072.661,41,1071,56,10000,128,3
engramdb,5033,4082.140,41,1073,56,10000,128,3
engramdb,5034,4080.923,40,1095,56,10000,128,3
engramdb,5035,4021.303,31,1053,56,10000,128,3
engramdb,5036,4003.064,31,1086,55,10000,128,3
engramdb,5037,4098.867,35,1079,56,10000,128,3
engramdb,5038,4007.934,33,1088,56,10000,128,3
engramdb,5039,4068.108,35,1097,56,10000,128,3
engramdb,5040,4721.127,37,1100,56,10000,128,3
engramdb,5041,4439.623,30,1096,56,10000,128,3
engramdb,5042,4219.348,37,1097,56,10000,128,3
engramdb,5043,4250.172,36,1094,56,10000,128,3
engramdb,5044,4285.937,37,1087,56,10000,128,3
engramdb,5045,4267.034,30,1089,56,10000,128,3
engramdb,5046,4315.743,38,1106,56,10000,128,3
engramdb,5047,4325.276,35,1058,56,10000,128,3
engramdb,5048,4267.905,40,1071,56,10000,128,3
engramdb,5049,4246.915,34,1096,56,10000,128,3
engramdb,5050,4321.380,35,1101,56,10000,128,3
engramdb,5051,4369.318,40,1090,56,10000,128,3
engramdb,5052,4280.726,33,1066,56,10000,128,3
engramdb,5053,4318.523,34,1099,56,10000,128,3
engramdb,5054,4249.056,31,1075,56,10000,128,3
engramdb,5055,4339.599,35,1096,56,10000,128,3
engramdb,5056,4284.451,31,1093,56,10000,128,3
engramdb,5057,4289.494,39,1087,56,10000,128,3
engramdb,5058,5255.524,38,1097,56,10000,128,3
engramdb,5059,4351.192,37,1095,56,10000,128,3
engramdb,5060,4308.352,34,1100,56,10000,128,3
engramdb,5061,4195.846,32,1091,56,10000,128,3
engramdb,5062,4254.259,34,1087,56,10000,128,3
engramdb,5063,4280.381,38,1088,56,10000,128,3
engramdb,5064,4267.827,38,1050,56,10000,128,3
engramdb,5065,4284.456,37,1099,56,10000,128,3
engramdb,5066,4299.445,35,1091,56,10000,128,3
engramdb,5067,4318.296,33,1083,56,10000,128,3
engramdb,5068,4280.939,38,1091,56,10000,128,3
engramdb,5069,4221.886,35,1093,56,10000,128,3
engramdb,5070,4091.315,36,1088,56,10000,128,3
engramdb,5071,4264.130,37,1081,56,10000,128,3
engramdb,5072,4670.868,35,1080,56,10000,128,3
engramdb,5073,5016.633,28,1069,56,10000,128,3
engramdb,5074,6476.203,33,1044,56,10000,128,3
engramdb,5075,4160.260,40,1093,55,10000,128,3
engramdb,5076,4275.086,37,1063,56,10000,128,3
engramdb,5077,4228.177,37,1103,56,10000,128,3
engramdb,5078,4294.819,25,1093,56,10000,128,3
engramdb,5079,4212.479,38,1096,56,10000,128,3
engramdb,5080,4240.002,34,1104,56,10000,128,3
engramdb,5081,4241.129,38,1103,56,10000,128,3
engramdb,5082,4289.661,34,1100,56,10000,128,3
engramdb,5083,4287.954,37,1090,56,10000,128,3
engramdb,5084,4427.884,35,1062,56,10000,128,3
engramdb,5085,4410.564,36,1094,56,10000,128,3
engramdb,5086,4293.283,33,1079,56,10000,128,3
engramdb,5087,4553.653,36,1101,56,10000,128,3
engramdb,5088,4387.185,37,1087,56,10000,128,3
engramdb,5089,4223.122,34,1062,56,10000,128,3
engramdb,5090,4283.328,39,1094,56,10000,128,3
engramdb,5091,4261.049,39,1096,56,10000,128,3
engramdb,5092,4183.147,32,1093,56,10000,128,3
engramdb,5093,4124.615,29,1097,56,10000,128,3
engramdb,5094,4201.406,41,1095,56,10000,128,3
engramdb,5095,4322.594,33,1082,56,10000,128,3
engramdb,5096,4380.586,35,1097,56,10000,128,3
engramdb,5097,4410.167,31,1098,56,10000,128,3
engramdb,5098,4394.041,35,1091,56,10000,128,3
engramdb,5099,4332.279,32,1105,56,10000,128,3
engramdb,5100,4331.625,37,1092,56,10000,128,3
engramdb,5101,6322.247,33,1071,56,10000,128,3
engramdb,5102,4382.081,34,1069,56,10000,128,3
engramdb,5103,4116.119,37,1091,56,10000,128,3
engramdb,5104,4357.588,38,1100,56,10000,128,3
engramdb,5105,4333.694,37,1096,56,10000,128,3
engramdb,5106,4328.294,32,1102,56,10000,128,3
engramdb,5107,4336.814,38,1090,56,10000,128,3
engramdb,5108,4258.840,36,1078,56,10000,128,3
engramdb,5109,4303.129,39,1097,56,10000,128,3
engramdb,5110,10032.879,33,1105,56,10000,128,3
engramdb,5111,5953.487,34,1097,55,10000,128,3
engramdb,5112,4952.387,34,1097,56,10000,128,3
engramdb,5113,4283.138,38,1081,56,10000,128,3
engramdb,5114,4293.763,37,1086,56,10000,128,3
engramdb,5115,6095.004,35,1023,56,10000,128,3
engramdb,5116,4306.922,39,1094,56,10000,128,3
engramdb,5117,4255.062,33,1099,56,10000,128,3
engramdb,5118,4191.508,35,1079,56,10000,128,3
engramdb,5119,4287.222,34,1097,56,10000,128,3
engramdb,5120,4297.719,40,1094,56,10000,128,3
engramdb,5121,4347.232,34,1094,56,10000,128,3
engramdb,5122,4294.063,36,1088,56,10000,128,3
engramdb,5123,4340.929,33,1083,56,10000,128,3
engramdb,5124,4298.090,37,1100,56,10000,128,3
engramdb,5125,4240.045,30,1028,56,10000,128,3
engramdb,5126,4306.164,35,1067,56,10000,128,3
engramdb,5127,4268.238,33,1079,56,10000,128,3
engramdb,5128,4289.578,40,1090,56,10000,128,3
engramdb,5129,4282.106,27,1079,56,10000,128,3
engramdb,5130,4383.056,33,1095,56,10000,128,3
engramdb,5131,4284.676,36,1086,56,10000,128,3
engramdb,5132,4331.105,39,1095,56,10000,128,3
engramdb,5133,4271.034,37,1099,56,10000,128,3
engramdb,5134,4581.518,33,1075,56,10000,128,3
engramdb,5135,4577.755,37,1091,56,10000,128,3
engramdb,5136,4258.246,33,1111,56,10000,128,3
engramdb,5137,4230.364,33,1077,56,10000,128,3
engramdb,5138,4553.568,25,1096,56,10000,128,3
engramdb,5139,4921.997,38,1093,56,10000,128,3
engramdb,5140,6866.368,33,1107,56,10000,128,3
engramdb,5141,4343.859,34,1095,56,10000,128,3
engramdb,5142,4522.966,35,1098,56,10000,128,3
engramdb,5143,4659.555,36,1095,56,10000,128,3
engramdb,5144,4284.587,35,1087,56,10000,128,3
engramdb,5145,4641.024,30,1097,56,10000,128,3
engramdb,5146,4322.457,40,1086,56,10000,128,3
engramdb,5147,4416.323,35,1100,56,10000,128,3
engramdb,5148,7077.320,33,1096,56,10000,128,3
engramdb,5149,4454.227,34,1082,56,10000,128,3
engramdb,5150,4265.930,33,1078,56,10000,128,3
engramdb,5151,4275.949,36,1084,56,10000,128,3
engramdb,5152,4463.786,39,1073,56,10000,128,3
engramdb,5153,5349.863,29,1090,56,10000,128,3
engramdb,5154,5903.754,35,1075,56,10000,128,3
engramdb,5155,4349.746,32,1065,56,10000,128,3
engramdb,5156,5406.482,34,1090,56,10000,128,3
engramdb,5157,4321.983,33,1088,56,10000,128,3
engramdb,5158,4327.176,32,1099,56,10000,128,3
engramdb,5159,4252.772,35,1102,56,10000,128,3
engramdb,5160,4329.482,30,1097,56,10000,128,3
engramdb,5161,4320.813,38,1092,56,10000,128,3
engramdb,5162,4129.259,30,1106,56,10000,128,3
engramdb,5163,4075.444,37,1097,56,10000,128,3
engramdb,5164,4104.224,37,1083,56,10000,128,3
engramdb,5165,4863.997,34,1032,56,10000,128,3
engramdb,5166,4252.657,36,1064,56,10000,128,3
engramdb,5167,4197.130,41,1072,56,10000,128,3
engramdb,5168,4715.963,35,1080,56,10000,128,3
engramdb,5169,4303.475,33,1102,56,10000,128,3
engramdb,5170,4255.209,38,1091,56,10000,128,3
engramdb,5171,4248.547,42,1083,56,10000,128,3
engramdb,5172,4226.151,35,1091,56,10000,128,3
engramdb,5173,4112.857,31,1091,56,10000,128,3
engramdb,5174,4208.218,35,1106,56,10000,128,3
engramdb,5175,4631.382,40,1105,56,10000,128,3
engramdb,5176,4287.671,35,1056,56,10000,128,3
engramdb,5177,4263.310,29,1067,56,10000,128,3
engramdb,5178,4325.206,42,1093,56,10000,128,3
engramdb,5179,4236.327,36,1103,56,10000,128,3
engramdb,5180,4215.658,40,1098,56,10000,128,3
engramdb,5181,4224.243,33,1085,56,10000,128,3
engramdb,5182,4280.215,37,1095,56,10000,128,3
engramdb,5183,4257.745,36,1099,56,10000,128,3
engramdb,5184,4337.123,35,1101,56,10000,128,3
engramdb,5185,4261.607,29,1075,56,10000,128,3
engramdb,5186,4229.206,31,1093,56,10000,128,3
engramdb,5187,4243.981,33,1107,56,10000,128,3
engramdb,5188,4251.297,39,1057,56,10000,128,3
engramdb,5189,4248.713,30,1079,56,10000,128,3
engramdb,5190,4239.900,39,1098,56,10000,128,3
engramdb,5191,4209.803,37,1095,56,10000,128,3
engramdb,5192,4266.335,35,1072,56,10000,128,3
engramdb,5193,4247.823,38,1055,56,10000,128,3
engramdb,5194,4233.009,33,1093,56,10000,128,3
engramdb,5195,4404.185,33,1089,56,10000,128,3
engramdb,5196,4234.785,35,1089,56,10000,128,3
engramdb,5197,4242.291,37,1103,56,10000,128,3
engramdb,5198,4229.635,35,1093,56,10000,128,3
engramdb,5199,4193.137,37,1094,56,10000,128,3
engramdb,5200,4185.913,37,1098,56,10000,128,3
engramdb,5201,4261.951,31,1105,56,10000,128,3
engramdb,5202,4219.592,40,1102,56,10000,128,3
engramdb,5203,4235.249,39,1088,56,10000,128,3
engramdb,5204,4214.885,32,1103,56,10000,128,3
engramdb,5205,4273.477,30,1069,56,10000,128,3
engramdb,5206,4231.629,33,1092,56,10000,128,3
engramdb,5207,4582.324,31,1065,56,10000,128,3
engramdb,5208,4249.068,40,1078,56,10000,128,3
engramdb,5209,5566.331,36,1087,56,10000,128,3
engramdb,5210,4220.953,36,1084,56,10000,128,3
engramdb,5211,4250.765,34,1090,56,10000,128,3
engramdb,5212,4187.561,38,1078,56,10000,128,3
engramdb,5213,5890.107,36,1066,56,10000,128,3
engramdb,5214,4286.497,31,1096,56,10000,128,3
engramdb,5215,4362.946,33,1090,56,10000,128,3
engramdb,5216,4491.304,37,1069,56,10000,128,3
engramdb,5217,4451.433,32,1076,56,10000,128,3
engramdb,5218,4367.262,35,1094,56,10000,128,3
engramdb,5219,4343.757,34,1023,56,10000,128,3
engramdb,5220,4357.635,30,1098,56,10000,128,3
engramdb,5221,5357.121,35,1095,56,10000,128,3
engramdb,5222,4393.235,33,1087,56,10000,128,3
engramdb,5223,4415.913,40,1087,56,10000,128,3
engramdb,5224,4365.282,33,1085,56,10000,128,3
engramdb,5225,6996.245,31,1097,56,10000,128,3
engramdb,5226,8318.834,39,1107,56,10000,128,3
engramdb,5227,5019.330,33,1092,56,10000,128,3
engramdb,5228,7924.132,30,1074,56,10000,128,3
engramdb,5229,4688.547,34,1088,56,10000,128,3
engramdb,5230,4361.474,35,1084,56,10000,128,3
engramdb,5231,4271.611,36,1092,56,10000,128,3
engramdb,5232,4552.767,29,1105,56,10000,128,3
engramdb,5233,4356.766,32,1092,56,10000,128,3
engramdb,5234,4242.351,38,1083,56,10000,128,3
engramdb,5235,4803.079,34,1094,56,10000,128,3
engramdb,5236,4696.156,39,1059,56,10000,128,3
engramdb,5237,4669.805,31,1095,56,10000,128,3
engramdb,5238,4561.405,30,1092,56,10000,128,3
engramdb,5239,4613.158,30,1084,56,10000,128,3
engramdb,5240,4575.035,40,1096,56,10000,128,3
engramdb,5241,4602.319,35,1097,56,10000,128,3
engramdb,5242,4415.642,37,1094,56,10000,128,3
engramdb,5243,4542.505,37,1092,56,10000,128,3
engramdb,5244,4725.914,34,1073,56,10000,128,3
engramdb,5245,4655.482,30,1106,56,10000,128,3
engramdb,5246,4761.626,31,1073,56,10000,128,3
engramdb,5247,4775.705,38,1081,56,10000,128,3
engramdb,5248,4984.011,37,1095,56,10000,128,3
engramdb,5249,4628.263,34,1085,56,10000,128,3
engramdb,5250,4677.857,33,1087,56,10000,128,3
engramdb,5251,4479.215,35,1079,56,10000,128,3
engramdb,5252,5881.348,35,1101,56,10000,128,3
engramdb,5253,4272.482,32,1097,56,10000,128,3
engramdb,5254,4610.613,33,1081,56,10000,128,3
engramdb,5255,4478.675,35,1094,56,10000,128,3
engramdb,5256,4525.615,35,1092,56,10000,128,3
engramdb,5257,4498.630,32,1105,56,10000,128,3
engramdb,5258,4494.782,36,1059,56,10000,128,3
engramdb,5259,4391.077,40,1088,56,10000,128,3
engramdb,5260,4424.532,37,1099,56,10000,128,3
engramdb,5261,4663.403,29,1102,56,10000,128,3
engramdb,5262,4319.205,35,1094,56,10000,128,3
engramdb,5263,4344.727,35,1090,56,10000,128,3
engramdb,5264,4330.040,37,1088,56,10000,128,3
engramdb,5265,4362.189,32,1097,56,10000,128,3
engramdb,5266,4268.988,39,1085,56,10000,128,3
engramdb,5267,4361.993,42,1098,56,10000,128,3
engramdb,5268,4324.413,35,1089,56,10000,128,3
engramdb,5269,4537.716,36,1072,56,10000,128,3
engramdb,5270,4340.806,33,1087,56,10000,128,3
engramdb,5271,4370.942,37,1085,56,10000,128,3
engramdb,5272,4401.473,39,1096,56,10000,128,3
engramdb,5273,4319.917,37,1090,56,10000,128,3
engramdb,5274,4363.862,35,1093,56,10000,128,3
engramdb,5275,4318.549,43,1081,56,10000,128,3
engramdb,5276,4356.465,28,1058,56,10000,128,3
engramdb,5277,4320.092,34,1105,56,10000,128,3
engramdb,5278,4683.057,40,1091,56,10000,128,3
engramdb,5279,4382.493,39,1081,56,10000,128,3
engramdb,5280,4979.396,41,1101,56,10000,128,3
engramdb,5281,5398.602,36,1101,56,10000,128,3
engramdb,5282,4348.071,34,1095,56,10000,128,3
engramdb,5283,4156.360,31,1091,56,10000,128,3
engramdb,5284,4350.900,34,1100,56,10000,128,3
engramdb,5285,4404.127,38,1085,56,10000,128,3
engramdb,5286,4322.754,39,1083,56,10000,128,3
engramdb,5287,4484.825,32,1092,56,10000,128,3
engramdb,5288,4443.218,35,1095,56,10000,128,3
engramdb,5289,4341.966,23,1091,56,10000,128,3
engramdb,5290,4313.797,35,1105,56,10000,128,3
engramdb,5291,4351.733,37,1083,56,10000,128,3
engramdb,5292,4281.987,37,1101,56,10000,128,3
engramdb,5293,4229.182,37,1105,56,10000,128,3
engramdb,5294,4221.253,28,1083,56,10000,128,3
engramdb,5295,4212.689,32,1079,56,10000,128,3
engramdb,5296,4262.612,27,1099,56,10000,128,3
engramdb,5297,4288.682,33,1095,56,10000,128,3
engramdb,5298,4227.644,31,1071,56,10000,128,3
engramdb,5299,4240.103,34,1088,56,10000,128,3
engramdb,5300,4268.781,32,1078,56,10000,128,3
engramdb,5301,4252.911,31,1087,56,10000,128,3
engramdb,5302,4208.057,30,1094,56,10000,128,3
engramdb,5303,4399.422,37,1102,56,10000,128,3
engramdb,5304,4341.782,31,1094,56,10000,128,3
engramdb,5305,5594.113,32,1086,56,10000,128,3
engramdb,5306,5313.411,38,1106,56,10000,128,3
engramdb,5307,4202.361,33,1105,56,10000,128,3
engramdb,5308,4251.324,31,1100,56,10000,128,3
engramdb,5309,5506.848,35,1093,56,10000,128,3
engramdb,5310,4388.970,34,1084,56,10000,128,3
engramdb,5311,4248.327,38,1092,56,10000,128,3
engramdb,5312,4354.796,30,1100,56,10000,128,3
engramdb,5313,4299.401,31,1095,56,10000,128,3
engramdb,5314,4477.302,36,1100,56,10000,128,3
engramdb,5315,4268.412,34,1094,56,10000,128,3
engramdb,5316,4205.434,40,1082,56,10000,128,3
engramdb,5317,4241.416,29,1059,56,10000,128,3
engramdb,5318,4229.094,37,1098,56,10000,128,3
engramdb,5319,4235.520,33,1095,56,10000,128,3
engramdb,5320,4137.701,34,1077,56,10000,128,3
engramdb,5321,4224.298,34,1072,56,10000,128,3
engramdb,5322,4218.663,31,1096,56,10000,128,3
engramdb,5323,4221.308,34,1101,56,10000,128,3
engramdb,5324,4140.247,40,1095,56,10000,128,3
engramdb,5325,4130.363,38,1097,56,10000,128,3
engramdb,5326,4183.817,34,1098,56,10000,128,3
engramdb,5327,4552.631,31,1052,56,10000,128,3
engramdb,5328,4437.515,32,1095,56,10000,128,3
engramdb,5329,4209.275,42,1082,56,10000,128,3
engramdb,5330,4270.959,33,1092,56,10000,128,3
engramdb,5331,4431.955,39,1084,56,10000,128,3
engramdb,5332,5506.904,32,1104,56,10000,128,3
engramdb,5333,4283.444,35,1098,56,10000,128,3
engramdb,5334,4258.954,32,1101,56,10000,128,3
engramdb,5335,4390.344,36,1101,56,10000,128,3
engramdb,5336,4287.930,35,1054,56,10000,128,3
engramdb,5337,4323.210,29,1071,56,10000,128,3
engramdb,5338,4140.231,29,1096,56,10000,128,3
engramdb,5339,4103.731,30,1092,56,10000,128,3
engramdb,5340,6120.546,37,1098,56,10000,128,3
engramdb,5341,4114.680,37,1098,56,10000,128,3
engramdb,5342,4120.265,38,1104,56,10000,128,3
engramdb,5343,4113.991,34,1095,56,10000,128,3
engramdb,5344,4147.914,40,1101,56,10000,128,3
engramdb,5345,4116.099,32,1079,56,10000,128,3
engramdb,5346,4144.184,31,1073,56,10000,128,3
engramdb,5347,5175.499,39,1098,56,10000,128,3
engramdb,5348,4374.174,39,1091,56,10000,128,3
engramdb,5349,6933.326,33,1095,56,10000,128,3
engramdb,5350,4340.829,31,1105,56,10000,128,3
engramdb,5351,4274.079,31,1089,56,10000,128,3
engramdb,5352,4227.414,35,1084,56,10000,128,3
engramdb,5353,6812.188,34,1067,56,10000,128,3
engramdb,5354,4985.033,35,1092,56,10000,128,3
engramdb,5355,4658.311,33,1096,56,10000,128,3
engramdb,5356,4347.519,32,1056,56,10000,128,3
engramdb,5357,4223.535,37,1076,56,10000,128,3
engramdb,5358,4425.562,37,1091,56,10000,128,3
engramdb,5359,8384.469,33,1099,56,10000,128,3
engramdb,5360,4340.526,32,1097,56,10000,128,3
engramdb,5361,4255.837,34,1092,56,10000,128,3
engramdb,5362,4221.091,39,1090,56,10000,128,3
engramdb,5363,4148.998,39,1092,56,10000,128,3
engramdb,5364,4065.404,25,1097,55,10000,128,3
engramdb,5365,4177.349,29,1057,56,10000,128,3
engramdb,5366,4201.618,37,1099,56,10000,128,3
engramdb,5367,4510.313,41,1084,56,10000,128,3
engramdb,5368,4246.940,39,1083,56,10000,128,3
engramdb,5369,4566.816,31,1100,56,10000,128,3
engramdb,5370,4489.716,33,1104,56,10000,128,3
engramdb,5371,4479.276,35,1106,56,10000,128,3
engramdb,5372,4495.909,40,1087,56,10000,128,3
engramdb,5373,4278.371,29,1103,56,10000,128,3
engramdb,5374,4527.263,41,1101,56,10000,128,3
engramdb,5375,4483.201,39,1089,56,10000,128,3
engramdb,5376,4514.412,29,1096,56,10000,128,3
engramdb,5377,4430.580,27,1080,56,10000,128,3
engramdb,5378,4434.256,34,1069,56,10000,128,3
engramdb,5379,4119.401,33,1083,56,10000,128,3
engramdb,5380,4615.311,36,1093,56,10000,128,3
engramdb,5381,4281.633,37,1099,55,10000,128,3
engramdb,5382,4323.519,34,1100,56,10000,128,3
engramdb,5383,4356.072,33,1085,56,10000,128,3
engramdb,5384,4337.187,32,1099,56,10000,128,3
engramdb,5385,4428.889,36,1097,56,10000,128,3
engramdb,5386,4328.859,31,1099,56,10000,128,3
engramdb,5387,4408.788,42,1098,56,10000,128,3
engramdb,5388,4373.158,34,1086,56,10000,128,3
engramdb,5389,4384.765,28,1098,56,10000,128,3
engramdb,5390,4495.776,32,1096,56,10000,128,3
engramdb,5391,4334.822,34,1092,56,10000,128,3
engramdb,5392,4341.398,34,1082,56,10000,128,3
engramdb,5393,4290.728,31,1098,56,10000,128,3
engramdb,5394,4223.375,33,1088,56,10000,128,3
engramdb,5395,4184.634,31,1098,56,10000,128,3
engramdb,5396,4147.095,33,1094,56,10000,128,3
engramdb,5397,4202.053,31,1097,56,10000,128,3
engramdb,5398,4141.385,36,1092,56,10000,128,3
engramdb,5399,4164.983,37,1101,56,10000,128,3
engramdb,5400,4111.804,38,1088,56,10000,128,3
engramdb,5401,5812.918,26,1087,56,10000,128,3
engramdb,5402,4175.667,36,1096,56,10000,128,3
engramdb,5403,4726.578,35,1096,56,10000,128,3
engramdb,5404,4376.400,34,1096,56,10000,128,3
engramdb,5405,4312.992,33,1060,56,10000,128,3
engramdb,5406,5935.325,34,1100,56,10000,128,3
engramdb,5407,4612.671,37,1070,56,10000,128,3
engramdb,5408,6261.252,40,1094,56,10000,128,3
engramdb,5409,4439.760,36,1091,56,10000,128,3
engramdb,5410,4310.129,40,1090,56,10000,128,3
engramdb,5411,4324.151,38,1098,56,10000,128,3
engramdb,5412,4369.962,31,1092,56,10000,128,3
engramdb,5413,4314.035,36,1104,56,10000,128,3
engramdb,5414,4388.642,33,1100,56,10000,128,3
engramdb,5415,4340.029,41,1079,56,10000,128,3
engramdb,5416,4363.852,31,1103,56,10000,128,3
engramdb,5417,4168.643,35,1055,55,10000,128,3
engramdb,5418,4206.572,38,1077,56,10000,128,3
engramdb,5419,4079.631,39,1063,55,10000,128,3
engramdb,5420,4093.167,32,1091,55,10000,128,3
engramdb,5421,4267.251,32,1081,56,10000,128,3
engramdb,5422,4794.188,34,1094,56,10000,128,3
engramdb,5423,4445.286,38,1094,56,10000,128,3
engramdb,5424,4359.943,30,1099,56,10000,128,3
engramdb,5425,4367.471,33,1098,56,10000,128,3
engramdb,5426,4354.122,35,1086,56,10000,128,3
engramdb,5427,4278.548,35,1097,56,10000,128,3
engramdb,5428,5398.910,34,1103,56,10000,128,3
engramdb,5429,5059.464,30,1101,56,10000,128,3
engramdb,5430,4385.210,40,1082,56,10000,128,3
engramdb,5431,4532.015,36,1100,56,10000,128,3
engramdb,5432,4341.398,33,1095,56,10000,128,3
engramdb,5433,4351.194,33,1090,56,10000,128,3
engramdb,5434,4297.656,37,1101,56,10000,128,3
engramdb,5435,4354.931,36,1102,56,10000,128,3
engramdb,5436,4412.999,38,1094,56,10000,128,3
engramdb,5437,4359.944,36,1095,56,10000,128,3
engramdb,5438,4388.796,35,1088,56,10000,128,3
engramdb,5439,4385.032,38,1094,56,10000,128,3
engramdb,5440,4296.384,29,1095,56,10000,128,3
engramdb,5441,3835.603,31,1017,56,10000,128,3
engramdb,5442,4104.322,38,1093,56,10000,128,3
engramdb,5443,4513.126,37,1085,56,10000,128,3
engramdb,5444,4337.825,31,1085,56,10000,128,3
engramdb,5445,4063.048,36,1086,56,10000,128,3
engramdb,5446,4147.792,31,1060,56,10000,128,3
engramdb,5447,4238.546,38,1086,56,10000,128,3
engramdb,5448,4219.304,36,1091,56,10000,128,3
engramdb,5449,3979.922,33,1079,56,10000,128,3
engramdb,5450,3722.806,34,1099,56,10000,128,3
engramdb,5451,3699.510,32,1100,56,10000,128,3
engramdb,5452,3625.018,35,1101,56,10000,128,3
engramdb,5453,3748.150,35,1091,56,10000,128,3
engramdb,5454,3943.667,28,1079,56,10000,128,3
engramdb,5455,4180.983,29,1100,56,10000,128,3
engramdb,5456,4263.970,33,1087,56,10000,128,3
engramdb,5457,4121.872,32,1090,56,10000,128,3
engramdb,5458,3819.231,40,1081,56,10000,128,3
engramdb,5459,5076.814,36,1086,56,10000,128,3
engramdb,5460,3757.315,32,1039,56,10000,128,3
engramdb,5461,3778.992,30,1101,56,10000,128,3
engramdb,5462,3933.207,36,1097,56,10000,128,3
engramdb,5463,3746.876,35,1099,56,10000,128,3
engramdb,5464,3637.971,38,1102,56,10000,128,3
engramdb,5465,3586.649,33,1078,56,10000,128,3
engramdb,5466,3975.506,32,1080,56,10000,128,3
engramdb,5467,4110.755,36,1101,56,10000,128,3
engramdb,5468,4217.275,34,1105,56,10000,128,3
engramdb,5469,4228.574,42,1100,56,10000,128,3
engramdb,5470,3944.682,37,1084,56,10000,128,3
engramdb,5471,4105.669,37,1101,56,10000,128,3
engramdb,5472,4175.582,30,1091,56,10000,128,3
engramdb,5473,4269.361,33,1096,56,10000,128,3
engramdb,5474,4033.697,33,1101,56,10000,128,3
engramdb,5475,3697.469,43,1103,56,10000,128,3
engramdb,5476,3614.442,40,1105,56,10000,128,3
engramdb,5477,3622.680,26,1078,56,10000,128,3
engramdb,5478,3741.279,32,1101,56,10000,128,3
engramdb,5479,3888.621,40,1094,56,10000,128,3
engramdb,5480,4231.741,40,1102,56,10000,128,3
engramdb,5481,4179.315,33,1088,56,10000,128,3
engramdb,5482,4040.003,37,1097,56,10000,128,3
engramdb,5483,3959.735,34,1083,56,10000,128,3
engramdb,5484,4196.964,37,1073,56,10000,128,3
engramdb,5485,4237.186,34,1053,56,10000,128,3
engramdb,5486,4062.182,36,1097,56,10000,128,3
engramdb,5487,3941.153,32,1074,56,10000,128,3
engramdb,5488,4227.578,36,1087,56,10000,128,3
engramdb,5489,4116.087,30,1096,56,10000,128,3
engramdb,5490,4068.004,33,1100,56,10000,128,3
engramdb,5491,3893.071,40,1097,56,10000,128,3
engramdb,5492,3966.972,29,1106,56,10000,128,3
engramdb,5493,4787.807,35,1099,56,10000,128,3
engramdb,5494,3828.513,39,1103,56,10000,128,3
engramdb,5495,3828.941,38,1099,56,10000,128,3
engramdb,5496,4058.164,37,1093,56,10000,128,3
engramdb,5497,4046.751,34,1072,56,10000,128,3
engramdb,5498,7172.444,31,1106,56,10000,128,3
engramdb,5499,3973.455,33,1090,56,10000,128,3
engramdb,5500,4240.073,35,1103,56,10000,128,3
engramdb,5501,4009.932,33,1082,56,10000,128,3
engramdb,5502,4233.846,36,1079,56,10000,128,3
engramdb,5503,4127.820,31,1088,56,10000,128,3
engramdb,5504,4221.058,31,1091,56,10000,128,3
engramdb,5505,4158.416,35,1086,56,10000,128,3
engramdb,5506,3888.449,35,1095,56,10000,128,3
engramdb,5507,4751.249,31,1074,56,10000,128,3
engramdb,5508,4179.830,34,1068,56,10000,128,3
engramdb,5509,4163.808,35,1083,56,10000,128,3
engramdb,5510,3811.824,33,1103,56,10000,128,3
engramdb,5511,3663.358,35,1084,56,10000,128,3
engramdb,5512,3633.037,36,1093,56,10000,128,3
engramdb,5513,3606.860,38,1101,56,10000,128,3
engramdb,5514,3931.811,38,1104,56,10000,128,3
engramdb,5515,4062.542,34,1098,56,10000,128,3
engramdb,5516,4209.761,34,1090,56,10000,128,3
engramdb,5517,4181.270,32,1099,56,10000,128,3
engramdb,5518,4045.892,38,1089,56,10000,128,3
engramdb,5519,3813.421,40,1087,56,10000,128,3
engramdb,5520,3607.102,30,1085,56,10000,128,3
engramdb,5521,3646.138,31,1087,56,10000,128,3
engramdb,5522,3710.266,33,1086,56,10000,128,3
engramdb,5523,3992.546,37,1092,56,10000,128,3
engramdb,5524,4056.051,31,1099,56,10000,128,3
engramdb,5525,4079.823,38,1096,56,10000,128,3
engramdb,5526,4054.665,36,1081,56,10000,128,3
engramdb,5527,4172.609,42,1095,56,10000,128,3
engramdb,5528,3686.515,31,1090,56,10000,128,3
engramdb,5529,4291.216,27,1098,56,10000,128,3
engramdb,5530,3617.788,38,1096,56,10000,128,3
engramdb,5531,4099.000,32,1094,56,10000,128,3
engramdb,5532,4142.139,34,1097,56,10000,128,3
engramdb,5533,4064.740,35,1094,56,10000,128,3
engramdb,5534,4245.735,32,1097,56,10000,128,3
engramdb,5535,3744.453,33,1093,56,10000,128,3
engramdb,5536,3420.051,38,1102,56,10000,128,3
engramdb,5537,4602.961,32,1094,56,10000,128,3
engramdb,5538,3951.576,37,1079,56,10000,128,3
engramdb,5539,3794.561,28,1088,56,10000,128,3
engramdb,5540,8581.480,37,1073,56,10000,128,3
engramdb,5541,4259.906,33,1098,56,10000,128,3
engramdb,5542,4061.608,38,1088,56,10000,128,3
engramdb,5543,4838.336,32,1090,56,10000,128,3
engramdb,5544,4301.185,36,1099,56,10000,128,3
engramdb,5545,4522.824,31,1080,56,10000,128,3
engramdb,5546,4267.401,36,1108,56,10000,128,3
engramdb,5547,4263.574,33,1088,56,10000,128,3
engramdb,5548,4196.033,32,1046,56,10000,128,3
engramdb,5549,4258.638,33,1083,56,10000,128,3
engramdb,5550,4502.539,37,1098,56,10000,128,3
engramdb,5551,7488.308,39,1095,56,10000,128,3
engramdb,5552,9361.919,38,1095,56,10000,128,3
engramdb,5553,6045.058,36,1102,56,10000,128,3
engramdb,5554,4163.672,35,1101,56,10000,128,3
engramdb,5555,4091.740,35,1093,56,10000,128,3
engramdb,5556,4126.308,34,1099,56,10000,128,3
engramdb,5557,4188.176,38,1101,56,10000,128,3
engramdb,5558,4105.565,37,1089,56,10000,128,3
engramdb,5559,4196.972,33,1077,56,10000,128,3
engramdb,5560,4196.001,37,1099,56,10000,128,3
engramdb,5561,4128.177,25,1098,56,10000,128,3
engramdb,5562,4066.167,38,1096,56,10000,128,3
engramdb,5563,4127.497,34,1089,56,10000,128,3
engramdb,5564,4136.804,34,1088,56,10000,128,3
engramdb,5565,4144.076,33,1100,56,10000,128,3
engramdb,5566,4168.150,36,1093,56,10000,128,3
engramdb,5567,4132.365,30,1068,56,10000,128,3
engramdb,5568,4101.571,41,1099,56,10000,128,3
engramdb,5569,4141.486,32,1088,56,10000,128,3
engramdb,5570,4233.060,41,1056,56,10000,128,3
engramdb,5571,4804.700,42,1100,56,10000,128,3
engramdb,5572,4076.175,31,1095,56,10000,128,3
engramdb,5573,4066.873,32,1091,56,10000,128,3
engramdb,5574,4099.590,40,1093,56,10000,128,3
engramdb,5575,4528.753,39,1092,56,10000,128,3
engramdb,5576,6249.979,35,1098,56,10000,128,3
engramdb,5577,4678.652,38,1094,56,10000,128,3
engramdb,5578,5813.337,37,1076,56,10000,128,3
engramdb,5579,5331.132,39,1067,56,10000,128,3
engramdb,5580,4213.704,30,1084,56,10000,128,3
engramdb,5581,5197.504,36,1089,56,10000,128,3
engramdb,5582,4793.487,33,1103,56,10000,128,3
engramdb,5583,4279.012,36,1089,56,10000,128,3
engramdb,5584,4149.824,34,1106,56,10000,128,3
engramdb,5585,4159.422,37,1101,56,10000,128,3
engramdb,5586,4154.090,35,1104,56,10000,128,3
engramdb,5587,4210.094,40,1090,56,10000,128,3
engramdb,5588,4535.287,36,1098,56,10000,128,3
engramdb,5589,4300.429,27,1050,56,10000,128,3
engramdb,5590,5949.656,36,1067,56,10000,128,3
engramdb,5591,4871.458,32,1098,56,10000,128,3
engramdb,5592,4175.358,34,1104,56,10000,128,3
engramdb,5593,3865.324,31,1102,56,10000,128,3
engramdb,5594,3528.075,30,1084,56,10000,128,3
engramdb,5595,3617.067,35,1096,56,10000,128,3
engramdb,5596,3555.726,36,1100,56,10000,128,3
engramdb,5597,3947.884,30,1107,56,10000,128,3
engramdb,5598,4249.275,35,1084,56,10000,128,3
engramdb,5599,4185.692,37,1076,56,10000,128,3
engramdb,5600,4438.052,31,1094,56,10000,128,3
engramdb,5601,4069.394,40,1096,56,10000,128,3
engramdb,5602,3658.051,38,1101,56,10000,128,3
engramdb,5603,3605.823,34,1085,56,10000,128,3
engramdb,5604,3536.935,33,1089,56,10000,128,3
engramdb,5605,3937.824,30,1078,56,10000,128,3
engramdb,5606,3782.766,27,1069,56,10000,128,3
engramdb,5607,4821.291,41,1078,56,10000,128,3
engramdb,5608,4743.027,35,1101,56,10000,128,3
engramdb,5609,6814.166,32,1084,56,10000,128,3
engramdb,5610,5784.025,31,1073,56,10000,128,3
engramdb,5611,5239.128,33,1099,56,10000,128,3
engramdb,5612,5202.177,36,1099,56,10000,128,3
engramdb,5613,5230.037,31,1080,56,10000,128,3
engramdb,5614,5487.403,33,1079,56,10000,128,3
engramdb,5615,8989.237,40,1088,56,10000,128,3
engramdb,5616,5224.589,30,1099,56,10000,128,3
engramdb,5617,5211.789,32,1058,56,10000,128,3
engramdb,5618,5608.391,38,1107,56,10000,128,3
engramdb,5619,5382.618,34,1100,56,10000,128,3
engramdb,5620,10740.552,38,1091,56,10000,128,3
engramdb,5621,5203.899,32,1098,56,10000,128,3
engramdb,5622,5174.325,36,1105,56,10000,128,3
engramdb,5623,5068.141,36,1101,56,10000,128,3
engramdb,5624,5241.132,27,1093,56,10000,128,3
engramdb,5625,5169.862,32,1095,56,10000,128,3
engramdb,5626,5158.697,43,1072,56,10000,128,3
engramdb,5627,5148.960,30,1096,56,10000,128,3
engramdb,5628,5230.094,32,1082,56,10000,128,3
engramdb,5629,5173.319,30,1093,56,10000,128,3
engramdb,5630,5173.468,34,1094,56,10000,128,3
engramdb,5631,5159.573,35,1103,56,10000,128,3
engramdb,5632,5213.156,28,1047,56,10000,128,3
engramdb,5633,5223.328,33,1093,56,10000,128,3
engramdb,5634,5185.667,39,1094,56,10000,128,3
engramdb,5635,5771.479,40,1103,56,10000,128,3
engramdb,5636,6080.355,27,1091,56,10000,128,3
engramdb,5637,5550.328,33,1090,56,10000,128,3
engramdb,5638,5202.881,30,1088,56,10000,128,3
engramdb,5639,5158.795,38,1094,56,10000,128,3
engramdb,5640,5203.973,36,1083,56,10000,128,3
engramdb,5641,8231.615,34,1096,56,10000,128,3
engramdb,5642,4649.374,33,1098,56,10000,128,3
engramdb,5643,6313.280,37,1104,56,10000,128,3
engramdb,5644,4271.286,34,1099,56,10000,128,3
engramdb,5645,3910.298,38,1052,56,10000,128,3
engramdb,5646,3877.033,33,1084,56,10000,128,3
engramdb,5647,4131.094,35,1088,56,10000,128,3
engramdb,5648,4307.140,34,1078,56,10000,128,3
engramdb,5649,4417.565,33,1099,56,10000,128,3
engramdb,5650,4335.814,44,1094,56,10000,128,3
engramdb,5651,4331.951,34,1088,56,10000,128,3
engramdb,5652,4345.026,34,1100,56,10000,128,3
engramdb,5653,4330.848,34,1107,56,10000,128,3
engramdb,5654,4293.657,39,1104,56,10000,128,3
engramdb,5655,4294.993,32,1108,55,10000,128,3
engramdb,5656,4295.950,31,1097,55,10000,128,3
engramdb,5657,4315.154,33,1076,56,10000,128,3
engramdb,5658,4377.396,34,1072,56,10000,128,3
engramdb,5659,4351.882,38,1090,56,10000,128,3
engramdb,5660,4100.691,30,1088,56,10000,128,3
engramdb,5661,4226.958,31,1089,56,10000,128,3
engramdb,5662,4328.050,34,1092,56,10000,128,3
engramdb,5663,4388.246,40,1099,56,10000,128,3
engramdb,5664,4321.298,31,1091,56,10000,128,3
engramdb,5665,4196.535,32,1099,56,10000,128,3
engramdb,5666,4333.556,34,1099,56,10000,128,3
engramdb,5667,4314.566,31,1087,56,10000,128,3
engramdb,5668,4396.699,27,1079,56,10000,128,3
engramdb,5669,4333.833,31,1022,56,10000,128,3
engramdb,5670,4637.039,40,1106,56,10000,128,3
engramdb,5671,4305.187,34,1094,56,10000,128,3
engramdb,5672,4216.670,34,1084,56,10000,128,3
engramdb,5673,4314.973,31,1101,56,10000,128,3
engramdb,5674,4236.101,40,1100,56,10000,128,3
engramdb,5675,4309.527,34,1078,56,10000,128,3
engramdb,5676,4218.330,30,1078,56,10000,128,3
engramdb,5677,4362.654,39,1088,56,10000,128,3
engramdb,5678,4281.094,36,1106,56,10000,128,3
engramdb,5679,4327.150,35,1100,56,10000,128,3
engramdb,5680,4322.812,35,1083,56,10000,128,3
engramdb,5681,4281.030,42,1086,56,10000,128,3
engramdb,5682,4302.583,38,1100,56,10000,128,3
engramdb,5683,4227.651,34,1083,56,10000,128,3
engramdb,5684,4214.259,41,1090,56,10000,128,3
engramdb,5685,5118.373,40,1089,56,10000,128,3
engramdb,5686,4355.102,35,1084,56,10000,128,3
engramdb,5687,4325.268,41,1082,56,10000,128,3
engramdb,5688,4464.323,33,1081,56,10000,128,3
engramdb,5689,4384.802,35,1082,56,10000,128,3
engramdb,5690,4258.157,39,1075,56,10000,128,3
engramdb,5691,4025.237,37,1087,56,10000,128,3
engramdb,5692,3962.952,38,1098,56,10000,128,3
engramdb,5693,3904.016,34,1098,56,10000,128,3
engramdb,5694,3853.141,25,1079,56,10000,128,3
engramdb,5695,3829.458,37,1097,56,10000,128,3
engramdb,5696,4372.257,36,1092,56,10000,128,3
engramdb,5697,4369.495,37,1085,56,10000,128,3
engramdb,5698,4348.949,30,1094,56,10000,128,3
engramdb,5699,4414.400,30,1078,56,10000,128,3
engramdb,5700,4460.099,31,1091,56,10000,128,3
engramdb,5701,4777.846,34,1100,56,10000,128,3
engramdb,5702,6342.034,40,1091,56,10000,128,3
engramdb,5703,6974.925,34,1093,56,10000,128,3
engramdb,5704,4362.520,33,1108,56,10000,128,3
engramdb,5705,4744.475,36,1097,56,10000,128,3
engramdb,5706,5846.610,40,1100,56,10000,128,3
engramdb,5707,4105.739,29,1050,56,10000,128,3
engramdb,5708,4405.651,33,1063,56,10000,128,3
engramdb,5709,4041.051,38,1057,56,10000,128,3
engramdb,5710,4426.685,36,1049,56,10000,128,3
engramdb,5711,4297.869,40,1081,56,10000,128,3
engramdb,5712,4415.926,31,1095,56,10000,128,3
engramdb,5713,4311.523,32,1102,56,10000,128,3
engramdb,5714,4321.040,32,1093,56,10000,128,3
engramdb,5715,4347.311,40,1100,56,10000,128,3
engramdb,5716,4347.301,30,1100,56,10000,128,3
engramdb,5717,4423.329,36,1097,56,10000,128,3
engramdb,5718,4352.260,32,1094,56,10000,128,3
engramdb,5719,4413.683,35,1066,56,10000,128,3
engramdb,5720,4365.398,36,1092,56,10000,128,3
engramdb,5721,4412.760,31,1082,56,10000,128,3
engramdb,5722,4339.628,37,1090,56,10000,128,3
engramdb,5723,4341.104,36,1082,56,10000,128,3
engramdb,5724,5118.239,35,1090,56,10000,128,3
engramdb,5725,4469.186,35,1096,56,10000,128,3
engramdb,5726,4384.206,32,1088,56,10000,128,3
engramdb,5727,4279.967,30,1083,56,10000,128,3
engramdb,5728,4364.445,33,1076,56,10000,128,3
engramdb,5729,5709.486,35,1098,56,10000,128,3
engramdb,5730,4377.448,36,1096,56,10000,128,3
engramdb,5731,4253.181,31,1087,56,10000,128,3
engramdb,5732,4667.884,28,1100,56,10000,128,3
engramdb,5733,4293.026,32,1103,56,10000,128,3
engramdb,5734,4918.037,39,1091,56,10000,128,3
engramdb,5735,4816.816,35,1085,56,10000,128,3
engramdb,5736,4472.974,41,1090,56,10000,128,3
engramdb,5737,4443.831,28,1095,56,10000,128,3
engramdb,5738,4528.377,35,1012,56,10000,128,3
engramdb,5739,4321.079,36,1093,56,10000,128,3
engramdb,5740,4298.071,41,1089,56,10000,128,3
engramdb,5741,4324.748,37,1098,56,10000,128,3
engramdb,5742,4281.661,34,1103,56,10000,128,3
engramdb,5743,4558.152,35,1104,56,10000,128,3
engramdb,5744,5258.594,35,1100,56,10000,128,3
engramdb,5745,4663.838,31,1100,56,10000,128,3
engramdb,5746,4235.527,37,1086,56,10000,128,3
engramdb,5747,4295.878,41,1074,56,10000,128,3
engramdb,5748,4142.067,33,1098,56,10000,128,3
engramdb,5749,6162.289,29,1066,56,10000,128,3
engramdb,5750,4301.554,34,1042,56,10000,128,3
engramdb,5751,4312.760,32,1080,56,10000,128,3
engramdb,5752,4324.939,37,1093,56,10000,128,3
engramdb,5753,4268.675,35,1092,56,10000,128,3
engramdb,5754,4325.394,36,1091,56,10000,128,3
engramdb,5755,4276.503,30,1080,56,10000,128,3
engramdb,5756,4311.393,33,1086,56,10000,128,3
engramdb,5757,4300.348,34,1098,56,10000,128,3
engramdb,5758,4236.098,41,1095,56,10000,128,3
engramdb,5759,3993.602,32,1084,56,10000,128,3
engramdb,5760,4295.198,32,1105,56,10000,128,3
engramdb,5761,4356.880,37,1088,56,10000,128,3
engramdb,5762,4280.242,47,1107,56,10000,128,3
engramdb,5763,4329.207,34,1095,56,10000,128,3
engramdb,5764,4280.962,31,1101,56,10000,128,3
engramdb,5765,4279.002,37,1100,56,10000,128,3
engramdb,5766,4283.716,42,1083,56,10000,128,3
engramdb,5767,4279.417,43,1105,56,10000,128,3
engramdb,5768,4243.068,34,1104,56,10000,128,3
engramdb,5769,3932.900,31,1102,56,10000,128,3
engramdb,5770,3860.936,34,1069,56,10000,128,3
engramdb,5771,3692.394,38,1090,56,10000,128,3
engramdb,5772,3567.385,37,1070,56,10000,128,3
engramdb,5773,3622.802,34,1068,56,10000,128,3
engramdb,5774,3517.104,37,1074,56,10000,128,3
engramdb,5775,3546.201,36,1059,56,10000,128,3
engramdb,5776,3733.571,28,1092,56,10000,128,3
engramdb,5777,3681.502,36,1082,56,10000,128,3
engramdb,5778,3435.019,36,1084,56,10000,128,3
engramdb,5779,4012.543,39,1104,56,10000,128,3
engramdb,5780,3825.008,38,1098,56,10000,128,3
engramdb,5781,4262.949,38,1098,56,10000,128,3
engramdb,5782,4043.379,31,1101,56,10000,128,3
engramdb,5783,3530.433,31,1086,56,10000,128,3
engramdb,5784,3562.082,36,1092,56,10000,128,3
engramdb,5785,3523.226,40,1083,56,10000,128,3
engramdb,5786,3665.746,42,1099,56,10000,128,3
engramdb,5787,4120.268,37,1089,56,10000,128,3
engramdb,5788,4122.015,36,1097,56,10000,128,3
engramdb,5789,4253.049,31,1071,56,10000,128,3
engramdb,5790,4276.891,40,1091,56,10000,128,3
engramdb,5791,3878.605,36,1093,56,10000,128,3
engramdb,5792,3857.445,28,1075,56,10000,128,3
engramdb,5793,4056.963,36,1097,56,10000,128,3
engramdb,5794,3555.870,29,1100,56,10000,128,3
engramdb,5795,3680.287,35,1096,56,10000,128,3
engramdb,5796,3448.568,31,1081,56,10000,128,3
engramdb,5797,3845.165,35,1083,56,10000,128,3
engramdb,5798,3993.278,36,1091,56,10000,128,3
engramdb,5799,3967.050,36,1098,56,10000,128,3
engramdb,5800,3860.305,30,1086,56,10000,128,3
engramdb,5801,4083.182,33,1057,56,10000,128,3
engramdb,5802,4897.597,32,1068,56,10000,128,3
engramdb,5803,4131.284,35,1100,56,10000,128,3
engramdb,5804,3676.706,30,1096,56,10000,128,3
engramdb,5805,3973.679,37,1099,56,10000,128,3
engramdb,5806,3631.904,35,1102,56,10000,128,3
engramdb,5807,3708.441,28,1098,56,10000,128,3
engramdb,5808,3490.353,33,1089,56,10000,128,3
engramdb,5809,3535.522,40,1082,56,10000,128,3
engramdb,5810,3820.673,43,1095,56,10000,128,3
engramdb,5811,5062.776,35,1100,56,10000,128,3
engramdb,5812,4341.513,36,1059,56,10000,128,3
engramdb,5813,4249.468,36,1070,56,10000,128,3
engramdb,5814,4329.336,35,1094,56,10000,128,3
engramdb,5815,4302.808,29,1090,56,10000,128,3
engramdb,5816,4561.957,33,1099,56,10000,128,3
engramdb,5817,7503.297,35,1097,56,10000,128,3
engramdb,5818,4265.212,35,1073,56,10000,128,3
engramdb,5819,4240.605,32,1093,56,10000,128,3
engramdb,5820,4779.211,32,1107,56,10000,128,3
engramdb,5821,4193.635,33,1100,56,10000,128,3
engramdb,5822,4228.634,36,1093,56,10000,128,3
engramdb,5823,3501.681,41,1107,56,10000,128,3
engramdb,5824,4177.953,35,1092,56,10000,128,3
engramdb,5825,4267.187,36,1093,56,10000,128,3
engramdb,5826,4224.332,33,1098,56,10000,128,3
engramdb,5827,4127.903,32,1092,56,10000,128,3
engramdb,5828,4352.140,31,1071,56,10000,128,3
engramdb,5829,4314.568,38,1093,56,10000,128,3
engramdb,5830,4284.581,35,1093,56,10000,128,3
engramdb,5831,4308.533,40,1092,56,10000,128,3
engramdb,5832,4329.748,29,1086,56,10000,128,3
engramdb,5833,4324.958,32,1086,56,10000,128,3
engramdb,5834,4288.792,40,1095,56,10000,128,3
engramdb,5835,4236.757,37,1106,56,10000,128,3
engramdb,5836,4308.779,36,1089,56,10000,128,3
engramdb,5837,4254.199,32,1092,56,10000,128,3
engramdb,5838,4259.519,31,1087,56,10000,128,3
engramdb,5839,3569.804,35,1106,56,10000,128,3
engramdb,5840,3725.091,36,1064,56,10000,128,3
engramdb,5841,4281.605,34,1090,56,10000,128,3
engramdb,5842,4730.060,44,1101,56,10000,128,3
engramdb,5843,6962.501,33,1084,56,10000,128,3
engramdb,5844,4542.452,38,1102,56,10000,128,3
engramdb,5845,4317.914,32,1106,56,10000,128,3
engramdb,5846,4260.927,40,1096,56,10000,128,3
engramdb,5847,4121.606,33,1102,56,10000,128,3
engramdb,5848,4154.169,36,1065,56,10000,128,3
engramdb,5849,4143.395,37,1103,56,10000,128,3
engramdb,5850,4141.525,41,1096,56,10000,128,3
engramdb,5851,5255.012,36,1086,56,10000,128,3
engramdb,5852,4256.173,31,1095,56,10000,128,3
engramdb,5853,4132.897,38,1084,56,10000,128,3
engramdb,5854,4297.747,34,1099,56,10000,128,3
engramdb,5855,8058.167,38,1089,56,10000,128,3
engramdb,5856,3984.263,31,1103,56,10000,128,3
engramdb,5857,3410.042,40,1063,56,10000,128,3
engramdb,5858,4137.896,30,1094,56,10000,128,3
engramdb,5859,3919.677,37,1066,56,10000,128,3
engramdb,5860,4075.874,32,1095,56,10000,128,3
engramdb,5861,4124.250,39,1095,56,10000,128,3
engramdb,5862,4956.018,34,1101,56,10000,128,3
engramdb,5863,4245.437,31,1089,56,10000,128,3
engramdb,5864,4459.401,32,1094,56,10000,128,3
engramdb,5865,4329.361,32,1087,56,10000,128,3
engramdb,5866,4325.765,32,1093,56,10000,128,3
engramdb,5867,4812.024,34,1040,56,10000,128,3
engramdb,5868,4288.981,38,1098,56,10000,128,3
engramdb,5869,4234.372,32,1078,56,10000,128,3
engramdb,5870,4272.928,44,1078,56,10000,128,3
engramdb,5871,4266.302,30,1082,56,10000,128,3
engramdb,5872,4297.592,32,1100,56,10000,128,3
engramdb,5873,3994.968,34,1078,56,10000,128,3
engramdb,5874,3726.995,39,1100,56,10000,128,3
engramdb,5875,5198.974,36,1104,56,10000,128,3
engramdb,5876,3556.217,36,1097,56,10000,128,3
engramdb,5877,3767.409,37,1099,56,10000,128,3
engramdb,5878,4105.634,31,1083,56,10000,128,3
engramdb,5879,3602.693,41,1084,56,10000,128,3
engramdb,5880,3939.310,37,1097,56,10000,128,3
engramdb,5881,3532.255,32,1102,56,10000,128,3
engramdb,5882,3485.083,29,1084,56,10000,128,3
engramdb,5883,3569.737,31,1095,56,10000,128,3
engramdb,5884,4324.887,34,1102,56,10000,128,3
engramdb,5885,3884.061,38,1091,56,10000,128,3
engramdb,5886,4010.754,38,1104,56,10000,128,3
engramdb,5887,4487.697,41,1085,56,10000,128,3
engramdb,5888,3822.237,32,1096,56,10000,128,3
engramdb,5889,4318.650,33,1076,56,10000,128,3
engramdb,5890,4364.146,37,1090,56,10000,128,3
engramdb,5891,4359.339,33,1103,56,10000,128,3
engramdb,5892,4323.196,29,1086,56,10000,128,3
engramdb,5893,4313.858,37,1077,56,10000,128,3
engramdb,5894,4281.334,35,1099,56,10000,128,3
engramdb,5895,4343.907,36,1082,56,10000,128,3
engramdb,5896,4324.875,32,1069,56,10000,128,3
engramdb,5897,3995.940,30,1098,56,10000,128,3
engramdb,5898,4237.412,36,1075,56,10000,128,3
engramdb,5899,4049.434,31,1059,56,10000,128,3
engramdb,5900,3655.531,35,1090,56,10000,128,3
engramdb,5901,3858.248,34,1098,56,10000,128,3
engramdb,5902,3888.561,33,1096,56,10000,128,3
engramdb,5903,3594.949,34,1104,56,10000,128,3
engramdb,5904,3904.551,31,1096,56,10000,128,3
engramdb,5905,3658.770,34,1100,56,10000,128,3
engramdb,5906,3581.895,37,1094,56,10000,128,3
engramdb,5907,4225.321,38,1106,56,10000,128,3
engramdb,5908,4307.999,29,1102,56,10000,128,3
engramdb,5909,4236.278,31,1058,56,10000,128,3
engramdb,5910,4226.579,34,1049,56,10000,128,3
engramdb,5911,4182.501,38,1086,56,10000,128,3
engramdb,5912,3978.108,39,1100,56,10000,128,3
engramdb,5913,3806.028,37,1092,56,10000,128,3
engramdb,5914,3767.741,26,1089,56,10000,128,3
engramdb,5915,4449.989,34,1101,56,10000,128,3
engramdb,5916,3978.108,29,1093,56,10000,128,3
engramdb,5917,4035.124,36,1094,56,10000,128,3
engramdb,5918,3997.290,35,1068,56,10000,128,3
engramdb,5919,3997.030,32,1078,56,10000,128,3
engramdb,5920,4142.065,33,1095,56,10000,128,3
engramdb,5921,3966.559,31,1079,56,10000,128,3
engramdb,5922,4141.838,37,1103,56,10000,128,3
engramdb,5923,4131.337,32,1093,56,10000,128,3
engramdb,5924,4082.089,33,1085,56,10000,128,3
engramdb,5925,4166.993,36,1093,56,10000,128,3
engramdb,5926,4041.039,42,1097,56,10000,128,3
engramdb,5927,3873.984,33,1105,56,10000,128,3
engramdb,5928,3983.292,33,1094,56,10000,128,3
engramdb,5929,3891.412,36,1100,56,10000,128,3
engramdb,5930,3716.587,37,1067,56,10000,128,3
engramdb,5931,3818.450,36,1101,56,10000,128,3
engramdb,5932,3681.547,35,1110,56,10000,128,3
engramdb,5933,3592.836,33,1091,56,10000,128,3
engramdb,5934,3557.610,34,1085,56,10000,128,3
engramdb,5935,4140.970,39,1097,56,10000,128,3
engramdb,5936,4048.348,37,1077,56,10000,128,3
engramdb,5937,3761.208,35,1096,56,10000,128,3
engramdb,5938,4199.368,35,1089,56,10000,128,3
engramdb,5939,4173.412,33,1095,56,10000,128,3
engramdb,5940,4235.139,32,1067,56,10000,128,3
engramdb,5941,4273.015,35,1073,56,10000,128,3
engramdb,5942,4324.917,37,1102,56,10000,128,3
engramdb,5943,4265.658,34,1086,56,10000,128,3
engramdb,5944,3748.646,36,1103,56,10000,128,3
engramdb,5945,3525.488,36,1094,56,10000,128,3
engramdb,5946,4591.555,39,1105,56,10000,128,3
engramdb,5947,4268.844,35,1085,55,10000,128,3
engramdb,5948,4302.118,35,1100,56,10000,128,3
engramdb,5949,4219.982,43,1088,55,10000,128,3
engramdb,5950,4199.786,35,1095,56,10000,128,3
engramdb,5951,4085.300,35,1071,56,10000,128,3
engramdb,5952,4208.449,39,1088,56,10000,128,3
engramdb,5953,4165.338,34,1093,56,10000,128,3
engramdb,5954,3704.357,31,1103,56,10000,128,3
engramdb,5955,4031.046,30,1095,56,10000,128,3
engramdb,5956,4289.593,39,1089,56,10000,128,3
engramdb,5957,4287.995,34,1085,56,10000,128,3
engramdb,5958,4290.624,38,1101,56,10000,128,3
engramdb,5959,4542.812,27,1098,56,10000,128,3
engramdb,5960,4325.673,31,1088,56,10000,128,3
engramdb,5961,3850.524,33,1028,56,10000,128,3
engramdb,5962,3462.534,39,1082,56,10000,128,3
engramdb,5963,4473.164,31,1102,56,10000,128,3
engramdb,5964,3766.867,32,1089,56,10000,128,3
engramdb,5965,4232.122,32,1082,56,10000,128,3
engramdb,5966,4311.092,30,1091,56,10000,128,3
engramdb,5967,4257.249,36,1083,56,10000,128,3
engramdb,5968,4307.962,30,1094,56,10000,128,3
engramdb,5969,3664.712,36,1088,56,10000,128,3
engramdb,5970,3508.357,33,1098,56,10000,128,3
engramdb,5971,3945.857,30,1099,56,10000,128,3
engramdb,5972,3962.450,27,1070,56,10000,128,3
engramdb,5973,3779.958,33,1039,56,10000,128,3
engramdb,5974,3470.763,39,1089,56,10000,128,3
engramdb,5975,3482.773,29,1101,56,10000,128,3
engramdb,5976,3879.415,32,1091,56,10000,128,3
engramdb,5977,4255.003,37,1053,56,10000,128,3
engramdb,5978,4244.486,39,1104,56,10000,128,3
engramdb,5979,4204.010,33,1084,56,10000,128,3
engramdb,5980,4212.591,36,1078,56,10000,128,3
engramdb,5981,4068.495,31,1089,56,10000,128,3
engramdb,5982,4322.365,33,1094,56,10000,128,3
engramdb,5983,3565.608,35,1091,56,10000,128,3
engramdb,5984,4089.238,28,1094,56,10000,128,3
engramdb,5985,4287.383,35,1093,56,10000,128,3
engramdb,5986,4165.878,37,1093,56,10000,128,3
engramdb,5987,3819.831,35,1094,56,10000,128,3
engramdb,5988,3550.126,35,1105,56,10000,128,3
engramdb,5989,3579.460,37,1099,56,10000,128,3
engramdb,5990,3588.697,33,1100,56,10000,128,3
engramdb,5991,4202.359,36,1092,56,10000,128,3
engramdb,5992,3913.507,37,1079,56,10000,128,3
engramdb,5993,3791.141,35,1101,56,10000,128,3
engramdb,5994,4238.699,38,1093,56,10000,128,3
engramdb,5995,3637.721,37,1107,56,10000,128,3
engramdb,5996,3725.105,32,1106,56,10000,128,3
engramdb,5997,3760.044,37,1082,56,10000,128,3
engramdb,5998,3870.044,33,1098,56,10000,128,3
engramdb,5999,3786.219,32,1084,56,10000,128,3
engramdb,6000,3520.954,32,1071,56,10000,128,3
engramdb,6001,3857.771,35,1099,56,10000,128,3
engramdb,6002,4427.188,39,1024,56,10000,128,3
engramdb,6003,4219.283,30,1076,55,10000,128,3
engramdb,6004,6144.943,29,1096,56,10000,128,3
engramdb,6005,3951.401,35,1099,56,10000,128,3
engramdb,6006,3575.223,36,1086,56,10000,128,3
engramdb,6007,3953.012,38,1089,56,10000,128,3
engramdb,6008,3752.796,36,1093,56,10000,128,3
engramdb,6009,3489.837,32,1094,56,10000,128,3
engramdb,6010,4098.957,37,1088,56,10000,128,3
engramdb,6011,4203.491,35,1089,56,10000,128,3
engramdb,6012,4050.297,34,1092,56,10000,128,3
engramdb,6013,3552.500,37,1095,56,10000,128,3
engramdb,6014,4701.957,35,1097,56,10000,128,3
engramdb,6015,3774.020,34,1087,56,10000,128,3
engramdb,6016,4231.821,34,1090,56,10000,128,3
engramdb,6017,4283.824,36,1099,56,10000,128,3
engramdb,6018,4356.711,36,1102,56,10000,128,3
engramdb,6019,4320.931,39,1100,56,10000,128,3
engramdb,6020,4330.271,37,1100,56,10000,128,3
engramdb,6021,4306.655,32,1107,56,10000,128,3
engramdb,6022,4290.589,39,1090,56,10000,128,3
engramdb,6023,4350.826,33,1078,56,10000,128,3
engramdb,6024,4336.144,36,1105,56,10000,128,3
engramdb,6025,4325.569,43,1104,56,10000,128,3
engramdb,6026,4292.883,36,1084,56,10000,128,3
engramdb,6027,4329.471,28,1058,56,10000,128,3
engramdb,6028,4310.636,32,1082,56,10000,128,3
engramdb,6029,4298.577,34,1097,56,10000,128,3
engramdb,6030,4347.257,34,1095,56,10000,128,3
engramdb,6031,4291.632,29,1093,56,10000,128,3
engramdb,6032,4315.109,28,1093,56,10000,128,3
engramdb,6033,4277.628,33,1086,56,10000,128,3
engramdb,6034,4332.576,33,1098,56,10000,128,3
engramdb,6035,7580.452,35,1093,56,10000,128,3
engramdb,6036,4354.548,32,1105,56,10000,128,3
engramdb,6037,4278.847,33,1097,56,10000,128,3
engramdb,6038,4236.964,34,1061,56,10000,128,3
engramdb,6039,4151.579,31,1022,56,10000,128,3
engramdb,6040,4357.950,37,1090,56,10000,128,3
engramdb,6041,4441.076,29,1090,56,10000,128,3
engramdb,6042,4272.328,28,1046,56,10000,128,3
engramdb,6043,4234.182,33,1087,56,10000,128,3
engramdb,6044,4219.489,37,1098,56,10000,128,3
engramdb,6045,4984.446,38,1079,56,10000,128,3
engramdb,6046,6328.156,38,1094,56,10000,128,3
engramdb,6047,4561.027,34,1097,56,10000,128,3
engramdb,6048,4564.101,29,1102,56,10000,128,3
engramdb,6049,4363.070,36,1093,56,10000,128,3
engramdb,6050,4327.689,37,1091,56,10000,128,3
engramdb,6051,4331.617,38,1096,56,10000,128,3
engramdb,6052,4310.374,33,1102,56,10000,128,3
engramdb,6053,4281.624,38,1063,56,10000,128,3
engramdb,6054,5057.840,37,1102,56,10000,128,3
engramdb,6055,4259.973,31,1092,56,10000,128,3
engramdb,6056,5616.951,33,1098,56,10000,128,3
engramdb,6057,4128.590,40,1076,56,10000,128,3
engramdb,6058,6002.852,35,1093,56,10000,128,3
engramdb,6059,4333.134,31,1083,56,10000,128,3
engramdb,6060,4320.944,29,1092,56,10000,128,3
engramdb,6061,4317.561,33,1103,56,10000,128,3
engramdb,6062,4319.481,40,1092,56,10000,128,3
engramdb,6063,4332.669,31,1090,56,10000,128,3
engramdb,6064,4319.437,39,1086,56,10000,128,3
engramdb,6065,4383.031,33,1080,56,10000,128,3
engramdb,6066,4315.164,36,1064,56,10000,128,3
engramdb,6067,4550.219,27,1085,56,10000,128,3
engramdb,6068,4483.060,28,1092,56,10000,128,3
engramdb,6069,4419.616,35,1058,56,10000,128,3
engramdb,6070,4360.408,35,1101,56,10000,128,3
engramdb,6071,4151.945,34,1103,56,10000,128,3
engramdb,6072,4135.650,31,1097,56,10000,128,3
engramdb,6073,4113.378,36,1093,56,10000,128,3
engramdb,6074,4465.390,33,1098,56,10000,128,3
engramdb,6075,4115.715,29,1093,56,10000,128,3
engramdb,6076,4592.238,33,1091,56,10000,128,3
engramdb,6077,5511.235,37,1104,56,10000,128,3
engramdb,6078,4373.088,32,1083,56,10000,128,3
engramdb,6079,4279.854,34,1097,56,10000,128,3
engramdb,6080,4266.081,35,1088,56,10000,128,3
engramdb,6081,4471.817,39,1090,56,10000,128,3
engramdb,6082,4095.397,36,1090,56,10000,128,3
engramdb,6083,4544.575,33,1092,56,10000,128,3
engramdb,6084,4310.976,39,1091,56,10000,128,3
engramdb,6085,4293.001,33,1094,56,10000,128,3
engramdb,6086,4298.752,37,1090,56,10000,128,3
engramdb,6087,4297.540,35,1104,56,10000,128,3
engramdb,6088,4309.681,39,1100,56,10000,128,3
engramdb,6089,4392.072,32,1099,56,10000,128,3
engramdb,6090,4253.621,34,1057,56,10000,128,3
engramdb,6091,4310.085,31,1092,56,10000,128,3
engramdb,6092,4253.757,36,1096,55,10000,128,3
engramdb,6093,4304.999,28,1096,56,10000,128,3
engramdb,6094,4302.946,34,1083,56,10000,128,3
engramdb,6095,4265.249,43,1107,56,10000,128,3
engramdb,6096,4314.159,39,1079,56,10000,128,3
engramdb,6097,4292.569,37,1101,56,10000,128,3
engramdb,6098,4300.317,33,1077,56,10000,128,3
engramdb,6099,4275.610,31,1101,56,10000,128,3
engramdb,6100,4331.629,32,1085,56,10000,128,3
engramdb,6101,4293.514,38,1068,56,10000,128,3
engramdb,6102,4256.068,33,1073,56,10000,128,3
engramdb,6103,4288.788,33,1097,56,10000,128,3
engramdb,6104,4285.707,32,1081,56,10000,128,3
engramdb,6105,4475.750,39,1109,56,10000,128,3
engramdb,6106,4263.331,32,1096,56,10000,128,3
engramdb,6107,4274.045,33,1098,56,10000,128,3
engramdb,6108,4364.159,36,1102,56,10000,128,3
engramdb,6109,4268.132,33,1096,56,10000,128,3
engramdb,6110,4902.040,35,1100,56,10000,128,3
engramdb,6111,4473.346,35,1096,56,10000,128,3
engramdb,6112,4250.135,28,1086,56,10000,128,3
engramdb,6113,4165.425,40,1105,56,10000,128,3
engramdb,6114,4219.068,42,1099,56,10000,128,3
engramdb,6115,4243.904,33,1100,56,10000,128,3
engramdb,6116,4225.693,36,1093,56,10000,128,3
engramdb,6117,4229.512,32,1093,56,10000,128,3
engramdb,6118,4287.796,33,1099,56,10000,128,3
engramdb,6119,4381.142,34,1097,56,10000,128,3
engramdb,6120,4287.336,32,1071,56,10000,128,3
engramdb,6121,4271.177,34,1067,56,10000,128,3
engramdb,6122,4720.226,39,1102,56,10000,128,3
engramdb,6123,4263.067,34,1090,56,10000,128,3
engramdb,6124,4223.160,34,1087,56,10000,128,3
engramdb,6125,4163.379,36,1091,56,10000,128,3
engramdb,6126,4175.856,35,1099,56,10000,128,3
engramdb,6127,4198.474,35,1098,56,10000,128,3
engramdb,6128,4208.558,33,1089,56,10000,128,3
engramdb,6129,4166.781,40,1086,56,10000,128,3
engramdb,6130,4234.678,37,1087,56,10000,128,3
engramdb,6131,4242.498,28,1083,56,10000,128,3
engramdb,6132,4198.387,28,1059,56,10000,128,3
engramdb,6133,4124.683,37,1083,56,10000,128,3
engramdb,6134,4175.754,35,1104,56,10000,128,3
engramdb,6135,4171.799,37,1094,56,10000,128,3
engramdb,6136,8102.378,33,1079,56,10000,128,3
engramdb,6137,4082.163,28,1094,56,10000,128,3
engramdb,6138,4159.917,38,1102,56,10000,128,3
engramdb,6139,4201.367,35,1099,56,10000,128,3
engramdb,6140,4145.276,40,1074,56,10000,128,3
engramdb,6141,4796.010,41,1076,56,10000,128,3
engramdb,6142,4319.571,39,1091,56,10000,128,3
engramdb,6143,4274.400,33,1101,56,10000,128,3
engramdb,6144,4548.790,30,1101,56,10000,128,3
engramdb,6145,4308.234,34,1078,56,10000,128,3
engramdb,6146,4332.714,34,1078,56,10000,128,3
engramdb,6147,4255.553,35,1094,56,10000,128,3
engramdb,6148,4309.593,37,1098,56,10000,128,3
engramdb,6149,7147.405,35,1062,56,10000,128,3
engramdb,6150,4327.558,35,1098,56,10000,128,3
engramdb,6151,4481.402,33,1095,56,10000,128,3
engramdb,6152,4313.127,39,1073,56,10000,128,3
engramdb,6153,4327.799,36,1097,56,10000,128,3
engramdb,6154,4269.363,37,1093,56,10000,128,3
engramdb,6155,4594.363,29,1104,56,10000,128,3
engramdb,6156,4289.317,31,1095,56,10000,128,3
engramdb,6157,4324.857,45,1087,56,10000,128,3
engramdb,6158,4261.173,32,1100,56,10000,128,3
engramdb,6159,4310.377,32,1076,56,10000,128,3
engramdb,6160,4241.649,30,1071,56,10000,128,3
engramdb,6161,4274.603,35,1095,56,10000,128,3
engramdb,6162,4295.409,37,1082,56,10000,128,3
engramdb,6163,4452.238,29,1082,56,10000,128,3
engramdb,6164,4262.910,30,1095,56,10000,128,3
engramdb,6165,4217.789,45,1106,56,10000,128,3
engramdb,6166,4260.779,40,1098,56,10000,128,3
engramdb,6167,4267.602,33,1103,56,10000,128,3
engramdb,6168,4301.937,32,1096,56,10000,128,3
engramdb,6169,4286.800,39,1099,56,10000,128,3
engramdb,6170,4294.695,36,1090,56,10000,128,3
engramdb,6171,4304.734,37,1080,56,10000,128,3
engramdb,6172,4317.308,36,1093,56,10000,128,3
engramdb,6173,4259.911,36,1099,56,10000,128,3
engramdb,6174,4269.082,36,1095,56,10000,128,3
engramdb,6175,4274.361,28,1094,56,10000,128,3
engramdb,6176,4272.752,32,1095,56,10000,128,3
engramdb,6177,4282.293,32,1094,56,10000,128,3
engramdb,6178,4250.365,38,1096,56,10000,128,3
engramdb,6179,4116.740,33,1098,56,10000,128,3
engramdb,6180,4075.298,32,1103,56,10000,128,3
engramdb,6181,7314.296,32,1103,56,10000,128,3
engramdb,6182,4152.074,34,1091,56,10000,128,3
engramdb,6183,4119.396,31,1088,56,10000,128,3
engramdb,6184,4112.403,43,1101,56,10000,128,3
engramdb,6185,4126.291,39,1105,56,10000,128,3
engramdb,6186,4107.947,34,1098,56,10000,128,3
engramdb,6187,4126.313,35,1087,56,10000,128,3
engramdb,6188,4110.093,35,1094,56,10000,128,3
engramdb,6189,4090.240,35,1101,56,10000,128,3
engramdb,6190,4131.317,37,1093,56,10000,128,3
engramdb,6191,4130.644,34,1095,56,10000,128,3
engramdb,6192,4112.487,31,1106,56,10000,128,3
engramdb,6193,4056.782,33,1101,56,10000,128,3
engramdb,6194,4079.332,37,1100,56,10000,128,3
engramdb,6195,5579.998,34,1087,56,10000,128,3
engramdb,6196,4164.323,32,1094,56,10000,128,3
engramdb,6197,4322.394,35,1102,56,10000,128,3
engramdb,6198,4318.841,37,1090,56,10000,128,3
engramdb,6199,3805.533,33,1094,56,10000,128,3
engramdb,6200,4071.324,32,1101,56,10000,128,3
engramdb,6201,4367.276,39,1104,56,10000,128,3
engramdb,6202,4245.043,38,1061,56,10000,128,3
engramdb,6203,4303.860,30,1088,56,10000,128,3
engramdb,6204,5688.723,39,1089,56,10000,128,3
engramdb,6205,4385.179,37,1097,56,10000,128,3
engramdb,6206,4525.516,31,1097,56,10000,128,3
engramdb,6207,4299.018,27,1080,56,10000,128,3
engramdb,6208,4247.185,31,1088,56,10000,128,3
engramdb,6209,4279.370,38,1103,56,10000,128,3
engramdb,6210,4279.863,33,1075,56,10000,128,3
engramdb,6211,4264.872,30,1099,56,10000,128,3
engramdb,6212,4281.831,34,1091,56,10000,128,3
engramdb,6213,4308.236,35,1085,56,10000,128,3
engramdb,6214,4292.705,34,1089,56,10000,128,3
engramdb,6215,4243.763,35,1101,56,10000,128,3
engramdb,6216,4286.480,40,1107,56,10000,128,3
engramdb,6217,4250.119,36,1099,56,10000,128,3
engramdb,6218,4281.177,36,1082,56,10000,128,3
engramdb,6219,4272.214,36,1092,56,10000,128,3
engramdb,6220,4287.052,35,1090,56,10000,128,3
engramdb,6221,4251.158,39,1102,56,10000,128,3
engramdb,6222,4275.408,31,1087,56,10000,128,3
engramdb,6223,4324.013,35,1088,56,10000,128,3
engramdb,6224,5109.448,35,1095,56,10000,128,3
engramdb,6225,4302.591,37,1079,56,10000,128,3
engramdb,6226,5930.822,34,1102,56,10000,128,3
engramdb,6227,4263.102,34,1084,56,10000,128,3
engramdb,6228,11611.695,32,1087,56,10000,128,3
engramdb,6229,4026.623,39,1080,56,10000,128,3
engramdb,6230,4114.442,37,1077,56,10000,128,3
engramdb,6231,4291.320,35,1103,56,10000,128,3
engramdb,6232,4330.283,33,1095,56,10000,128,3
engramdb,6233,4317.681,34,1096,56,10000,128,3
engramdb,6234,4270.817,36,1098,56,10000,128,3
engramdb,6235,4364.533,35,1098,56,10000,128,3
engramdb,6236,4329.509,37,1100,56,10000,128,3
engramdb,6237,4328.105,38,1090,56,10000,128,3
engramdb,6238,6519.612,29,1099,56,10000,128,3
engramdb,6239,4331.467,39,1090,56,10000,128,3
engramdb,6240,4274.538,30,1095,55,10000,128,3
engramdb,6241,4328.159,35,1060,56,10000,128,3
engramdb,6242,4361.995,41,1098,56,10000,128,3
engramdb,6243,4309.311,31,1096,56,10000,128,3
engramdb,6244,4387.830,32,1101,56,10000,128,3
engramdb,6245,4285.899,41,1101,56,10000,128,3
engramdb,6246,4398.586,39,1089,56,10000,128,3
engramdb,6247,4272.521,31,1089,56,10000,128,3
engramdb,6248,4387.592,41,1094,56,10000,128,3
engramdb,6249,4353.088,40,1094,56,10000,128,3
engramdb,6250,4231.711,35,1083,56,10000,128,3
engramdb,6251,4182.862,36,1052,56,10000,128,3
engramdb,6252,4134.136,38,1076,56,10000,128,3
engramdb,6253,4104.836,31,1079,56,10000,128,3
engramdb,6254,4086.939,38,1088,56,10000,128,3
engramdb,6255,4196.983,32,1078,56,10000,128,3
engramdb,6256,4169.456,36,1097,56,10000,128,3
engramdb,6257,4134.820,35,1101,56,10000,128,3
engramdb,6258,4201.838,33,1098,56,10000,128,3
engramdb,6259,4110.454,30,1084,56,10000,128,3
engramdb,6260,4410.600,41,1093,56,10000,128,3
engramdb,6261,4068.380,40,1092,56,10000,128,3
engramdb,6262,4105.988,36,1098,56,10000,128,3
engramdb,6263,4099.581,33,1088,56,10000,128,3
engramdb,6264,4070.659,28,1087,56,10000,128,3
engramdb,6265,4093.069,33,1078,56,10000,128,3
engramdb,6266,4103.336,35,1071,56,10000,128,3
engramdb,6267,4274.623,33,1087,56,10000,128,3
engramdb,6268,7992.044,28,1086,56,10000,128,3
engramdb,6269,5017.283,33,1085,56,10000,128,3
engramdb,6270,4189.613,37,1095,56,10000,128,3
engramdb,6271,3983.470,31,1094,56,10000,128,3
engramdb,6272,4587.848,33,1084,56,10000,128,3
engramdb,6273,4098.962,42,1105,56,10000,128,3
engramdb,6274,6559.393,38,1092,56,10000,128,3
engramdb,6275,4187.709,29,1100,56,10000,128,3
engramdb,6276,4208.384,30,1094,56,10000,128,3
engramdb,6277,4112.183,34,1096,56,10000,128,3
engramdb,6278,4308.087,41,1089,56,10000,128,3
engramdb,6279,4261.055,39,1106,56,10000,128,3
engramdb,6280,4267.176,34,1100,56,10000,128,3
engramdb,6281,4248.133,32,1096,56,10000,128,3
engramdb,6282,4341.227,43,1103,56,10000,128,3
engramdb,6283,4212.008,27,1095,56,10000,128,3
engramdb,6284,4265.757,40,1091,56,10000,128,3
engramdb,6285,4234.933,35,1099,56,10000,128,3
engramdb,6286,4229.052,35,1094,56,10000,128,3
engramdb,6287,4257.049,35,1100,56,10000,128,3
engramdb,6288,4290.045,38,1095,56,10000,128,3
engramdb,6289,4259.585,35,1085,56,10000,128,3
engramdb,6290,4516.702,36,1091,56,10000,128,3
engramdb,6291,4240.740,34,1099,55,10000,128,3
engramdb,6292,4342.316,32,1015,56,10000,128,3
engramdb,6293,4285.904,33,1080,56,10000,128,3
engramdb,6294,4298.493,38,1093,56,10000,128,3
engramdb,6295,4983.711,34,1085,56,10000,128,3
engramdb,6296,4231.569,31,1082,56,10000,128,3
engramdb,6297,4420.065,41,1097,56,10000,128,3
engramdb,6298,4403.452,37,1100,56,10000,128,3
engramdb,6299,4362.221,31,1098,56,10000,128,3
engramdb,6300,4296.035,32,1083,56,10000,128,3
engramdb,6301,4347.655,38,1094,56,10000,128,3
engramdb,6302,4324.564,34,1098,56,10000,128,3
engramdb,6303,4581.601,37,1095,56,10000,128,3
engramdb,6304,4249.037,37,1074,56,10000,128,3
engramdb,6305,4295.598,36,1101,56,10000,128,3
engramdb,6306,4316.173,43,1082,56,10000,128,3
engramdb,6307,4488.554,37,1088,56,10000,128,3
engramdb,6308,7640.377,36,1099,56,10000,128,3
engramdb,6309,4307.303,38,1074,56,10000,128,3
engramdb,6310,4256.538,34,1100,56,10000,128,3
engramdb,6311,4293.869,39,1097,56,10000,128,3
engramdb,6312,4253.824,39,1099,56,10000,128,3
engramdb,6313,4248.624,33,1080,56,10000,128,3
engramdb,6314,4405.303,29,1099,56,10000,128,3
engramdb,6315,4208.405,29,1095,56,10000,128,3
engramdb,6316,4116.967,38,1090,56,10000,128,3
engramdb,6317,4079.200,42,1078,56,10000,128,3
engramdb,6318,4191.023,38,1092,56,10000,128,3
engramdb,6319,4768.292,35,1099,56,10000,128,3
engramdb,6320,4250.743,30,1094,56,10000,128,3
engramdb,6321,7497.401,43,1099,56,10000,128,3
engramdb,6322,4336.257,35,1096,56,10000,128,3
engramdb,6323,4273.351,34,1079,56,10000,128,3
engramdb,6324,4469.272,29,1102,56,10000,128,3
engramdb,6325,5400.630,41,1088,56,10000,128,3
engramdb,6326,4311.332,35,1099,56,10000,128,3
engramdb,6327,4278.161,35,1103,56,10000,128,3
engramdb,6328,4601.865,34,1092,56,10000,128,3
engramdb,6329,4505.673,40,1098,56,10000,128,3
engramdb,6330,4312.461,39,1098,56,10000,128,3
engramdb,6331,4283.375,31,1065,56,10000,128,3
engramdb,6332,4278.426,28,1087,56,10000,128,3
engramdb,6333,4228.733,31,1081,56,10000,128,3
engramdb,6334,4300.208,37,1064,56,10000,128,3
engramdb,6335,4265.751,35,1098,56,10000,128,3
engramdb,6336,4289.989,38,1094,56,10000,128,3
engramdb,6337,4254.658,40,1098,56,10000,128,3
engramdb,6338,4145.958,31,1102,56,10000,128,3
engramdb,6339,4137.488,39,1083,56,10000,128,3
engramdb,6340,4107.852,38,1095,56,10000,128,3
engramdb,6341,4089.609,29,1094,56,10000,128,3
engramdb,6342,4122.280,38,1101,56,10000,128,3
engramdb,6343,4134.465,32,1081,56,10000,128,3
engramdb,6344,4108.428,32,1086,56,10000,128,3
engramdb,6345,4107.802,39,1082,56,10000,128,3
engramdb,6346,4140.588,34,1089,56,10000,128,3
engramdb,6347,4099.519,32,1099,56,10000,128,3
engramdb,6348,4158.469,36,1098,56,10000,128,3
engramdb,6349,4119.327,43,1098,56,10000,128,3
engramdb,6350,4097.890,34,1102,56,10000,128,3
engramdb,6351,4139.088,34,1081,56,10000,128,3
engramdb,6352,4294.296,34,1101,56,10000,128,3
engramdb,6353,4211.542,34,1098,56,10000,128,3
engramdb,6354,4187.722,33,1072,56,10000,128,3
engramdb,6355,4197.852,37,1087,56,10000,128,3
engramdb,6356,4422.213,32,1085,56,10000,128,3
engramdb,6357,5476.885,37,1086,56,10000,128,3
engramdb,6358,4540.797,33,1060,56,10000,128,3
engramdb,6359,4333.455,31,1087,56,10000,128,3
engramdb,6360,4299.624,38,1100,56,10000,128,3
engramdb,6361,4512.792,37,1097,56,10000,128,3
engramdb,6362,4511.462,33,1094,56,10000,128,3
engramdb,6363,4301.990,32,1099,56,10000,128,3
engramdb,6364,4289.927,38,1090,56,10000,128,3
engramdb,6365,6750.523,31,1092,56,10000,128,3
engramdb,6366,4286.059,33,1101,56,10000,128,3
engramdb,6367,4303.532,32,1102,56,10000,128,3
engramdb,6368,4320.682,35,1098,56,10000,128,3
engramdb,6369,4233.294,35,1091,56,10000,128,3
engramdb,6370,4340.028,37,1072,56,10000,128,3
engramdb,6371,4275.567,27,1085,56,10000,128,3
engramdb,6372,4218.301,35,1089,56,10000,128,3
engramdb,6373,4098.164,39,1092,56,10000,128,3
engramdb,6374,4116.683,34,1053,56,10000,128,3
engramdb,6375,4135.988,31,1088,56,10000,128,3
engramdb,6376,4141.039,28,1103,56,10000,128,3
engramdb,6377,4082.426,38,1097,56,10000,128,3
engramdb,6378,4009.034,40,1090,56,10000,128,3
engramdb,6379,4167.284,38,1081,56,10000,128,3
engramdb,6380,4149.238,37,1078,56,10000,128,3
engramdb,6381,4143.318,40,1103,56,10000,128,3
engramdb,6382,4136.509,39,1062,56,10000,128,3
engramdb,6383,4136.690,35,1107,56,10000,128,3
engramdb,6384,4107.501,31,1067,56,10000,128,3
engramdb,6385,4158.438,41,1092,56,10000,128,3
engramdb,6386,4155.630,39,1100,56,10000,128,3
engramdb,6387,4023.097,42,1093,56,10000,128,3
engramdb,6388,3944.978,39,1102,56,10000,128,3
engramdb,6389,3916.565,38,1081,56,10000,128,3
engramdb,6390,4114.730,31,1059,56,10000,128,3
engramdb,6391,4112.976,36,1066,56,10000,128,3
engramdb,6392,4144.314,34,1083,56,10000,128,3
engramdb,6393,4154.200,34,1095,56,10000,128,3
engramdb,6394,4030.396,37,1055,56,10000,128,3
engramdb,6395,3951.996,37,1083,56,10000,128,3
engramdb,6396,3914.261,33,1049,56,10000,128,3
engramdb,6397,7875.536,34,1091,56,10000,128,3
engramdb,6398,4166.241,35,1096,56,10000,128,3
engramdb,6399,4098.117,33,1095,56,10000,128,3
engramdb,6400,4102.931,32,1078,56,10000,128,3
engramdb,6401,6973.458,36,1092,56,10000,128,3
engramdb,6402,4105.184,32,1095,56,10000,128,3
engramdb,6403,4312.210,32,1091,56,10000,128,3
engramdb,6404,4306.440,32,1079,56,10000,128,3
engramdb,6405,4322.331,37,1099,56,10000,128,3
engramdb,6406,4266.842,38,1097,56,10000,128,3
engramdb,6407,4228.761,37,1103,56,10000,128,3
engramdb,6408,4275.800,32,1095,56,10000,128,3
engramdb,6409,4732.511,37,1094,56,10000,128,3
engramdb,6410,4338.203,39,1075,56,10000,128,3
engramdb,6411,4281.334,40,1097,56,10000,128,3
engramdb,6412,4251.275,35,1100,56,10000,128,3
engramdb,6413,4302.756,41,1072,56,10000,128,3
engramdb,6414,4282.983,35,1096,56,10000,128,3
engramdb,6415,4301.744,36,1097,56,10000,128,3
engramdb,6416,4282.034,31,1076,56,10000,128,3
engramdb,6417,4300.742,37,1102,56,10000,128,3
engramdb,6418,4276.078,36,1095,56,10000,128,3
engramdb,6419,4961.744,34,1082,56,10000,128,3
engramdb,6420,4230.497,33,1090,56,10000,128,3
engramdb,6421,4154.428,36,1062,56,10000,128,3
engramdb,6422,4631.439,31,1070,56,10000,128,3
engramdb,6423,4371.903,35,1093,56,10000,128,3
engramdb,6424,4225.407,40,1106,56,10000,128,3
engramdb,6425,4329.452,38,1064,56,10000,128,3
engramdb,6426,5397.485,32,1086,56,10000,128,3
engramdb,6427,4343.077,31,1089,56,10000,128,3
engramdb,6428,4241.839,36,1072,56,10000,128,3
engramdb,6429,4301.853,39,1093,56,10000,128,3
engramdb,6430,8322.994,33,1094,56,10000,128,3
engramdb,6431,4297.280,33,1085,56,10000,128,3
engramdb,6432,4301.336,35,1082,56,10000,128,3
engramdb,6433,4327.214,37,1075,56,10000,128,3
engramdb,6434,7960.566,33,1093,56,10000,128,3
engramdb,6435,4321.865,36,1067,56,10000,128,3
engramdb,6436,4393.462,30,1097,56,10000,128,3
engramdb,6437,4770.598,41,1103,56,10000,128,3
engramdb,6438,4342.195,36,1086,56,10000,128,3
engramdb,6439,4255.918,34,1093,56,10000,128,3
engramdb,6440,4199.500,37,1088,56,10000,128,3
engramdb,6441,4166.359,36,1084,56,10000,128,3
engramdb,6442,4268.239,35,1104,56,10000,128,3
engramdb,6443,5670.773,38,1097,56,10000,128,3
engramdb,6444,5461.914,32,1103,56,10000,128,3
engramdb,6445,4304.141,38,1100,56,10000,128,3
engramdb,6446,4215.610,31,1092,56,10000,128,3
engramdb,6447,4208.550,32,1099,56,10000,128,3
engramdb,6448,4241.370,35,1094,56,10000,128,3
engramdb,6449,4231.447,37,1084,56,10000,128,3
engramdb,6450,4678.441,36,1087,56,10000,128,3
engramdb,6451,5714.536,33,1066,56,10000,128,3
engramdb,6452,4328.412,37,1044,56,10000,128,3
engramdb,6453,4313.151,35,1066,56,10000,128,3
engramdb,6454,4872.470,33,1087,56,10000,128,3
engramdb,6455,4241.152,36,1079,56,10000,128,3
engramdb,6456,4269.675,45,1081,56,10000,128,3
engramdb,6457,4266.405,42,1101,56,10000,128,3
engramdb,6458,4229.197,37,1092,56,10000,128,3
engramdb,6459,4256.563,30,1100,56,10000,128,3
engramdb,6460,4221.589,34,1073,56,10000,128,3
engramdb,6461,4254.247,36,1075,56,10000,128,3
engramdb,6462,5494.105,40,1082,56,10000,128,3
engramdb,6463,4240.535,33,1095,56,10000,128,3
engramdb,6464,4235.312,38,1085,56,10000,128,3
engramdb,6465,4201.475,36,1091,56,10000,128,3
engramdb,6466,4003.519,34,1089,56,10000,128,3
engramdb,6467,4210.892,37,1071,56,10000,128,3
engramdb,6468,4433.019,35,1078,56,10000,128,3
engramdb,6469,5598.955,36,1098,56,10000,128,3
engramdb,6470,4313.294,35,1096,56,10000,128,3
engramdb,6471,4258.738,35,1088,56,10000,128,3
engramdb,6472,4288.552,34,1086,56,10000,128,3
engramdb,6473,4261.335,37,1104,56,10000,128,3
engramdb,6474,4235.368,34,1094,56,10000,128,3
engramdb,6475,4252.237,32,1082,56,10000,128,3
engramdb,6476,4295.371,41,1100,56,10000,128,3
engramdb,6477,4214.116,29,1095,56,10000,128,3
engramdb,6478,4271.809,31,1090,56,10000,128,3
engramdb,6479,4230.068,32,1076,56,10000,128,3
engramdb,6480,4224.278,34,1095,56,10000,128,3
engramdb,6481,4203.875,33,1083,56,10000,128,3
engramdb,6482,4291.759,36,1089,56,10000,128,3
engramdb,6483,4239.632,35,1059,56,10000,128,3
engramdb,6484,4208.387,36,1088,56,10000,128,3
engramdb,6485,4253.834,34,1096,56,10000,128,3
engramdb,6486,4417.491,34,1097,56,10000,128,3
engramdb,6487,4309.977,43,1093,56,10000,128,3
engramdb,6488,4146.436,38,1102,56,10000,128,3
engramdb,6489,4440.519,36,1092,56,10000,128,3
engramdb,6490,4273.003,35,1097,56,10000,128,3
engramdb,6491,4341.768,33,1091,56,10000,128,3
engramdb,6492,4218.365,30,1003,56,10000,128,3
engramdb,6493,4365.399,33,1081,56,10000,128,3
engramdb,6494,4310.613,32,1073,56,10000,128,3
engramdb,6495,4328.393,37,1088,56,10000,128,3
engramdb,6496,8223.742,38,1096,56,10000,128,3
engramdb,6497,4378.695,30,1088,56,10000,128,3
engramdb,6498,4278.823,32,1072,56,10000,128,3
engramdb,6499,4762.372,29,1098,56,10000,128,3
engramdb,6500,4429.653,38,1101,56,10000,128,3
engramdb,6501,4283.944,35,1096,56,10000,128,3
engramdb,6502,4245.604,36,1088,56,10000,128,3
engramdb,6503,4424.289,29,1034,56,10000,128,3
engramdb,6504,4361.056,39,1107,56,10000,128,3
engramdb,6505,4296.266,35,1104,56,10000,128,3
engramdb,6506,4400.604,34,1095,56,10000,128,3
engramdb,6507,4338.339,35,1075,56,10000,128,3
engramdb,6508,4360.064,38,1100,56,10000,128,3
engramdb,6509,4337.017,37,1101,56,10000,128,3
engramdb,6510,4318.430,36,1104,56,10000,128,3
engramdb,6511,4294.786,31,1096,56,10000,128,3
engramdb,6512,4299.255,35,1096,56,10000,128,3
engramdb,6513,4312.104,37,1075,56,10000,128,3
engramdb,6514,4350.864,40,1095,56,10000,128,3
engramdb,6515,4189.277,32,1101,56,10000,128,3
engramdb,6516,4188.035,29,1102,56,10000,128,3
engramdb,6517,4576.647,41,1090,56,10000,128,3
engramdb,6518,4386.109,34,1054,56,10000,128,3
engramdb,6519,4301.230,30,1061,56,10000,128,3
engramdb,6520,4325.373,39,1092,56,10000,128,3
engramdb,6521,4294.936,38,1095,56,10000,128,3
engramdb,6522,4331.806,33,1072,56,10000,128,3
engramdb,6523,4362.590,38,1081,56,10000,128,3
engramdb,6524,4332.457,36,1102,56,10000,128,3
engramdb,6525,4338.403,38,1089,56,10000,128,3
engramdb,6526,4355.898,34,1104,56,10000,128,3
engramdb,6527,4329.296,32,1103,56,10000,128,3
engramdb,6528,4358.468,36,1100,56,10000,128,3
engramdb,6529,4294.892,40,1092,56,10000,128,3
engramdb,6530,4233.849,31,1091,56,10000,128,3
engramdb,6531,4279.246,32,1105,56,10000,128,3
engramdb,6532,4113.018,33,1089,56,10000,128,3
engramdb,6533,4079.680,32,1047,56,10000,128,3
engramdb,6534,4175.486,33,1087,56,10000,128,3
engramdb,6535,4180.294,31,1090,56,10000,128,3
engramdb,6536,4189.586,32,1095,56,10000,128,3
engramdb,6537,4204.467,34,1094,56,10000,128,3
engramdb,6538,4189.704,37,1100,56,10000,128,3
engramdb,6539,4155.119,33,1099,56,10000,128,3
engramdb,6540,4518.409,37,1102,56,10000,128,3
engramdb,6541,4872.174,42,1098,56,10000,128,3
engramdb,6542,4309.308,37,1077,56,10000,128,3
engramdb,6543,4342.724,37,1067,56,10000,128,3
engramdb,6544,4354.201,34,1093,56,10000,128,3
engramdb,6545,4342.301,35,1055,56,10000,128,3
engramdb,6546,4268.480,38,1055,56,10000,128,3
engramdb,6547,4316.375,36,1094,56,10000,128,3
engramdb,6548,4333.189,33,1088,56,10000,128,3
engramdb,6549,4261.590,36,1105,56,10000,128,3
engramdb,6550,4247.962,35,1099,56,10000,128,3
engramdb,6551,4353.037,38,1094,56,10000,128,3
engramdb,6552,8175.705,33,1097,56,10000,128,3
engramdb,6553,4666.430,35,1094,56,10000,128,3
engramdb,6554,4493.770,31,1066,56,10000,128,3
engramdb,6555,4407.867,26,1100,56,10000,128,3
engramdb,6556,4349.145,41,1064,56,10000,128,3
engramdb,6557,4202.314,39,1076,56,10000,128,3
engramdb,6558,4541.467,30,1093,56,10000,128,3
engramdb,6559,4056.882,35,1063,56,10000,128,3
engramdb,6560,4274.697,42,1100,56,10000,128,3
engramdb,6561,4440.135,35,1100,56,10000,128,3
engramdb,6562,5098.254,36,1103,56,10000,128,3
engramdb,6563,4263.213,29,1105,56,10000,128,3
engramdb,6564,4181.891,42,1090,56,10000,128,3
engramdb,6565,4398.391,37,1104,56,10000,128,3
engramdb,6566,4086.198,36,1096,56,10000,128,3
engramdb,6567,4226.255,32,1094,56,10000,128,3
engramdb,6568,4166.840,30,1108,56,10000,128,3
engramdb,6569,4156.563,39,1092,56,10000,128,3
engramdb,6570,4166.754,35,1074,56,10000,128,3
engramdb,6571,4143.991,31,1097,56,10000,128,3
engramdb,6572,4123.048,36,1075,56,10000,128,3
engramdb,6573,3913.585,35,1096,56,10000,128,3
engramdb,6574,4147.482,31,1101,56,10000,128,3
engramdb,6575,4140.814,36,1100,56,10000,128,3
engramdb,6576,5483.741,28,1082,56,10000,128,3
engramdb,6577,4583.455,37,1075,56,10000,128,3
engramdb,6578,4332.638,34,1105,56,10000,128,3
engramdb,6579,4324.594,38,1098,56,10000,128,3
engramdb,6580,4282.090,35,1089,56,10000,128,3
engramdb,6581,4330.101,32,1053,56,10000,128,3
engramdb,6582,5229.877,33,1086,56,10000,128,3
engramdb,6583,4375.783,34,1102,56,10000,128,3
engramdb,6584,4292.381,40,1031,56,10000,128,3
engramdb,6585,4485.173,29,1079,56,10000,128,3
engramdb,6586,6028.509,33,1102,56,10000,128,3
engramdb,6587,4480.148,32,1107,56,10000,128,3
engramdb,6588,4360.583,36,1087,56,10000,128,3
engramdb,6589,4292.959,42,1090,56,10000,128,3
engramdb,6590,4341.534,42,1100,56,10000,128,3
engramdb,6591,4285.456,34,1100,56,10000,128,3
engramdb,6592,4307.471,33,1098,56,10000,128,3
engramdb,6593,4253.246,36,1075,56,10000,128,3
engramdb,6594,4295.093,38,1090,56,10000,128,3
engramdb,6595,4318.497,35,1090,56,10000,128,3
engramdb,6596,4352.588,32,1071,56,10000,128,3
engramdb,6597,4468.357,34,1090,56,10000,128,3
engramdb,6598,4337.767,32,1087,56,10000,128,3
engramdb,6599,4336.674,36,1091,56,10000,128,3
engramdb,6600,4274.882,36,1092,56,10000,128,3
engramdb,6601,4275.902,37,1088,56,10000,128,3
engramdb,6602,4275.406,38,1083,56,10000,128,3
engramdb,6603,4345.736,38,1105,56,10000,128,3
engramdb,6604,4294.377,31,1084,56,10000,128,3
engramdb,6605,4318.470,39,1101,56,10000,128,3
engramdb,6606,4301.690,31,1094,56,10000,128,3
engramdb,6607,4324.718,40,1095,56,10000,128,3
engramdb,6608,4617.413,39,1077,56,10000,128,3
engramdb,6609,4291.030,32,1087,56,10000,128,3
engramdb,6610,4399.815,32,1083,56,10000,128,3
engramdb,6611,4351.074,32,1094,56,10000,128,3
engramdb,6612,4333.402,36,1069,56,10000,128,3
engramdb,6613,4342.012,37,1100,56,10000,128,3
engramdb,6614,4268.119,42,1104,56,10000,128,3
engramdb,6615,4321.407,40,1097,56,10000,128,3
engramdb,6616,4315.363,36,1097,56,10000,128,3
engramdb,6617,4262.978,34,1097,56,10000,128,3
engramdb,6618,4316.458,36,1097,56,10000,128,3
engramdb,6619,5723.867,30,1094,56,10000,128,3
engramdb,6620,4153.391,45,1091,56,10000,128,3
engramdb,6621,4208.813,36,1069,56,10000,128,3
engramdb,6622,4924.799,39,1095,55,10000,128,3
engramdb,6623,4163.752,32,1078,56,10000,128,3
engramdb,6624,7153.575,35,1095,56,10000,128,3
engramdb,6625,4048.435,38,1082,56,10000,128,3
engramdb,6626,4141.451,41,1095,56,10000,128,3
engramdb,6627,4173.163,35,1076,56,10000,128,3
engramdb,6628,4098.485,33,1092,56,10000,128,3
engramdb,6629,4554.386,34,1093,56,10000,128,3
engramdb,6630,3560.188,33,1098,56,10000,128,3
engramdb,6631,3513.165,33,1102,56,10000,128,3
engramdb,6632,3515.038,35,1077,56,10000,128,3
engramdb,6633,3549.466,37,1095,56,10000,128,3
engramdb,6634,4121.086,30,1098,56,10000,128,3
engramdb,6635,3708.260,31,1046,56,10000,128,3
engramdb,6636,3287.608,37,1076,56,10000,128,3
engramdb,6637,3956.198,27,1076,56,10000,128,3
engramdb,6638,5073.081,37,1094,56,10000,128,3
engramdb,6639,4249.428,39,1099,56,10000,128,3
engramdb,6640,4273.647,37,1098,56,10000,128,3
engramdb,6641,4241.753,39,1096,56,10000,128,3
engramdb,6642,4208.988,35,1093,56,10000,128,3
engramdb,6643,4344.215,30,1082,56,10000,128,3
engramdb,6644,4280.993,39,1081,56,10000,128,3
engramdb,6645,4422.203,40,1098,56,10000,128,3
engramdb,6646,4212.159,33,1076,56,10000,128,3
engramdb,6647,5023.692,29,1081,56,10000,128,3
engramdb,6648,4077.427,35,1098,56,10000,128,3
engramdb,6649,4104.405,37,1101,56,10000,128,3
engramdb,6650,4116.756,35,1107,56,10000,128,3
engramdb,6651,4080.777,41,1079,56,10000,128,3
engramdb,6652,4082.952,37,1097,56,10000,128,3
engramdb,6653,4056.553,36,1095,56,10000,128,3
engramdb,6654,4607.496,31,1074,56,10000,128,3
engramdb,6655,4237.294,35,1081,56,10000,128,3
engramdb,6656,4280.669,40,1096,56,10000,128,3
engramdb,6657,4263.509,36,1088,56,10000,128,3
engramdb,6658,5557.185,29,1087,56,10000,128,3
engramdb,6659,4328.304,34,1103,56,10000,128,3
engramdb,6660,4278.117,35,1082,56,10000,128,3
engramdb,6661,4278.125,34,1100,56,10000,128,3
engramdb,6662,4255.009,33,1057,56,10000,128,3
engramdb,6663,4295.703,31,1059,56,10000,128,3
engramdb,6664,4272.585,31,1051,56,10000,128,3
engramdb,6665,4234.301,35,1091,56,10000,128,3
engramdb,6666,6559.045,40,1088,56,10000,128,3
engramdb,6667,4009.353,32,1088,56,10000,128,3
engramdb,6668,6333.805,34,1100,56,10000,128,3
engramdb,6669,4104.742,38,1095,56,10000,128,3
engramdb,6670,4124.069,30,1090,56,10000,128,3
engramdb,6671,5201.283,35,1103,56,10000,128,3
engramdb,6672,4274.419,37,1085,56,10000,128,3
engramdb,6673,4160.225,35,1074,56,10000,128,3
engramdb,6674,4098.523,35,1079,56,10000,128,3
engramdb,6675,4214.770,26,1071,56,10000,128,3
engramdb,6676,4069.389,28,1093,56,10000,128,3
engramdb,6677,4095.641,37,1086,56,10000,128,3
engramdb,6678,4041.897,37,1094,56,10000,128,3
engramdb,6679,6505.396,38,1098,56,10000,128,3
engramdb,6680,4056.396,31,1079,56,10000,128,3
engramdb,6681,4547.928,34,1083,56,10000,128,3
engramdb,6682,4510.235,37,1093,56,10000,128,3
engramdb,6683,4275.817,36,1068,56,10000,128,3
engramdb,6684,4298.294,38,1094,56,10000,128,3
engramdb,6685,4320.911,36,1084,56,10000,128,3
engramdb,6686,4420.047,28,1068,56,10000,128,3
engramdb,6687,4249.369,32,1094,56,10000,128,3
engramdb,6688,4519.380,35,1094,56,10000,128,3
engramdb,6689,4475.770,35,1103,56,10000,128,3
engramdb,6690,4233.549,31,1097,56,10000,128,3
engramdb,6691,4091.365,34,1073,56,10000,128,3
engramdb,6692,4087.272,37,1101,56,10000,128,3
engramdb,6693,4095.779,33,1070,56,10000,128,3
engramdb,6694,4115.346,35,1098,56,10000,128,3
engramdb,6695,4110.642,33,1084,56,10000,128,3
engramdb,6696,4087.636,38,1104,56,10000,128,3
engramdb,6697,4066.167,43,1101,56,10000,128,3
engramdb,6698,4322.388,32,1080,56,10000,128,3
engramdb,6699,4278.279,30,1105,56,10000,128,3
engramdb,6700,4278.098,42,1091,56,10000,128,3
engramdb,6701,4262.225,28,1098,56,10000,128,3
engramdb,6702,5050.137,39,1096,56,10000,128,3
engramdb,6703,5847.286,35,1071,56,10000,128,3
engramdb,6704,4274.259,38,1095,56,10000,128,3
engramdb,6705,4166.763,35,1052,56,10000,128,3
engramdb,6706,4113.899,31,1101,56,10000,128,3
engramdb,6707,5814.909,35,1103,56,10000,128,3
engramdb,6708,4278.969,40,1098,56,10000,128,3
engramdb,6709,4253.073,34,1100,56,10000,128,3
engramdb,6710,4303.555,35,1094,56,10000,128,3
engramdb,6711,4254.564,36,1091,56,10000,128,3
engramdb,6712,4304.896,37,1089,56,10000,128,3
engramdb,6713,4284.266,31,1087,56,10000,128,3
engramdb,6714,4277.882,30,1074,56,10000,128,3
engramdb,6715,4254.542,37,1082,56,10000,128,3
engramdb,6716,4255.971,39,1100,56,10000,128,3
engramdb,6717,4249.368,39,1093,56,10000,128,3
engramdb,6718,4765.145,35,1087,56,10000,128,3
engramdb,6719,4293.787,26,1086,56,10000,128,3
engramdb,6720,4170.361,40,1088,56,10000,128,3
engramdb,6721,4468.747,38,1089,56,10000,128,3
engramdb,6722,4789.644,38,1088,56,10000,128,3
engramdb,6723,4278.349,28,1107,56,10000,128,3
engramdb,6724,4313.248,32,1062,56,10000,128,3
engramdb,6725,4294.843,34,1066,56,10000,128,3
engramdb,6726,4785.387,34,1097,56,10000,128,3
engramdb,6727,4536.279,36,1094,56,10000,128,3
engramdb,6728,4247.457,38,1100,56,10000,128,3
engramdb,6729,4166.974,37,1095,55,10000,128,3
engramdb,6730,4241.459,40,1104,56,10000,128,3
engramdb,6731,5139.677,26,1100,56,10000,128,3
engramdb,6732,4290.785,33,1088,56,10000,128,3
engramdb,6733,4323.060,40,1101,56,10000,128,3
engramdb,6734,4306.265,28,1089,56,10000,128,3
engramdb,6735,4298.290,33,1100,56,10000,128,3
engramdb,6736,4264.690,31,1075,56,10000,128,3
engramdb,6737,4190.230,31,1078,56,10000,128,3
engramdb,6738,7562.914,34,1089,56,10000,128,3
engramdb,6739,4820.335,35,1091,56,10000,128,3
engramdb,6740,9193.524,34,1104,56,10000,128,3
engramdb,6741,9078.841,35,1097,56,10000,128,3
engramdb,6742,5296.754,34,1092,56,10000,128,3
engramdb,6743,5288.817,40,1095,56,10000,128,3
engramdb,6744,5285.166,33,1061,56,10000,128,3
engramdb,6745,5278.784,36,1085,56,10000,128,3
engramdb,6746,5273.487,36,1086,56,10000,128,3
engramdb,6747,7348.164,35,1101,56,10000,128,3
engramdb,6748,5270.129,42,1095,56,10000,128,3
engramdb,6749,5198.421,34,1094,56,10000,128,3
engramdb,6750,8805.699,34,1097,56,10000,128,3
engramdb,6751,5463.176,37,1092,56,10000,128,3
engramdb,6752,6395.329,35,1091,56,10000,128,3
engramdb,6753,4033.641,38,1089,56,10000,128,3
engramdb,6754,3248.067,35,1089,56,10000,128,3
engramdb,6755,3214.427,33,1103,56,10000,128,3
engramdb,6756,3204.945,37,1049,56,10000,128,3
engramdb,6757,3207.726,33,1097,56,10000,128,3
engramdb,6758,3213.687,28,1101,56,10000,128,3
engramdb,6759,3144.308,40,1102,56,10000,128,3
engramdb,6760,3942.440,36,1095,56,10000,128,3
engramdb,6761,3398.493,31,1049,56,10000,128,3
engramdb,6762,3506.827,34,1108,56,10000,128,3
engramdb,6763,3217.126,34,1097,56,10000,128,3
engramdb,6764,3201.096,32,1077,56,10000,128,3
engramdb,6765,3331.407,39,1098,56,10000,128,3
engramdb,6766,3319.025,35,1090,56,10000,128,3
engramdb,6767,3252.036,35,1100,56,10000,128,3
engramdb,6768,3330.076,35,1087,56,10000,128,3
engramdb,6769,3210.389,36,1097,56,10000,128,3
engramdb,6770,3393.900,31,1101,56,10000,128,3
engramdb,6771,3277.515,30,1084,56,10000,128,3
engramdb,6772,3376.044,36,1080,56,10000,128,3
engramdb,6773,4378.733,39,1091,56,10000,128,3
engramdb,6774,4476.549,35,1094,56,10000,128,3
engramdb,6775,4304.566,30,1089,56,10000,128,3
engramdb,6776,4353.018,36,1072,56,10000,128,3
engramdb,6777,4360.030,37,1103,56,10000,128,3
engramdb,6778,4379.944,36,1097,56,10000,128,3
engramdb,6779,4337.398,40,1093,56,10000,128,3
engramdb,6780,4410.135,39,1083,56,10000,128,3
engramdb,6781,4232.233,36,1096,56,10000,128,3
engramdb,6782,4692.213,34,1084,56,10000,128,3
engramdb,6783,4170.852,35,1075,56,10000,128,3
engramdb,6784,4141.376,38,1053,56,10000,128,3
engramdb,6785,4071.506,40,1079,55,10000,128,3
engramdb,6786,4151.100,38,1067,56,10000,128,3
engramdb,6787,4221.526,33,1069,56,10000,128,3
engramdb,6788,3867.749,35,1102,56,10000,128,3
engramdb,6789,3381.777,33,1096,56,10000,128,3
engramdb,6790,3430.850,38,1103,56,10000,128,3
engramdb,6791,3382.452,36,1079,56,10000,128,3
engramdb,6792,3859.576,35,1093,56,10000,128,3
engramdb,6793,5255.737,36,1098,56,10000,128,3
engramdb,6794,4514.891,37,1101,56,10000,128,3
engramdb,6795,4332.575,31,1083,56,10000,128,3
engramdb,6796,6053.161,32,1098,56,10000,128,3
engramdb,6797,4406.199,35,1058,56,10000,128,3
engramdb,6798,4299.754,33,1092,56,10000,128,3
engramdb,6799,4384.002,39,1106,56,10000,128,3
engramdb,6800,4323.130,38,1097,56,10000,128,3
engramdb,6801,4370.557,34,1101,56,10000,128,3
engramdb,6802,4343.818,36,1096,56,10000,128,3
engramdb,6803,4317.978,33,1098,56,10000,128,3
engramdb,6804,4394.925,38,1096,56,10000,128,3
engramdb,6805,4327.876,40,1096,56,10000,128,3
engramdb,6806,4326.967,38,1093,56,10000,128,3
engramdb,6807,4633.520,29,1084,56,10000,128,3
engramdb,6808,4373.808,34,1077,56,10000,128,3
engramdb,6809,4345.456,32,1099,56,10000,128,3
engramdb,6810,4388.736,41,1078,56,10000,128,3
engramdb,6811,6093.074,32,1068,56,10000,128,3
engramdb,6812,4447.878,39,1054,56,10000,128,3
engramdb,6813,4403.157,23,1098,56,10000,128,3
engramdb,6814,4401.751,37,1093,56,10000,128,3
engramdb,6815,4435.901,33,1098,56,10000,128,3
engramdb,6816,4408.975,43,1103,56,10000,128,3
engramdb,6817,4394.987,41,1094,56,10000,128,3
engramdb,6818,4430.760,36,1108,56,10000,128,3
engramdb,6819,4367.781,36,1097,56,10000,128,3
engramdb,6820,4189.263,33,1106,56,10000,128,3
engramdb,6821,4220.803,35,1096,56,10000,128,3
engramdb,6822,5556.045,32,1079,56,10000,128,3
engramdb,6823,4278.715,35,1081,56,10000,128,3
engramdb,6824,4312.099,35,1101,56,10000,128,3
engramdb,6825,4379.111,38,1099,56,10000,128,3
engramdb,6826,4333.543,30,1088,56,10000,128,3
engramdb,6827,4365.711,30,1073,56,10000,128,3
engramdb,6828,4359.705,45,1100,56,10000,128,3
engramdb,6829,4350.535,34,1087,56,10000,128,3
engramdb,6830,4345.673,33,1099,56,10000,128,3
engramdb,6831,4320.934,33,1094,56,10000,128,3
engramdb,6832,4327.973,36,1085,56,10000,128,3
engramdb,6833,4363.274,31,1100,56,10000,128,3
engramdb,6834,4306.562,38,1041,56,10000,128,3
engramdb,6835,4364.345,32,1099,56,10000,128,3
engramdb,6836,4302.501,39,1094,56,10000,128,3
engramdb,6837,4335.452,32,1074,56,10000,128,3
engramdb,6838,4338.708,36,1076,56,10000,128,3
engramdb,6839,4308.468,34,1104,56,10000,128,3
engramdb,6840,4355.569,35,1105,56,10000,128,3
engramdb,6841,4338.951,32,1095,56,10000,128,3
engramdb,6842,4330.115,40,1097,56,10000,128,3
engramdb,6843,4321.180,37,1088,56,10000,128,3
engramdb,6844,4362.724,37,1085,56,10000,128,3
engramdb,6845,4325.769,29,1088,56,10000,128,3
engramdb,6846,4380.455,36,1072,56,10000,128,3
engramdb,6847,5588.232,35,1085,56,10000,128,3
engramdb,6848,4343.110,34,1045,56,10000,128,3
engramdb,6849,4160.684,39,1081,56,10000,128,3
engramdb,6850,4143.791,34,1089,56,10000,128,3
engramdb,6851,4261.693,31,1088,56,10000,128,3
engramdb,6852,4328.151,32,1100,56,10000,128,3
engramdb,6853,4364.057,30,1089,56,10000,128,3
engramdb,6854,4320.084,29,1094,56,10000,128,3
engramdb,6855,4377.275,36,1097,56,10000,128,3
engramdb,6856,4320.814,37,1104,56,10000,128,3
engramdb,6857,4350.934,36,1104,56,10000,128,3
engramdb,6858,4493.302,30,1097,56,10000,128,3
engramdb,6859,4168.826,35,1090,56,10000,128,3
engramdb,6860,4210.798,32,1080,56,10000,128,3
engramdb,6861,4311.866,43,1092,56,10000,128,3
engramdb,6862,4334.583,44,1091,56,10000,128,3
engramdb,6863,4277.055,32,1088,56,10000,128,3
engramdb,6864,4332.319,36,1102,56,10000,128,3
engramdb,6865,4332.136,36,1073,56,10000,128,3
engramdb,6866,4292.106,38,1094,56,10000,128,3
engramdb,6867,4303.220,36,1098,56,10000,128,3
engramdb,6868,4323.670,39,1096,56,10000,128,3
engramdb,6869,4334.213,28,1100,56,10000,128,3
engramdb,6870,4328.666,30,1094,56,10000,128,3
engramdb,6871,4303.544,38,1083,56,10000,128,3
engramdb,6872,5236.660,35,1081,56,10000,128,3
engramdb,6873,4353.913,36,1063,56,10000,128,3
engramdb,6874,5570.639,35,1083,56,10000,128,3
engramdb,6875,4284.214,35,1059,56,10000,128,3
engramdb,6876,4343.572,28,1100,56,10000,128,3
engramdb,6877,4299.117,33,1086,56,10000,128,3
engramdb,6878,4897.563,32,1100,56,10000,128,3
engramdb,6879,4308.080,36,1100,56,10000,128,3
engramdb,6880,4253.695,35,1095,56,10000,128,3
engramdb,6881,4127.090,34,1103,56,10000,128,3
engramdb,6882,4147.286,39,1092,56,10000,128,3
engramdb,6883,4313.590,36,1099,56,10000,128,3
engramdb,6884,4311.598,32,1086,56,10000,128,3
engramdb,6885,4319.684,30,1083,56,10000,128,3
engramdb,6886,4350.114,32,1064,56,10000,128,3
engramdb,6887,4347.488,34,1090,56,10000,128,3
engramdb,6888,4318.878,36,1095,56,10000,128,3
engramdb,6889,4273.405,27,1088,56,10000,128,3
engramdb,6890,4293.187,41,1099,56,10000,128,3
engramdb,6891,4304.232,30,1103,56,10000,128,3
engramdb,6892,4272.962,38,1101,56,10000,128,3
engramdb,6893,4282.149,37,1096,56,10000,128,3
engramdb,6894,4317.436,35,1103,56,10000,128,3
engramdb,6895,4244.318,36,1096,56,10000,128,3
engramdb,6896,4135.394,32,1087,56,10000,128,3
engramdb,6897,4117.076,33,1094,56,10000,128,3
engramdb,6898,4139.118,40,1101,56,10000,128,3
engramdb,6899,4228.945,34,1102,56,10000,128,3
engramdb,6900,4340.208,38,1101,56,10000,128,3
engramdb,6901,4237.664,40,1094,56,10000,128,3
engramdb,6902,6025.366,35,1104,56,10000,128,3
engramdb,6903,4318.303,32,1101,56,10000,128,3
engramdb,6904,4323.376,35,1094,56,10000,128,3
engramdb,6905,4342.653,33,1082,56,10000,128,3
engramdb,6906,4507.463,31,1098,56,10000,128,3
engramdb,6907,4281.638,36,1092,56,10000,128,3
engramdb,6908,4275.202,35,1097,56,10000,128,3
engramdb,6909,7381.718,39,1102,56,10000,128,3
engramdb,6910,4471.474,30,1098,56,10000,128,3
engramdb,6911,5394.372,33,1103,56,10000,128,3
engramdb,6912,6849.080,44,1093,56,10000,128,3
engramdb,6913,4241.673,37,1092,56,10000,128,3
engramdb,6914,4200.696,36,1078,56,10000,128,3
engramdb,6915,4989.550,32,1075,56,10000,128,3
engramdb,6916,4063.437,43,1078,56,10000,128,3
engramdb,6917,4358.340,40,1095,56,10000,128,3
engramdb,6918,7217.778,38,1092,56,10000,128,3
engramdb,6919,4157.765,37,1085,56,10000,128,3
engramdb,6920,4105.416,37,1089,56,10000,128,3
engramdb,6921,4129.240,34,1094,56,10000,128,3
engramdb,6922,4140.984,36,1105,56,10000,128,3
engramdb,6923,4343.197,36,1095,56,10000,128,3
engramdb,6924,4135.977,38,1075,56,10000,128,3
engramdb,6925,4076.425,39,1097,55,10000,128,3
engramdb,6926,4194.325,38,1091,56,10000,128,3
engramdb,6927,4361.878,35,1081,56,10000,128,3
engramdb,6928,4344.543,38,1089,56,10000,128,3
engramdb,6929,8070.498,32,1086,56,10000,128,3
engramdb,6930,4361.596,24,1093,56,10000,128,3
engramdb,6931,4584.842,37,1091,56,10000,128,3
engramdb,6932,4346.454,36,1107,56,10000,128,3
engramdb,6933,4332.271,34,1074,56,10000,128,3
engramdb,6934,4332.324,36,1104,56,10000,128,3
engramdb,6935,4317.893,32,1093,56,10000,128,3
engramdb,6936,4314.899,28,1065,56,10000,128,3
engramdb,6937,4295.196,36,1095,56,10000,128,3
engramdb,6938,4326.447,34,1093,56,10000,128,3
engramdb,6939,5262.476,34,1078,56,10000,128,3
engramdb,6940,15899.875,37,1086,56,10000,128,3
engramdb,6941,5521.240,32,1097,56,10000,128,3
engramdb,6942,5218.251,35,1094,56,10000,128,3
engramdb,6943,6264.024,35,1099,56,10000,128,3
engramdb,6944,4464.214,36,1077,56,10000,128,3
engramdb,6945,4247.495,32,1093,56,10000,128,3
engramdb,6946,4769.100,31,1089,56,10000,128,3
engramdb,6947,5767.649,37,1086,56,10000,128,3
engramdb,6948,4393.462,31,1095,56,10000,128,3
engramdb,6949,4867.120,39,1104,56,10000,128,3
engramdb,6950,4389.020,39,1104,56,10000,128,3
engramdb,6951,4390.419,38,1097,56,10000,128,3
engramdb,6952,4420.957,31,1080,56,10000,128,3
engramdb,6953,4440.768,29,1077,56,10000,128,3
engramdb,6954,4823.455,34,1091,56,10000,128,3
engramdb,6955,4434.027,35,1077,56,10000,128,3
engramdb,6956,4382.065,47,1100,56,10000,128,3
engramdb,6957,4405.159,34,1094,56,10000,128,3
engramdb,6958,4336.971,29,1079,56,10000,128,3
engramdb,6959,4357.390,38,1104,56,10000,128,3
engramdb,6960,4318.207,32,1100,56,10000,128,3
engramdb,6961,4241.384,35,1098,56,10000,128,3
engramdb,6962,4649.488,35,1081,56,10000,128,3
engramdb,6963,4390.928,35,1081,56,10000,128,3
engramdb,6964,4458.495,38,1091,56,10000,128,3
engramdb,6965,4348.153,38,1096,56,10000,128,3
engramdb,6966,4367.552,35,1054,56,10000,128,3
engramdb,6967,4385.549,37,1097,56,10000,128,3
engramdb,6968,5820.909,40,1076,56,10000,128,3
engramdb,6969,6467.182,38,1088,56,10000,128,3
engramdb,6970,5454.527,33,1102,56,10000,128,3
engramdb,6971,5095.600,37,1089,56,10000,128,3
engramdb,6972,4349.297,33,1068,56,10000,128,3
engramdb,6973,5608.797,30,1100,56,10000,128,3
engramdb,6974,4343.062,36,1082,56,10000,128,3
engramdb,6975,4458.366,38,1094,56,10000,128,3
engramdb,6976,4376.585,36,1088,56,10000,128,3
engramdb,6977,4627.724,32,1092,56,10000,128,3
engramdb,6978,4353.196,37,1079,56,10000,128,3
engramdb,6979,4275.160,31,1077,56,10000,128,3
engramdb,6980,6651.441,39,1092,56,10000,128,3
engramdb,6981,4299.394,35,1100,56,10000,128,3
engramdb,6982,4188.146,34,1091,55,10000,128,3
engramdb,6983,4289.387,41,1093,56,10000,128,3
engramdb,6984,4270.623,35,1101,56,10000,128,3
engramdb,6985,4288.841,31,1096,56,10000,128,3
engramdb,6986,4226.540,33,1085,56,10000,128,3
engramdb,6987,4343.217,41,1096,56,10000,128,3
engramdb,6988,4268.130,40,1103,56,10000,128,3
engramdb,6989,4252.581,39,1074,56,10000,128,3
engramdb,6990,4215.288,34,1100,56,10000,128,3
engramdb,6991,4288.740,35,1099,56,10000,128,3
engramdb,6992,4897.771,37,1098,56,10000,128,3
engramdb,6993,4322.050,35,1082,56,10000,128,3
engramdb,6994,5912.887,40,1085,56,10000,128,3
engramdb,6995,4317.933,32,1064,56,10000,128,3
engramdb,6996,4206.004,42,1094,56,10000,128,3
engramdb,6997,4237.348,30,1095,56,10000,128,3
engramdb,6998,4127.774,35,1089,56,10000,128,3
engramdb,6999,4117.398,38,1088,56,10000,128,3
engramdb,7000,4103.181,37,1098,56,10000,128,3
engramdb,7001,4340.652,32,1102,56,10000,128,3
engramdb,7002,4293.914,39,1102,56,10000,128,3
engramdb,7003,4166.259,31,1081,56,10000,128,3
engramdb,7004,4228.785,41,1074,56,10000,128,3
engramdb,7005,4233.808,31,1100,56,10000,128,3
engramdb,7006,4211.462,44,1096,56,10000,128,3
engramdb,7007,4318.131,32,1092,56,10000,128,3
engramdb,7008,4338.071,38,1104,56,10000,128,3
engramdb,7009,4285.448,28,1063,56,10000,128,3
engramdb,7010,4287.026,32,1104,56,10000,128,3
engramdb,7011,4304.270,37,1097,56,10000,128,3
engramdb,7012,4311.618,32,1103,56,10000,128,3
engramdb,7013,4316.193,33,1093,56,10000,128,3
engramdb,7014,4266.177,37,1078,56,10000,128,3
engramdb,7015,4295.698,38,1097,56,10000,128,3
engramdb,7016,4195.615,37,1079,56,10000,128,3
engramdb,7017,5414.545,39,1077,56,10000,128,3
engramdb,7018,4262.039,30,1089,56,10000,128,3
engramdb,7019,4318.118,37,1093,56,10000,128,3
engramdb,7020,4339.234,35,1094,56,10000,128,3
engramdb,7021,4309.553,36,1095,56,10000,128,3
engramdb,7022,4342.971,34,1089,56,10000,128,3
engramdb,7023,4293.713,29,1092,56,10000,128,3
engramdb,7024,4373.325,36,1096,56,10000,128,3
engramdb,7025,4243.261,34,1101,56,10000,128,3
engramdb,7026,4236.670,45,1102,56,10000,128,3
engramdb,7027,4291.771,35,1094,56,10000,128,3
engramdb,7028,4285.907,35,1085,56,10000,128,3
engramdb,7029,4272.076,29,1074,56,10000,128,3
engramdb,7030,4259.160,35,1094,56,10000,128,3
engramdb,7031,4308.435,35,1104,56,10000,128,3
engramdb,7032,4283.149,36,1093,56,10000,128,3
engramdb,7033,4336.412,29,1089,56,10000,128,3
engramdb,7034,4523.895,33,1087,56,10000,128,3
engramdb,7035,4366.436,27,1068,56,10000,128,3
engramdb,7036,4284.624,29,1060,56,10000,128,3
engramdb,7037,4269.111,37,1066,56,10000,128,3
engramdb,7038,4539.464,35,1096,56,10000,128,3
engramdb,7039,4326.377,38,1100,56,10000,128,3
engramdb,7040,4328.951,31,1091,56,10000,128,3
engramdb,7041,4423.963,36,1108,56,10000,128,3
engramdb,7042,4105.317,28,1093,56,10000,128,3
engramdb,7043,4105.570,34,1105,56,10000,128,3
engramdb,7044,4094.969,37,1100,56,10000,128,3
engramdb,7045,4147.412,37,1055,56,10000,128,3
engramdb,7046,4123.223,32,1102,56,10000,128,3
engramdb,7047,4118.598,36,1090,56,10000,128,3
engramdb,7048,4125.863,35,1095,56,10000,128,3
engramdb,7049,6282.491,35,1102,56,10000,128,3
engramdb,7050,4332.554,37,1080,56,10000,128,3
engramdb,7051,4222.426,37,1097,56,10000,128,3
engramdb,7052,4175.176,42,1090,56,10000,128,3
engramdb,7053,4194.093,31,1080,56,10000,128,3
engramdb,7054,4236.471,34,1093,56,10000,128,3
engramdb,7055,4871.645,34,1084,56,10000,128,3
engramdb,7056,4348.577,35,1078,56,10000,128,3
engramdb,7057,4284.030,40,1087,56,10000,128,3
engramdb,7058,4255.335,36,1086,56,10000,128,3
engramdb,7059,4300.655,36,1100,56,10000,128,3
engramdb,7060,4323.929,38,1096,56,10000,128,3
engramdb,7061,4275.751,36,1092,56,10000,128,3
engramdb,7062,4289.064,36,1100,56,10000,128,3
engramdb,7063,4304.929,34,1097,56,10000,128,3
engramdb,7064,4327.656,36,1082,56,10000,128,3
engramdb,7065,4308.388,33,1064,56,10000,128,3
engramdb,7066,4287.965,33,1102,56,10000,128,3
engramdb,7067,4325.434,33,1098,56,10000,128,3
engramdb,7068,4264.865,36,1096,56,10000,128,3
engramdb,7069,4314.296,37,1087,56,10000,128,3
engramdb,7070,5892.095,36,1100,56,10000,128,3
engramdb,7071,4351.599,38,1103,56,10000,128,3
engramdb,7072,10529.117,34,1096,56,10000,128,3
engramdb,7073,4281.044,38,1082,56,10000,128,3
engramdb,7074,4272.210,34,1097,56,10000,128,3
engramdb,7075,4401.966,29,1048,56,10000,128,3
engramdb,7076,4352.639,33,1043,56,10000,128,3
engramdb,7077,4354.032,38,1069,56,10000,128,3
engramdb,7078,4337.788,36,1108,56,10000,128,3
engramdb,7079,4723.790,33,1083,56,10000,128,3
engramdb,7080,4689.457,32,1086,56,10000,128,3
engramdb,7081,3548.219,34,1096,56,10000,128,3
engramdb,7082,5467.990,39,1092,56,10000,128,3
engramdb,7083,4386.926,41,1097,56,10000,128,3
engramdb,7084,4436.828,37,1095,56,10000,128,3
engramdb,7085,4336.890,33,1085,56,10000,128,3
engramdb,7086,4298.282,40,1092,56,10000,128,3
engramdb,7087,4623.015,39,1061,56,10000,128,3
engramdb,7088,4913.296,39,1092,56,10000,128,3
engramdb,7089,4414.416,32,1101,56,10000,128,3
engramdb,7090,4401.095,36,1078,56,10000,128,3
engramdb,7091,3550.062,35,1101,56,10000,128,3
engramdb,7092,4111.726,35,1095,56,10000,128,3
engramdb,7093,4621.501,34,1100,56,10000,128,3
engramdb,7094,4262.255,33,1107,56,10000,128,3
engramdb,7095,4525.060,33,1085,56,10000,128,3
engramdb,7096,4225.912,40,1101,56,10000,128,3
engramdb,7097,4301.167,29,1096,56,10000,128,3
engramdb,7098,5189.826,28,1059,56,10000,128,3
engramdb,7099,5099.497,34,1105,56,10000,128,3
engramdb,7100,5367.227,35,1095,56,10000,128,3
engramdb,7101,5024.340,38,1074,56,10000,128,3
engramdb,7102,5109.841,34,1103,56,10000,128,3
engramdb,7103,4416.123,33,1069,56,10000,128,3
engramdb,7104,4311.771,36,1091,56,10000,128,3
engramdb,7105,6050.150,32,1095,56,10000,128,3
engramdb,7106,5630.875,33,1099,56,10000,128,3
engramdb,7107,4279.581,39,1099,56,10000,128,3
engramdb,7108,4215.460,36,1090,56,10000,128,3
engramdb,7109,4484.937,33,1092,56,10000,128,3
engramdb,7110,4160.363,36,1098,56,10000,128,3
engramdb,7111,4143.421,34,1090,56,10000,128,3
engramdb,7112,4171.172,31,1095,56,10000,128,3
engramdb,7113,4157.790,31,1101,56,10000,128,3
engramdb,7114,4172.735,35,1084,56,10000,128,3
engramdb,7115,4149.064,34,1089,56,10000,128,3
engramdb,7116,4119.262,35,1061,56,10000,128,3
engramdb,7117,5709.092,33,1094,56,10000,128,3
engramdb,7118,4422.622,35,1067,56,10000,128,3
engramdb,7119,4346.777,31,1092,56,10000,128,3
engramdb,7120,4573.274,39,1087,56,10000,128,3
engramdb,7121,4365.641,32,1103,56,10000,128,3
engramdb,7122,4371.393,34,1098,56,10000,128,3
engramdb,7123,4374.134,31,1106,56,10000,128,3
engramdb,7124,4380.802,33,1093,56,10000,128,3
engramdb,7125,4411.238,37,1100,56,10000,128,3
engramdb,7126,4327.938,33,999,56,10000,128,3
engramdb,7127,4310.772,36,1077,56,10000,128,3
engramdb,7128,4282.658,34,1055,56,10000,128,3
engramdb,7129,4567.893,40,1098,56,10000,128,3
engramdb,7130,4364.893,31,1092,56,10000,128,3
engramdb,7131,4340.834,39,1087,56,10000,128,3
engramdb,7132,4376.026,35,1098,56,10000,128,3
engramdb,7133,4361.460,36,1093,56,10000,128,3
engramdb,7134,4331.407,42,1104,56,10000,128,3
engramdb,7135,4331.971,34,1088,56,10000,128,3
engramdb,7136,4326.074,33,1086,56,10000,128,3
engramdb,7137,4340.057,28,1073,56,10000,128,3
engramdb,7138,4316.578,30,988,56,10000,128,3
engramdb,7139,4342.972,37,1090,56,10000,128,3
engramdb,7140,4319.947,37,1097,56,10000,128,3
engramdb,7141,4332.352,28,1095,56,10000,128,3
engramdb,7142,4309.823,37,1089,56,10000,128,3
engramdb,7143,4319.116,38,1097,56,10000,128,3
engramdb,7144,4336.896,33,1093,56,10000,128,3
engramdb,7145,4347.227,35,1093,56,10000,128,3
engramdb,7146,4335.301,29,1081,56,10000,128,3
engramdb,7147,4338.983,39,1087,56,10000,128,3
engramdb,7148,4337.072,37,1081,56,10000,128,3
engramdb,7149,4293.463,30,1084,56,10000,128,3
engramdb,7150,4337.557,32,1056,56,10000,128,3
engramdb,7151,4364.819,41,1086,56,10000,128,3
engramdb,7152,4377.422,32,1090,56,10000,128,3
engramdb,7153,4200.592,34,1102,56,10000,128,3
engramdb,7154,4455.802,35,1090,56,10000,128,3
engramdb,7155,4300.336,39,1077,56,10000,128,3
engramdb,7156,4282.731,38,1080,56,10000,128,3
engramdb,7157,4489.332,30,1108,56,10000,128,3
engramdb,7158,4428.876,43,1093,56,10000,128,3
engramdb,7159,4320.238,46,1092,56,10000,128,3
engramdb,7160,4351.621,35,1106,56,10000,128,3
engramdb,7161,4639.205,35,1088,56,10000,128,3
engramdb,7162,4354.764,32,1085,56,10000,128,3
engramdb,7163,4212.627,31,1080,56,10000,128,3
engramdb,7164,4340.152,36,1064,56,10000,128,3
engramdb,7165,4352.974,34,1079,56,10000,128,3
engramdb,7166,4312.598,35,1087,56,10000,128,3
engramdb,7167,4802.634,37,1067,56,10000,128,3
engramdb,7168,4354.321,30,1093,56,10000,128,3
engramdb,7169,4345.678,34,1104,56,10000,128,3
engramdb,7170,4325.146,37,1106,56,10000,128,3
engramdb,7171,4344.005,34,1094,56,10000,128,3
engramdb,7172,4351.186,36,1099,56,10000,128,3
engramdb,7173,5158.523,36,1087,56,10000,128,3
engramdb,7174,4417.236,34,1071,56,10000,128,3
engramdb,7175,4500.817,32,1095,56,10000,128,3
engramdb,7176,4326.264,38,1101,56,10000,128,3
engramdb,7177,4295.001,34,1070,56,10000,128,3
engramdb,7178,5791.302,29,1077,56,10000,128,3
engramdb,7179,4342.614,34,1091,56,10000,128,3
engramdb,7180,4293.406,37,1092,56,10000,128,3
engramdb,7181,4342.498,32,1105,56,10000,128,3
engramdb,7182,4316.151,33,1101,56,10000,128,3
engramdb,7183,4323.299,36,1090,56,10000,128,3
engramdb,7184,4316.418,34,1089,56,10000,128,3
engramdb,7185,4334.704,34,1090,56,10000,128,3
engramdb,7186,4203.587,35,1076,56,10000,128,3
engramdb,7187,4210.838,35,1102,56,10000,128,3
engramdb,7188,4184.831,29,1096,56,10000,128,3
engramdb,7189,4153.189,36,1092,56,10000,128,3
engramdb,7190,4193.063,36,1091,56,10000,128,3
engramdb,7191,4216.282,42,1092,56,10000,128,3
engramdb,7192,4208.698,37,1095,56,10000,128,3
engramdb,7193,4173.930,29,1097,56,10000,128,3
engramdb,7194,4196.459,39,1091,56,10000,128,3
engramdb,7195,4171.608,32,1095,56,10000,128,3
engramdb,7196,4215.575,36,1081,56,10000,128,3
engramdb,7197,4174.114,29,1082,56,10000,128,3
engramdb,7198,4175.718,34,1097,56,10000,128,3
engramdb,7199,4146.441,32,1095,56,10000,128,3
engramdb,7200,4571.142,39,1090,56,10000,128,3
engramdb,7201,4329.593,32,1105,56,10000,128,3
engramdb,7202,5117.944,30,1091,56,10000,128,3
engramdb,7203,4527.047,38,1088,56,10000,128,3
engramdb,7204,4436.660,36,1090,56,10000,128,3
engramdb,7205,4447.147,31,1065,56,10000,128,3
engramdb,7206,4543.652,34,1050,56,10000,128,3
engramdb,7207,4322.861,38,1100,56,10000,128,3
engramdb,7208,4318.864,38,1092,56,10000,128,3
engramdb,7209,4307.835,40,1087,56,10000,128,3
engramdb,7210,4298.428,39,1089,56,10000,128,3
engramdb,7211,4291.144,38,1096,56,10000,128,3
engramdb,7212,4357.767,28,1078,56,10000,128,3
engramdb,7213,4316.528,31,1093,56,10000,128,3
engramdb,7214,4349.210,33,1095,56,10000,128,3
engramdb,7215,4310.644,39,1101,56,10000,128,3
engramdb,7216,4311.887,34,1079,56,10000,128,3
engramdb,7217,4147.839,36,1092,56,10000,128,3
engramdb,7218,4273.342,35,1089,55,10000,128,3
engramdb,7219,9572.298,36,1053,55,10000,128,3
engramdb,7220,4549.438,34,1093,56,10000,128,3
engramdb,7221,4365.744,27,1092,56,10000,128,3
engramdb,7222,5479.648,41,1091,56,10000,128,3
engramdb,7223,5731.376,37,1097,56,10000,128,3
engramdb,7224,4307.394,38,1084,56,10000,128,3
engramdb,7225,4326.454,30,1082,56,10000,128,3
engramdb,7226,4483.885,35,1084,56,10000,128,3
engramdb,7227,4300.534,35,1093,56,10000,128,3
engramdb,7228,4383.815,40,1081,56,10000,128,3
engramdb,7229,4258.036,31,1085,56,10000,128,3
engramdb,7230,4317.735,32,1098,56,10000,128,3
engramdb,7231,4503.513,36,1068,56,10000,128,3
engramdb,7232,4247.105,40,1088,56,10000,128,3
engramdb,7233,4121.546,36,1086,56,10000,128,3
engramdb,7234,10781.561,35,1098,56,10000,128,3
engramdb,7235,4540.143,37,1102,56,10000,128,3
engramdb,7236,4295.205,29,1054,56,10000,128,3
engramdb,7237,4261.182,41,1095,56,10000,128,3
engramdb,7238,4310.528,36,1096,56,10000,128,3
engramdb,7239,4177.257,38,1088,56,10000,128,3
engramdb,7240,4321.231,32,1089,56,10000,128,3
engramdb,7241,4307.239,37,1095,56,10000,128,3
engramdb,7242,4250.912,36,1020,56,10000,128,3
engramdb,7243,4263.278,38,1107,56,10000,128,3
engramdb,7244,4300.165,31,1067,56,10000,128,3
engramdb,7245,5679.564,28,1070,56,10000,128,3
engramdb,7246,4372.888,35,1100,56,10000,128,3
engramdb,7247,4251.612,32,1010,56,10000,128,3
engramdb,7248,4298.227,40,1101,56,10000,128,3
engramdb,7249,4316.902,35,1088,56,10000,128,3
engramdb,7250,8397.928,36,1102,56,10000,128,3
engramdb,7251,4312.306,32,1099,56,10000,128,3
engramdb,7252,4299.213,35,1098,56,10000,128,3
engramdb,7253,4443.056,32,1097,56,10000,128,3
engramdb,7254,7970.775,38,1095,56,10000,128,3
engramdb,7255,4346.421,35,1063,56,10000,128,3
engramdb,7256,6392.460,37,1084,56,10000,128,3
engramdb,7257,4137.486,33,1042,56,10000,128,3
engramdb,7258,4300.157,36,1102,56,10000,128,3
engramdb,7259,3945.711,35,1090,56,10000,128,3
engramdb,7260,4108.532,35,1091,56,10000,128,3
engramdb,7261,4286.146,42,1087,56,10000,128,3
engramdb,7262,4087.565,28,1093,56,10000,128,3
engramdb,7263,3868.313,33,1089,56,10000,128,3
engramdb,7264,4057.648,36,1070,56,10000,128,3
engramdb,7265,3821.455,35,1076,56,10000,128,3
engramdb,7266,4082.658,38,1082,56,10000,128,3
engramdb,7267,3922.103,36,1072,56,10000,128,3
engramdb,7268,3559.763,37,1098,56,10000,128,3
engramdb,7269,3638.858,32,1107,56,10000,128,3
engramdb,7270,3928.947,37,1101,56,10000,128,3
engramdb,7271,4271.391,38,1088,56,10000,128,3
engramdb,7272,4294.070,35,1097,56,10000,128,3
engramdb,7273,4233.325,34,1074,56,10000,128,3
engramdb,7274,4252.191,36,1107,56,10000,128,3
engramdb,7275,4307.242,30,1089,56,10000,128,3
engramdb,7276,4314.479,35,1094,56,10000,128,3
engramdb,7277,5195.437,29,1084,56,10000,128,3
engramdb,7278,4283.464,35,1081,56,10000,128,3
engramdb,7279,4236.021,36,1095,56,10000,128,3
engramdb,7280,4333.756,37,1092,56,10000,128,3
engramdb,7281,4667.039,31,1087,56,10000,128,3
engramdb,7282,4315.614,34,1075,56,10000,128,3
engramdb,7283,4340.819,31,1070,56,10000,128,3
engramdb,7284,4084.588,34,1101,56,10000,128,3
engramdb,7285,4421.931,34,1089,56,10000,128,3
engramdb,7286,4448.751,38,1091,56,10000,128,3
engramdb,7287,4119.544,34,1061,56,10000,128,3
engramdb,7288,4172.441,33,1095,56,10000,128,3
engramdb,7289,7459.750,37,1094,56,10000,128,3
engramdb,7290,5749.378,28,1085,56,10000,128,3
engramdb,7291,4281.265,40,1104,56,10000,128,3
engramdb,7292,4305.841,39,1095,56,10000,128,3
engramdb,7293,4312.921,30,1092,56,10000,128,3
engramdb,7294,4346.640,33,1101,56,10000,128,3
engramdb,7295,6117.841,33,1092,56,10000,128,3
engramdb,7296,4181.534,30,1090,56,10000,128,3
engramdb,7297,4718.926,40,1101,56,10000,128,3
engramdb,7298,4112.269,31,1066,56,10000,128,3
engramdb,7299,4154.398,41,1075,56,10000,128,3
engramdb,7300,4094.134,34,1096,56,10000,128,3
engramdb,7301,4295.981,31,1088,56,10000,128,3
engramdb,7302,4257.327,37,1096,56,10000,128,3
engramdb,7303,4048.623,30,1059,56,10000,128,3
engramdb,7304,4848.410,36,1099,56,10000,128,3
engramdb,7305,4611.783,25,1092,56,10000,128,3
engramdb,7306,4733.942,32,1083,56,10000,128,3
engramdb,7307,4622.459,31,1091,56,10000,128,3
engramdb,7308,5444.020,37,1098,56,10000,128,3
engramdb,7309,5825.737,31,1083,56,10000,128,3
engramdb,7310,4364.572,33,1090,56,10000,128,3
engramdb,7311,6187.863,36,1093,56,10000,128,3
engramdb,7312,4317.625,35,1089,56,10000,128,3
engramdb,7313,4328.610,29,1088,56,10000,128,3
engramdb,7314,4741.459,27,1084,56,10000,128,3
engramdb,7315,4377.395,36,1097,56,10000,128,3
engramdb,7316,4130.901,37,1093,56,10000,128,3
engramdb,7317,3883.316,37,1084,56,10000,128,3
engramdb,7318,3913.361,31,1061,56,10000,128,3
engramdb,7319,4231.763,42,1090,56,10000,128,3
engramdb,7320,4137.961,31,1104,56,10000,128,3
engramdb,7321,4122.857,34,1091,56,10000,128,3
engramdb,7322,4443.833,37,1095,56,10000,128,3
engramdb,7323,4516.751,41,1078,56,10000,128,3
engramdb,7324,4234.190,39,1079,56,10000,128,3
engramdb,7325,4455.529,38,1092,56,10000,128,3
engramdb,7326,4809.185,32,1083,56,10000,128,3
engramdb,7327,4593.117,40,1094,56,10000,128,3
engramdb,7328,4331.373,35,1085,56,10000,128,3
engramdb,7329,4273.148,31,1060,56,10000,128,3
engramdb,7330,4203.252,35,1089,56,10000,128,3
engramdb,7331,4710.245,36,1102,56,10000,128,3
engramdb,7332,5201.247,36,1107,56,10000,128,3
engramdb,7333,4369.428,36,1092,56,10000,128,3
engramdb,7334,4725.663,36,1101,56,10000,128,3
engramdb,7335,4431.800,37,1101,56,10000,128,3
engramdb,7336,4211.247,33,1083,56,10000,128,3
engramdb,7337,4176.231,28,1093,56,10000,128,3
engramdb,7338,4176.493,32,1085,56,10000,128,3
engramdb,7339,4150.813,32,1068,56,10000,128,3
engramdb,7340,6922.969,31,1070,56,10000,128,3
engramdb,7341,4213.450,32,1075,56,10000,128,3
engramdb,7342,4137.703,35,1102,56,10000,128,3
engramdb,7343,4121.706,45,1103,56,10000,128,3
engramdb,7344,4130.173,34,1100,56,10000,128,3
engramdb,7345,4142.602,36,1107,56,10000,128,3
engramdb,7346,4101.861,40,1087,56,10000,128,3
engramdb,7347,4111.796,36,1089,56,10000,128,3
engramdb,7348,4106.803,35,1067,56,10000,128,3
engramdb,7349,4075.761,37,1081,56,10000,128,3
engramdb,7350,4094.020,38,1097,56,10000,128,3
engramdb,7351,4116.699,37,1094,56,10000,128,3
engramdb,7352,3577.638,29,1103,56,10000,128,3
engramdb,7353,4098.280,31,1091,56,10000,128,3
engramdb,7354,8363.605,33,1050,56,10000,128,3
engramdb,7355,6326.168,43,1103,56,10000,128,3
engramdb,7356,4510.789,35,1104,56,10000,128,3
engramdb,7357,5320.292,32,1101,56,10000,128,3
engramdb,7358,4406.911,35,1092,56,10000,128,3
engramdb,7359,4241.934,36,1097,56,10000,128,3
engramdb,7360,4123.532,40,1094,56,10000,128,3
engramdb,7361,4160.591,34,1093,56,10000,128,3
engramdb,7362,4320.249,31,1101,56,10000,128,3
engramdb,7363,4958.183,35,1085,56,10000,128,3
engramdb,7364,6805.518,32,1091,56,10000,128,3
engramdb,7365,4951.504,28,1062,55,10000,128,3
engramdb,7366,6099.711,33,994,56,10000,128,3
engramdb,7367,6577.214,38,1088,56,10000,128,3
engramdb,7368,4835.089,38,1074,56,10000,128,3
engramdb,7369,5867.482,32,1069,56,10000,128,3
engramdb,7370,4280.949,33,1087,56,10000,128,3
engramdb,7371,4184.455,38,1099,56,10000,128,3
engramdb,7372,4406.191,30,1098,56,10000,128,3
engramdb,7373,4348.196,34,1088,56,10000,128,3
engramdb,7374,5741.643,39,1077,56,10000,128,3
engramdb,7375,5282.924,29,1095,56,10000,128,3
engramdb,7376,4353.897,35,1046,56,10000,128,3
engramdb,7377,4330.011,38,1101,56,10000,128,3
engramdb,7378,4183.579,29,1104,56,10000,128,3
engramdb,7379,4168.637,36,1067,56,10000,128,3
engramdb,7380,4118.362,29,1070,56,10000,128,3
engramdb,7381,5135.233,36,1106,56,10000,128,3
engramdb,7382,4325.500,35,1100,56,10000,128,3
engramdb,7383,4906.352,35,1103,56,10000,128,3
engramdb,7384,8133.373,30,1094,56,10000,128,3
engramdb,7385,8279.325,30,1098,56,10000,128,3
engramdb,7386,4344.451,33,1101,56,10000,128,3
engramdb,7387,4367.475,37,1087,56,10000,128,3
engramdb,7388,4351.377,37,1100,56,10000,128,3
engramdb,7389,4211.075,35,1099,56,10000,128,3
engramdb,7390,5138.832,36,1095,56,10000,128,3
engramdb,7391,4278.538,32,1079,56,10000,128,3
engramdb,7392,4206.187,38,1094,56,10000,128,3
engramdb,7393,4557.105,34,1100,56,10000,128,3
engramdb,7394,4252.057,37,1075,56,10000,128,3
engramdb,7395,4257.170,29,1103,56,10000,128,3
engramdb,7396,4109.230,37,1095,56,10000,128,3
engramdb,7397,4134.245,35,1092,56,10000,128,3
engramdb,7398,4110.821,39,1102,56,10000,128,3
engramdb,7399,4272.022,40,1103,56,10000,128,3
engramdb,7400,4741.020,36,1092,56,10000,128,3
engramdb,7401,4189.274,39,1100,56,10000,128,3
engramdb,7402,4853.694,36,1100,56,10000,128,3
engramdb,7403,6243.443,36,1102,56,10000,128,3
engramdb,7404,4269.453,35,1062,56,10000,128,3
engramdb,7405,5433.947,29,1037,56,10000,128,3
engramdb,7406,4350.210,32,1073,56,10000,128,3
engramdb,7407,4308.464,35,1100,56,10000,128,3
engramdb,7408,4290.609,30,1087,56,10000,128,3
engramdb,7409,4242.693,27,1079,56,10000,128,3
engramdb,7410,4264.956,40,1061,56,10000,128,3
engramdb,7411,4326.098,33,1084,56,10000,128,3
engramdb,7412,4263.597,32,1098,56,10000,128,3
engramdb,7413,4323.793,26,1106,56,10000,128,3
engramdb,7414,4285.569,34,1098,56,10000,128,3
engramdb,7415,4293.667,37,1088,56,10000,128,3
engramdb,7416,4299.056,33,1085,56,10000,128,3
engramdb,7417,4287.837,37,1101,55,10000,128,3
engramdb,7418,4741.180,34,1093,56,10000,128,3
engramdb,7419,7716.670,35,1092,56,10000,128,3
engramdb,7420,4280.931,40,1091,55,10000,128,3
engramdb,7421,4356.892,31,1084,56,10000,128,3
engramdb,7422,4279.163,37,1097,56,10000,128,3
engramdb,7423,11534.592,36,1086,56,10000,128,3
engramdb,7424,4736.889,32,1098,56,10000,128,3
engramdb,7425,4553.713,42,1096,56,10000,128,3
engramdb,7426,4057.338,33,1094,56,10000,128,3
engramdb,7427,3465.085,37,1066,56,10000,128,3
engramdb,7428,3328.436,32,1076,56,10000,128,3
engramdb,7429,3518.691,32,1085,56,10000,128,3
engramdb,7430,3357.657,37,1060,56,10000,128,3
engramdb,7431,3347.043,37,1077,56,10000,128,3
engramdb,7432,3495.346,34,1071,56,10000,128,3
engramdb,7433,3334.730,33,1088,56,10000,128,3
engramdb,7434,3353.779,29,1098,56,10000,128,3
engramdb,7435,3491.687,32,1102,56,10000,128,3
engramdb,7436,3327.272,39,1101,56,10000,128,3
engramdb,7437,3350.846,32,1100,56,10000,128,3
engramdb,7438,3454.253,34,1097,56,10000,128,3
engramdb,7439,3339.154,34,1089,56,10000,128,3
engramdb,7440,3329.241,26,1098,56,10000,128,3
engramdb,7441,3388.401,31,1099,56,10000,128,3
engramdb,7442,3235.469,35,1109,56,10000,128,3
engramdb,7443,4795.711,38,1084,56,10000,128,3
engramdb,7444,4980.452,38,1098,56,10000,128,3
engramdb,7445,4411.165,34,1091,56,10000,128,3
engramdb,7446,4074.325,35,1081,56,10000,128,3
engramdb,7447,4090.580,36,1036,56,10000,128,3
engramdb,7448,4224.077,36,1101,56,10000,128,3
engramdb,7449,4053.727,31,1097,56,10000,128,3
engramdb,7450,3411.728,34,1080,56,10000,128,3
engramdb,7451,3401.908,40,1093,56,10000,128,3
engramdb,7452,3325.334,27,1090,56,10000,128,3
engramdb,7453,3950.917,33,1099,56,10000,128,3
engramdb,7454,3300.156,27,1093,55,10000,128,3
engramdb,7455,3322.924,33,1082,56,10000,128,3
engramdb,7456,3434.920,36,1093,56,10000,128,3
engramdb,7457,3340.801,34,1094,56,10000,128,3
engramdb,7458,3279.518,41,1087,55,10000,128,3
engramdb,7459,4118.062,34,1053,56,10000,128,3
engramdb,7460,3388.424,33,1103,56,10000,128,3
engramdb,7461,3381.054,39,1098,56,10000,128,3
engramdb,7462,3533.199,37,1083,56,10000,128,3
engramdb,7463,3341.601,37,1102,56,10000,128,3
engramdb,7464,3458.258,35,1096,56,10000,128,3
engramdb,7465,4886.233,29,1091,56,10000,128,3
engramdb,7466,4267.738,35,1070,56,10000,128,3
engramdb,7467,4412.362,37,1067,56,10000,128,3
engramdb,7468,5624.219,34,1100,56,10000,128,3
engramdb,7469,4331.897,34,1078,56,10000,128,3
engramdb,7470,4241.777,32,1079,56,10000,128,3
engramdb,7471,4376.052,31,1102,56,10000,128,3
engramdb,7472,4272.591,31,1097,56,10000,128,3
engramdb,7473,4268.352,35,1101,56,10000,128,3
engramdb,7474,4298.174,35,1094,56,10000,128,3
engramdb,7475,4211.825,33,1103,56,10000,128,3
engramdb,7476,4337.299,42,1105,56,10000,128,3
engramdb,7477,4518.584,33,1095,56,10000,128,3
engramdb,7478,4331.956,31,1104,56,10000,128,3
engramdb,7479,4291.022,38,1103,56,10000,128,3
engramdb,7480,4501.607,28,1100,56,10000,128,3
engramdb,7481,4529.835,37,1105,56,10000,128,3
engramdb,7482,4398.803,39,1093,56,10000,128,3
engramdb,7483,4531.294,35,1104,56,10000,128,3
engramdb,7484,4400.831,33,1093,56,10000,128,3
engramdb,7485,4380.815,36,1104,56,10000,128,3
engramdb,7486,4244.467,38,1087,56,10000,128,3
engramdb,7487,4382.562,39,1096,56,10000,128,3
engramdb,7488,4262.277,30,1098,56,10000,128,3
engramdb,7489,4260.427,35,1075,56,10000,128,3
engramdb,7490,4321.769,33,1089,56,10000,128,3
engramdb,7491,4281.169,42,1100,56,10000,128,3
engramdb,7492,4362.177,37,1094,56,10000,128,3
engramdb,7493,4258.980,34,1105,56,10000,128,3
engramdb,7494,4338.286,36,1092,56,10000,128,3
engramdb,7495,4386.424,37,1090,56,10000,128,3
engramdb,7496,4301.697,30,1079,56,10000,128,3
engramdb,7497,4236.061,30,1078,56,10000,128,3
engramdb,7498,4238.143,30,1087,56,10000,128,3
engramdb,7499,4314.484,37,1096,56,10000,128,3
engramdb,7500,4264.017,40,1081,56,10000,128,3
engramdb,7501,4331.708,31,1091,56,10000,128,3
engramdb,7502,4267.507,34,1095,56,10000,128,3
engramdb,7503,4327.794,33,1101,56,10000,128,3
engramdb,7504,4256.862,32,1102,56,10000,128,3
engramdb,7505,4267.647,35,1087,56,10000,128,3
engramdb,7506,4277.469,37,1084,56,10000,128,3
engramdb,7507,4275.170,33,1087,56,10000,128,3
engramdb,7508,4313.695,30,1049,56,10000,128,3
engramdb,7509,4249.972,35,1092,56,10000,128,3
engramdb,7510,4298.646,36,1091,56,10000,128,3
engramdb,7511,4269.093,41,1103,56,10000,128,3
engramdb,7512,4297.712,35,1088,56,10000,128,3
engramdb,7513,6542.001,31,1094,56,10000,128,3
engramdb,7514,4051.643,34,1091,56,10000,128,3
engramdb,7515,4332.518,38,1093,56,10000,128,3
engramdb,7516,4230.748,30,1100,56,10000,128,3
engramdb,7517,4162.004,34,1090,56,10000,128,3
engramdb,7518,5074.124,33,1086,56,10000,128,3
engramdb,7519,3666.627,37,1097,56,10000,128,3
engramdb,7520,3400.638,34,1096,56,10000,128,3
engramdb,7521,3398.560,34,1098,56,10000,128,3
engramdb,7522,3394.660,40,1101,56,10000,128,3
engramdb,7523,3630.963,34,1100,56,10000,128,3
engramdb,7524,4283.100,41,1094,56,10000,128,3
engramdb,7525,6516.149,37,1084,56,10000,128,3
engramdb,7526,4378.234,41,1098,56,10000,128,3
engramdb,7527,4281.223,37,1099,56,10000,128,3
engramdb,7528,4227.627,38,1076,56,10000,128,3
engramdb,7529,4245.789,28,1081,56,10000,128,3
engramdb,7530,4288.354,39,1098,56,10000,128,3
engramdb,7531,4244.396,30,1094,56,10000,128,3
engramdb,7532,4276.691,39,1095,56,10000,128,3
engramdb,7533,4274.885,37,1090,56,10000,128,3
engramdb,7534,4351.589,40,1094,56,10000,128,3
engramdb,7535,3758.248,34,1091,56,10000,128,3
engramdb,7536,3675.083,33,1085,56,10000,128,3
engramdb,7537,3734.540,35,1077,56,10000,128,3
engramdb,7538,4008.638,37,1091,56,10000,128,3
engramdb,7539,4538.900,39,1097,56,10000,128,3
engramdb,7540,4243.198,28,1086,56,10000,128,3
engramdb,7541,4288.154,32,1092,56,10000,128,3
engramdb,7542,4269.499,37,1099,56,10000,128,3
engramdb,7543,4237.431,34,1080,56,10000,128,3
engramdb,7544,4246.940,31,1089,56,10000,128,3
engramdb,7545,4272.951,35,1092,56,10000,128,3
engramdb,7546,4252.563,37,1102,56,10000,128,3
engramdb,7547,4251.999,29,1096,56,10000,128,3
engramdb,7548,4289.356,42,1081,56,10000,128,3
engramdb,7549,4174.295,32,1067,55,10000,128,3
engramdb,7550,4170.121,35,1097,56,10000,128,3
engramdb,7551,4080.783,41,1089,56,10000,128,3
engramdb,7552,4091.582,37,1105,56,10000,128,3
engramdb,7553,6498.911,29,1096,56,10000,128,3
engramdb,7554,4237.798,36,1089,56,10000,128,3
engramdb,7555,4190.969,36,1090,56,10000,128,3
engramdb,7556,4183.334,33,1066,56,10000,128,3
engramdb,7557,4279.987,31,1093,56,10000,128,3
engramdb,7558,4236.773,45,1097,56,10000,128,3
engramdb,7559,4218.438,35,1083,56,10000,128,3
engramdb,7560,4252.843,34,1092,56,10000,128,3
engramdb,7561,4056.535,32,1095,56,10000,128,3
engramdb,7562,3359.284,37,1097,56,10000,128,3
engramdb,7563,3367.658,38,1100,56,10000,128,3
engramdb,7564,3550.858,35,1096,56,10000,128,3
engramdb,7565,4153.659,34,1085,56,10000,128,3
engramdb,7566,4168.553,35,1079,56,10000,128,3
engramdb,7567,4265.039,36,1095,56,10000,128,3
engramdb,7568,4224.010,39,1081,56,10000,128,3
engramdb,7569,4231.331,39,1096,56,10000,128,3
engramdb,7570,4363.417,37,1091,56,10000,128,3
engramdb,7571,4236.277,37,1065,56,10000,128,3
engramdb,7572,4254.335,33,1089,56,10000,128,3
engramdb,7573,4269.987,35,1101,56,10000,128,3
engramdb,7574,4324.647,29,1097,56,10000,128,3
engramdb,7575,4293.708,33,1102,56,10000,128,3
engramdb,7576,4269.637,36,1075,56,10000,128,3
engramdb,7577,4280.427,32,1084,56,10000,128,3
engramdb,7578,4293.699,32,1107,56,10000,128,3
engramdb,7579,4230.758,35,1093,56,10000,128,3
engramdb,7580,4251.390,33,1090,56,10000,128,3
engramdb,7581,4269.695,30,1090,56,10000,128,3
engramdb,7582,4247.997,40,1092,56,10000,128,3
engramdb,7583,4235.465,35,1094,56,10000,128,3
engramdb,7584,4279.843,34,1096,56,10000,128,3
engramdb,7585,4280.904,34,1096,56,10000,128,3
engramdb,7586,4218.791,38,1101,56,10000,128,3
engramdb,7587,4196.869,32,1095,56,10000,128,3
engramdb,7588,4496.745,32,1073,56,10000,128,3
engramdb,7589,4448.242,38,1099,56,10000,128,3
engramdb,7590,4199.925,35,1076,56,10000,128,3
engramdb,7591,4118.867,32,1092,56,10000,128,3
engramdb,7592,4130.244,30,1096,56,10000,128,3
engramdb,7593,4147.426,29,1080,56,10000,128,3
engramdb,7594,4061.942,38,1079,56,10000,128,3
engramdb,7595,4126.764,41,1084,56,10000,128,3
engramdb,7596,3952.427,35,1090,56,10000,128,3
engramdb,7597,3955.018,35,1101,56,10000,128,3
engramdb,7598,3978.157,33,1094,56,10000,128,3
engramdb,7599,3888.834,32,1090,56,10000,128,3
engramdb,7600,3884.859,31,1100,56,10000,128,3
engramdb,7601,3874.658,42,1094,56,10000,128,3
engramdb,7602,3938.364,33,1099,56,10000,128,3
engramdb,7603,3886.378,36,1091,56,10000,128,3
engramdb,7604,4202.350,31,1096,56,10000,128,3
engramdb,7605,4056.560,30,1102,56,10000,128,3
engramdb,7606,6145.303,33,1095,56,10000,128,3
engramdb,7607,4106.183,33,1103,56,10000,128,3
engramdb,7608,4483.293,34,1099,56,10000,128,3
engramdb,7609,4115.071,34,1096,56,10000,128,3
engramdb,7610,4018.260,40,1098,56,10000,128,3
engramdb,7611,3890.678,30,1089,56,10000,128,3
engramdb,7612,4202.617,35,1095,56,10000,128,3
engramdb,7613,4166.370,32,1087,56,10000,128,3
engramdb,7614,4374.582,38,1097,56,10000,128,3
engramdb,7615,4154.371,30,1098,56,10000,128,3
engramdb,7616,4411.552,34,1099,56,10000,128,3
engramdb,7617,4323.900,34,1101,56,10000,128,3
engramdb,7618,4240.594,39,1089,56,10000,128,3
engramdb,7619,4438.106,33,1045,56,10000,128,3
engramdb,7620,4409.020,33,1089,56,10000,128,3
engramdb,7621,4423.448,35,1085,56,10000,128,3
engramdb,7622,4488.273,31,1106,56,10000,128,3
engramdb,7623,4241.279,35,1093,56,10000,128,3
engramdb,7624,4296.272,30,1109,56,10000,128,3
engramdb,7625,4251.729,34,1099,56,10000,128,3
engramdb,7626,4276.403,40,1099,56,10000,128,3
engramdb,7627,4251.227,38,1067,56,10000,128,3
engramdb,7628,4269.254,33,1092,56,10000,128,3
engramdb,7629,4045.080,30,1075,56,10000,128,3
engramdb,7630,4134.146,28,1061,56,10000,128,3
engramdb,7631,4266.591,34,1101,56,10000,128,3
engramdb,7632,4207.467,32,1096,56,10000,128,3
engramdb,7633,4221.632,31,1093,56,10000,128,3
engramdb,7634,4289.762,41,1091,56,10000,128,3
engramdb,7635,4175.020,33,1087,56,10000,128,3
engramdb,7636,4151.906,35,1104,56,10000,128,3
engramdb,7637,4106.813,34,1075,56,10000,128,3
engramdb,7638,4294.054,40,1092,56,10000,128,3
engramdb,7639,4261.719,34,1091,56,10000,128,3
engramdb,7640,4244.790,38,1102,56,10000,128,3
engramdb,7641,4250.022,36,1070,56,10000,128,3
engramdb,7642,4236.157,38,1102,56,10000,128,3
engramdb,7643,4180.307,36,1096,56,10000,128,3
engramdb,7644,4315.615,34,1098,56,10000,128,3
engramdb,7645,4330.701,34,1081,56,10000,128,3
engramdb,7646,4211.239,34,1095,56,10000,128,3
engramdb,7647,4043.735,38,1097,56,10000,128,3
engramdb,7648,4775.594,36,1100,56,10000,128,3
engramdb,7649,4132.130,33,1101,56,10000,128,3
engramdb,7650,4387.660,31,1095,56,10000,128,3
engramdb,7651,4200.631,36,1102,56,10000,128,3
engramdb,7652,4413.717,38,1100,56,10000,128,3
engramdb,7653,4727.978,36,1094,56,10000,128,3
engramdb,7654,4219.230,37,1076,56,10000,128,3
engramdb,7655,4687.422,38,1105,55,10000,128,3
engramdb,7656,5434.394,33,1095,55,10000,128,3
engramdb,7657,4509.746,31,1077,56,10000,128,3
engramdb,7658,4478.117,33,1051,56,10000,128,3
engramdb,7659,4163.372,37,1093,56,10000,128,3
engramdb,7660,4371.379,38,1079,56,10000,128,3
engramdb,7661,4319.982,32,1078,56,10000,128,3
engramdb,7662,4400.027,38,1095,56,10000,128,3
engramdb,7663,4349.574,34,1094,56,10000,128,3
engramdb,7664,4301.170,34,1096,56,10000,128,3
engramdb,7665,4283.688,35,1098,56,10000,128,3
engramdb,7666,4305.966,34,1095,56,10000,128,3
engramdb,7667,4274.651,30,1102,56,10000,128,3
engramdb,7668,4357.537,31,1040,56,10000,128,3
engramdb,7669,4143.310,38,1094,56,10000,128,3
engramdb,7670,4099.606,37,1082,56,10000,128,3
engramdb,7671,4076.238,41,1086,56,10000,128,3
engramdb,7672,4145.736,29,1095,56,10000,128,3
engramdb,7673,4101.395,39,1098,56,10000,128,3
engramdb,7674,4056.042,33,1092,56,10000,128,3
engramdb,7675,4308.207,33,1092,56,10000,128,3
engramdb,7676,4215.614,36,1096,56,10000,128,3
engramdb,7677,4238.336,34,1075,56,10000,128,3
engramdb,7678,4290.861,33,1101,56,10000,128,3
engramdb,7679,7065.232,33,1100,56,10000,128,3
engramdb,7680,4251.194,30,1054,56,10000,128,3
engramdb,7681,4555.502,30,1081,56,10000,128,3
engramdb,7682,4918.038,34,1099,56,10000,128,3
engramdb,7683,5102.698,38,1079,56,10000,128,3
engramdb,7684,4192.755,35,1083,56,10000,128,3
engramdb,7685,4257.336,33,1037,56,10000,128,3
engramdb,7686,4255.389,35,1098,56,10000,128,3
engramdb,7687,4203.963,33,1097,56,10000,128,3
engramdb,7688,4263.355,35,1092,56,10000,128,3
engramdb,7689,4176.596,36,1092,56,10000,128,3
engramdb,7690,4274.111,34,1100,56,10000,128,3
engramdb,7691,4257.524,35,1099,56,10000,128,3
engramdb,7692,4295.538,32,1100,56,10000,128,3
engramdb,7693,4268.164,31,1094,56,10000,128,3
engramdb,7694,4608.417,35,1087,56,10000,128,3
engramdb,7695,4331.896,35,1099,56,10000,128,3
engramdb,7696,4237.968,33,1085,56,10000,128,3
engramdb,7697,4262.325,35,1063,56,10000,128,3
engramdb,7698,4225.126,37,1090,56,10000,128,3
engramdb,7699,4272.656,34,1087,56,10000,128,3
engramdb,7700,4131.036,30,1076,56,10000,128,3
engramdb,7701,4179.452,31,1095,56,10000,128,3
engramdb,7702,4298.093,35,1094,56,10000,128,3
engramdb,7703,4219.090,40,1101,56,10000,128,3
engramdb,7704,4295.765,29,1083,56,10000,128,3
engramdb,7705,4254.614,30,1091,56,10000,128,3
engramdb,7706,4191.738,32,1092,56,10000,128,3
engramdb,7707,4126.249,39,1095,56,10000,128,3
engramdb,7708,5867.849,38,1093,56,10000,128,3
engramdb,7709,6270.680,29,1101,56,10000,128,3
engramdb,7710,6032.462,34,1066,56,10000,128,3
engramdb,7711,4286.700,41,1089,56,10000,128,3
engramdb,7712,4291.324,25,1098,56,10000,128,3
engramdb,7713,4635.013,30,1106,56,10000,128,3
engramdb,7714,4404.786,35,1101,56,10000,128,3
engramdb,7715,4261.082,36,1102,56,10000,128,3
engramdb,7716,4269.193,36,1085,56,10000,128,3
engramdb,7717,4249.293,33,1095,56,10000,128,3
engramdb,7718,4237.688,44,1098,56,10000,128,3
engramdb,7719,4427.559,33,1092,56,10000,128,3
engramdb,7720,4483.730,36,1101,56,10000,128,3
engramdb,7721,4251.943,36,1086,56,10000,128,3
engramdb,7722,4270.293,38,1093,56,10000,128,3
engramdb,7723,7782.829,38,1084,56,10000,128,3
engramdb,7724,4609.585,37,1089,56,10000,128,3
engramdb,7725,4302.558,27,1093,56,10000,128,3
engramdb,7726,4536.919,45,1106,56,10000,128,3
engramdb,7727,4154.065,32,1101,56,10000,128,3
engramdb,7728,4121.594,36,1102,56,10000,128,3
engramdb,7729,4198.132,38,1097,56,10000,128,3
engramdb,7730,4560.388,38,1102,56,10000,128,3
engramdb,7731,4370.112,38,1085,56,10000,128,3
engramdb,7732,4174.053,28,1102,56,10000,128,3
engramdb,7733,4147.441,42,1100,56,10000,128,3
engramdb,7734,4151.953,39,1090,56,10000,128,3
engramdb,7735,4112.393,38,1074,56,10000,128,3
engramdb,7736,4375.556,26,1088,56,10000,128,3
engramdb,7737,4216.702,34,1084,56,10000,128,3
engramdb,7738,4280.448,39,1099,56,10000,128,3
engramdb,7739,4261.966,34,1082,56,10000,128,3
engramdb,7740,4282.809,35,1099,56,10000,128,3
engramdb,7741,5386.430,37,1099,56,10000,128,3
engramdb,7742,4271.375,36,1097,56,10000,128,3
engramdb,7743,4254.966,31,1093,56,10000,128,3
engramdb,7744,4255.379,32,1095,56,10000,128,3
engramdb,7745,4378.084,33,1083,56,10000,128,3
engramdb,7746,4413.063,33,1073,56,10000,128,3
engramdb,7747,4177.658,35,1075,56,10000,128,3
engramdb,7748,4141.919,34,1042,56,10000,128,3
engramdb,7749,4133.245,34,1097,56,10000,128,3
engramdb,7750,4097.440,42,1073,56,10000,128,3
engramdb,7751,4181.860,31,1090,56,10000,128,3
engramdb,7752,4092.403,27,1100,56,10000,128,3
engramdb,7753,4101.613,32,1082,56,10000,128,3
engramdb,7754,4069.213,38,1092,56,10000,128,3
engramdb,7755,4566.061,31,1102,56,10000,128,3
engramdb,7756,4056.698,33,1084,56,10000,128,3
engramdb,7757,4046.886,34,1093,56,10000,128,3
engramdb,7758,4012.340,35,1060,56,10000,128,3
engramdb,7759,4057.675,39,1077,56,10000,128,3
engramdb,7760,4079.176,39,1088,56,10000,128,3
engramdb,7761,3969.441,29,992,56,10000,128,3
engramdb,7762,4107.530,33,1061,56,10000,128,3
engramdb,7763,4114.571,32,1085,56,10000,128,3
engramdb,7764,4440.966,31,1091,56,10000,128,3
engramdb,7765,4294.580,39,1105,56,10000,128,3
engramdb,7766,4238.927,34,1092,56,10000,128,3
engramdb,7767,4060.993,38,1098,56,10000,128,3
engramdb,7768,5427.584,30,1057,56,10000,128,3
engramdb,7769,4060.928,35,1098,56,10000,128,3
engramdb,7770,4096.193,33,1085,56,10000,128,3
engramdb,7771,4026.220,32,1104,56,10000,128,3
engramdb,7772,4104.481,33,1102,56,10000,128,3
engramdb,7773,4107.806,37,1090,56,10000,128,3
engramdb,7774,4080.502,34,1085,56,10000,128,3
engramdb,7775,4080.303,37,1095,56,10000,128,3
engramdb,7776,7144.331,37,1096,56,10000,128,3
engramdb,7777,4228.317,34,1091,56,10000,128,3
engramdb,7778,4108.382,41,1069,56,10000,128,3
engramdb,7779,4081.654,30,1064,56,10000,128,3
engramdb,7780,3990.388,38,1085,56,10000,128,3
engramdb,7781,3827.476,37,1088,56,10000,128,3
engramdb,7782,3968.856,35,1096,56,10000,128,3
engramdb,7783,4181.537,37,1099,56,10000,128,3
engramdb,7784,3802.131,31,1105,56,10000,128,3
engramdb,7785,3814.220,36,1101,56,10000,128,3
engramdb,7786,3752.131,35,1097,56,10000,128,3
engramdb,7787,3761.212,36,1075,56,10000,128,3
engramdb,7788,5381.160,30,1074,56,10000,128,3
engramdb,7789,4532.915,34,1100,56,10000,128,3
engramdb,7790,7390.220,29,1071,56,10000,128,3
engramdb,7791,4323.008,36,1088,56,10000,128,3
engramdb,7792,4192.737,35,1076,56,10000,128,3
engramdb,7793,4085.074,38,1092,56,10000,128,3
engramdb,7794,4677.651,28,1089,56,10000,128,3
engramdb,7795,4038.067,38,1094,56,10000,128,3
engramdb,7796,8201.070,33,1094,56,10000,128,3
engramdb,7797,3982.201,36,1085,56,10000,128,3
engramdb,7798,4523.469,35,1064,56,10000,128,3
engramdb,7799,4223.317,34,1077,56,10000,128,3
engramdb,7800,4276.175,31,1082,56,10000,128,3
engramdb,7801,4281.582,37,1093,56,10000,128,3
engramdb,7802,4233.200,37,1093,56,10000,128,3
engramdb,7803,4238.585,34,1093,56,10000,128,3
engramdb,7804,4298.235,38,1098,56,10000,128,3
engramdb,7805,4112.702,31,1096,56,10000,128,3
engramdb,7806,4556.874,44,1087,56,10000,128,3
engramdb,7807,4304.452,31,1098,56,10000,128,3
engramdb,7808,4255.680,37,1105,56,10000,128,3
engramdb,7809,4199.373,34,1061,56,10000,128,3
engramdb,7810,4291.158,42,1103,56,10000,128,3
engramdb,7811,4289.024,41,1092,56,10000,128,3
engramdb,7812,5126.202,29,1098,56,10000,128,3
engramdb,7813,4051.203,29,1096,56,10000,128,3
engramdb,7814,4364.692,39,1093,56,10000,128,3
engramdb,7815,4068.171,35,1101,56,10000,128,3
engramdb,7816,5937.747,34,1088,56,10000,128,3
engramdb,7817,4236.029,37,1098,56,10000,128,3
engramdb,7818,4017.761,34,1075,56,10000,128,3
engramdb,7819,4048.931,36,1094,56,10000,128,3
engramdb,7820,4164.213,33,1096,56,10000,128,3
engramdb,7821,4217.517,37,1084,56,10000,128,3
engramdb,7822,4260.588,33,1076,56,10000,128,3
engramdb,7823,4197.840,35,1093,56,10000,128,3
engramdb,7824,4178.727,33,1046,56,10000,128,3
engramdb,7825,4235.141,38,1091,56,10000,128,3
engramdb,7826,4245.499,34,1083,56,10000,128,3
engramdb,7827,4265.413,36,1098,56,10000,128,3
engramdb,7828,4243.470,36,1068,56,10000,128,3
engramdb,7829,4161.908,36,1069,56,10000,128,3
engramdb,7830,4087.671,41,1100,56,10000,128,3
engramdb,7831,4043.821,34,1094,56,10000,128,3
engramdb,7832,4073.954,37,1100,56,10000,128,3
engramdb,7833,4089.379,29,1100,56,10000,128,3
engramdb,7834,4062.643,38,1101,56,10000,128,3
engramdb,7835,4087.539,37,1097,56,10000,128,3
engramdb,7836,4089.298,41,1103,56,10000,128,3
engramdb,7837,4063.057,34,1093,56,10000,128,3
engramdb,7838,4058.096,34,1096,56,10000,128,3
engramdb,7839,4231.962,37,1071,56,10000,128,3
engramdb,7840,4177.898,36,1093,56,10000,128,3
engramdb,7841,4133.294,31,1097,56,10000,128,3
engramdb,7842,6660.293,39,1100,56,10000,128,3
engramdb,7843,4249.277,35,1070,56,10000,128,3
engramdb,7844,4113.400,32,1080,56,10000,128,3
engramdb,7845,4188.345,33,1084,56,10000,128,3
engramdb,7846,4123.376,31,1086,56,10000,128,3
engramdb,7847,4213.549,33,1099,56,10000,128,3
engramdb,7848,4163.351,33,1079,56,10000,128,3
engramdb,7849,5124.790,27,1074,56,10000,128,3
engramdb,7850,4357.038,38,1098,56,10000,128,3
engramdb,7851,4272.625,36,1103,56,10000,128,3
engramdb,7852,4236.956,33,1101,56,10000,128,3
engramdb,7853,4288.935,37,1097,56,10000,128,3
engramdb,7854,4260.570,41,1100,56,10000,128,3
engramdb,7855,4304.924,35,1097,56,10000,128,3
engramdb,7856,4188.778,31,1066,55,10000,128,3
engramdb,7857,4216.373,40,1099,56,10000,128,3
engramdb,7858,10294.533,36,1102,56,10000,128,3
engramdb,7859,5208.068,33,1086,56,10000,128,3
engramdb,7860,5051.473,34,1049,56,10000,128,3
engramdb,7861,6583.633,34,1081,56,10000,128,3
engramdb,7862,5278.155,36,1085,56,10000,128,3
engramdb,7863,5216.277,34,1091,56,10000,128,3
engramdb,7864,5283.693,30,1095,56,10000,128,3
engramdb,7865,5303.646,36,1090,56,10000,128,3
engramdb,7866,5261.465,42,1095,56,10000,128,3
engramdb,7867,5263.970,35,1083,56,10000,128,3
engramdb,7868,5282.405,39,1093,56,10000,128,3
engramdb,7869,5200.902,33,1099,56,10000,128,3
engramdb,7870,6269.183,29,1064,56,10000,128,3
engramdb,7871,5294.721,29,1096,56,10000,128,3
engramdb,7872,5324.354,32,1068,56,10000,128,3
engramdb,7873,5286.709,35,1095,56,10000,128,3
engramdb,7874,5284.216,27,1095,56,10000,128,3
engramdb,7875,5283.539,38,1099,56,10000,128,3
engramdb,7876,8685.695,36,1098,56,10000,128,3
engramdb,7877,5529.608,33,1083,56,10000,128,3
engramdb,7878,5351.902,38,1104,56,10000,128,3
engramdb,7879,5258.889,30,1095,56,10000,128,3
engramdb,7880,5294.934,28,1033,56,10000,128,3
engramdb,7881,5270.988,36,1099,56,10000,128,3
engramdb,7882,5369.094,33,1054,56,10000,128,3
engramdb,7883,5450.693,32,1089,56,10000,128,3
engramdb,7884,6157.377,28,1083,56,10000,128,3
engramdb,7885,5798.815,32,1028,56,10000,128,3
engramdb,7886,5155.749,44,1100,56,10000,128,3
engramdb,7887,5844.860,35,1063,56,10000,128,3
engramdb,7888,5165.188,36,1106,56,10000,128,3
engramdb,7889,5198.803,37,1086,56,10000,128,3
engramdb,7890,5392.179,35,1100,56,10000,128,3
engramdb,7891,5114.572,32,1053,56,10000,128,3
engramdb,7892,5200.344,35,1103,56,10000,128,3
engramdb,7893,5252.126,30,1104,56,10000,128,3
engramdb,7894,5142.464,39,1102,56,10000,128,3
engramdb,7895,5835.286,30,1086,56,10000,128,3
engramdb,7896,5317.874,28,1081,56,10000,128,3
engramdb,7897,5148.073,31,1101,56,10000,128,3
engramdb,7898,5161.100,36,1098,56,10000,128,3
engramdb,7899,5123.818,42,1090,56,10000,128,3
engramdb,7900,5189.816,35,1090,56,10000,128,3
engramdb,7901,6634.030,31,1093,56,10000,128,3
engramdb,7902,5323.582,32,1070,56,10000,128,3
engramdb,7903,5177.177,30,1083,56,10000,128,3
engramdb,7904,5146.873,35,1093,56,10000,128,3
engramdb,7905,5154.003,34,1074,56,10000,128,3
engramdb,7906,5139.425,34,1085,56,10000,128,3
engramdb,7907,5329.521,33,1077,56,10000,128,3
engramdb,7908,5164.490,33,1048,56,10000,128,3
engramdb,7909,5190.042,38,1102,56,10000,128,3
engramdb,7910,5184.638,36,1100,56,10000,128,3
engramdb,7911,5149.467,34,1064,56,10000,128,3
engramdb,7912,5179.735,32,1091,56,10000,128,3
engramdb,7913,5155.958,33,1100,56,10000,128,3
engramdb,7914,5239.408,37,1101,56,10000,128,3
engramdb,7915,5240.488,28,1095,56,10000,128,3
engramdb,7916,5117.474,36,1100,56,10000,128,3
engramdb,7917,5146.631,31,1096,56,10000,128,3
engramdb,7918,5140.225,39,1094,56,10000,128,3
engramdb,7919,5213.040,35,1080,56,10000,128,3
engramdb,7920,5239.526,38,1093,56,10000,128,3
engramdb,7921,5329.340,33,1045,56,10000,128,3
engramdb,7922,5643.601,31,1083,56,10000,128,3
engramdb,7923,5210.515,36,1084,56,10000,128,3
engramdb,7924,5279.901,37,1096,56,10000,128,3
engramdb,7925,5268.202,36,1091,56,10000,128,3
engramdb,7926,5213.120,37,1103,56,10000,128,3
engramdb,7927,5189.837,38,1095,56,10000,128,3
engramdb,7928,5290.471,29,1087,56,10000,128,3
engramdb,7929,6210.881,33,1080,56,10000,128,3
engramdb,7930,5324.345,40,1085,56,10000,128,3
engramdb,7931,5271.547,33,1086,56,10000,128,3
engramdb,7932,5213.016,39,1099,56,10000,128,3
engramdb,7933,5131.768,36,1096,56,10000,128,3
engramdb,7934,5279.251,33,1091,56,10000,128,3
engramdb,7935,5214.813,31,1090,56,10000,128,3
engramdb,7936,5263.153,37,1074,56,10000,128,3
engramdb,7937,5201.981,40,1090,56,10000,128,3
engramdb,7938,5236.674,38,1062,56,10000,128,3
engramdb,7939,5255.902,32,1098,56,10000,128,3
engramdb,7940,9583.609,30,1100,56,10000,128,3
engramdb,7941,5227.057,31,1091,56,10000,128,3
engramdb,7942,5217.556,38,1094,56,10000,128,3
engramdb,7943,5323.315,34,1091,56,10000,128,3
engramdb,7944,5225.919,29,1091,56,10000,128,3
engramdb,7945,8301.441,37,1081,56,10000,128,3
engramdb,7946,5277.320,34,1090,56,10000,128,3
engramdb,7947,5230.980,30,1086,56,10000,128,3
engramdb,7948,5219.138,31,1052,56,10000,128,3
engramdb,7949,5132.412,34,1090,55,10000,128,3
engramdb,7950,5221.846,31,1070,56,10000,128,3
engramdb,7951,5250.448,32,1103,56,10000,128,3
engramdb,7952,5219.784,31,1104,56,10000,128,3
engramdb,7953,5251.308,32,1062,56,10000,128,3
engramdb,7954,5267.133,33,1103,56,10000,128,3
engramdb,7955,5889.027,32,1093,56,10000,128,3
engramdb,7956,6950.685,34,1098,56,10000,128,3
engramdb,7957,5267.050,35,1103,56,10000,128,3
engramdb,7958,5000.707,37,1078,56,10000,128,3
engramdb,7959,9579.033,30,1098,56,10000,128,3
engramdb,7960,5405.122,34,1076,56,10000,128,3
engramdb,7961,8599.695,40,1102,56,10000,128,3
engramdb,7962,7409.110,36,1079,56,10000,128,3
engramdb,7963,6877.503,36,1064,56,10000,128,3
engramdb,7964,4412.491,34,1079,56,10000,128,3
engramdb,7965,4194.538,33,1090,56,10000,128,3
engramdb,7966,4331.086,35,1087,56,10000,128,3
engramdb,7967,5435.857,30,1094,56,10000,128,3
engramdb,7968,4332.837,34,1095,56,10000,128,3
engramdb,7969,4378.906,36,1098,56,10000,128,3
engramdb,7970,4190.488,40,1097,56,10000,128,3
engramdb,7971,4447.940,31,1101,56,10000,128,3
engramdb,7972,4267.187,33,1093,56,10000,128,3
engramdb,7973,4494.831,33,1099,56,10000,128,3
engramdb,7974,4299.798,33,1100,56,10000,128,3
engramdb,7975,5076.398,37,1095,56,10000,128,3
engramdb,7976,4245.987,36,1094,56,10000,128,3
engramdb,7977,4399.643,32,1054,56,10000,128,3
engramdb,7978,6356.795,35,1102,56,10000,128,3
engramdb,7979,4278.981,37,1099,56,10000,128,3
engramdb,7980,4272.020,31,1101,56,10000,128,3
engramdb,7981,4413.011,35,1092,56,10000,128,3
engramdb,7982,4436.496,32,1087,56,10000,128,3
engramdb,7983,4238.721,34,1087,56,10000,128,3
engramdb,7984,4834.707,28,1100,56,10000,128,3
engramdb,7985,4484.689,34,1098,56,10000,128,3
engramdb,7986,4571.471,38,1094,56,10000,128,3
engramdb,7987,4667.937,37,1102,56,10000,128,3
engramdb,7988,4272.926,33,1063,56,10000,128,3
engramdb,7989,4245.708,32,985,56,10000,128,3
engramdb,7990,4415.374,33,1064,56,10000,128,3
engramdb,7991,5644.189,36,1095,56,10000,128,3
engramdb,7992,4476.007,32,1088,56,10000,128,3
engramdb,7993,4473.170,38,1087,56,10000,128,3
engramdb,7994,4579.749,44,1092,56,10000,128,3
engramdb,7995,4447.200,31,1096,56,10000,128,3
engramdb,7996,4559.171,33,1103,56,10000,128,3
engramdb,7997,4490.402,29,1093,56,10000,128,3
engramdb,7998,4664.160,31,1096,56,10000,128,3
engramdb,7999,4394.615,33,1048,56,10000,128,3
engramdb,8000,4404.996,34,1068,56,10000,128,3
engramdb,8001,4595.640,29,1058,56,10000,128,3
engramdb,8002,4503.615,41,1105,56,10000,128,3
engramdb,8003,4476.436,29,1077,56,10000,128,3
engramdb,8004,5694.727,33,1097,56,10000,128,3
engramdb,8005,4489.258,35,1101,56,10000,128,3
engramdb,8006,4530.610,34,1093,56,10000,128,3
engramdb,8007,4565.880,34,1092,56,10000,128,3
engramdb,8008,6009.936,30,1085,56,10000,128,3
engramdb,8009,5214.716,44,1083,56,10000,128,3
engramdb,8010,4489.701,31,1100,56,10000,128,3
engramdb,8011,4258.084,32,1071,56,10000,128,3
engramdb,8012,4440.455,32,1097,56,10000,128,3
engramdb,8013,4264.375,35,1089,56,10000,128,3
engramdb,8014,4418.458,39,1104,56,10000,128,3
engramdb,8015,4429.098,35,1100,56,10000,128,3
engramdb,8016,4254.995,30,1095,56,10000,128,3
engramdb,8017,4252.014,34,1096,56,10000,128,3
engramdb,8018,4272.375,35,1087,56,10000,128,3
engramdb,8019,14774.843,36,1092,56,10000,128,3
engramdb,8020,4417.272,34,1087,56,10000,128,3
engramdb,8021,4378.874,37,1101,56,10000,128,3
engramdb,8022,4760.697,41,1103,56,10000,128,3
engramdb,8023,6432.074,32,1097,56,10000,128,3
engramdb,8024,4372.441,31,1080,56,10000,128,3
engramdb,8025,4257.760,36,1098,56,10000,128,3
engramdb,8026,4232.262,42,1081,56,10000,128,3
engramdb,8027,4421.625,35,1061,56,10000,128,3
engramdb,8028,4242.493,32,1056,56,10000,128,3
engramdb,8029,4267.395,27,1049,56,10000,128,3
engramdb,8030,4249.996,35,1096,56,10000,128,3
engramdb,8031,4198.894,36,1076,56,10000,128,3
engramdb,8032,4498.321,37,1102,56,10000,128,3
engramdb,8033,4353.250,36,1100,56,10000,128,3
engramdb,8034,4427.036,29,1097,56,10000,128,3
engramdb,8035,4356.667,33,1092,56,10000,128,3
engramdb,8036,4369.175,29,1105,56,10000,128,3
engramdb,8037,4168.909,43,1096,56,10000,128,3
engramdb,8038,4311.585,31,1098,56,10000,128,3
engramdb,8039,4455.370,30,1100,56,10000,128,3
engramdb,8040,4534.360,30,1058,56,10000,128,3
engramdb,8041,4854.445,37,1094,56,10000,128,3
engramdb,8042,3875.255,30,1078,56,10000,128,3
engramdb,8043,6623.815,39,1096,56,10000,128,3
engramdb,8044,5387.446,33,1096,56,10000,128,3
engramdb,8045,4265.828,37,1089,56,10000,128,3
engramdb,8046,4217.272,37,1091,56,10000,128,3
engramdb,8047,4243.293,32,1085,56,10000,128,3
engramdb,8048,4813.169,35,1095,56,10000,128,3
engramdb,8049,4552.254,37,1104,56,10000,128,3
engramdb,8050,4362.952,38,1053,56,10000,128,3
engramdb,8051,6473.232,34,1052,56,10000,128,3
engramdb,8052,4300.540,33,1057,56,10000,128,3
engramdb,8053,4273.799,37,1099,56,10000,128,3
engramdb,8054,4268.032,33,1086,55,10000,128,3
engramdb,8055,4218.948,34,1085,56,10000,128,3
engramdb,8056,4200.973,35,1092,56,10000,128,3
engramdb,8057,4195.988,28,1097,56,10000,128,3
engramdb,8058,4081.933,39,1100,56,10000,128,3
engramdb,8059,4872.414,33,1094,56,10000,128,3
engramdb,8060,4107.430,30,1095,56,10000,128,3
engramdb,8061,3962.865,31,1102,56,10000,128,3
engramdb,8062,4184.492,35,1086,56,10000,128,3
engramdb,8063,3882.363,30,1081,56,10000,128,3
engramdb,8064,3654.030,37,1093,56,10000,128,3
engramdb,8065,3937.383,35,1103,56,10000,128,3
engramdb,8066,4112.184,31,1084,56,10000,128,3
engramdb,8067,4259.182,29,1095,56,10000,128,3
engramdb,8068,6010.828,39,1102,56,10000,128,3
engramdb,8069,4165.115,29,1086,56,10000,128,3
engramdb,8070,4045.366,37,1089,56,10000,128,3
engramdb,8071,4256.923,32,1090,56,10000,128,3
engramdb,8072,4035.553,29,1103,56,10000,128,3
engramdb,8073,4043.304,39,1101,56,10000,128,3
engramdb,8074,4545.628,35,1092,56,10000,128,3
engramdb,8075,5053.229,34,1103,56,10000,128,3
engramdb,8076,4701.356,34,1103,56,10000,128,3
engramdb,8077,3977.012,36,1088,56,10000,128,3
engramdb,8078,3886.534,38,1096,56,10000,128,3
engramdb,8079,5667.500,35,1067,56,10000,128,3
engramdb,8080,4234.381,29,1092,56,10000,128,3
engramdb,8081,8375.607,34,1097,56,10000,128,3
engramdb,8082,4236.031,36,1059,56,10000,128,3
engramdb,8083,4124.518,35,1093,56,10000,128,3
engramdb,8084,4404.815,38,1091,56,10000,128,3
engramdb,8085,4149.948,31,1090,56,10000,128,3
engramdb,8086,4186.441,36,1099,56,10000,128,3
engramdb,8087,4162.852,31,1053,56,10000,128,3
engramdb,8088,4113.015,36,1104,56,10000,128,3
engramdb,8089,4140.054,39,1103,56,10000,128,3
engramdb,8090,4145.429,32,1072,56,10000,128,3
engramdb,8091,4043.942,34,1065,56,10000,128,3
engramdb,8092,7362.470,33,1101,56,10000,128,3
engramdb,8093,4129.789,33,1018,56,10000,128,3
engramdb,8094,4113.806,39,1093,56,10000,128,3
engramdb,8095,4222.923,34,1089,56,10000,128,3
engramdb,8096,6664.321,38,1105,56,10000,128,3
engramdb,8097,4209.698,32,1105,56,10000,128,3
engramdb,8098,4120.818,36,1076,56,10000,128,3
engramdb,8099,4171.789,35,1098,56,10000,128,3
engramdb,8100,3865.843,34,1105,56,10000,128,3
engramdb,8101,4098.242,39,1092,56,10000,128,3
engramdb,8102,4141.381,42,1092,56,10000,128,3
engramdb,8103,3978.590,34,1090,56,10000,128,3
engramdb,8104,4018.497,36,1093,56,10000,128,3
engramdb,8105,4063.649,35,1097,56,10000,128,3
engramdb,8106,3848.796,39,1096,56,10000,128,3
engramdb,8107,4698.662,37,1089,56,10000,128,3
engramdb,8108,4376.653,32,1071,56,10000,128,3
engramdb,8109,4146.843,34,1079,56,10000,128,3
engramdb,8110,4263.210,40,1054,56,10000,128,3
engramdb,8111,4113.453,29,1090,56,10000,128,3
engramdb,8112,4166.744,34,1096,56,10000,128,3
engramdb,8113,4215.153,32,1062,56,10000,128,3
engramdb,8114,4226.986,34,1090,56,10000,128,3
engramdb,8115,4216.224,32,1099,56,10000,128,3
engramdb,8116,4223.593,32,1083,56,10000,128,3
engramdb,8117,3973.442,32,1077,56,10000,128,3
engramdb,8118,4189.370,31,1068,56,10000,128,3
engramdb,8119,3964.341,37,1101,56,10000,128,3
engramdb,8120,5464.535,37,1077,56,10000,128,3
engramdb,8121,3845.433,31,1090,56,10000,128,3
engramdb,8122,4251.606,40,1104,56,10000,128,3
engramdb,8123,4273.360,38,1079,56,10000,128,3
engramdb,8124,4461.297,29,1077,56,10000,128,3
engramdb,8125,4225.305,42,1087,56,10000,128,3
engramdb,8126,4463.450,34,1108,56,10000,128,3
engramdb,8127,4374.040,38,1091,56,10000,128,3
engramdb,8128,4207.755,32,1093,56,10000,128,3
engramdb,8129,4227.072,34,1101,56,10000,128,3
engramdb,8130,4232.428,31,1099,56,10000,128,3
engramdb,8131,4218.130,27,1098,56,10000,128,3
engramdb,8132,4102.423,31,1047,56,10000,128,3
engramdb,8133,4186.371,39,1080,56,10000,128,3
engramdb,8134,4209.758,41,1094,56,10000,128,3
engramdb,8135,3759.223,29,1092,56,10000,128,3
engramdb,8136,4189.612,33,1094,56,10000,128,3
engramdb,8137,4199.327,36,1076,56,10000,128,3
engramdb,8138,4220.269,41,1078,56,10000,128,3
engramdb,8139,4160.403,36,1097,56,10000,128,3
engramdb,8140,4145.566,38,1094,56,10000,128,3
engramdb,8141,4181.065,39,1096,56,10000,128,3
engramdb,8142,4220.196,31,1087,56,10000,128,3
engramdb,8143,4060.241,30,1096,56,10000,128,3
engramdb,8144,4057.831,32,1087,56,10000,128,3
engramdb,8145,4229.733,36,1079,56,10000,128,3
engramdb,8146,4207.944,37,1102,56,10000,128,3
engramdb,8147,4177.466,35,1101,56,10000,128,3
engramdb,8148,4079.079,31,1100,56,10000,128,3
engramdb,8149,3790.054,38,1078,56,10000,128,3
engramdb,8150,3984.700,38,1091,56,10000,128,3
engramdb,8151,4039.837,31,1099,56,10000,128,3
engramdb,8152,4081.251,33,1088,56,10000,128,3
engramdb,8153,4054.776,43,1085,56,10000,128,3
engramdb,8154,4089.689,35,1102,56,10000,128,3
engramdb,8155,11364.679,31,1077,56,10000,128,3
engramdb,8156,5067.686,33,1084,56,10000,128,3
engramdb,8157,4223.663,27,1085,56,10000,128,3
engramdb,8158,4238.198,42,1097,56,10000,128,3
engramdb,8159,4220.503,38,1099,56,10000,128,3
engramdb,8160,4216.272,34,1097,56,10000,128,3
engramdb,8161,4259.678,32,1097,56,10000,128,3
engramdb,8162,4241.324,36,1101,56,10000,128,3
engramdb,8163,4152.902,33,1063,56,10000,128,3
engramdb,8164,4215.171,39,1089,56,10000,128,3
engramdb,8165,4174.241,36,1092,56,10000,128,3
engramdb,8166,4198.828,39,1102,56,10000,128,3
engramdb,8167,4226.311,30,1104,56,10000,128,3
engramdb,8168,4238.180,38,1103,56,10000,128,3
engramdb,8169,4216.755,38,1075,56,10000,128,3
engramdb,8170,4083.215,33,1102,56,10000,128,3
engramdb,8171,4002.536,38,1095,56,10000,128,3
engramdb,8172,4019.233,38,1082,56,10000,128,3
engramdb,8173,4067.494,30,1085,56,10000,128,3
engramdb,8174,4464.868,34,1069,56,10000,128,3
engramdb,8175,4068.549,31,1066,56,10000,128,3
engramdb,8176,4122.517,33,1099,56,10000,128,3
engramdb,8177,4046.545,41,1094,56,10000,128,3
engramdb,8178,4034.749,34,1099,56,10000,128,3
engramdb,8179,4037.654,34,1088,56,10000,128,3
engramdb,8180,4049.789,38,1105,56,10000,128,3
engramdb,8181,4074.541,33,1086,56,10000,128,3
engramdb,8182,4180.794,36,1102,56,10000,128,3
engramdb,8183,4153.160,37,1099,56,10000,128,3
engramdb,8184,4126.224,33,1098,56,10000,128,3
engramdb,8185,4044.418,34,1099,56,10000,128,3
engramdb,8186,4072.262,37,1096,56,10000,128,3
engramdb,8187,4047.941,31,1100,56,10000,128,3
engramdb,8188,5932.702,27,1090,56,10000,128,3
engramdb,8189,4291.505,37,1096,56,10000,128,3
engramdb,8190,4166.648,35,1080,56,10000,128,3
engramdb,8191,4189.106,35,1063,56,10000,128,3
engramdb,8192,4111.990,34,1091,56,10000,128,3
engramdb,8193,4070.317,34,1088,56,10000,128,3
engramdb,8194,4087.562,33,1096,56,10000,128,3
engramdb,8195,4097.251,34,1076,56,10000,128,3
engramdb,8196,4128.202,39,1095,56,10000,128,3
engramdb,8197,4101.608,38,1101,56,10000,128,3
engramdb,8198,4112.973,33,1091,56,10000,128,3
engramdb,8199,4299.364,36,1086,56,10000,128,3
engramdb,8200,10371.145,34,1073,56,10000,128,3
engramdb,8201,4220.446,37,1086,56,10000,128,3
engramdb,8202,4224.645,36,1100,56,10000,128,3
engramdb,8203,4188.532,36,1075,56,10000,128,3
engramdb,8204,4222.076,33,1094,56,10000,128,3
engramdb,8205,4175.287,38,1102,56,10000,128,3
engramdb,8206,4199.458,36,1103,56,10000,128,3
engramdb,8207,4180.276,35,1094,56,10000,128,3
engramdb,8208,4178.121,24,1101,56,10000,128,3
engramdb,8209,4202.122,36,1096,56,10000,128,3
engramdb,8210,4230.974,37,1077,56,10000,128,3
engramdb,8211,4318.450,34,1088,56,10000,128,3
engramdb,8212,4250.384,29,1024,56,10000,128,3
engramdb,8213,4216.742,35,1088,56,10000,128,3
engramdb,8214,4177.159,38,1090,56,10000,128,3
engramdb,8215,4171.173,35,1090,56,10000,128,3
engramdb,8216,4168.972,35,1085,56,10000,128,3
engramdb,8217,4277.860,36,1095,56,10000,128,3
engramdb,8218,4261.721,36,1098,56,10000,128,3
engramdb,8219,4216.210,34,1090,56,10000,128,3
engramdb,8220,4230.972,34,1079,56,10000,128,3
engramdb,8221,4219.200,35,1085,56,10000,128,3
engramdb,8222,4217.408,34,1081,56,10000,128,3
engramdb,8223,4229.985,35,1094,56,10000,128,3
engramdb,8224,4225.841,31,1093,56,10000,128,3
engramdb,8225,4336.184,36,1096,56,10000,128,3
engramdb,8226,4132.023,33,1087,56,10000,128,3
engramdb,8227,4099.372,34,1085,56,10000,128,3
engramdb,8228,4119.145,37,1106,56,10000,128,3
engramdb,8229,4327.338,43,1096,56,10000,128,3
engramdb,8230,4213.497,36,1102,56,10000,128,3
engramdb,8231,4237.912,35,1077,56,10000,128,3
engramdb,8232,4226.467,30,1092,56,10000,128,3
engramdb,8233,4261.166,42,1096,56,10000,128,3
engramdb,8234,4585.984,34,1094,56,10000,128,3
engramdb,8235,4856.937,38,1085,56,10000,128,3
engramdb,8236,5064.554,33,1082,56,10000,128,3
engramdb,8237,4057.348,35,1098,56,10000,128,3
engramdb,8238,4015.953,34,1093,56,10000,128,3
engramdb,8239,4015.612,33,1062,56,10000,128,3
engramdb,8240,3869.705,41,1082,54,10000,128,3
engramdb,8241,4062.545,40,1092,56,10000,128,3
engramdb,8242,4026.861,39,1077,56,10000,128,3
engramdb,8243,4006.623,31,1089,56,10000,128,3
engramdb,8244,5801.813,35,1098,56,10000,128,3
engramdb,8245,4188.537,30,1104,56,10000,128,3
engramdb,8246,4102.107,39,1095,56,10000,128,3
engramdb,8247,4078.519,33,1093,56,10000,128,3
engramdb,8248,4326.816,37,1095,56,10000,128,3
engramdb,8249,4231.140,32,1090,56,10000,128,3
engramdb,8250,4248.138,31,1079,56,10000,128,3
engramdb,8251,4405.008,30,1101,56,10000,128,3
engramdb,8252,5493.007,29,1059,56,10000,128,3
engramdb,8253,7447.230,40,1091,56,10000,128,3
engramdb,8254,5535.844,37,1098,55,10000,128,3
engramdb,8255,4102.639,33,1097,55,10000,128,3
engramdb,8256,4119.179,34,1089,56,10000,128,3
engramdb,8257,3936.035,32,1099,56,10000,128,3
engramdb,8258,4222.758,34,1086,56,10000,128,3
engramdb,8259,4031.348,39,1103,56,10000,128,3
engramdb,8260,4052.773,36,1093,56,10000,128,3
engramdb,8261,4269.745,41,1093,56,10000,128,3
engramdb,8262,4473.106,37,1091,56,10000,128,3
engramdb,8263,4259.987,30,1103,56,10000,128,3
engramdb,8264,4262.291,36,1100,56,10000,128,3
engramdb,8265,4204.058,42,1095,56,10000,128,3
engramdb,8266,4264.887,36,1091,56,10000,128,3
engramdb,8267,4227.917,36,1092,56,10000,128,3
engramdb,8268,6112.260,38,1083,56,10000,128,3
engramdb,8269,4259.501,35,1104,56,10000,128,3
engramdb,8270,4138.958,34,1090,56,10000,128,3
engramdb,8271,4225.522,27,1092,56,10000,128,3
engramdb,8272,4197.286,41,1100,56,10000,128,3
engramdb,8273,4177.478,34,1101,56,10000,128,3
engramdb,8274,4236.441,34,1085,56,10000,128,3
engramdb,8275,4241.279,32,1102,56,10000,128,3
engramdb,8276,4672.628,37,1096,56,10000,128,3
engramdb,8277,5957.475,38,1096,56,10000,128,3
engramdb,8278,4288.639,43,1099,56,10000,128,3
engramdb,8279,4294.893,31,1068,56,10000,128,3
engramdb,8280,4218.151,37,1091,56,10000,128,3
engramdb,8281,5252.305,37,1083,56,10000,128,3
engramdb,8282,4115.900,32,1088,56,10000,128,3
engramdb,8283,4385.183,26,1088,56,10000,128,3
engramdb,8284,4135.575,33,1096,56,10000,128,3
engramdb,8285,4249.210,37,1092,56,10000,128,3
engramdb,8286,5409.566,37,1095,56,10000,128,3
engramdb,8287,4174.732,37,1099,56,10000,128,3
engramdb,8288,4064.444,37,1101,56,10000,128,3
engramdb,8289,4088.137,36,1072,56,10000,128,3
engramdb,8290,4057.366,36,1102,56,10000,128,3
engramdb,8291,3996.885,40,1106,55,10000,128,3
engramdb,8292,4086.006,28,1069,56,10000,128,3
engramdb,8293,4091.984,39,1044,56,10000,128,3
engramdb,8294,4025.736,27,1088,55,10000,128,3
engramdb,8295,6796.359,33,1096,56,10000,128,3
engramdb,8296,4060.988,30,1101,56,10000,128,3
engramdb,8297,4035.844,36,1098,56,10000,128,3
engramdb,8298,4070.499,38,1098,56,10000,128,3
engramdb,8299,4072.750,37,1091,56,10000,128,3
engramdb,8300,3192.347,31,1089,56,10000,128,3
engramdb,8301,4100.740,37,1100,56,10000,128,3
engramdb,8302,6813.621,40,1093,56,10000,128,3
engramdb,8303,4443.261,39,1102,56,10000,128,3
engramdb,8304,4600.524,37,1082,56,10000,128,3
engramdb,8305,4709.932,39,1077,56,10000,128,3
engramdb,8306,5603.952,33,1093,56,10000,128,3
engramdb,8307,4495.985,31,1101,56,10000,128,3
engramdb,8308,4562.270,33,1097,56,10000,128,3
engramdb,8309,4222.484,38,1100,56,10000,128,3
engramdb,8310,4207.707,35,1096,56,10000,128,3
engramdb,8311,4234.601,31,1100,56,10000,128,3
engramdb,8312,3785.471,32,1074,56,10000,128,3
engramdb,8313,4179.511,37,1063,56,10000,128,3
engramdb,8314,4568.381,32,1097,56,10000,128,3
engramdb,8315,4533.594,41,1099,56,10000,128,3
engramdb,8316,4489.195,29,1099,56,10000,128,3
engramdb,8317,4486.994,35,1078,56,10000,128,3
engramdb,8318,4511.946,40,1075,56,10000,128,3
engramdb,8319,4447.548,34,1094,56,10000,128,3
engramdb,8320,4501.123,35,1091,56,10000,128,3
engramdb,8321,4478.620,40,1093,56,10000,128,3
engramdb,8322,4484.360,32,1097,56,10000,128,3
engramdb,8323,4477.173,34,1079,56,10000,128,3
engramdb,8324,4538.130,37,1081,56,10000,128,3
engramdb,8325,4522.599,33,1100,56,10000,128,3
engramdb,8326,4543.354,37,1102,56,10000,128,3
engramdb,8327,4532.163,35,1097,56,10000,128,3
engramdb,8328,5894.857,31,1103,56,10000,128,3
engramdb,8329,4520.992,38,1099,56,10000,128,3
engramdb,8330,4512.749,31,1062,56,10000,128,3
engramdb,8331,4562.863,37,1103,56,10000,128,3
engramdb,8332,5312.007,31,1077,56,10000,128,3
engramdb,8333,4982.500,32,1093,56,10000,128,3
engramdb,8334,8099.493,34,1086,56,10000,128,3
engramdb,8335,4527.020,35,1094,56,10000,128,3
engramdb,8336,4542.599,41,1093,56,10000,128,3
engramdb,8337,4510.430,44,1093,56,10000,128,3
engramdb,8338,4496.218,38,1092,56,10000,128,3
engramdb,8339,4500.985,36,1088,56,10000,128,3
engramdb,8340,4722.706,34,1080,56,10000,128,3
engramdb,8341,4693.337,35,1074,56,10000,128,3
engramdb,8342,4506.147,36,1101,56,10000,128,3
engramdb,8343,4473.611,30,1065,56,10000,128,3
engramdb,8344,4460.537,31,1082,55,10000,128,3
engramdb,8345,4794.767,41,1095,56,10000,128,3
engramdb,8346,6054.806,38,1098,56,10000,128,3
engramdb,8347,4532.254,35,1101,56,10000,128,3
engramdb,8348,4507.742,39,1100,56,10000,128,3
engramdb,8349,4535.550,40,1100,56,10000,128,3
engramdb,8350,4474.042,42,1106,56,10000,128,3
engramdb,8351,4445.151,29,1070,56,10000,128,3
engramdb,8352,4484.615,30,1090,56,10000,128,3
engramdb,8353,4507.720,39,1095,56,10000,128,3
engramdb,8354,4487.043,42,1097,56,10000,128,3
engramdb,8355,4554.799,32,1093,56,10000,128,3
engramdb,8356,5240.464,35,1082,56,10000,128,3
engramdb,8357,5479.505,39,1090,56,10000,128,3
engramdb,8358,4523.443,32,1089,56,10000,128,3
engramdb,8359,4553.988,35,1090,56,10000,128,3
engramdb,8360,4117.311,34,1095,56,10000,128,3
engramdb,8361,4077.568,36,1099,56,10000,128,3
engramdb,8362,4553.457,40,1097,56,10000,128,3
engramdb,8363,4242.662,33,1071,56,10000,128,3
engramdb,8364,4524.104,35,1099,56,10000,128,3
engramdb,8365,4563.440,43,1089,56,10000,128,3
engramdb,8366,4675.942,34,1103,56,10000,128,3
engramdb,8367,4555.459,34,1098,56,10000,128,3
engramdb,8368,4626.410,32,1103,56,10000,128,3
engramdb,8369,4503.975,36,1101,56,10000,128,3
engramdb,8370,4507.111,37,1094,56,10000,128,3
engramdb,8371,4577.196,33,1058,56,10000,128,3
engramdb,8372,4322.357,39,1100,56,10000,128,3
engramdb,8373,4270.603,30,1097,56,10000,128,3
engramdb,8374,4235.222,38,1098,56,10000,128,3
engramdb,8375,4282.553,37,1094,56,10000,128,3
engramdb,8376,4449.478,33,1105,56,10000,128,3
engramdb,8377,4269.256,34,1094,56,10000,128,3
engramdb,8378,4267.692,35,1092,56,10000,128,3
engramdb,8379,4224.458,36,1096,56,10000,128,3
engramdb,8380,4241.675,41,1090,56,10000,128,3
engramdb,8381,4275.287,35,1074,56,10000,128,3
engramdb,8382,4146.037,37,1071,56,10000,128,3
engramdb,8383,4177.773,27,1069,56,10000,128,3
engramdb,8384,4232.196,35,1094,56,10000,128,3
engramdb,8385,4199.088,35,1091,56,10000,128,3
engramdb,8386,4241.536,33,1097,56,10000,128,3
engramdb,8387,9105.048,34,1099,56,10000,128,3
engramdb,8388,4214.950,38,1091,56,10000,128,3
engramdb,8389,4286.346,30,1096,56,10000,128,3
engramdb,8390,4226.379,31,1097,56,10000,128,3
engramdb,8391,4156.256,36,1099,56,10000,128,3
engramdb,8392,4159.079,39,1091,56,10000,128,3
engramdb,8393,4130.399,40,1105,56,10000,128,3
engramdb,8394,4038.642,32,1093,56,10000,128,3
engramdb,8395,4024.237,34,1094,56,10000,128,3
engramdb,8396,5336.973,36,1095,56,10000,128,3
engramdb,8397,4106.311,40,1089,56,10000,128,3
engramdb,8398,4256.518,36,1100,56,10000,128,3
engramdb,8399,4196.983,35,1098,56,10000,128,3
engramdb,8400,5786.315,37,1074,56,10000,128,3
engramdb,8401,4177.231,36,1096,56,10000,128,3
engramdb,8402,4111.883,29,1081,56,10000,128,3
engramdb,8403,6354.576,43,1091,56,10000,128,3
engramdb,8404,4162.478,32,1097,56,10000,128,3
engramdb,8405,4055.087,37,1097,56,10000,128,3
engramdb,8406,4209.544,39,1094,56,10000,128,3
engramdb,8407,4317.830,33,1102,56,10000,128,3
engramdb,8408,4389.256,35,1103,56,10000,128,3
engramdb,8409,4368.880,35,1084,56,10000,128,3
engramdb,8410,4324.214,35,1081,56,10000,128,3
engramdb,8411,4986.864,34,1081,56,10000,128,3
engramdb,8412,4637.442,38,1101,56,10000,128,3
engramdb,8413,4285.981,37,1100,56,10000,128,3
engramdb,8414,9666.683,34,1073,56,10000,128,3
engramdb,8415,5986.175,31,1096,56,10000,128,3
engramdb,8416,4399.702,35,1084,56,10000,128,3
engramdb,8417,4368.299,34,1094,56,10000,128,3
engramdb,8418,4388.125,34,1097,56,10000,128,3
engramdb,8419,4368.277,38,1082,56,10000,128,3
engramdb,8420,4388.524,30,1105,56,10000,128,3
engramdb,8421,4517.168,39,1091,56,10000,128,3
engramdb,8422,4116.089,33,1071,56,10000,128,3
engramdb,8423,4181.169,35,1091,56,10000,128,3
engramdb,8424,4166.193,37,1089,56,10000,128,3
engramdb,8425,4114.312,44,1101,56,10000,128,3
engramdb,8426,4062.454,36,1092,56,10000,128,3
engramdb,8427,4109.004,37,1099,56,10000,128,3
engramdb,8428,4200.199,32,1097,56,10000,128,3
engramdb,8429,5244.729,33,1083,56,10000,128,3
engramdb,8430,4120.738,39,1103,56,10000,128,3
engramdb,8431,4042.479,38,1103,56,10000,128,3
engramdb,8432,4182.784,39,1105,56,10000,128,3
engramdb,8433,4028.798,33,1095,56,10000,128,3
engramdb,8434,4145.160,35,1082,56,10000,128,3
engramdb,8435,4211.701,26,1101,56,10000,128,3
engramdb,8436,4170.252,41,1079,56,10000,128,3
engramdb,8437,4218.503,39,1107,56,10000,128,3
engramdb,8438,4251.912,34,1084,56,10000,128,3
engramdb,8439,4146.023,34,1098,56,10000,128,3
engramdb,8440,4463.401,35,1092,56,10000,128,3
engramdb,8441,4129.667,36,1071,56,10000,128,3
engramdb,8442,4083.520,39,1083,56,10000,128,3
engramdb,8443,4245.557,33,1077,56,10000,128,3
engramdb,8444,4204.226,31,1064,56,10000,128,3
engramdb,8445,4203.166,33,1078,56,10000,128,3
engramdb,8446,4219.249,36,1084,56,10000,128,3
engramdb,8447,4248.960,34,1084,56,10000,128,3
engramdb,8448,4130.178,27,1072,56,10000,128,3
engramdb,8449,4743.986,41,1093,56,10000,128,3
engramdb,8450,4074.125,35,1090,56,10000,128,3
engramdb,8451,4281.316,38,1080,56,10000,128,3
engramdb,8452,6710.141,33,1073,56,10000,128,3
engramdb,8453,4007.530,36,1082,56,10000,128,3
engramdb,8454,4303.382,36,1074,56,10000,128,3
engramdb,8455,4130.842,39,1090,56,10000,128,3
engramdb,8456,4161.199,39,1108,56,10000,128,3
engramdb,8457,4165.986,33,1094,56,10000,128,3
engramdb,8458,4222.410,43,1099,56,10000,128,3
engramdb,8459,4219.274,32,1100,56,10000,128,3
engramdb,8460,4219.771,33,1099,56,10000,128,3
engramdb,8461,4259.262,35,1093,56,10000,128,3
engramdb,8462,4194.869,40,1099,56,10000,128,3
engramdb,8463,4125.236,30,1067,56,10000,128,3
engramdb,8464,4246.161,40,1045,56,10000,128,3
engramdb,8465,4751.783,35,1091,56,10000,128,3
engramdb,8466,5018.858,33,1103,56,10000,128,3
engramdb,8467,4268.214,32,1100,56,10000,128,3
engramdb,8468,4032.740,38,1073,56,10000,128,3
engramdb,8469,4398.135,33,1054,56,10000,128,3
engramdb,8470,4423.505,37,1090,56,10000,128,3
engramdb,8471,4332.263,30,1098,56,10000,128,3
engramdb,8472,4182.767,35,1089,56,10000,128,3
engramdb,8473,4258.500,37,1052,56,10000,128,3
engramdb,8474,4232.424,34,1087,56,10000,128,3
engramdb,8475,5022.878,38,1100,56,10000,128,3
engramdb,8476,4329.974,37,1105,56,10000,128,3
engramdb,8477,4109.532,38,1104,56,10000,128,3
engramdb,8478,4207.578,37,1096,56,10000,128,3
engramdb,8479,4212.284,32,1078,56,10000,128,3
engramdb,8480,4070.075,34,1096,56,10000,128,3
engramdb,8481,5082.555,34,1077,56,10000,128,3
engramdb,8482,4310.965,34,1100,56,10000,128,3
engramdb,8483,3994.758,38,1091,56,10000,128,3
engramdb,8484,8922.660,32,1079,56,10000,128,3
engramdb,8485,5384.309,36,1089,56,10000,128,3
engramdb,8486,3962.705,35,1099,56,10000,128,3
engramdb,8487,4078.839,34,1098,56,10000,128,3
engramdb,8488,4330.223,37,1098,56,10000,128,3
engramdb,8489,4176.155,35,1091,56,10000,128,3
engramdb,8490,4071.821,31,1054,56,10000,128,3
engramdb,8491,4208.272,31,1086,56,10000,128,3
engramdb,8492,4110.836,33,1058,56,10000,128,3
engramdb,8493,4198.506,37,1099,56,10000,128,3
engramdb,8494,4113.364,36,1098,56,10000,128,3
engramdb,8495,7834.941,30,1094,56,10000,128,3
engramdb,8496,4306.247,36,1068,56,10000,128,3
engramdb,8497,4095.792,40,1102,56,10000,128,3
engramdb,8498,4131.867,41,1094,56,10000,128,3
engramdb,8499,4247.520,30,1098,56,10000,128,3
engramdb,8500,4128.916,39,1085,56,10000,128,3
engramdb,8501,5150.913,42,1097,56,10000,128,3
engramdb,8502,4209.338,36,1080,56,10000,128,3
engramdb,8503,4053.085,34,1095,56,10000,128,3
engramdb,8504,4165.356,34,1068,56,10000,128,3
engramdb,8505,7051.717,34,1092,56,10000,128,3
engramdb,8506,4192.211,38,1064,56,10000,128,3
engramdb,8507,4147.747,42,1086,56,10000,128,3
engramdb,8508,4192.092,36,1097,56,10000,128,3
engramdb,8509,6532.561,35,1101,56,10000,128,3
engramdb,8510,4095.756,34,1088,56,10000,128,3
engramdb,8511,4187.612,34,1102,56,10000,128,3
engramdb,8512,4096.988,33,1091,56,10000,128,3
engramdb,8513,4132.133,40,1103,56,10000,128,3
engramdb,8514,4088.360,31,1095,56,10000,128,3
engramdb,8515,4092.368,37,1088,56,10000,128,3
engramdb,8516,3911.896,35,1098,56,10000,128,3
engramdb,8517,3949.150,35,1104,56,10000,128,3
engramdb,8518,3931.818,27,1082,56,10000,128,3
engramdb,8519,3896.043,35,1100,56,10000,128,3
engramdb,8520,3942.791,36,1071,56,10000,128,3
engramdb,8521,3904.070,35,1101,56,10000,128,3
engramdb,8522,3928.044,37,1098,56,10000,128,3
engramdb,8523,3939.886,30,1087,56,10000,128,3
engramdb,8524,3870.607,39,1107,56,10000,128,3
engramdb,8525,3944.643,39,1079,56,10000,128,3
engramdb,8526,3947.163,35,1096,56,10000,128,3
engramdb,8527,3924.881,30,1104,56,10000,128,3
engramdb,8528,3908.719,38,1102,56,10000,128,3
engramdb,8529,3900.645,37,1084,56,10000,128,3
engramdb,8530,3953.551,34,1101,56,10000,128,3
engramdb,8531,3914.236,38,1072,56,10000,128,3
engramdb,8532,3927.544,35,1056,56,10000,128,3
engramdb,8533,6223.878,37,1100,56,10000,128,3
engramdb,8534,4013.095,30,1098,56,10000,128,3
engramdb,8535,3911.231,29,1089,56,10000,128,3
engramdb,8536,3784.347,32,1101,56,10000,128,3
engramdb,8537,3753.054,39,1093,56,10000,128,3
engramdb,8538,3761.068,31,1090,56,10000,128,3
engramdb,8539,3802.266,36,1084,56,10000,128,3
engramdb,8540,3811.030,43,1102,56,10000,128,3
engramdb,8541,3816.229,32,1102,56,10000,128,3
engramdb,8542,3789.700,33,1082,56,10000,128,3
engramdb,8543,3771.664,35,1047,56,10000,128,3
engramdb,8544,3726.463,35,1085,56,10000,128,3
engramdb,8545,3769.203,35,1085,56,10000,128,3
engramdb,8546,3862.931,33,1085,56,10000,128,3
engramdb,8547,4041.840,33,1101,56,10000,128,3
engramdb,8548,4194.859,30,1100,56,10000,128,3
engramdb,8549,3951.589,33,1085,56,10000,128,3
engramdb,8550,3944.435,37,1090,56,10000,128,3
engramdb,8551,6238.872,26,1086,56,10000,128,3
engramdb,8552,4021.797,39,1102,56,10000,128,3
engramdb,8553,4034.760,37,1097,56,10000,128,3
engramdb,8554,3801.958,31,1084,56,10000,128,3
engramdb,8555,4283.852,40,1088,56,10000,128,3
engramdb,8556,4168.600,30,1088,56,10000,128,3
engramdb,8557,4187.532,36,1100,56,10000,128,3
engramdb,8558,4351.860,35,1084,56,10000,128,3
engramdb,8559,4094.642,38,1091,56,10000,128,3
engramdb,8560,6058.703,32,1093,56,10000,128,3
engramdb,8561,4161.476,35,1085,56,10000,128,3
engramdb,8562,4176.802,36,1085,56,10000,128,3
engramdb,8563,4098.213,36,1079,56,10000,128,3
engramdb,8564,3875.542,36,1101,56,10000,128,3
engramdb,8565,3934.669,37,1093,56,10000,128,3
engramdb,8566,3962.141,30,1094,56,10000,128,3
engramdb,8567,4286.232,29,1096,56,10000,128,3
engramdb,8568,4311.148,29,1106,56,10000,128,3
engramdb,8569,4240.904,34,1093,56,10000,128,3
engramdb,8570,4182.066,35,1092,56,10000,128,3
engramdb,8571,4051.947,37,1073,56,10000,128,3
engramdb,8572,4292.645,28,1096,56,10000,128,3
engramdb,8573,5892.210,28,1066,56,10000,128,3
engramdb,8574,4436.385,38,1087,56,10000,128,3
engramdb,8575,4220.668,33,1097,56,10000,128,3
engramdb,8576,4172.989,37,1097,56,10000,128,3
engramdb,8577,4210.071,34,1098,56,10000,128,3
engramdb,8578,4248.057,34,1101,56,10000,128,3
engramdb,8579,4214.914,28,1094,56,10000,128,3
engramdb,8580,4462.259,32,1106,56,10000,128,3
engramdb,8581,4173.891,38,1048,56,10000,128,3
engramdb,8582,4084.518,33,1066,56,10000,128,3
engramdb,8583,5988.774,36,1051,55,10000,128,3
engramdb,8584,4145.197,32,1056,56,10000,128,3
engramdb,8585,5761.496,36,1059,55,10000,128,3
engramdb,8586,4229.736,33,1090,56,10000,128,3
engramdb,8587,4157.235,36,1092,56,10000,128,3
engramdb,8588,4203.545,32,1090,56,10000,128,3
engramdb,8589,4152.668,41,1093,56,10000,128,3
engramdb,8590,4186.317,38,1095,56,10000,128,3
engramdb,8591,4163.061,36,1085,56,10000,128,3
engramdb,8592,4199.146,37,1087,56,10000,128,3
engramdb,8593,4205.869,35,1066,56,10000,128,3
engramdb,8594,4217.324,31,1104,56,10000,128,3
engramdb,8595,4165.717,37,1089,56,10000,128,3
engramdb,8596,4230.883,38,1085,56,10000,128,3
engramdb,8597,4214.229,35,1099,56,10000,128,3
engramdb,8598,4231.712,34,1092,56,10000,128,3
engramdb,8599,4168.685,36,1096,56,10000,128,3
engramdb,8600,4173.702,37,1089,56,10000,128,3
engramdb,8601,3996.677,39,1095,56,10000,128,3
engramdb,8602,3980.931,34,1096,56,10000,128,3
engramdb,8603,4160.850,37,1105,56,10000,128,3
engramdb,8604,3944.386,36,1088,56,10000,128,3
engramdb,8605,3910.843,36,1081,56,10000,128,3
engramdb,8606,4190.246,41,1101,56,10000,128,3
engramdb,8607,4197.288,34,1103,56,10000,128,3
engramdb,8608,4206.343,39,1065,56,10000,128,3
engramdb,8609,5689.136,41,1081,56,10000,128,3
engramdb,8610,4270.810,34,1092,56,10000,128,3
engramdb,8611,4158.861,31,1104,56,10000,128,3
engramdb,8612,4184.732,34,1084,56,10000,128,3
engramdb,8613,4047.087,34,1061,56,10000,128,3
engramdb,8614,4010.939,38,1101,56,10000,128,3
engramdb,8615,4207.306,33,1101,56,10000,128,3
engramdb,8616,4189.285,35,1094,56,10000,128,3
engramdb,8617,4168.089,39,1100,56,10000,128,3
engramdb,8618,4161.263,32,1099,56,10000,128,3
engramdb,8619,4188.576,38,1095,56,10000,128,3
engramdb,8620,4161.985,35,1096,56,10000,128,3
engramdb,8621,4174.344,33,1100,56,10000,128,3
engramdb,8622,4086.682,36,1091,56,10000,128,3
engramdb,8623,4177.090,31,1091,56,10000,128,3
engramdb,8624,4145.482,30,1049,56,10000,128,3
engramdb,8625,4164.532,33,1078,56,10000,128,3
engramdb,8626,4263.196,33,1107,56,10000,128,3
engramdb,8627,8395.777,33,1098,56,10000,128,3
engramdb,8628,4159.722,34,1092,56,10000,128,3
engramdb,8629,3972.476,29,1066,56,10000,128,3
engramdb,8630,3945.139,36,1095,56,10000,128,3
engramdb,8631,4036.677,29,1098,56,10000,128,3
engramdb,8632,4186.673,39,1080,56,10000,128,3
engramdb,8633,4040.497,35,1075,56,10000,128,3
engramdb,8634,4134.653,37,1102,56,10000,128,3
engramdb,8635,4219.664,31,1097,56,10000,128,3
engramdb,8636,8719.118,32,1104,56,10000,128,3
engramdb,8637,6350.461,39,1087,56,10000,128,3
engramdb,8638,4373.875,35,1089,56,10000,128,3
engramdb,8639,4217.781,35,1087,56,10000,128,3
engramdb,8640,4217.456,38,1088,56,10000,128,3
engramdb,8641,4133.364,38,1098,56,10000,128,3
engramdb,8642,4065.482,34,1095,56,10000,128,3
engramdb,8643,4076.167,35,1104,56,10000,128,3
engramdb,8644,4032.122,34,1101,56,10000,128,3
engramdb,8645,4080.661,34,1098,56,10000,128,3
engramdb,8646,4100.038,38,1066,56,10000,128,3
engramdb,8647,4096.219,37,1083,56,10000,128,3
engramdb,8648,4211.468,36,1083,56,10000,128,3
engramdb,8649,4043.499,31,1060,56,10000,128,3
engramdb,8650,4103.352,36,1085,56,10000,128,3
engramdb,8651,8986.367,31,1084,56,10000,128,3
engramdb,8652,4159.769,38,1072,56,10000,128,3
engramdb,8653,4210.868,33,1086,56,10000,128,3
engramdb,8654,4033.838,35,1098,56,10000,128,3
engramdb,8655,4169.165,30,1093,56,10000,128,3
engramdb,8656,4062.566,41,1087,56,10000,128,3
engramdb,8657,4169.195,31,1096,56,10000,128,3
engramdb,8658,4173.450,37,1097,56,10000,128,3
engramdb,8659,4220.669,31,1090,56,10000,128,3
engramdb,8660,4189.092,41,1091,56,10000,128,3
engramdb,8661,4052.182,31,1091,56,10000,128,3
engramdb,8662,4183.912,35,1102,56,10000,128,3
engramdb,8663,4117.282,38,1095,56,10000,128,3
engramdb,8664,4217.241,36,1082,56,10000,128,3
engramdb,8665,4200.393,45,1092,56,10000,128,3
engramdb,8666,4094.595,36,1088,56,10000,128,3
engramdb,8667,4203.125,35,1083,56,10000,128,3
engramdb,8668,4107.908,39,1101,56,10000,128,3
engramdb,8669,4073.247,32,1088,56,10000,128,3
engramdb,8670,4149.043,32,1098,56,10000,128,3
engramdb,8671,4276.996,39,1091,56,10000,128,3
engramdb,8672,4098.268,34,1092,56,10000,128,3
engramdb,8673,4068.958,31,1086,56,10000,128,3
engramdb,8674,4324.412,28,1060,56,10000,128,3
engramdb,8675,4017.100,34,1034,56,10000,128,3
engramdb,8676,4023.182,31,1056,56,10000,128,3
engramdb,8677,4104.108,37,1091,56,10000,128,3
engramdb,8678,4165.982,37,1084,56,10000,128,3
engramdb,8679,4098.343,33,1101,56,10000,128,3
engramdb,8680,4188.030,38,1094,56,10000,128,3
engramdb,8681,5653.539,36,1092,56,10000,128,3
engramdb,8682,5246.244,29,1090,56,10000,128,3
engramdb,8683,4186.390,35,1089,56,10000,128,3
engramdb,8684,4181.466,42,1105,56,10000,128,3
engramdb,8685,4207.946,32,1101,56,10000,128,3
engramdb,8686,4308.911,35,1066,56,10000,128,3
engramdb,8687,3932.052,29,1086,56,10000,128,3
engramdb,8688,4020.843,38,1090,56,10000,128,3
engramdb,8689,4055.676,36,1098,56,10000,128,3
engramdb,8690,4000.259,41,1093,56,10000,128,3
engramdb,8691,4044.532,37,1097,56,10000,128,3
engramdb,8692,4016.029,37,1074,56,10000,128,3
engramdb,8693,4044.775,34,1101,56,10000,128,3
engramdb,8694,3994.331,35,1092,56,10000,128,3
engramdb,8695,4001.728,27,1086,56,10000,128,3
engramdb,8696,4237.291,38,1100,56,10000,128,3
engramdb,8697,4151.739,37,1104,56,10000,128,3
engramdb,8698,4197.758,36,1088,56,10000,128,3
engramdb,8699,4073.705,36,1085,56,10000,128,3
engramdb,8700,4046.805,32,1069,56,10000,128,3
engramdb,8701,4033.063,35,1098,56,10000,128,3
engramdb,8702,4268.560,37,1061,56,10000,128,3
engramdb,8703,4180.703,34,1093,56,10000,128,3
engramdb,8704,4212.925,35,1086,56,10000,128,3
engramdb,8705,4238.226,36,1084,56,10000,128,3
engramdb,8706,4200.239,32,1083,56,10000,128,3
engramdb,8707,4524.569,34,1093,56,10000,128,3
engramdb,8708,5158.375,39,1094,56,10000,128,3
engramdb,8709,4155.696,41,1110,56,10000,128,3
engramdb,8710,4037.880,31,1091,56,10000,128,3
engramdb,8711,4029.296,32,1093,56,10000,128,3
engramdb,8712,3997.303,35,1090,56,10000,128,3
engramdb,8713,4208.000,32,1107,56,10000,128,3
engramdb,8714,4091.938,40,1067,56,10000,128,3
engramdb,8715,4136.452,36,1090,56,10000,128,3
engramdb,8716,4105.446,37,1099,56,10000,128,3
engramdb,8717,4097.598,34,1084,56,10000,128,3
engramdb,8718,4061.040,37,1101,56,10000,128,3
engramdb,8719,4135.559,29,1103,56,10000,128,3
engramdb,8720,4136.596,42,1094,56,10000,128,3
engramdb,8721,4099.704,35,1102,56,10000,128,3
engramdb,8722,4119.914,37,1094,56,10000,128,3
engramdb,8723,5029.903,37,1103,56,10000,128,3
engramdb,8724,4291.541,38,1102,56,10000,128,3
engramdb,8725,4214.146,33,1094,56,10000,128,3
engramdb,8726,4234.334,28,1107,56,10000,128,3
engramdb,8727,4246.410,40,1083,56,10000,128,3
engramdb,8728,4136.218,35,1107,56,10000,128,3
engramdb,8729,6115.472,32,1089,55,10000,128,3
engramdb,8730,6562.306,35,1086,56,10000,128,3
engramdb,8731,4012.028,34,1053,56,10000,128,3
engramdb,8732,3941.939,34,1087,56,10000,128,3
engramdb,8733,3977.902,36,1062,56,10000,128,3
engramdb,8734,3947.681,26,1068,56,10000,128,3
engramdb,8735,4215.703,40,1094,56,10000,128,3
engramdb,8736,4279.833,39,1099,56,10000,128,3
engramdb,8737,3998.093,38,1046,56,10000,128,3
engramdb,8738,6394.369,35,1088,56,10000,128,3
engramdb,8739,4305.043,34,1087,56,10000,128,3
engramdb,8740,4246.136,37,1097,56,10000,128,3
engramdb,8741,4144.454,34,1093,56,10000,128,3
engramdb,8742,4152.990,40,1093,56,10000,128,3
engramdb,8743,8658.620,23,1091,56,10000,128,3
engramdb,8744,4157.097,38,1083,56,10000,128,3
engramdb,8745,4160.524,35,1082,56,10000,128,3
engramdb,8746,4079.151,32,1094,56,10000,128,3
engramdb,8747,3850.654,38,1079,56,10000,128,3
engramdb,8748,3750.782,35,1107,56,10000,128,3
engramdb,8749,3897.554,35,1099,56,10000,128,3
engramdb,8750,4101.988,41,1105,56,10000,128,3
engramdb,8751,4994.422,31,1093,56,10000,128,3
engramdb,8752,4197.026,36,1102,56,10000,128,3
engramdb,8753,5730.061,39,1078,56,10000,128,3
engramdb,8754,5683.236,34,1084,56,10000,128,3
engramdb,8755,4515.993,40,1106,56,10000,128,3
engramdb,8756,4107.961,36,1085,56,10000,128,3
engramdb,8757,4041.334,35,1083,56,10000,128,3
engramdb,8758,4193.314,36,1073,56,10000,128,3
engramdb,8759,4255.021,33,1096,56,10000,128,3
engramdb,8760,4233.507,40,1110,56,10000,128,3
engramdb,8761,4222.643,35,1095,56,10000,128,3
engramdb,8762,4213.969,29,1096,56,10000,128,3
engramdb,8763,4215.886,37,1095,56,10000,128,3
engramdb,8764,3879.963,35,1081,56,10000,128,3
engramdb,8765,4332.299,39,1091,56,10000,128,3
engramdb,8766,4142.246,37,1089,56,10000,128,3
engramdb,8767,4102.583,36,1090,56,10000,128,3
engramdb,8768,3914.870,36,1084,56,10000,128,3
engramdb,8769,3905.918,35,1095,56,10000,128,3
engramdb,8770,4093.521,37,1103,56,10000,128,3
engramdb,8771,5871.814,35,1101,56,10000,128,3
engramdb,8772,4199.162,30,1076,56,10000,128,3
engramdb,8773,4197.082,35,1055,56,10000,128,3
engramdb,8774,4201.492,33,1070,56,10000,128,3
engramdb,8775,4173.836,35,1094,56,10000,128,3
engramdb,8776,4172.576,31,1091,56,10000,128,3
engramdb,8777,4211.282,30,1100,56,10000,128,3
engramdb,8778,4224.981,39,1097,56,10000,128,3
engramdb,8779,4162.938,37,1087,56,10000,128,3
engramdb,8780,4214.403,36,1089,56,10000,128,3
engramdb,8781,4039.442,35,1102,56,10000,128,3
engramdb,8782,3771.947,33,1102,56,10000,128,3
engramdb,8783,3748.056,37,1097,56,10000,128,3
engramdb,8784,3972.174,33,1057,56,10000,128,3
engramdb,8785,3776.066,36,1080,56,10000,128,3
engramdb,8786,3939.806,33,1104,56,10000,128,3
engramdb,8787,3758.431,37,1090,56,10000,128,3
engramdb,8788,3995.570,35,1090,56,10000,128,3
engramdb,8789,3870.777,35,1096,56,10000,128,3
engramdb,8790,3916.924,32,1092,56,10000,128,3
engramdb,8791,4002.181,36,1088,56,10000,128,3
engramdb,8792,3789.215,39,1069,56,10000,128,3
engramdb,8793,3845.772,32,1066,56,10000,128,3
engramdb,8794,3911.323,35,1084,56,10000,128,3
engramdb,8795,3801.823,32,1089,56,10000,128,3
engramdb,8796,3709.101,40,1083,56,10000,128,3
engramdb,8797,3884.981,38,1083,56,10000,128,3
engramdb,8798,3667.039,37,1076,56,10000,128,3
engramdb,8799,3993.920,35,1090,56,10000,128,3
engramdb,8800,3830.698,37,1099,56,10000,128,3
engramdb,8801,3677.779,33,1110,56,10000,128,3
engramdb,8802,3958.804,35,1087,56,10000,128,3
engramdb,8803,3779.210,38,1104,56,10000,128,3
engramdb,8804,4977.116,39,1072,56,10000,128,3
engramdb,8805,3926.902,36,1098,56,10000,128,3
engramdb,8806,3914.505,38,1110,56,10000,128,3
engramdb,8807,4053.098,33,1098,56,10000,128,3
engramdb,8808,3945.997,39,1091,56,10000,128,3
engramdb,8809,5263.372,36,1089,56,10000,128,3
engramdb,8810,3972.539,34,1072,56,10000,128,3
engramdb,8811,3993.780,33,1093,56,10000,128,3
engramdb,8812,3983.995,35,1096,56,10000,128,3
engramdb,8813,3790.070,40,1098,56,10000,128,3
engramdb,8814,3901.455,36,1076,56,10000,128,3
engramdb,8815,3927.803,35,1085,56,10000,128,3
engramdb,8816,3809.123,36,1101,56,10000,128,3
engramdb,8817,4056.444,37,1099,56,10000,128,3
engramdb,8818,3912.154,38,1066,56,10000,128,3
engramdb,8819,3906.265,35,1096,56,10000,128,3
engramdb,8820,3929.668,31,1105,56,10000,128,3
engramdb,8821,3869.083,37,1079,56,10000,128,3
engramdb,8822,3728.447,34,1099,54,10000,128,3
engramdb,8823,3923.513,33,1082,56,10000,128,3
engramdb,8824,3919.728,40,1086,56,10000,128,3
engramdb,8825,3936.397,36,1094,56,10000,128,3
engramdb,8826,3943.452,33,1092,56,10000,128,3
engramdb,8827,3878.896,35,1087,56,10000,128,3
engramdb,8828,3950.769,38,1094,56,10000,128,3
engramdb,8829,3999.893,35,1101,56,10000,128,3
engramdb,8830,3963.924,40,1091,56,10000,128,3
engramdb,8831,3872.155,34,1082,56,10000,128,3
engramdb,8832,3943.279,34,1101,56,10000,128,3
engramdb,8833,3933.495,33,1099,56,10000,128,3
engramdb,8834,3973.986,30,1085,56,10000,128,3
engramdb,8835,3581.038,35,1018,54,10000,128,3
engramdb,8836,3799.686,34,1085,56,10000,128,3
engramdb,8837,3778.261,38,1088,56,10000,128,3
engramdb,8838,3838.457,30,1086,56,10000,128,3
engramdb,8839,3864.495,38,1096,56,10000,128,3
engramdb,8840,3800.460,36,1094,56,10000,128,3
engramdb,8841,4203.517,36,1083,56,10000,128,3
engramdb,8842,4387.371,36,1100,56,10000,128,3
engramdb,8843,4055.820,34,1078,56,10000,128,3
engramdb,8844,4498.365,32,1091,56,10000,128,3
engramdb,8845,3870.000,37,1090,56,10000,128,3
engramdb,8846,3768.984,35,1084,56,10000,128,3
engramdb,8847,3831.407,32,1096,56,10000,128,3
engramdb,8848,3661.861,37,1099,56,10000,128,3
engramdb,8849,5024.128,33,1090,56,10000,128,3
engramdb,8850,4211.674,33,1097,56,10000,128,3
engramdb,8851,3923.574,29,1075,56,10000,128,3
engramdb,8852,4147.251,32,1103,56,10000,128,3
engramdb,8853,3998.051,30,1086,56,10000,128,3
engramdb,8854,3785.630,33,1088,56,10000,128,3
engramdb,8855,3906.705,34,1064,56,10000,128,3
engramdb,8856,3990.143,35,1073,56,10000,128,3
engramdb,8857,3856.214,36,1107,56,10000,128,3
engramdb,8858,3954.424,35,1093,56,10000,128,3
engramdb,8859,3837.779,35,1096,56,10000,128,3
engramdb,8860,3911.998,31,1092,56,10000,128,3
engramdb,8861,3918.800,35,1079,56,10000,128,3
engramdb,8862,3950.972,38,1104,56,10000,128,3
engramdb,8863,4197.837,40,1093,56,10000,128,3
engramdb,8864,4244.117,38,1101,56,10000,128,3
engramdb,8865,4169.816,35,1094,56,10000,128,3
engramdb,8866,4181.683,34,1087,56,10000,128,3
engramdb,8867,4068.542,36,1098,56,10000,128,3
engramdb,8868,4185.155,42,1090,56,10000,128,3
engramdb,8869,4245.400,36,1108,56,10000,128,3
engramdb,8870,4202.770,37,1092,56,10000,128,3
engramdb,8871,4226.985,30,1097,56,10000,128,3
engramdb,8872,4185.565,37,1097,56,10000,128,3
engramdb,8873,4212.181,39,1098,56,10000,128,3
engramdb,8874,7175.853,34,1079,55,10000,128,3
engramdb,8875,8176.186,34,1089,56,10000,128,3
engramdb,8876,4199.759,34,1045,56,10000,128,3
engramdb,8877,6909.281,35,1087,56,10000,128,3
engramdb,8878,4214.006,36,1089,56,10000,128,3
engramdb,8879,4212.683,39,1094,56,10000,128,3
engramdb,8880,4189.259,40,1083,56,10000,128,3
engramdb,8881,4226.885,35,1097,56,10000,128,3
engramdb,8882,4194.829,39,1086,56,10000,128,3
engramdb,8883,4235.980,31,1094,56,10000,128,3
engramdb,8884,4189.470,33,1089,56,10000,128,3
engramdb,8885,4179.573,35,1084,56,10000,128,3
engramdb,8886,4226.205,32,1083,56,10000,128,3
engramdb,8887,4155.552,33,1104,56,10000,128,3
engramdb,8888,4189.416,35,1104,56,10000,128,3
engramdb,8889,4136.770,30,1097,56,10000,128,3
engramdb,8890,4152.965,28,1085,56,10000,128,3
engramdb,8891,4094.781,40,1101,56,10000,128,3
engramdb,8892,5678.057,40,1095,56,10000,128,3
engramdb,8893,8034.095,34,1095,56,10000,128,3
engramdb,8894,4274.252,35,1098,56,10000,128,3
engramdb,8895,4133.648,32,1100,56,10000,128,3
engramdb,8896,4120.037,36,1098,56,10000,128,3
engramdb,8897,4118.186,38,1089,56,10000,128,3
engramdb,8898,4152.427,35,1097,56,10000,128,3
engramdb,8899,4345.870,39,1084,56,10000,128,3
engramdb,8900,4446.693,41,1088,56,10000,128,3
engramdb,8901,11915.916,37,1053,56,10000,128,3
engramdb,8902,4290.801,40,1058,56,10000,128,3
engramdb,8903,4236.561,36,1091,56,10000,128,3
engramdb,8904,4250.729,40,1094,56,10000,128,3
engramdb,8905,4205.283,35,1093,56,10000,128,3
engramdb,8906,4245.367,41,1093,56,10000,128,3
engramdb,8907,4235.016,34,1084,56,10000,128,3
engramdb,8908,4198.214,36,1091,56,10000,128,3
engramdb,8909,4224.549,32,1091,56,10000,128,3
engramdb,8910,4259.742,34,1097,56,10000,128,3
engramdb,8911,8424.090,36,1105,56,10000,128,3
engramdb,8912,4342.190,40,1097,56,10000,128,3
engramdb,8913,4199.878,34,1051,56,10000,128,3
engramdb,8914,4252.590,30,1085,56,10000,128,3
engramdb,8915,4252.832,37,1099,56,10000,128,3
engramdb,8916,4316.601,35,1097,56,10000,128,3
engramdb,8917,4328.534,31,1077,56,10000,128,3
engramdb,8918,4116.067,35,1093,56,10000,128,3
engramdb,8919,4556.435,42,1088,56,10000,128,3
engramdb,8920,4525.904,30,1104,56,10000,128,3
engramdb,8921,4502.670,32,1094,56,10000,128,3
engramdb,8922,4201.472,25,1101,56,10000,128,3
engramdb,8923,4088.117,38,1085,56,10000,128,3
engramdb,8924,4074.211,36,1088,56,10000,128,3
engramdb,8925,4098.521,38,1076,56,10000,128,3
engramdb,8926,4111.152,37,1104,56,10000,128,3
engramdb,8927,4021.385,32,1064,56,10000,128,3
engramdb,8928,4157.859,28,1104,56,10000,128,3
engramdb,8929,6827.827,33,1089,56,10000,128,3
engramdb,8930,4017.380,33,1103,55,10000,128,3
engramdb,8931,4034.655,38,1093,56,10000,128,3
engramdb,8932,4349.365,41,1078,56,10000,128,3
engramdb,8933,4062.761,28,1059,56,10000,128,3
engramdb,8934,4074.340,37,1103,56,10000,128,3
engramdb,8935,3990.138,34,1100,56,10000,128,3
engramdb,8936,4016.397,35,1086,56,10000,128,3
engramdb,8937,4105.786,33,1081,56,10000,128,3
engramdb,8938,8208.405,33,1071,56,10000,128,3
engramdb,8939,4725.997,37,1086,56,10000,128,3
engramdb,8940,4069.157,39,1081,56,10000,128,3
engramdb,8941,4106.511,34,1092,56,10000,128,3
engramdb,8942,4049.935,30,1083,56,10000,128,3
engramdb,8943,4040.057,39,1097,56,10000,128,3
engramdb,8944,8117.786,35,1097,56,10000,128,3
engramdb,8945,4463.744,35,1099,56,10000,128,3
engramdb,8946,4454.306,33,1101,56,10000,128,3
engramdb,8947,4529.168,38,1084,56,10000,128,3
engramdb,8948,4528.141,33,1099,56,10000,128,3
engramdb,8949,4538.173,38,1089,56,10000,128,3
engramdb,8950,4500.443,33,1094,56,10000,128,3
engramdb,8951,4503.025,43,1106,56,10000,128,3
engramdb,8952,4520.668,32,1108,56,10000,128,3
engramdb,8953,4448.808,41,1094,56,10000,128,3
engramdb,8954,4552.290,36,1096,56,10000,128,3
engramdb,8955,4472.521,36,1081,56,10000,128,3
engramdb,8956,4511.350,35,1084,56,10000,128,3
engramdb,8957,5387.913,42,1092,56,10000,128,3
engramdb,8958,5498.169,38,1089,56,10000,128,3
engramdb,8959,5527.929,33,1095,56,10000,128,3
engramdb,8960,5544.627,37,1079,56,10000,128,3
engramdb,8961,5438.588,34,1101,56,10000,128,3
engramdb,8962,5596.735,45,1090,56,10000,128,3
engramdb,8963,6856.072,40,1093,56,10000,128,3
engramdb,8964,5886.516,37,1072,56,10000,128,3
engramdb,8965,5866.000,33,1089,56,10000,128,3
engramdb,8966,5541.518,34,1097,56,10000,128,3
engramdb,8967,9953.225,38,1055,56,10000,128,3
engramdb,8968,9196.318,40,1087,56,10000,128,3
engramdb,8969,5770.828,33,1107,56,10000,128,3
engramdb,8970,5687.194,39,1106,56,10000,128,3
engramdb,8971,5412.424,35,1096,56,10000,128,3
engramdb,8972,4599.261,34,1098,56,10000,128,3
engramdb,8973,4563.118,36,1103,56,10000,128,3
engramdb,8974,4618.649,35,1103,56,10000,128,3
engramdb,8975,4572.766,38,1078,56,10000,128,3
engramdb,8976,4511.643,38,1076,56,10000,128,3
engramdb,8977,4576.794,31,1101,56,10000,128,3
engramdb,8978,4879.313,31,1073,56,10000,128,3
engramdb,8979,4338.259,35,1082,56,10000,128,3
engramdb,8980,4370.148,36,1094,56,10000,128,3
engramdb,8981,4543.612,39,1076,56,10000,128,3
engramdb,8982,4514.308,44,1102,56,10000,128,3
engramdb,8983,4595.946,34,1106,56,10000,128,3
engramdb,8984,4509.222,37,1092,56,10000,128,3
engramdb,8985,4539.917,33,1080,56,10000,128,3
engramdb,8986,6788.600,36,1093,56,10000,128,3
engramdb,8987,4599.765,32,1084,56,10000,128,3
engramdb,8988,4586.957,35,1105,56,10000,128,3
engramdb,8989,4575.317,29,1094,56,10000,128,3
engramdb,8990,4498.609,32,1104,56,10000,128,3
engramdb,8991,4560.550,32,1091,56,10000,128,3
engramdb,8992,4631.059,41,1097,56,10000,128,3
engramdb,8993,7670.371,27,1092,56,10000,128,3
engramdb,8994,4518.062,36,1087,56,10000,128,3
engramdb,8995,4437.382,38,1062,56,10000,128,3
engramdb,8996,4192.455,39,1088,56,10000,128,3
engramdb,8997,4179.539,33,1097,56,10000,128,3
engramdb,8998,4223.455,35,1085,56,10000,128,3
engramdb,8999,4210.246,34,1089,56,10000,128,3
engramdb,9000,4168.254,43,1105,56,10000,128,3
engramdb,9001,4104.677,41,1093,56,10000,128,3
engramdb,9002,4224.659,32,1095,56,10000,128,3
engramdb,9003,4138.788,34,1091,56,10000,128,3
engramdb,9004,4218.708,37,1085,56,10000,128,3
engramdb,9005,4178.295,38,1074,56,10000,128,3
engramdb,9006,4217.576,33,1075,56,10000,128,3
engramdb,9007,7289.767,39,1088,56,10000,128,3
engramdb,9008,8926.893,46,1102,56,10000,128,3
engramdb,9009,4607.190,39,1095,56,10000,128,3
engramdb,9010,4231.862,28,1082,56,10000,128,3
engramdb,9011,4230.282,33,1097,56,10000,128,3
engramdb,9012,4287.897,35,1101,56,10000,128,3
engramdb,9013,4260.028,38,1101,56,10000,128,3
engramdb,9014,4206.850,36,1102,56,10000,128,3
engramdb,9015,4312.839,32,1075,56,10000,128,3
engramdb,9016,4290.060,37,1078,56,10000,128,3
engramdb,9017,4282.120,33,1102,56,10000,128,3
engramdb,9018,4254.231,37,1097,56,10000,128,3
engramdb,9019,4116.237,37,1091,56,10000,128,3
engramdb,9020,4289.153,35,1095,56,10000,128,3
engramdb,9021,4246.945,28,1091,56,10000,128,3
engramdb,9022,4258.534,41,1095,56,10000,128,3
engramdb,9023,5559.387,36,1068,56,10000,128,3
engramdb,9024,5996.359,36,1094,56,10000,128,3
engramdb,9025,4200.992,38,1083,56,10000,128,3
engramdb,9026,4227.337,32,1071,56,10000,128,3
engramdb,9027,4244.433,35,1094,56,10000,128,3
engramdb,9028,4259.108,35,1097,56,10000,128,3
engramdb,9029,4199.701,29,1102,56,10000,128,3
engramdb,9030,4230.710,33,1097,56,10000,128,3
engramdb,9031,4236.039,36,1086,56,10000,128,3
engramdb,9032,4272.696,36,1097,56,10000,128,3
engramdb,9033,6000.085,31,1082,56,10000,128,3
engramdb,9034,4124.748,32,1068,56,10000,128,3
engramdb,9035,4086.295,32,1096,56,10000,128,3
engramdb,9036,4583.716,35,1084,56,10000,128,3
engramdb,9037,4547.866,36,1070,56,10000,128,3
engramdb,9038,6271.648,38,1100,56,10000,128,3
engramdb,9039,6356.868,40,1105,56,10000,128,3
engramdb,9040,4557.950,39,1093,56,10000,128,3
engramdb,9041,4533.711,41,1098,56,10000,128,3
engramdb,9042,4300.302,39,1102,56,10000,128,3
engramdb,9043,4294.859,38,1095,56,10000,128,3
engramdb,9044,4369.652,36,1099,56,10000,128,3
engramdb,9045,4331.433,34,1085,56,10000,128,3
engramdb,9046,4865.352,39,1093,56,10000,128,3
engramdb,9047,4286.000,38,1087,56,10000,128,3
engramdb,9048,4157.507,35,1092,56,10000,128,3
engramdb,9049,4235.695,28,1075,56,10000,128,3
engramdb,9050,4384.018,33,1089,56,10000,128,3
engramdb,9051,4283.161,40,1093,56,10000,128,3
engramdb,9052,4394.504,34,1071,56,10000,128,3
engramdb,9053,4521.133,34,1093,56,10000,128,3
engramdb,9054,4455.362,33,1095,56,10000,128,3
engramdb,9055,4234.900,32,1096,56,10000,128,3
engramdb,9056,4169.357,37,1100,56,10000,128,3
engramdb,9057,4265.541,39,1101,56,10000,128,3
engramdb,9058,4996.686,36,1096,56,10000,128,3
engramdb,9059,8385.085,39,1098,56,10000,128,3
engramdb,9060,4336.669,35,1103,56,10000,128,3
engramdb,9061,4267.256,32,1078,56,10000,128,3
engramdb,9062,5751.775,37,1077,56,10000,128,3
engramdb,9063,4190.582,34,1092,56,10000,128,3
engramdb,9064,4346.053,39,1095,56,10000,128,3
engramdb,9065,4126.261,32,1091,56,10000,128,3
engramdb,9066,4248.047,35,1099,56,10000,128,3
engramdb,9067,4209.139,41,1097,56,10000,128,3
engramdb,9068,4456.738,41,1072,56,10000,128,3
engramdb,9069,4319.091,30,1082,56,10000,128,3
engramdb,9070,4269.659,43,1093,56,10000,128,3
engramdb,9071,4258.190,34,1099,56,10000,128,3
engramdb,9072,4241.471,35,1085,56,10000,128,3
engramdb,9073,4155.636,32,1100,56,10000,128,3
engramdb,9074,9396.223,32,1064,56,10000,128,3
engramdb,9075,4111.835,38,1106,56,10000,128,3
engramdb,9076,4244.695,34,1042,56,10000,128,3
engramdb,9077,4116.149,37,1086,56,10000,128,3
engramdb,9078,4428.771,38,1102,56,10000,128,3
engramdb,9079,4477.451,37,1102,56,10000,128,3
engramdb,9080,4263.253,38,1102,56,10000,128,3
engramdb,9081,4247.625,35,1090,56,10000,128,3
engramdb,9082,11526.266,40,1090,56,10000,128,3
engramdb,9083,4289.431,38,1103,56,10000,128,3
engramdb,9084,4108.030,34,1086,56,10000,128,3
engramdb,9085,4094.669,37,1055,56,10000,128,3
engramdb,9086,4463.461,30,1098,56,10000,128,3
engramdb,9087,4211.348,36,1082,56,10000,128,3
engramdb,9088,4305.396,29,1088,56,10000,128,3
engramdb,9089,4230.455,33,1067,56,10000,128,3
engramdb,9090,4234.332,33,1107,56,10000,128,3
engramdb,9091,4231.641,32,1097,56,10000,128,3
engramdb,9092,4278.450,37,1073,56,10000,128,3
engramdb,9093,4205.112,32,1082,56,10000,128,3
engramdb,9094,4260.252,31,1087,56,10000,128,3
engramdb,9095,4276.983,36,1106,56,10000,128,3
engramdb,9096,4274.278,37,1099,56,10000,128,3
engramdb,9097,4285.168,38,1090,56,10000,128,3
engramdb,9098,4254.165,37,1087,56,10000,128,3
engramdb,9099,4300.972,35,1085,56,10000,128,3
engramdb,9100,4249.188,33,1067,56,10000,128,3
engramdb,9101,4246.466,30,1093,56,10000,128,3
engramdb,9102,4265.873,39,1100,56,10000,128,3
engramdb,9103,8428.769,38,1096,56,10000,128,3
engramdb,9104,4259.836,36,1085,56,10000,128,3
engramdb,9105,4200.449,35,1105,56,10000,128,3
engramdb,9106,4208.389,32,1098,56,10000,128,3
engramdb,9107,4317.047,38,1099,56,10000,128,3
engramdb,9108,4255.708,42,1100,56,10000,128,3
engramdb,9109,4227.900,33,1104,56,10000,128,3
engramdb,9110,4237.000,34,1098,56,10000,128,3
engramdb,9111,4228.293,34,1090,56,10000,128,3
engramdb,9112,4275.847,29,1097,56,10000,128,3
engramdb,9113,4255.228,39,1094,56,10000,128,3
engramdb,9114,4277.083,37,1073,56,10000,128,3
engramdb,9115,6499.496,40,1097,56,10000,128,3
engramdb,9116,4298.282,31,1097,56,10000,128,3
engramdb,9117,4234.498,39,1099,56,10000,128,3
engramdb,9118,4248.614,31,1098,56,10000,128,3
engramdb,9119,4270.289,38,1101,56,10000,128,3
engramdb,9120,4313.647,35,1088,56,10000,128,3
engramdb,9121,4250.162,32,1095,56,10000,128,3
engramdb,9122,4549.194,37,1095,56,10000,128,3
engramdb,9123,4291.712,36,1086,56,10000,128,3
engramdb,9124,4251.811,33,1083,56,10000,128,3
engramdb,9125,4239.371,29,1048,56,10000,128,3
engramdb,9126,4110.224,35,1080,55,10000,128,3
engramdb,9127,4064.674,37,1057,56,10000,128,3
engramdb,9128,4101.609,39,1067,56,10000,128,3
engramdb,9129,4072.377,32,1080,56,10000,128,3
engramdb,9130,4138.580,35,1093,56,10000,128,3
engramdb,9131,4071.459,36,1099,56,10000,128,3
engramdb,9132,4502.700,38,1082,56,10000,128,3
engramdb,9133,4567.470,31,1099,56,10000,128,3
engramdb,9134,4554.284,35,1091,56,10000,128,3
engramdb,9135,4526.526,37,1088,56,10000,128,3
engramdb,9136,4566.737,40,1089,56,10000,128,3
engramdb,9137,4599.456,30,1088,56,10000,128,3
engramdb,9138,4562.245,32,1100,56,10000,128,3
engramdb,9139,4593.559,40,1063,56,10000,128,3
engramdb,9140,4549.613,35,1099,56,10000,128,3
engramdb,9141,4582.359,38,1093,56,10000,128,3
engramdb,9142,4500.457,26,1087,56,10000,128,3
engramdb,9143,4571.715,34,1098,56,10000,128,3
engramdb,9144,4518.012,32,1091,56,10000,128,3
engramdb,9145,4524.400,37,1100,56,10000,128,3
engramdb,9146,4502.120,33,1093,56,10000,128,3
engramdb,9147,4500.935,38,1088,56,10000,128,3
engramdb,9148,4519.355,32,1094,56,10000,128,3
engramdb,9149,4533.346,30,1100,56,10000,128,3
engramdb,9150,4522.713,32,1098,56,10000,128,3
engramdb,9151,4588.590,36,1098,56,10000,128,3
engramdb,9152,4632.125,38,1093,56,10000,128,3
engramdb,9153,4528.655,31,1103,56,10000,128,3
engramdb,9154,4436.947,39,1090,56,10000,128,3
engramdb,9155,4493.395,29,1083,56,10000,128,3
engramdb,9156,4868.033,38,1100,56,10000,128,3
engramdb,9157,6817.133,37,1092,56,10000,128,3
engramdb,9158,5239.585,35,1099,56,10000,128,3
engramdb,9159,4403.273,33,1092,56,10000,128,3
engramdb,9160,4434.623,40,1098,56,10000,128,3
engramdb,9161,4994.151,32,1104,56,10000,128,3
engramdb,9162,4654.328,35,1098,56,10000,128,3
engramdb,9163,4432.227,39,1092,56,10000,128,3
engramdb,9164,4246.222,36,1098,56,10000,128,3
engramdb,9165,7323.093,36,1085,56,10000,128,3
engramdb,9166,4145.973,28,1021,56,10000,128,3
engramdb,9167,4179.809,35,1086,56,10000,128,3
engramdb,9168,4133.405,28,1097,56,10000,128,3
engramdb,9169,4149.231,37,1097,56,10000,128,3
engramdb,9170,4181.798,34,1080,56,10000,128,3
engramdb,9171,4182.295,36,1080,56,10000,128,3
engramdb,9172,4806.965,33,1100,56,10000,128,3
engramdb,9173,4345.493,34,1099,56,10000,128,3
engramdb,9174,4318.071,39,1096,56,10000,128,3
engramdb,9175,5071.572,31,1078,56,10000,128,3
engramdb,9176,4409.426,36,1096,56,10000,128,3
engramdb,9177,4649.960,32,1106,56,10000,128,3
engramdb,9178,4424.724,38,1098,56,10000,128,3
engramdb,9179,4309.895,35,1102,56,10000,128,3
engramdb,9180,11727.474,31,1077,56,10000,128,3
engramdb,9181,5639.801,32,1096,56,10000,128,3
engramdb,9182,4771.051,34,1089,56,10000,128,3
engramdb,9183,4642.180,34,1075,56,10000,128,3
engramdb,9184,4634.705,37,1084,56,10000,128,3
engramdb,9185,4604.018,31,1099,56,10000,128,3
engramdb,9186,4637.413,33,1094,56,10000,128,3
engramdb,9187,6731.878,35,1068,56,10000,128,3
engramdb,9188,5736.683,33,1099,56,10000,128,3
engramdb,9189,4326.117,28,1091,56,10000,128,3
engramdb,9190,4231.686,35,1080,56,10000,128,3
engramdb,9191,4616.333,32,1078,56,10000,128,3
engramdb,9192,4662.086,36,1088,56,10000,128,3
engramdb,9193,4599.362,33,1093,56,10000,128,3
engramdb,9194,4533.790,31,1088,56,10000,128,3
engramdb,9195,4270.392,36,1104,56,10000,128,3
engramdb,9196,4968.720,35,1108,56,10000,128,3
engramdb,9197,4127.896,38,1085,56,10000,128,3
engramdb,9198,4366.695,35,1103,56,10000,128,3
engramdb,9199,4373.951,36,1096,56,10000,128,3
engramdb,9200,4710.833,33,1102,56,10000,128,3
engramdb,9201,4524.450,36,1102,56,10000,128,3
engramdb,9202,4606.592,38,1093,56,10000,128,3
engramdb,9203,5028.356,36,1094,56,10000,128,3
engramdb,9204,4322.170,36,1102,56,10000,128,3
engramdb,9205,4245.989,37,1051,56,10000,128,3
engramdb,9206,4316.892,34,1099,56,10000,128,3
engramdb,9207,4235.620,38,1085,56,10000,128,3
engramdb,9208,4264.417,37,1074,56,10000,128,3
engramdb,9209,4236.921,34,1101,56,10000,128,3
engramdb,9210,4270.692,35,1082,56,10000,128,3
engramdb,9211,4256.890,32,1094,56,10000,128,3
engramdb,9212,4256.812,35,1093,56,10000,128,3
engramdb,9213,4238.429,27,1084,56,10000,128,3
engramdb,9214,4262.669,31,1086,56,10000,128,3
engramdb,9215,4276.372,32,1094,56,10000,128,3
engramdb,9216,4237.841,34,1089,56,10000,128,3
engramdb,9217,4230.731,37,1060,56,10000,128,3
engramdb,9218,4255.488,34,1063,56,10000,128,3
engramdb,9219,4276.358,31,1098,56,10000,128,3
engramdb,9220,7822.846,40,1092,56,10000,128,3
engramdb,9221,4236.020,38,1094,56,10000,128,3
engramdb,9222,4263.153,32,1095,56,10000,128,3
engramdb,9223,4233.491,37,1093,56,10000,128,3
engramdb,9224,4258.879,32,1103,56,10000,128,3
engramdb,9225,4270.439,31,1089,56,10000,128,3
engramdb,9226,4245.004,34,1095,56,10000,128,3
engramdb,9227,4267.426,39,1099,56,10000,128,3
engramdb,9228,4245.128,33,1081,56,10000,128,3
engramdb,9229,4281.245,40,1065,56,10000,128,3
engramdb,9230,4271.267,36,1093,56,10000,128,3
engramdb,9231,4225.667,35,1089,56,10000,128,3
engramdb,9232,4271.567,36,1082,56,10000,128,3
engramdb,9233,4258.465,33,1084,56,10000,128,3
engramdb,9234,4213.437,37,1087,56,10000,128,3
engramdb,9235,4235.407,42,1092,56,10000,128,3
engramdb,9236,4252.268,44,1093,56,10000,128,3
engramdb,9237,4201.393,34,1098,56,10000,128,3
engramdb,9238,4207.615,32,1079,56,10000,128,3
engramdb,9239,4202.847,33,1094,56,10000,128,3
engramdb,9240,4271.508,38,1103,56,10000,128,3
engramdb,9241,4260.971,36,1090,56,10000,128,3
engramdb,9242,4265.014,38,1103,56,10000,128,3
engramdb,9243,4263.713,32,1097,56,10000,128,3
engramdb,9244,4314.552,33,1077,56,10000,128,3
engramdb,9245,6233.115,29,1093,56,10000,128,3
engramdb,9246,4233.538,34,1096,56,10000,128,3
engramdb,9247,4253.760,37,1099,56,10000,128,3
engramdb,9248,4256.441,33,1051,56,10000,128,3
engramdb,9249,8374.953,28,1089,56,10000,128,3
engramdb,9250,4464.858,32,1103,56,10000,128,3
engramdb,9251,4256.738,33,1097,56,10000,128,3
engramdb,9252,4312.323,34,1105,56,10000,128,3
engramdb,9253,4240.407,37,1094,56,10000,128,3
engramdb,9254,4211.574,34,1075,56,10000,128,3
engramdb,9255,4223.241,33,1094,56,10000,128,3
engramdb,9256,4275.616,33,1071,56,10000,128,3
engramdb,9257,5099.702,37,1103,56,10000,128,3
engramdb,9258,4281.883,33,1072,56,10000,128,3
engramdb,9259,4236.947,35,1093,56,10000,128,3
engramdb,9260,4256.973,37,1075,56,10000,128,3
engramdb,9261,4402.082,30,1092,56,10000,128,3
engramdb,9262,7489.995,38,1090,56,10000,128,3
engramdb,9263,4367.072,38,1098,56,10000,128,3
engramdb,9264,4445.706,36,1073,56,10000,128,3
engramdb,9265,4542.702,31,1094,56,10000,128,3
engramdb,9266,4465.547,36,1091,56,10000,128,3
engramdb,9267,4276.472,46,1095,56,10000,128,3
engramdb,9268,4442.128,37,1066,56,10000,128,3
engramdb,9269,4837.786,34,1089,56,10000,128,3
engramdb,9270,7672.396,33,1066,56,10000,128,3
engramdb,9271,4622.864,32,1095,56,10000,128,3
engramdb,9272,4574.900,40,1086,56,10000,128,3
engramdb,9273,4521.659,32,1089,56,10000,128,3
engramdb,9274,4601.803,30,1095,56,10000,128,3
engramdb,9275,4590.874,32,1098,56,10000,128,3
engramdb,9276,8066.842,39,1090,56,10000,128,3
engramdb,9277,4691.945,32,1096,56,10000,128,3
engramdb,9278,4643.707,37,1097,56,10000,128,3
engramdb,9279,4639.874,36,1091,56,10000,128,3
engramdb,9280,4564.743,39,1097,56,10000,128,3
engramdb,9281,4641.832,30,1105,56,10000,128,3
engramdb,9282,4598.928,34,1102,56,10000,128,3
engramdb,9283,4612.183,36,1096,56,10000,128,3
engramdb,9284,5601.343,36,1087,56,10000,128,3
engramdb,9285,4315.148,35,1099,56,10000,128,3
engramdb,9286,4551.601,35,1093,56,10000,128,3
engramdb,9287,4282.340,27,1079,56,10000,128,3
engramdb,9288,4276.542,33,1095,56,10000,128,3
engramdb,9289,4739.047,26,1069,56,10000,128,3
engramdb,9290,4569.699,35,1080,56,10000,128,3
engramdb,9291,4616.379,39,1104,56,10000,128,3
engramdb,9292,4583.426,33,1102,56,10000,128,3
engramdb,9293,4573.123,32,1088,56,10000,128,3
engramdb,9294,4512.274,33,1091,56,10000,128,3
engramdb,9295,4568.128,38,1068,56,10000,128,3
engramdb,9296,4625.902,32,1077,56,10000,128,3
engramdb,9297,4688.028,32,1086,56,10000,128,3
engramdb,9298,4615.683,36,1100,56,10000,128,3
engramdb,9299,4258.148,34,1070,56,10000,128,3
engramdb,9300,4551.585,37,1079,56,10000,128,3
engramdb,9301,7679.426,30,1093,56,10000,128,3
engramdb,9302,4577.607,31,1079,56,10000,128,3
engramdb,9303,4585.824,29,1089,56,10000,128,3
engramdb,9304,4703.379,34,1100,56,10000,128,3
engramdb,9305,4242.072,32,1101,56,10000,128,3
engramdb,9306,4167.756,35,1098,56,10000,128,3
engramdb,9307,4545.565,38,1070,56,10000,128,3
engramdb,9308,4389.507,33,1075,56,10000,128,3
engramdb,9309,4642.613,37,1068,56,10000,128,3
engramdb,9310,4510.379,36,1092,56,10000,128,3
engramdb,9311,4306.653,42,1100,56,10000,128,3
engramdb,9312,4583.678,29,1088,56,10000,128,3
engramdb,9313,4512.545,35,1098,56,10000,128,3
engramdb,9314,4555.929,36,1090,56,10000,128,3
engramdb,9315,4565.983,37,1068,56,10000,128,3
engramdb,9316,4553.287,35,1054,56,10000,128,3
engramdb,9317,4544.870,33,1098,56,10000,128,3
engramdb,9318,6679.500,37,1078,56,10000,128,3
engramdb,9319,4555.072,36,1086,56,10000,128,3
engramdb,9320,4539.429,26,1088,56,10000,128,3
engramdb,9321,5735.183,28,1097,56,10000,128,3
engramdb,9322,8123.238,43,1095,56,10000,128,3
engramdb,9323,4367.100,39,1093,56,10000,128,3
engramdb,9324,4228.702,36,1089,56,10000,128,3
engramdb,9325,4284.349,33,1067,56,10000,128,3
engramdb,9326,4316.613,32,1048,56,10000,128,3
engramdb,9327,4275.318,29,1072,56,10000,128,3
engramdb,9328,4212.370,34,1093,56,10000,128,3
engramdb,9329,4231.207,34,1083,56,10000,128,3
engramdb,9330,4251.026,38,1087,56,10000,128,3
engramdb,9331,4292.223,37,1087,56,10000,128,3
engramdb,9332,4575.036,34,1088,56,10000,128,3
engramdb,9333,4280.010,33,1103,56,10000,128,3
engramdb,9334,4274.486,35,1084,56,10000,128,3
engramdb,9335,4057.914,40,1067,56,10000,128,3
engramdb,9336,4093.365,32,1086,56,10000,128,3
engramdb,9337,4071.110,31,1099,56,10000,128,3
engramdb,9338,4894.729,35,1094,56,10000,128,3
engramdb,9339,4297.135,42,1099,56,10000,128,3
engramdb,9340,4221.771,34,1093,56,10000,128,3
engramdb,9341,4218.695,40,1081,56,10000,128,3
engramdb,9342,4233.219,39,1102,56,10000,128,3
engramdb,9343,4241.516,33,1099,56,10000,128,3
engramdb,9344,4279.548,35,1098,56,10000,128,3
engramdb,9345,4519.186,29,1086,56,10000,128,3
engramdb,9346,4230.028,31,1081,56,10000,128,3
engramdb,9347,4267.248,31,1103,56,10000,128,3
engramdb,9348,4273.814,36,1096,56,10000,128,3
engramdb,9349,4245.369,32,1091,56,10000,128,3
engramdb,9350,4257.014,40,1092,56,10000,128,3
engramdb,9351,4242.567,30,1083,56,10000,128,3
engramdb,9352,4216.204,38,1052,56,10000,128,3
engramdb,9353,4248.506,32,1069,56,10000,128,3
engramdb,9354,4233.523,33,1092,56,10000,128,3
engramdb,9355,4248.815,32,1072,56,10000,128,3
engramdb,9356,4235.712,37,1055,56,10000,128,3
engramdb,9357,4292.622,39,1059,56,10000,128,3
engramdb,9358,4283.589,30,1096,56,10000,128,3
engramdb,9359,4124.414,32,1102,56,10000,128,3
engramdb,9360,4262.897,31,1092,56,10000,128,3
engramdb,9361,4257.786,37,1096,56,10000,128,3
engramdb,9362,4119.267,37,1098,56,10000,128,3
engramdb,9363,4074.945,36,1101,56,10000,128,3
engramdb,9364,4078.606,29,1098,56,10000,128,3
engramdb,9365,6908.886,34,1091,56,10000,128,3
engramdb,9366,4297.810,34,1092,56,10000,128,3
engramdb,9367,4247.347,41,1056,56,10000,128,3
engramdb,9368,4218.488,40,1081,56,10000,128,3
engramdb,9369,4120.008,37,1097,56,10000,128,3
engramdb,9370,4081.152,37,1098,56,10000,128,3
engramdb,9371,4737.462,35,1098,56,10000,128,3
engramdb,9372,4230.212,35,1079,56,10000,128,3
engramdb,9373,4276.151,34,1089,56,10000,128,3
engramdb,9374,4237.814,38,1096,56,10000,128,3
engramdb,9375,4224.478,37,1091,56,10000,128,3
engramdb,9376,4273.669,34,1077,56,10000,128,3
engramdb,9377,4227.031,33,1015,56,10000,128,3
engramdb,9378,4279.631,34,1095,56,10000,128,3
engramdb,9379,4248.051,33,1106,56,10000,128,3
engramdb,9380,4281.124,36,1104,56,10000,128,3
engramdb,9381,4210.291,35,1086,56,10000,128,3
engramdb,9382,4272.635,36,1097,56,10000,128,3
engramdb,9383,4269.295,36,1103,56,10000,128,3
engramdb,9384,4265.747,30,1105,56,10000,128,3
engramdb,9385,4262.867,37,1097,56,10000,128,3
engramdb,9386,4233.469,38,1083,56,10000,128,3
engramdb,9387,4281.115,31,1083,56,10000,128,3
engramdb,9388,4247.469,33,1090,56,10000,128,3
engramdb,9389,4262.853,26,1027,56,10000,128,3
engramdb,9390,6202.138,31,1092,56,10000,128,3
engramdb,9391,4255.957,41,1095,56,10000,128,3
engramdb,9392,6603.396,29,1058,56,10000,128,3
engramdb,9393,4273.112,27,1055,56,10000,128,3
engramdb,9394,4244.666,32,1067,56,10000,128,3
engramdb,9395,5093.179,35,1097,56,10000,128,3
engramdb,9396,4291.686,35,1088,56,10000,128,3
engramdb,9397,4222.106,32,1075,56,10000,128,3
engramdb,9398,4194.519,35,1099,56,10000,128,3
engramdb,9399,4275.256,39,1090,56,10000,128,3
engramdb,9400,4254.897,42,1091,56,10000,128,3
engramdb,9401,4244.328,35,1099,56,10000,128,3
engramdb,9402,4231.411,32,1103,56,10000,128,3
engramdb,9403,4269.009,34,1098,56,10000,128,3
engramdb,9404,4262.929,35,1103,56,10000,128,3
engramdb,9405,4295.910,28,1106,56,10000,128,3
engramdb,9406,4234.110,36,1095,56,10000,128,3
engramdb,9407,4323.419,38,1091,56,10000,128,3
engramdb,9408,4295.653,41,1091,56,10000,128,3
engramdb,9409,4274.975,32,1089,56,10000,128,3
engramdb,9410,4265.144,32,1099,56,10000,128,3
engramdb,9411,4272.222,32,1093,56,10000,128,3
engramdb,9412,4327.083,41,1094,56,10000,128,3
engramdb,9413,4268.937,34,1086,56,10000,128,3
engramdb,9414,4297.877,35,1085,56,10000,128,3
engramdb,9415,4285.478,31,1097,56,10000,128,3
engramdb,9416,4280.825,32,1074,56,10000,128,3
engramdb,9417,5475.604,37,1057,56,10000,128,3
engramdb,9418,4609.754,36,1082,56,10000,128,3
engramdb,9419,4313.712,44,1050,56,10000,128,3
engramdb,9420,4192.863,28,1064,56,10000,128,3
engramdb,9421,6640.712,33,1100,56,10000,128,3
engramdb,9422,4236.278,36,1085,56,10000,128,3
engramdb,9423,4183.419,40,1102,56,10000,128,3
engramdb,9424,4186.798,32,1102,56,10000,128,3
engramdb,9425,4199.356,32,1100,56,10000,128,3
engramdb,9426,4269.386,33,1104,56,10000,128,3
engramdb,9427,4219.905,39,1100,56,10000,128,3
engramdb,9428,4176.765,26,1070,56,10000,128,3
engramdb,9429,4211.514,31,1101,56,10000,128,3
engramdb,9430,4101.259,35,1083,56,10000,128,3
engramdb,9431,4066.398,32,1090,56,10000,128,3
engramdb,9432,4150.009,41,1098,56,10000,128,3
engramdb,9433,4187.018,31,1086,56,10000,128,3
engramdb,9434,4202.583,32,1089,56,10000,128,3
engramdb,9435,4447.788,39,1103,56,10000,128,3
engramdb,9436,5351.071,34,1102,56,10000,128,3
engramdb,9437,4233.648,33,1100,56,10000,128,3
engramdb,9438,4196.667,36,1083,56,10000,128,3
engramdb,9439,4206.529,32,1102,56,10000,128,3
engramdb,9440,4193.832,34,1095,56,10000,128,3
engramdb,9441,4174.587,34,1093,56,10000,128,3
engramdb,9442,4171.867,38,1094,56,10000,128,3
engramdb,9443,4244.105,34,1072,56,10000,128,3
engramdb,9444,4247.905,33,1062,56,10000,128,3
engramdb,9445,4215.510,40,1094,56,10000,128,3
engramdb,9446,4167.290,32,1080,56,10000,128,3
engramdb,9447,4212.437,42,1084,56,10000,128,3
engramdb,9448,4206.379,29,1095,56,10000,128,3
engramdb,9449,4183.635,29,1103,56,10000,128,3
engramdb,9450,5471.524,36,1089,56,10000,128,3
engramdb,9451,4225.103,33,1071,56,10000,128,3
engramdb,9452,4218.692,31,1104,56,10000,128,3
engramdb,9453,4242.213,27,1105,56,10000,128,3
engramdb,9454,4266.652,24,1085,56,10000,128,3
engramdb,9455,4281.325,36,1073,56,10000,128,3
engramdb,9456,4261.776,39,1095,56,10000,128,3
engramdb,9457,4222.799,34,1081,56,10000,128,3
engramdb,9458,4259.608,35,1013,56,10000,128,3
engramdb,9459,4278.801,33,1071,56,10000,128,3
engramdb,9460,4266.541,35,1102,56,10000,128,3
engramdb,9461,4285.354,31,1101,56,10000,128,3
engramdb,9462,4273.505,36,1084,56,10000,128,3
engramdb,9463,4294.304,36,1089,56,10000,128,3
engramdb,9464,4214.905,33,1096,56,10000,128,3
engramdb,9465,4249.585,28,1099,56,10000,128,3
engramdb,9466,4276.158,36,1105,56,10000,128,3
engramdb,9467,6255.391,36,1096,56,10000,128,3
engramdb,9468,4034.922,33,1091,56,10000,128,3
engramdb,9469,4085.749,43,1079,56,10000,128,3
engramdb,9470,4383.185,37,1077,56,10000,128,3
engramdb,9471,4115.459,33,1096,56,10000,128,3
engramdb,9472,4266.390,30,1094,56,10000,128,3
engramdb,9473,4278.190,42,1100,56,10000,128,3
engramdb,9474,4195.161,36,1096,56,10000,128,3
engramdb,9475,4258.039,42,1087,56,10000,128,3
engramdb,9476,7513.330,31,1082,56,10000,128,3
engramdb,9477,4309.954,35,1096,56,10000,128,3
engramdb,9478,4205.667,33,1105,56,10000,128,3
engramdb,9479,4236.007,37,1088,56,10000,128,3
engramdb,9480,4294.398,37,1103,56,10000,128,3
engramdb,9481,4247.821,39,1103,56,10000,128,3
engramdb,9482,4257.952,31,1069,56,10000,128,3
engramdb,9483,4220.777,40,1071,56,10000,128,3
engramdb,9484,4228.645,35,1054,56,10000,128,3
engramdb,9485,4232.174,33,1099,56,10000,128,3
engramdb,9486,4175.998,32,1035,56,10000,128,3
engramdb,9487,4192.107,33,1094,56,10000,128,3
engramdb,9488,4243.172,39,1103,56,10000,128,3
engramdb,9489,4213.871,34,1088,56,10000,128,3
engramdb,9490,4217.672,30,1104,56,10000,128,3
engramdb,9491,4240.690,34,1074,56,10000,128,3
engramdb,9492,4238.335,32,1094,56,10000,128,3
engramdb,9493,4214.779,36,1100,56,10000,128,3
engramdb,9494,4266.565,39,1098,56,10000,128,3
engramdb,9495,4261.539,36,1074,56,10000,128,3
engramdb,9496,4252.380,34,1098,56,10000,128,3
engramdb,9497,4242.539,31,1082,56,10000,128,3
engramdb,9498,4237.311,32,1100,56,10000,128,3
engramdb,9499,4247.476,35,1069,56,10000,128,3
engramdb,9500,4248.205,33,1081,56,10000,128,3
engramdb,9501,4252.622,37,1074,56,10000,128,3
engramdb,9502,4202.882,35,1091,56,10000,128,3
engramdb,9503,4248.249,30,1095,56,10000,128,3
engramdb,9504,4211.555,32,1093,56,10000,128,3
engramdb,9505,4224.149,33,1095,56,10000,128,3
engramdb,9506,4174.264,32,1083,56,10000,128,3
engramdb,9507,4254.205,37,1094,56,10000,128,3
engramdb,9508,4270.261,34,1105,56,10000,128,3
engramdb,9509,4232.051,30,1072,56,10000,128,3
engramdb,9510,4207.538,35,1089,56,10000,128,3
engramdb,9511,4159.038,36,1102,56,10000,128,3
engramdb,9512,6455.731,35,1093,56,10000,128,3
engramdb,9513,4774.788,32,1099,56,10000,128,3
engramdb,9514,6965.959,36,1102,56,10000,128,3
engramdb,9515,4220.638,29,1102,56,10000,128,3
engramdb,9516,4128.466,36,1087,56,10000,128,3
engramdb,9517,4077.505,32,1095,56,10000,128,3
engramdb,9518,4127.118,37,1073,56,10000,128,3
engramdb,9519,4052.111,34,1097,56,10000,128,3
engramdb,9520,4062.860,32,1071,56,10000,128,3
engramdb,9521,4068.599,32,1066,56,10000,128,3
engramdb,9522,4012.873,34,1077,56,10000,128,3
engramdb,9523,4052.851,31,1100,56,10000,128,3
engramdb,9524,4091.883,36,1098,56,10000,128,3
engramdb,9525,4457.915,33,1099,56,10000,128,3
engramdb,9526,4321.150,42,1101,56,10000,128,3
engramdb,9527,4127.666,41,1095,56,10000,128,3
engramdb,9528,4589.683,28,1073,56,10000,128,3
engramdb,9529,4922.821,36,1089,56,10000,128,3
engramdb,9530,4334.148,30,1103,56,10000,128,3
engramdb,9531,4354.865,36,1096,56,10000,128,3
engramdb,9532,4124.927,38,1100,56,10000,128,3
engramdb,9533,4079.019,30,1095,56,10000,128,3
engramdb,9534,4167.568,38,1101,56,10000,128,3
engramdb,9535,4480.644,40,1097,56,10000,128,3
engramdb,9536,4328.038,29,1096,56,10000,128,3
engramdb,9537,4881.962,28,1046,56,10000,128,3
engramdb,9538,4351.709,29,1038,56,10000,128,3
engramdb,9539,4185.031,42,1094,56,10000,128,3
engramdb,9540,4178.513,41,1099,56,10000,128,3
engramdb,9541,4661.858,30,1084,56,10000,128,3
engramdb,9542,4225.132,38,1095,56,10000,128,3
engramdb,9543,4709.608,36,1103,56,10000,128,3
engramdb,9544,4117.382,35,1093,56,10000,128,3
engramdb,9545,4485.700,37,1098,56,10000,128,3
engramdb,9546,4216.595,35,1083,56,10000,128,3
engramdb,9547,4731.509,33,1079,56,10000,128,3
engramdb,9548,4280.511,30,1087,56,10000,128,3
engramdb,9549,4207.487,34,1079,56,10000,128,3
engramdb,9550,4239.229,40,1096,56,10000,128,3
engramdb,9551,7620.216,39,1095,56,10000,128,3
engramdb,9552,4300.805,39,1100,56,10000,128,3
engramdb,9553,4234.709,35,1086,56,10000,128,3
engramdb,9554,4246.081,35,1084,56,10000,128,3
engramdb,9555,4227.145,31,1083,56,10000,128,3
engramdb,9556,4248.773,32,1095,56,10000,128,3
engramdb,9557,4233.868,33,1057,56,10000,128,3
engramdb,9558,4245.124,34,1093,56,10000,128,3
engramdb,9559,4290.192,34,1092,56,10000,128,3
engramdb,9560,4250.646,35,1065,56,10000,128,3
engramdb,9561,4218.311,36,1086,56,10000,128,3
engramdb,9562,4243.751,39,1081,56,10000,128,3
engramdb,9563,4257.163,38,1088,56,10000,128,3
engramdb,9564,4233.687,30,1098,56,10000,128,3
engramdb,9565,4217.199,36,1087,56,10000,128,3
engramdb,9566,4237.600,34,1101,56,10000,128,3
engramdb,9567,4269.076,34,1085,56,10000,128,3
engramdb,9568,4189.687,40,1086,56,10000,128,3
engramdb,9569,4258.948,41,1085,56,10000,128,3
engramdb,9570,4238.741,42,1101,56,10000,128,3
engramdb,9571,4287.332,35,1101,56,10000,128,3
engramdb,9572,4253.054,32,1094,56,10000,128,3
engramdb,9573,4225.643,36,1103,56,10000,128,3
engramdb,9574,4256.528,32,1094,56,10000,128,3
engramdb,9575,4300.475,33,1103,56,10000,128,3
engramdb,9576,4263.541,36,1100,56,10000,128,3
engramdb,9577,4241.475,37,1068,56,10000,128,3
engramdb,9578,4235.672,41,1084,56,10000,128,3
engramdb,9579,4183.605,33,1058,56,10000,128,3
engramdb,9580,4261.373,30,1084,56,10000,128,3
engramdb,9581,4196.918,40,1103,56,10000,128,3
engramdb,9582,4240.361,31,1062,56,10000,128,3
engramdb,9583,4238.767,39,1072,56,10000,128,3
engramdb,9584,4237.946,31,1092,56,10000,128,3
engramdb,9585,4276.681,30,1091,56,10000,128,3
engramdb,9586,4209.494,32,1102,56,10000,128,3
engramdb,9587,4217.931,39,1078,56,10000,128,3
engramdb,9588,4389.185,30,1045,56,10000,128,3
engramdb,9589,5090.765,26,1082,56,10000,128,3
engramdb,9590,4317.187,37,1101,56,10000,128,3
engramdb,9591,4275.154,34,1090,56,10000,128,3
engramdb,9592,4429.659,33,1102,56,10000,128,3
engramdb,9593,4211.647,26,1095,56,10000,128,3
engramdb,9594,4799.614,38,1096,56,10000,128,3
engramdb,9595,4274.568,36,1101,56,10000,128,3
engramdb,9596,4264.606,32,1084,56,10000,128,3
engramdb,9597,4263.881,31,1103,56,10000,128,3
engramdb,9598,4245.121,34,1076,56,10000,128,3
engramdb,9599,6530.843,31,1081,56,10000,128,3
engramdb,9600,4222.014,34,1101,56,10000,128,3
engramdb,9601,4191.536,34,1082,56,10000,128,3
engramdb,9602,4205.098,38,1095,56,10000,128,3
engramdb,9603,8647.239,34,1098,56,10000,128,3
engramdb,9604,4240.195,29,1101,56,10000,128,3
engramdb,9605,4234.493,26,1088,56,10000,128,3
engramdb,9606,4294.402,34,1096,56,10000,128,3
engramdb,9607,4217.974,38,1099,56,10000,128,3
engramdb,9608,4214.957,37,1084,56,10000,128,3
engramdb,9609,5853.816,36,1101,56,10000,128,3
engramdb,9610,4222.118,37,1089,56,10000,128,3
engramdb,9611,4820.319,39,1083,56,10000,128,3
engramdb,9612,4204.252,38,1092,56,10000,128,3
engramdb,9613,4218.550,37,1087,56,10000,128,3
engramdb,9614,4175.169,35,1104,56,10000,128,3
engramdb,9615,4230.945,32,1093,56,10000,128,3
engramdb,9616,4350.145,40,1083,56,10000,128,3
engramdb,9617,4196.332,30,1106,56,10000,128,3
engramdb,9618,4140.468,34,1057,56,10000,128,3
engramdb,9619,4114.559,31,1073,56,10000,128,3
engramdb,9620,4142.769,34,1080,56,10000,128,3
engramdb,9621,4125.388,34,1100,56,10000,128,3
engramdb,9622,4138.523,42,1091,56,10000,128,3
engramdb,9623,4204.244,37,1103,56,10000,128,3
engramdb,9624,4120.611,39,1098,56,10000,128,3
engramdb,9625,4127.604,35,1092,56,10000,128,3
engramdb,9626,4142.315,35,1105,56,10000,128,3
engramdb,9627,4357.312,35,1101,56,10000,128,3
engramdb,9628,4229.454,39,1090,56,10000,128,3
engramdb,9629,4119.894,34,1103,56,10000,128,3
engramdb,9630,7468.711,33,1068,56,10000,128,3
engramdb,9631,4170.430,38,1102,56,10000,128,3
engramdb,9632,4075.973,34,1098,56,10000,128,3
engramdb,9633,4153.846,37,1101,56,10000,128,3
engramdb,9634,4110.686,42,1098,56,10000,128,3
engramdb,9635,4124.331,40,1103,56,10000,128,3
engramdb,9636,4518.014,34,1101,56,10000,128,3
engramdb,9637,4252.081,36,1092,56,10000,128,3
engramdb,9638,4212.674,33,1073,56,10000,128,3
engramdb,9639,4452.560,42,1090,56,10000,128,3
engramdb,9640,4611.782,33,1087,56,10000,128,3
engramdb,9641,4201.450,34,1094,56,10000,128,3
engramdb,9642,4148.152,33,1092,56,10000,128,3
engramdb,9643,4470.419,35,1078,56,10000,128,3
engramdb,9644,4338.686,29,1084,56,10000,128,3
engramdb,9645,4254.705,34,1076,56,10000,128,3
engramdb,9646,4130.031,37,1078,56,10000,128,3
engramdb,9647,4094.102,32,1069,56,10000,128,3
engramdb,9648,5748.090,32,1094,56,10000,128,3
engramdb,9649,4590.870,38,1091,56,10000,128,3
engramdb,9650,4368.975,28,1076,56,10000,128,3
engramdb,9651,4225.218,35,1103,56,10000,128,3
engramdb,9652,4174.652,39,1091,56,10000,128,3
engramdb,9653,4194.549,33,1094,56,10000,128,3
engramdb,9654,4185.269,32,1087,56,10000,128,3
engramdb,9655,4177.911,34,1101,56,10000,128,3
engramdb,9656,5121.792,31,1093,56,10000,128,3
engramdb,9657,4938.532,33,1083,56,10000,128,3
engramdb,9658,4132.320,37,1047,56,10000,128,3
engramdb,9659,4216.120,38,1079,56,10000,128,3
engramdb,9660,4157.404,32,1090,56,10000,128,3
engramdb,9661,4134.709,28,1058,56,10000,128,3
engramdb,9662,4140.677,34,1093,56,10000,128,3
engramdb,9663,4344.683,34,1105,56,10000,128,3
engramdb,9664,4342.759,29,1097,56,10000,128,3
engramdb,9665,4346.393,34,1098,56,10000,128,3
engramdb,9666,6514.456,34,1094,56,10000,128,3
engramdb,9667,4168.038,40,1068,56,10000,128,3
engramdb,9668,4144.411,33,1102,56,10000,128,3
engramdb,9669,4125.699,35,1076,56,10000,128,3
engramdb,9670,4127.154,34,1091,56,10000,128,3
engramdb,9671,4501.836,36,1089,56,10000,128,3
engramdb,9672,4851.889,34,1083,56,10000,128,3
engramdb,9673,4822.242,35,1101,56,10000,128,3
engramdb,9674,4398.654,31,1090,56,10000,128,3
engramdb,9675,4832.620,36,1100,56,10000,128,3
engramdb,9676,4377.209,32,1100,56,10000,128,3
engramdb,9677,4077.112,38,1098,56,10000,128,3
engramdb,9678,4070.087,32,1089,56,10000,128,3
engramdb,9679,4201.903,41,1097,56,10000,128,3
engramdb,9680,4204.269,33,1108,56,10000,128,3
engramdb,9681,4730.566,26,1068,56,10000,128,3
engramdb,9682,4271.797,42,1089,56,10000,128,3
engramdb,9683,4936.322,34,1086,56,10000,128,3
engramdb,9684,4312.673,41,1088,56,10000,128,3
engramdb,9685,4195.823,41,1095,56,10000,128,3
engramdb,9686,4230.108,36,1024,56,10000,128,3
engramdb,9687,4243.437,34,1097,56,10000,128,3
engramdb,9688,4118.418,34,1083,56,10000,128,3
engramdb,9689,4090.041,31,1099,56,10000,128,3
engramdb,9690,4069.026,43,1104,56,10000,128,3
engramdb,9691,4182.828,36,1090,56,10000,128,3
engramdb,9692,5341.577,30,1104,56,10000,128,3
engramdb,9693,4386.823,34,1101,56,10000,128,3
engramdb,9694,4420.835,38,1102,56,10000,128,3
engramdb,9695,8204.153,41,1097,56,10000,128,3
engramdb,9696,4284.131,32,1100,56,10000,128,3
engramdb,9697,4405.907,34,1083,56,10000,128,3
engramdb,9698,4231.347,29,1096,56,10000,128,3
engramdb,9699,4249.665,38,1096,56,10000,128,3
engramdb,9700,4247.685,35,1095,56,10000,128,3
engramdb,9701,5909.162,33,1080,56,10000,128,3
engramdb,9702,4223.766,33,1094,56,10000,128,3
engramdb,9703,6844.149,36,1096,56,10000,128,3
engramdb,9704,4249.904,34,1097,56,10000,128,3
engramdb,9705,4242.510,33,1090,56,10000,128,3
engramdb,9706,4256.850,31,1089,56,10000,128,3
engramdb,9707,4255.152,26,1094,56,10000,128,3
engramdb,9708,4227.445,34,1045,56,10000,128,3
engramdb,9709,4236.093,35,1077,56,10000,128,3
engramdb,9710,4227.753,41,1072,56,10000,128,3
engramdb,9711,4251.522,35,1100,56,10000,128,3
engramdb,9712,4218.218,32,1058,56,10000,128,3
engramdb,9713,4222.489,36,1100,56,10000,128,3
engramdb,9714,4201.089,41,1108,56,10000,128,3
engramdb,9715,4242.683,37,1102,56,10000,128,3
engramdb,9716,4455.151,38,1098,56,10000,128,3
engramdb,9717,4269.390,37,1090,56,10000,128,3
engramdb,9718,4276.086,38,1090,56,10000,128,3
engramdb,9719,4246.574,30,1089,56,10000,128,3
engramdb,9720,4221.217,33,1100,56,10000,128,3
engramdb,9721,4242.621,32,1090,56,10000,128,3
engramdb,9722,4220.310,38,1046,56,10000,128,3
engramdb,9723,4213.715,37,1093,56,10000,128,3
engramdb,9724,4247.196,29,1086,56,10000,128,3
engramdb,9725,4233.517,35,1096,56,10000,128,3
engramdb,9726,4217.784,34,1081,56,10000,128,3
engramdb,9727,4222.356,39,1090,56,10000,128,3
engramdb,9728,4236.261,38,1103,56,10000,128,3
engramdb,9729,5241.288,34,1082,56,10000,128,3
engramdb,9730,4226.944,38,1103,56,10000,128,3
engramdb,9731,4240.959,34,1087,56,10000,128,3
engramdb,9732,4267.173,29,1102,56,10000,128,3
engramdb,9733,4224.046,35,1094,56,10000,128,3
engramdb,9734,4272.037,39,1085,56,10000,128,3
engramdb,9735,4224.773,33,1091,56,10000,128,3
engramdb,9736,4241.892,37,1094,56,10000,128,3
engramdb,9737,4311.023,29,1085,56,10000,128,3
engramdb,9738,4234.781,40,1094,56,10000,128,3
engramdb,9739,4142.166,34,1082,56,10000,128,3
engramdb,9740,4258.780,39,1094,56,10000,128,3
engramdb,9741,4571.768,35,1102,56,10000,128,3
engramdb,9742,4229.611,39,1095,56,10000,128,3
engramdb,9743,4212.890,33,1103,56,10000,128,3
engramdb,9744,4296.195,37,1086,56,10000,128,3
engramdb,9745,4438.620,29,1090,56,10000,128,3
engramdb,9746,4249.941,32,1092,56,10000,128,3
engramdb,9747,4069.273,39,1088,56,10000,128,3
engramdb,9748,4042.397,30,1067,56,10000,128,3
engramdb,9749,4065.637,38,1056,56,10000,128,3
engramdb,9750,4080.902,28,1096,56,10000,128,3
engramdb,9751,4054.751,35,1082,56,10000,128,3
engramdb,9752,4052.551,32,1087,56,10000,128,3
engramdb,9753,4300.643,34,1095,56,10000,128,3
engramdb,9754,4069.778,29,1096,56,10000,128,3
engramdb,9755,4013.405,38,1089,56,10000,128,3
engramdb,9756,6142.681,37,1092,56,10000,128,3
engramdb,9757,4932.620,32,1098,56,10000,128,3
engramdb,9758,4171.688,35,1098,56,10000,128,3
engramdb,9759,4115.748,30,1084,56,10000,128,3
engramdb,9760,4769.823,40,1095,56,10000,128,3
engramdb,9761,4152.463,38,1097,56,10000,128,3
engramdb,9762,4067.874,37,1078,56,10000,128,3
engramdb,9763,4064.677,29,1068,56,10000,128,3
engramdb,9764,4190.377,28,1087,56,10000,128,3
engramdb,9765,4491.517,33,1101,56,10000,128,3
engramdb,9766,4315.250,36,1102,56,10000,128,3
engramdb,9767,4282.867,34,1097,56,10000,128,3
engramdb,9768,4460.957,32,1096,56,10000,128,3
engramdb,9769,4206.814,33,1091,56,10000,128,3
engramdb,9770,4181.408,40,1095,56,10000,128,3
engramdb,9771,4186.409,34,1089,56,10000,128,3
engramdb,9772,5312.780,39,1096,56,10000,128,3
engramdb,9773,4366.227,33,1094,56,10000,128,3
engramdb,9774,4294.685,40,1101,56,10000,128,3
engramdb,9775,4401.225,39,1086,56,10000,128,3
engramdb,9776,4091.042,29,1097,56,10000,128,3
engramdb,9777,5016.818,39,1095,56,10000,128,3
engramdb,9778,4311.062,32,1098,56,10000,128,3
engramdb,9779,4205.301,37,1101,56,10000,128,3
engramdb,9780,4215.648,35,1101,56,10000,128,3
engramdb,9781,4239.104,31,1088,56,10000,128,3
engramdb,9782,4251.041,34,1099,56,10000,128,3
engramdb,9783,4258.010,31,1103,56,10000,128,3
engramdb,9784,4246.569,33,1089,56,10000,128,3
engramdb,9785,4235.117,40,1088,56,10000,128,3
engramdb,9786,4274.912,35,1098,56,10000,128,3
engramdb,9787,4297.994,37,1086,56,10000,128,3
engramdb,9788,5594.264,30,1081,56,10000,128,3
engramdb,9789,4297.035,27,1099,56,10000,128,3
engramdb,9790,4238.762,38,1085,56,10000,128,3
engramdb,9791,4222.141,33,1088,56,10000,128,3
engramdb,9792,4239.357,31,1086,56,10000,128,3
engramdb,9793,4067.281,34,1091,56,10000,128,3
engramdb,9794,4083.370,36,1099,56,10000,128,3
engramdb,9795,4056.811,37,1100,56,10000,128,3
engramdb,9796,4066.305,35,1093,56,10000,128,3
engramdb,9797,4079.411,27,1091,56,10000,128,3
engramdb,9798,4050.509,41,1063,56,10000,128,3
engramdb,9799,4088.251,37,1092,56,10000,128,3
engramdb,9800,4033.683,35,1058,56,10000,128,3
engramdb,9801,3997.964,31,1099,55,10000,128,3
engramdb,9802,5168.670,34,1091,56,10000,128,3
engramdb,9803,4243.948,35,1106,55,10000,128,3
engramdb,9804,4248.354,32,1088,56,10000,128,3
engramdb,9805,4210.752,33,1095,56,10000,128,3
engramdb,9806,4263.924,36,1097,56,10000,128,3
engramdb,9807,4335.871,38,1095,56,10000,128,3
engramdb,9808,4350.572,34,1077,56,10000,128,3
engramdb,9809,4208.562,31,1085,56,10000,128,3
engramdb,9810,4365.229,35,1065,56,10000,128,3
engramdb,9811,4296.420,32,1071,56,10000,128,3
engramdb,9812,5843.421,35,1100,56,10000,128,3
engramdb,9813,4251.823,28,1092,56,10000,128,3
engramdb,9814,4448.447,33,1095,56,10000,128,3
engramdb,9815,4209.456,30,1068,56,10000,128,3
engramdb,9816,4204.150,39,1088,56,10000,128,3
engramdb,9817,4220.842,42,1105,56,10000,128,3
engramdb,9818,4253.704,37,1080,56,10000,128,3
engramdb,9819,4250.467,30,1098,56,10000,128,3
engramdb,9820,5926.470,28,1092,56,10000,128,3
engramdb,9821,4251.026,37,1082,56,10000,128,3
engramdb,9822,4278.912,41,1091,56,10000,128,3
engramdb,9823,4256.156,37,1097,56,10000,128,3
engramdb,9824,4262.578,34,1098,56,10000,128,3
engramdb,9825,4271.375,32,1102,56,10000,128,3
engramdb,9826,4255.409,37,1089,56,10000,128,3
engramdb,9827,4260.863,30,1087,56,10000,128,3
engramdb,9828,4465.963,35,1097,56,10000,128,3
engramdb,9829,4284.346,38,1082,56,10000,128,3
engramdb,9830,4256.415,28,1101,56,10000,128,3
engramdb,9831,6488.772,31,1098,56,10000,128,3
engramdb,9832,4243.445,34,1073,56,10000,128,3
engramdb,9833,5373.032,35,1083,56,10000,128,3
engramdb,9834,4296.484,41,1106,56,10000,128,3
engramdb,9835,4263.650,32,1092,56,10000,128,3
engramdb,9836,4255.538,37,1089,56,10000,128,3
engramdb,9837,4245.145,35,1090,56,10000,128,3
engramdb,9838,5688.845,33,1089,56,10000,128,3
engramdb,9839,4271.928,33,1059,56,10000,128,3
engramdb,9840,4244.913,32,1078,56,10000,128,3
engramdb,9841,4284.632,33,1093,56,10000,128,3
engramdb,9842,4286.758,36,1089,56,10000,128,3
engramdb,9843,4112.182,38,1091,56,10000,128,3
engramdb,9844,6355.845,37,1088,56,10000,128,3
engramdb,9845,4994.599,35,1095,56,10000,128,3
engramdb,9846,4363.335,37,1067,56,10000,128,3
engramdb,9847,4272.451,32,1102,56,10000,128,3
engramdb,9848,4235.960,34,1096,56,10000,128,3
engramdb,9849,4292.405,37,1085,56,10000,128,3
engramdb,9850,4312.874,39,1096,56,10000,128,3
engramdb,9851,4233.546,31,1092,56,10000,128,3
engramdb,9852,4273.711,28,1082,56,10000,128,3
engramdb,9853,4193.597,38,1081,56,10000,128,3
engramdb,9854,4085.075,35,1097,56,10000,128,3
engramdb,9855,6028.166,39,1098,56,10000,128,3
engramdb,9856,4853.062,33,1095,56,10000,128,3
engramdb,9857,4397.649,33,1090,56,10000,128,3
engramdb,9858,4183.537,28,1080,56,10000,128,3
engramdb,9859,6857.254,39,1102,56,10000,128,3
engramdb,9860,4175.214,31,1102,56,10000,128,3
engramdb,9861,4181.206,37,1088,56,10000,128,3
engramdb,9862,4347.702,35,1095,56,10000,128,3
engramdb,9863,4259.155,35,1088,56,10000,128,3
engramdb,9864,4233.157,31,1096,56,10000,128,3
engramdb,9865,4270.359,37,1093,56,10000,128,3
engramdb,9866,4341.647,32,1098,56,10000,128,3
engramdb,9867,4167.484,34,1084,56,10000,128,3
engramdb,9868,4508.282,32,1085,56,10000,128,3
engramdb,9869,4491.656,37,1076,56,10000,128,3
engramdb,9870,4626.837,39,1101,56,10000,128,3
engramdb,9871,4270.219,33,1092,56,10000,128,3
engramdb,9872,4317.869,39,1094,56,10000,128,3
engramdb,9873,4231.905,30,1089,56,10000,128,3
engramdb,9874,4273.279,40,1091,56,10000,128,3
engramdb,9875,4308.859,37,1100,56,10000,128,3
engramdb,9876,4265.104,31,1099,56,10000,128,3
engramdb,9877,4282.231,39,1093,56,10000,128,3
engramdb,9878,5315.714,37,1085,56,10000,128,3
engramdb,9879,4314.335,37,1106,56,10000,128,3
engramdb,9880,4246.767,36,1084,56,10000,128,3
engramdb,9881,10287.286,31,1088,56,10000,128,3
engramdb,9882,4306.135,36,1093,56,10000,128,3
engramdb,9883,4273.136,36,1070,56,10000,128,3
engramdb,9884,4324.659,36,1095,56,10000,128,3
engramdb,9885,4280.709,31,1096,56,10000,128,3
engramdb,9886,4272.199,36,1097,56,10000,128,3
engramdb,9887,6202.620,39,1101,56,10000,128,3
engramdb,9888,4322.505,32,1098,56,10000,128,3
engramdb,9889,4249.402,35,1093,56,10000,128,3
engramdb,9890,4282.967,30,1085,56,10000,128,3
engramdb,9891,6063.958,31,1073,56,10000,128,3
engramdb,9892,4225.692,28,1092,56,10000,128,3
engramdb,9893,8108.930,37,1090,55,10000,128,3
engramdb,9894,4284.953,33,1102,56,10000,128,3
engramdb,9895,4236.622,34,1092,56,10000,128,3
engramdb,9896,4253.227,33,1097,56,10000,128,3
engramdb,9897,4249.321,33,1094,56,10000,128,3
engramdb,9898,4242.158,35,1101,56,10000,128,3
engramdb,9899,4209.060,34,1096,56,10000,128,3
engramdb,9900,4189.064,40,1077,56,10000,128,3
engramdb,9901,4232.393,30,1091,56,10000,128,3
engramdb,9902,4224.860,35,1098,56,10000,128,3
engramdb,9903,4147.841,33,1092,56,10000,128,3
engramdb,9904,4052.722,38,1092,56,10000,128,3
engramdb,9905,4005.156,31,1107,56,10000,128,3
engramdb,9906,4043.829,44,1097,56,10000,128,3
engramdb,9907,4225.095,34,1094,56,10000,128,3
engramdb,9908,4207.811,31,1079,56,10000,128,3
engramdb,9909,4350.978,35,1085,56,10000,128,3
engramdb,9910,4261.704,33,1071,56,10000,128,3
engramdb,9911,4259.653,37,1071,56,10000,128,3
engramdb,9912,4198.744,37,1098,56,10000,128,3
engramdb,9913,4188.975,35,1099,56,10000,128,3
engramdb,9914,4249.985,32,1090,56,10000,128,3
engramdb,9915,4520.440,32,1093,56,10000,128,3
engramdb,9916,6585.739,27,1096,56,10000,128,3
engramdb,9917,4276.312,41,1105,56,10000,128,3
engramdb,9918,4463.746,38,1092,56,10000,128,3
engramdb,9919,4176.250,32,1048,56,10000,128,3
engramdb,9920,4199.067,34,1094,56,10000,128,3
engramdb,9921,4219.736,36,1102,56,10000,128,3
engramdb,9922,4249.677,35,1100,56,10000,128,3
engramdb,9923,4194.727,38,1101,56,10000,128,3
engramdb,9924,4225.100,32,1095,56,10000,128,3
engramdb,9925,4188.796,38,1100,56,10000,128,3
engramdb,9926,4201.364,38,1101,56,10000,128,3
engramdb,9927,4184.945,29,1088,56,10000,128,3
engramdb,9928,4196.073,33,1089,56,10000,128,3
engramdb,9929,4214.736,38,1088,56,10000,128,3
engramdb,9930,4182.311,42,1104,56,10000,128,3
engramdb,9931,4171.378,37,1091,56,10000,128,3
engramdb,9932,4226.673,27,1094,56,10000,128,3
engramdb,9933,4227.861,32,1098,56,10000,128,3
engramdb,9934,5328.456,35,1072,56,10000,128,3
engramdb,9935,4218.477,32,1085,56,10000,128,3
engramdb,9936,7562.954,36,1077,56,10000,128,3
engramdb,9937,4229.708,30,1087,56,10000,128,3
engramdb,9938,4229.203,38,1075,56,10000,128,3
engramdb,9939,4189.233,39,1039,56,10000,128,3
engramdb,9940,5201.123,30,1101,56,10000,128,3
engramdb,9941,4237.362,35,1097,56,10000,128,3
engramdb,9942,4193.262,38,1102,56,10000,128,3
engramdb,9943,4184.869,30,1091,56,10000,128,3
engramdb,9944,4221.664,39,1091,56,10000,128,3
engramdb,9945,4226.828,37,1095,56,10000,128,3
engramdb,9946,4191.688,34,1103,56,10000,128,3
engramdb,9947,4199.462,32,1076,56,10000,128,3
engramdb,9948,4162.795,30,1101,56,10000,128,3
engramdb,9949,4202.655,37,1061,56,10000,128,3
engramdb,9950,4170.493,33,1063,56,10000,128,3
engramdb,9951,4179.699,35,1063,56,10000,128,3
engramdb,9952,4210.240,30,1098,56,10000,128,3
engramdb,9953,4173.725,35,1081,56,10000,128,3
engramdb,9954,4190.669,33,1074,56,10000,128,3
engramdb,9955,4217.414,36,1086,56,10000,128,3
engramdb,9956,4240.010,35,1093,56,10000,128,3
engramdb,9957,4205.788,32,1083,56,10000,128,3
engramdb,9958,4218.516,37,1101,56,10000,128,3
engramdb,9959,4206.323,29,1069,56,10000,128,3
engramdb,9960,4189.262,32,1095,56,10000,128,3
engramdb,9961,4099.672,36,1081,56,10000,128,3
engramdb,9962,7834.833,36,1035,56,10000,128,3
engramdb,9963,4270.654,33,1095,56,10000,128,3
engramdb,9964,4131.758,30,1096,56,10000,128,3
engramdb,9965,6063.921,33,1093,56,10000,128,3
engramdb,9966,4230.858,36,1088,56,10000,128,3
engramdb,9967,4290.533,34,1103,56,10000,128,3
engramdb,9968,4128.703,28,1107,56,10000,128,3
engramdb,9969,4132.768,38,1102,56,10000,128,3
engramdb,9970,4334.006,31,1099,56,10000,128,3
engramdb,9971,4193.394,26,1037,56,10000,128,3
engramdb,9972,4243.184,36,1082,56,10000,128,3
engramdb,9973,4178.216,40,1082,56,10000,128,3
engramdb,9974,4761.995,33,1102,56,10000,128,3
engramdb,9975,4215.616,32,1081,56,10000,128,3
engramdb,9976,6075.380,35,1063,56,10000,128,3
engramdb,9977,4036.572,39,1069,56,10000,128,3
engramdb,9978,4023.451,35,1099,56,10000,128,3
engramdb,9979,4245.334,32,1101,56,10000,128,3
engramdb,9980,4188.719,35,1086,56,10000,128,3
engramdb,9981,4172.680,40,1089,56,10000,128,3
engramdb,9982,4220.606,42,1086,56,10000,128,3
engramdb,9983,4647.473,35,1082,56,10000,128,3
engramdb,9984,4175.159,33,1099,56,10000,128,3
engramdb,9985,4079.187,37,1104,56,10000,128,3
engramdb,9986,4105.323,40,1103,56,10000,128,3
engramdb,9987,4068.339,39,1099,56,10000,128,3
engramdb,9988,4122.864,38,1091,56,10000,128,3
engramdb,9989,4138.167,31,1093,56,10000,128,3
engramdb,9990,4105.730,33,1043,56,10000,128,3
engramdb,9991,4116.007,36,1095,56,10000,128,3
engramdb,9992,4353.655,29,1076,56,10000,128,3
engramdb,9993,4204.636,33,1095,56,10000,128,3
engramdb,9994,4104.530,40,1094,56,10000,128,3
engramdb,9995,6960.931,28,1099,56,10000,128,3
engramdb,9996,4148.471,34,1099,56,10000,128,3
engramdb,9997,4110.362,41,1087,56,10000,128,3
engramdb,9998,4088.098,30,1093,56,10000,128,3
engramdb,9999,4111.099,38,1101,56,10000,128,3
